route;date;hour;prediction
1;2025-11-01;0;5.201
1;2025-11-01;1;0.0
1;2025-11-01;2;0.0
1;2025-11-01;3;0.0
1;2025-11-01;4;7.35
1;2025-11-01;5;135.956
1;2025-11-01;6;529.049
1;2025-11-01;7;1556.087
1;2025-11-01;8;1905.114
1;2025-11-01;9;1462.112
1;2025-11-01;10;1354.459
1;2025-11-01;11;1460.349
1;2025-11-01;12;1435.97
1;2025-11-01;13;1491.316
1;2025-11-01;14;1437.1
1;2025-11-01;15;1607.254
1;2025-11-01;16;1699.578
1;2025-11-01;17;1863.008
1;2025-11-01;18;1626.435
1;2025-11-01;19;1215.764
1;2025-11-01;20;822.133
1;2025-11-01;21;509.481
1;2025-11-01;22;254.233
1;2025-11-01;23;57.269
1;2025-11-02;0;0.0
1;2025-11-02;1;0.0
1;2025-11-02;2;0.0
1;2025-11-02;3;0.0
1;2025-11-02;4;0.0
1;2025-11-02;5;24.062
1;2025-11-02;6;125.885
1;2025-11-02;7;253.81
1;2025-11-02;8;358.382
1;2025-11-02;9;610.51
1;2025-11-02;10;706.514
1;2025-11-02;11;719.754
1;2025-11-02;12;872.512
1;2025-11-02;13;890.44
1;2025-11-02;14;805.247
1;2025-11-02;15;733.937
1;2025-11-02;16;668.65
1;2025-11-02;17;628.193
1;2025-11-02;18;558.174
1;2025-11-02;19;441.679
1;2025-11-02;20;344.18
1;2025-11-02;21;262.802
1;2025-11-02;22;106.123
1;2025-11-02;23;31.959
1;2025-11-03;0;0.0
1;2025-11-03;1;0.0
1;2025-11-03;2;0.0
1;2025-11-03;3;0.0
1;2025-11-03;4;0.0
1;2025-11-03;5;25.129
1;2025-11-03;6;128.159
1;2025-11-03;7;259.354
1;2025-11-03;8;365.534
1;2025-11-03;9;617.725
1;2025-11-03;10;712.068
1;2025-11-03;11;713.907
1;2025-11-03;12;863.59
1;2025-11-03;13;881.098
1;2025-11-03;14;796.895
1;2025-11-03;15;728.579
1;2025-11-03;16;663.693
1;2025-11-03;17;624.912
1;2025-11-03;18;563.503
1;2025-11-03;19;447.592
1;2025-11-03;20;348.085
1;2025-11-03;21;266.033
1;2025-11-03;22;105.358
1;2025-11-03;23;31.6
1;2025-11-04;0;0.0
1;2025-11-04;1;0.0
1;2025-11-04;2;0.0
1;2025-11-04;3;0.0
1;2025-11-04;4;0.0
1;2025-11-04;5;25.121
1;2025-11-04;6;128.141
1;2025-11-04;7;259.392
1;2025-11-04;8;365.579
1;2025-11-04;9;617.731
1;2025-11-04;10;712.039
1;2025-11-04;11;713.865
1;2025-11-04;12;863.616
1;2025-11-04;13;881.127
1;2025-11-04;14;796.967
1;2025-11-04;15;728.7
1;2025-11-04;16;663.809
1;2025-11-04;17;625.004
1;2025-11-04;18;563.571
1;2025-11-04;19;447.516
1;2025-11-04;20;347.919
1;2025-11-04;21;265.895
1;2025-11-04;22;105.248
1;2025-11-04;23;31.573
1;2025-11-05;0;4.124
1;2025-11-05;1;0.0
1;2025-11-05;2;0.0
1;2025-11-05;3;0.0
1;2025-11-05;4;8.497
1;2025-11-05;5;139.006
1;2025-11-05;6;565.872
1;2025-11-05;7;1571.149
1;2025-11-05;8;1994.309
1;2025-11-05;9;1473.953
1;2025-11-05;10;1351.465
1;2025-11-05;11;1368.169
1;2025-11-05;12;1407.289
1;2025-11-05;13;1476.126
1;2025-11-05;14;1405.683
1;2025-11-05;15;1544.79
1;2025-11-05;16;1547.556
1;2025-11-05;17;1834.051
1;2025-11-05;18;1841.507
1;2025-11-05;19;1397.29
1;2025-11-05;20;913.627
1;2025-11-05;21;494.209
1;2025-11-05;22;245.128
1;2025-11-05;23;45.431
1;2025-11-06;0;5.509
1;2025-11-06;1;0.0
1;2025-11-06;2;0.0
1;2025-11-06;3;0.0
1;2025-11-06;4;8.118
1;2025-11-06;5;131.741
1;2025-11-06;6;535.264
1;2025-11-06;7;1556.155
1;2025-11-06;8;2049.883
1;2025-11-06;9;1509.624
1;2025-11-06;10;1369.375
1;2025-11-06;11;1382.586
1;2025-11-06;12;1446.245
1;2025-11-06;13;1467.11
1;2025-11-06;14;1454.896
1;2025-11-06;15;1583.808
1;2025-11-06;16;1604.202
1;2025-11-06;17;1855.948
1;2025-11-06;18;1860.8
1;2025-11-06;19;1392.721
1;2025-11-06;20;901.862
1;2025-11-06;21;496.771
1;2025-11-06;22;233.546
1;2025-11-06;23;51.954
1;2025-11-07;0;5.208
1;2025-11-07;1;0.0
1;2025-11-07;2;0.0
1;2025-11-07;3;0.0
1;2025-11-07;4;7.212
1;2025-11-07;5;138.667
1;2025-11-07;6;527.042
1;2025-11-07;7;1558.345
1;2025-11-07;8;1904.291
1;2025-11-07;9;1449.093
1;2025-11-07;10;1336.989
1;2025-11-07;11;1418.983
1;2025-11-07;12;1393.105
1;2025-11-07;13;1446.445
1;2025-11-07;14;1394.392
1;2025-11-07;15;1564.881
1;2025-11-07;16;1654.653
1;2025-11-07;17;1817.495
1;2025-11-07;18;1609.353
1;2025-11-07;19;1205.718
1;2025-11-07;20;812.438
1;2025-11-07;21;503.87
1;2025-11-07;22;245.937
1;2025-11-07;23;55.239
1;2025-11-08;0;6.492
1;2025-11-08;1;0.0
1;2025-11-08;2;0.0
1;2025-11-08;3;0.0
1;2025-11-08;4;0.0
1;2025-11-08;5;32.79
1;2025-11-08;6;178.97
1;2025-11-08;7;360.936
1;2025-11-08;8;504.839
1;2025-11-08;9;772.132
1;2025-11-08;10;920.054
1;2025-11-08;11;872.953
1;2025-11-08;12;1069.528
1;2025-11-08;13;1120.597
1;2025-11-08;14;1043.576
1;2025-11-08;15;909.705
1;2025-11-08;16;830.852
1;2025-11-08;17;768.391
1;2025-11-08;18;681.306
1;2025-11-08;19;620.739
1;2025-11-08;20;443.922
1;2025-11-08;21;317.961
1;2025-11-08;22;147.678
1;2025-11-08;23;37.21
1;2025-11-09;0;0.0
1;2025-11-09;1;0.0
1;2025-11-09;2;0.0
1;2025-11-09;3;0.0
1;2025-11-09;4;0.0
1;2025-11-09;5;23.817
1;2025-11-09;6;125.354
1;2025-11-09;7;253.126
1;2025-11-09;8;357.467
1;2025-11-09;9;609.292
1;2025-11-09;10;705.326
1;2025-11-09;11;720.466
1;2025-11-09;12;874.267
1;2025-11-09;13;892.292
1;2025-11-09;14;807.24
1;2025-11-09;15;735.773
1;2025-11-09;16;670.375
1;2025-11-09;17;629.451
1;2025-11-09;18;557.748
1;2025-11-09;19;440.083
1;2025-11-09;20;342.265
1;2025-11-09;21;261.211
1;2025-11-09;22;105.437
1;2025-11-09;23;31.823
1;2025-11-10;0;0.0
1;2025-11-10;1;0.0
1;2025-11-10;2;0.0
1;2025-11-10;3;0.0
1;2025-11-10;4;9.003
1;2025-11-10;5;138.81
1;2025-11-10;6;560.91
1;2025-11-10;7;1547.445
1;2025-11-10;8;1980.833
1;2025-11-10;9;1477.285
1;2025-11-10;10;1291.303
1;2025-11-10;11;1343.694
1;2025-11-10;12;1389.977
1;2025-11-10;13;1407.638
1;2025-11-10;14;1394.962
1;2025-11-10;15;1548.801
1;2025-11-10;16;1623.785
1;2025-11-10;17;1882.058
1;2025-11-10;18;1982.646
1;2025-11-10;19;1465.591
1;2025-11-10;20;913.015
1;2025-11-10;21;493.077
1;2025-11-10;22;217.165
1;2025-11-10;23;42.239
1;2025-11-11;0;3.076
1;2025-11-11;1;0.0
1;2025-11-11;2;0.0
1;2025-11-11;3;0.0
1;2025-11-11;4;7.286
1;2025-11-11;5;132.815
1;2025-11-11;6;560.979
1;2025-11-11;7;1606.968
1;2025-11-11;8;1952.093
1;2025-11-11;9;1517.867
1;2025-11-11;10;1349.715
1;2025-11-11;11;1359.928
1;2025-11-11;12;1392.024
1;2025-11-11;13;1417.937
1;2025-11-11;14;1346.639
1;2025-11-11;15;1473.161
1;2025-11-11;16;1482.309
1;2025-11-11;17;1770.714
1;2025-11-11;18;1815.833
1;2025-11-11;19;1425.374
1;2025-11-11;20;895.058
1;2025-11-11;21;481.559
1;2025-11-11;22;231.529
1;2025-11-11;23;42.805
1;2025-11-12;0;4.124
1;2025-11-12;1;0.0
1;2025-11-12;2;0.0
1;2025-11-12;3;0.0
1;2025-11-12;4;8.497
1;2025-11-12;5;138.699
1;2025-11-12;6;565.294
1;2025-11-12;7;1572.634
1;2025-11-12;8;1995.843
1;2025-11-12;9;1473.943
1;2025-11-12;10;1350.988
1;2025-11-12;11;1367.519
1;2025-11-12;12;1407.482
1;2025-11-12;13;1476.359
1;2025-11-12;14;1406.456
1;2025-11-12;15;1546.434
1;2025-11-12;16;1549.298
1;2025-11-12;17;1835.765
1;2025-11-12;18;1842.887
1;2025-11-12;19;1395.551
1;2025-11-12;20;910.584
1;2025-11-12;21;492.404
1;2025-11-12;22;243.309
1;2025-11-12;23;45.159
1;2025-11-13;0;5.509
1;2025-11-13;1;0.0
1;2025-11-13;2;0.0
1;2025-11-13;3;0.0
1;2025-11-13;4;8.118
1;2025-11-13;5;131.446
1;2025-11-13;6;534.707
1;2025-11-13;7;1557.592
1;2025-11-13;8;2051.427
1;2025-11-13;9;1509.595
1;2025-11-13;10;1368.879
1;2025-11-13;11;1381.919
1;2025-11-13;12;1446.424
1;2025-11-13;13;1467.322
1;2025-11-13;14;1455.671
1;2025-11-13;15;1585.472
1;2025-11-13;16;1605.975
1;2025-11-13;17;1857.651
1;2025-11-13;18;1862.155
1;2025-11-13;19;1390.983
1;2025-11-13;20;898.87
1;2025-11-13;21;494.952
1;2025-11-13;22;231.811
1;2025-11-13;23;51.64
1;2025-11-14;0;5.208
1;2025-11-14;1;0.0
1;2025-11-14;2;0.0
1;2025-11-14;3;0.0
1;2025-11-14;4;7.212
1;2025-11-14;5;138.363
1;2025-11-14;6;526.501
1;2025-11-14;7;1559.765
1;2025-11-14;8;1905.719
1;2025-11-14;9;1449.061
1;2025-11-14;10;1336.502
1;2025-11-14;11;1418.298
1;2025-11-14;12;1393.272
1;2025-11-14;13;1446.648
1;2025-11-14;14;1395.125
1;2025-11-14;15;1566.501
1;2025-11-14;16;1656.456
1;2025-11-14;17;1819.132
1;2025-11-14;18;1610.523
1;2025-11-14;19;1204.239
1;2025-11-14;20;809.751
1;2025-11-14;21;502.043
1;2025-11-14;22;244.126
1;2025-11-14;23;54.912
1;2025-11-15;0;6.468
1;2025-11-15;1;0.0
1;2025-11-15;2;0.0
1;2025-11-15;3;0.0
1;2025-11-15;4;0.0
1;2025-11-15;5;32.47
1;2025-11-15;6;178.255
1;2025-11-15;7;360.024
1;2025-11-15;8;503.643
1;2025-11-15;9;770.714
1;2025-11-15;10;918.649
1;2025-11-15;11;873.857
1;2025-11-15;12;1071.674
1;2025-11-15;13;1122.911
1;2025-11-15;14;1046.149
1;2025-11-15;15;911.961
1;2025-11-15;16;832.989
1;2025-11-15;17;769.931
1;2025-11-15;18;680.865
1;2025-11-15;19;618.582
1;2025-11-15;20;441.573
1;2025-11-15;21;316.11
1;2025-11-15;22;146.748
1;2025-11-15;23;37.057
1;2025-11-16;0;0.0
1;2025-11-16;1;0.0
1;2025-11-16;2;0.0
1;2025-11-16;3;0.0
1;2025-11-16;4;0.0
1;2025-11-16;5;23.584
1;2025-11-16;6;124.849
1;2025-11-16;7;252.476
1;2025-11-16;8;356.598
1;2025-11-16;9;608.136
1;2025-11-16;10;704.197
1;2025-11-16;11;721.142
1;2025-11-16;12;875.934
1;2025-11-16;13;894.052
1;2025-11-16;14;809.134
1;2025-11-16;15;737.517
1;2025-11-16;16;672.015
1;2025-11-16;17;630.647
1;2025-11-16;18;557.342
1;2025-11-16;19;438.567
1;2025-11-16;20;340.445
1;2025-11-16;21;259.7
1;2025-11-16;22;104.785
1;2025-11-16;23;31.694
1;2025-11-17;0;0.0
1;2025-11-17;1;0.0
1;2025-11-17;2;0.0
1;2025-11-17;3;0.0
1;2025-11-17;4;9.003
1;2025-11-17;5;138.516
1;2025-11-17;6;560.35
1;2025-11-17;7;1548.817
1;2025-11-17;8;1982.263
1;2025-11-17;9;1477.257
1;2025-11-17;10;1290.853
1;2025-11-17;11;1343.066
1;2025-11-17;12;1390.142
1;2025-11-17;13;1407.832
1;2025-11-17;14;1395.671
1;2025-11-17;15;1550.352
1;2025-11-17;16;1625.499
1;2025-11-17;17;1883.703
1;2025-11-17;18;1984.03
1;2025-11-17;19;1463.841
1;2025-11-17;20;910.101
1;2025-11-17;21;491.339
1;2025-11-17;22;215.601
1;2025-11-17;23;42.005
1;2025-11-18;0;3.076
1;2025-11-18;1;0.0
1;2025-11-18;2;0.0
1;2025-11-18;3;0.0
1;2025-11-18;4;7.286
1;2025-11-18;5;132.532
1;2025-11-18;6;560.438
1;2025-11-18;7;1608.397
1;2025-11-18;8;1953.512
1;2025-11-18;9;1517.863
1;2025-11-18;10;1349.274
1;2025-11-18;11;1359.327
1;2025-11-18;12;1392.209
1;2025-11-18;13;1418.153
1;2025-11-18;14;1347.344
1;2025-11-18;15;1474.648
1;2025-11-18;16;1483.876
1;2025-11-18;17;1772.267
1;2025-11-18;18;1817.112
1;2025-11-18;19;1423.723
1;2025-11-18;20;892.25
1;2025-11-18;21;479.91
1;2025-11-18;22;229.903
1;2025-11-18;23;42.568
1;2025-11-19;0;4.124
1;2025-11-19;1;0.0
1;2025-11-19;2;0.0
1;2025-11-19;3;0.0
1;2025-11-19;4;8.497
1;2025-11-19;5;138.415
1;2025-11-19;6;564.76
1;2025-11-19;7;1574.006
1;2025-11-19;8;1997.26
1;2025-11-19;9;1473.934
1;2025-11-19;10;1350.548
1;2025-11-19;11;1366.918
1;2025-11-19;12;1407.661
1;2025-11-19;13;1476.574
1;2025-11-19;14;1407.17
1;2025-11-19;15;1547.953
1;2025-11-19;16;1550.908
1;2025-11-19;17;1837.35
1;2025-11-19;18;1844.163
1;2025-11-19;19;1393.944
1;2025-11-19;20;907.773
1;2025-11-19;21;490.736
1;2025-11-19;22;241.627
1;2025-11-19;23;44.908
1;2025-11-20;0;5.509
1;2025-11-20;1;0.0
1;2025-11-20;2;0.0
1;2025-11-20;3;0.0
1;2025-11-20;4;8.117
1;2025-11-20;5;131.177
1;2025-11-20;6;534.198
1;2025-11-20;7;1558.906
1;2025-11-20;8;2052.84
1;2025-11-20;9;1509.568
1;2025-11-20;10;1368.426
1;2025-11-20;11;1381.31
1;2025-11-20;12;1446.588
1;2025-11-20;13;1467.516
1;2025-11-20;14;1456.379
1;2025-11-20;15;1586.993
1;2025-11-20;16;1607.596
1;2025-11-20;17;1859.208
1;2025-11-20;18;1863.394
1;2025-11-20;19;1389.393
1;2025-11-20;20;896.133
1;2025-11-20;21;493.289
1;2025-11-20;22;230.226
1;2025-11-20;23;51.354
1;2025-11-21;0;5.207
1;2025-11-21;1;0.0
1;2025-11-21;2;0.0
1;2025-11-21;3;0.0
1;2025-11-21;4;7.211
1;2025-11-21;5;138.088
1;2025-11-21;6;526.011
1;2025-11-21;7;1561.048
1;2025-11-21;8;1907.009
1;2025-11-21;9;1449.032
1;2025-11-21;10;1336.062
1;2025-11-21;11;1417.678
1;2025-11-21;12;1393.424
1;2025-11-21;13;1446.832
1;2025-11-21;14;1395.788
1;2025-11-21;15;1567.964
1;2025-11-21;16;1658.086
1;2025-11-21;17;1820.612
1;2025-11-21;18;1611.581
1;2025-11-21;19;1202.901
1;2025-11-21;20;807.322
1;2025-11-21;21;500.391
1;2025-11-21;22;242.49
1;2025-11-21;23;54.616
1;2025-11-22;0;6.447
1;2025-11-22;1;0.0
1;2025-11-22;2;0.0
1;2025-11-22;3;0.0
1;2025-11-22;4;0.0
1;2025-11-22;5;32.184
1;2025-11-22;6;177.616
1;2025-11-22;7;359.209
1;2025-11-22;8;502.575
1;2025-11-22;9;769.448
1;2025-11-22;10;917.395
1;2025-11-22;11;874.664
1;2025-11-22;12;1073.59
1;2025-11-22;13;1124.977
1;2025-11-22;14;1048.447
1;2025-11-22;15;913.976
1;2025-11-22;16;834.898
1;2025-11-22;17;771.307
1;2025-11-22;18;680.472
1;2025-11-22;19;616.655
1;2025-11-22;20;439.475
1;2025-11-22;21;314.457
1;2025-11-22;22;145.918
1;2025-11-22;23;36.921
1;2025-11-23;0;0.0
1;2025-11-23;1;0.0
1;2025-11-23;2;0.0
1;2025-11-23;3;0.0
1;2025-11-23;4;0.0
1;2025-11-23;5;23.378
1;2025-11-23;6;124.405
1;2025-11-23;7;251.903
1;2025-11-23;8;355.832
1;2025-11-23;9;607.116
1;2025-11-23;10;703.203
1;2025-11-23;11;721.738
1;2025-11-23;12;877.403
1;2025-11-23;13;895.602
1;2025-11-23;14;810.803
1;2025-11-23;15;739.054
1;2025-11-23;16;673.46
1;2025-11-23;17;631.7
1;2025-11-23;18;556.985
1;2025-11-23;19;437.231
1;2025-11-23;20;338.841
1;2025-11-23;21;258.369
1;2025-11-23;22;104.21
1;2025-11-23;23;31.58
1;2025-11-24;0;0.0
1;2025-11-24;1;0.0
1;2025-11-24;2;0.0
1;2025-11-24;3;0.0
1;2025-11-24;4;9.003
1;2025-11-24;5;138.259
1;2025-11-24;6;559.862
1;2025-11-24;7;1550.012
1;2025-11-24;8;1983.51
1;2025-11-24;9;1477.232
1;2025-11-24;10;1290.461
1;2025-11-24;11;1342.52
1;2025-11-24;12;1390.285
1;2025-11-24;13;1408.001
1;2025-11-24;14;1396.288
1;2025-11-24;15;1551.703
1;2025-11-24;16;1626.991
1;2025-11-24;17;1885.136
1;2025-11-24;18;1985.237
1;2025-11-24;19;1462.316
1;2025-11-24;20;907.563
1;2025-11-24;21;489.825
1;2025-11-24;22;214.239
1;2025-11-24;23;41.8
1;2025-11-25;0;3.076
1;2025-11-25;1;0.0
1;2025-11-25;2;0.0
1;2025-11-25;3;0.0
1;2025-11-25;4;7.286
1;2025-11-25;5;132.289
1;2025-11-25;6;559.971
1;2025-11-25;7;1609.629
1;2025-11-25;8;1954.736
1;2025-11-25;9;1517.859
1;2025-11-25;10;1348.895
1;2025-11-25;11;1358.81
1;2025-11-25;12;1392.369
1;2025-11-25;13;1418.338
1;2025-11-25;14;1347.951
1;2025-11-25;15;1475.93
1;2025-11-25;16;1485.227
1;2025-11-25;17;1773.606
1;2025-11-25;18;1818.215
1;2025-11-25;19;1422.3
1;2025-11-25;20;889.829
1;2025-11-25;21;478.489
1;2025-11-25;22;228.502
1;2025-11-25;23;42.363
1;2025-11-26;0;4.124
1;2025-11-26;1;0.0
1;2025-11-26;2;0.0
1;2025-11-26;3;0.0
1;2025-11-26;4;8.496
1;2025-11-26;5;138.173
1;2025-11-26;6;564.304
1;2025-11-26;7;1575.179
1;2025-11-26;8;1998.471
1;2025-11-26;9;1473.926
1;2025-11-26;10;1350.173
1;2025-11-26;11;1366.405
1;2025-11-26;12;1407.814
1;2025-11-26;13;1476.758
1;2025-11-26;14;1407.781
1;2025-11-26;15;1549.251
1;2025-11-26;16;1552.283
1;2025-11-26;17;1838.704
1;2025-11-26;18;1845.254
1;2025-11-26;19;1392.572
1;2025-11-26;20;905.371
1;2025-11-26;21;489.312
1;2025-11-26;22;240.19
1;2025-11-26;23;44.694
1;2025-11-27;0;5.509
1;2025-11-27;1;0.0
1;2025-11-27;2;0.0
1;2025-11-27;3;0.0
1;2025-11-27;4;8.117
1;2025-11-27;5;130.948
1;2025-11-27;6;533.767
1;2025-11-27;7;1560.021
1;2025-11-27;8;2054.037
1;2025-11-27;9;1509.545
1;2025-11-27;10;1368.041
1;2025-11-27;11;1380.793
1;2025-11-27;12;1446.727
1;2025-11-27;13;1467.681
1;2025-11-27;14;1456.98
1;2025-11-27;15;1588.283
1;2025-11-27;16;1608.971
1;2025-11-27;17;1860.528
1;2025-11-27;18;1864.446
1;2025-11-27;19;1388.045
1;2025-11-27;20;893.812
1;2025-11-27;21;491.878
1;2025-11-27;22;228.881
1;2025-11-27;23;51.111
1;2025-11-28;0;5.207
1;2025-11-28;1;0.0
1;2025-11-28;2;0.0
1;2025-11-28;3;0.0
1;2025-11-28;4;7.211
1;2025-11-28;5;137.856
1;2025-11-28;6;525.598
1;2025-11-28;7;1562.132
1;2025-11-28;8;1908.099
1;2025-11-28;9;1449.007
1;2025-11-28;10;1335.69
1;2025-11-28;11;1417.155
1;2025-11-28;12;1393.552
1;2025-11-28;13;1446.987
1;2025-11-28;14;1396.347
1;2025-11-28;15;1569.2
1;2025-11-28;16;1659.462
1;2025-11-28;17;1821.861
1;2025-11-28;18;1612.475
1;2025-11-28;19;1201.772
1;2025-11-28;20;805.272
1;2025-11-28;21;498.997
1;2025-11-28;22;241.108
1;2025-11-28;23;54.367
1;2025-11-29;0;6.429
1;2025-11-29;1;0.0
1;2025-11-29;2;0.0
1;2025-11-29;3;0.0
1;2025-11-29;4;0.0
1;2025-11-29;5;31.943
1;2025-11-29;6;177.079
1;2025-11-29;7;358.523
1;2025-11-29;8;501.676
1;2025-11-29;9;768.382
1;2025-11-29;10;916.338
1;2025-11-29;11;875.343
1;2025-11-29;12;1075.204
1;2025-11-29;13;1126.717
1;2025-11-29;14;1050.381
1;2025-11-29;15;915.672
1;2025-11-29;16;836.505
1;2025-11-29;17;772.465
1;2025-11-29;18;680.141
1;2025-11-29;19;615.034
1;2025-11-29;20;437.709
1;2025-11-29;21;313.065
1;2025-11-29;22;145.22
1;2025-11-29;23;36.806
1;2025-11-30;0;0.0
1;2025-11-30;1;0.0
1;2025-11-30;2;0.0
1;2025-11-30;3;0.0
1;2025-11-30;4;0.0
1;2025-11-30;5;23.205
1;2025-11-30;6;124.031
1;2025-11-30;7;251.42
1;2025-11-30;8;355.187
1;2025-11-30;9;606.258
1;2025-11-30;10;702.365
1;2025-11-30;11;722.24
1;2025-11-30;12;878.64
1;2025-11-30;13;896.907
1;2025-11-30;14;812.208
1;2025-11-30;15;740.348
1;2025-11-30;16;674.676
1;2025-11-30;17;632.587
1;2025-11-30;18;556.684
1;2025-11-30;19;436.106
1;2025-11-30;20;337.491
1;2025-11-30;21;257.248
1;2025-11-30;22;103.726
1;2025-11-30;23;31.485
1;2025-12-01;0;0.0
1;2025-12-01;1;0.0
1;2025-12-01;2;0.0
1;2025-12-01;3;0.0
1;2025-12-01;4;9.002
1;2025-12-01;5;138.043
1;2025-12-01;6;559.452
1;2025-12-01;7;1551.016
1;2025-12-01;8;1984.558
1;2025-12-01;9;1477.211
1;2025-12-01;10;1290.131
1;2025-12-01;11;1342.06
1;2025-12-01;12;1390.406
1;2025-12-01;13;1408.142
1;2025-12-01;14;1396.807
1;2025-12-01;15;1552.839
1;2025-12-01;16;1628.246
1;2025-12-01;17;1886.341
1;2025-12-01;18;1986.251
1;2025-12-01;19;1461.034
1;2025-12-01;20;905.428
1;2025-12-01;21;488.551
1;2025-12-01;22;213.094
1;2025-12-01;23;41.628
1;2025-12-02;0;3.076
1;2025-12-02;1;0.0
1;2025-12-02;2;0.0
1;2025-12-02;3;0.0
1;2025-12-02;4;7.286
1;2025-12-02;5;132.084
1;2025-12-02;6;559.579
1;2025-12-02;7;1610.661
1;2025-12-02;8;1955.761
1;2025-12-02;9;1517.856
1;2025-12-02;10;1348.577
1;2025-12-02;11;1358.376
1;2025-12-02;12;1392.502
1;2025-12-02;13;1418.494
1;2025-12-02;14;1348.461
1;2025-12-02;15;1477.004
1;2025-12-02;16;1486.36
1;2025-12-02;17;1774.729
1;2025-12-02;18;1819.14
1;2025-12-02;19;1421.108
1;2025-12-02;20;887.799
1;2025-12-02;21;477.298
1;2025-12-02;22;227.328
1;2025-12-02;23;42.192
1;2025-12-03;0;4.124
1;2025-12-03;1;0.0
1;2025-12-03;2;0.0
1;2025-12-03;3;0.0
1;2025-12-03;4;8.496
1;2025-12-03;5;137.97
1;2025-12-03;6;563.924
1;2025-12-03;7;1576.156
1;2025-12-03;8;1999.48
1;2025-12-03;9;1473.919
1;2025-12-03;10;1349.859
1;2025-12-03;11;1365.977
1;2025-12-03;12;1407.941
1;2025-12-03;13;1476.911
1;2025-12-03;14;1408.289
1;2025-12-03;15;1550.332
1;2025-12-03;16;1553.429
1;2025-12-03;17;1839.832
1;2025-12-03;18;1846.162
1;2025-12-03;19;1391.428
1;2025-12-03;20;903.369
1;2025-12-03;21;488.124
1;2025-12-03;22;238.992
1;2025-12-03;23;44.515
1;2025-12-04;0;5.509
1;2025-12-04;1;0.0
1;2025-12-04;2;0.0
1;2025-12-04;3;0.0
1;2025-12-04;4;8.117
1;2025-12-04;5;130.759
1;2025-12-04;6;533.41
1;2025-12-04;7;1560.942
1;2025-12-04;8;2055.027
1;2025-12-04;9;1509.526
1;2025-12-04;10;1367.723
1;2025-12-04;11;1380.366
1;2025-12-04;12;1446.842
1;2025-12-04;13;1467.817
1;2025-12-04;14;1457.476
1;2025-12-04;15;1589.349
1;2025-12-04;16;1610.106
1;2025-12-04;17;1861.619
1;2025-12-04;18;1865.314
1;2025-12-04;19;1386.931
1;2025-12-04;20;891.895
1;2025-12-04;21;490.712
1;2025-12-04;22;227.77
1;2025-12-04;23;50.91
1;2025-12-05;0;5.207
1;2025-12-05;1;0.0
1;2025-12-05;2;0.0
1;2025-12-05;3;0.0
1;2025-12-05;4;7.211
1;2025-12-05;5;137.667
1;2025-12-05;6;525.261
1;2025-12-05;7;1563.016
1;2025-12-05;8;1908.988
1;2025-12-05;9;1448.987
1;2025-12-05;10;1335.387
1;2025-12-05;11;1416.729
1;2025-12-05;12;1393.656
1;2025-12-05;13;1447.114
1;2025-12-05;14;1396.803
1;2025-12-05;15;1570.208
1;2025-12-05;16;1660.585
1;2025-12-05;17;1822.881
1;2025-12-05;18;1613.203
1;2025-12-05;19;1200.851
1;2025-12-05;20;803.599
1;2025-12-05;21;497.859
1;2025-12-05;22;239.981
1;2025-12-05;23;54.163
1;2025-12-06;0;6.415
1;2025-12-06;1;0.0
1;2025-12-06;2;0.0
1;2025-12-06;3;0.0
1;2025-12-06;4;0.0
1;2025-12-06;5;31.75
1;2025-12-06;6;176.647
1;2025-12-06;7;357.972
1;2025-12-06;8;500.954
1;2025-12-06;9;767.526
1;2025-12-06;10;915.49
1;2025-12-06;11;875.889
1;2025-12-06;12;1076.499
1;2025-12-06;13;1128.114
1;2025-12-06;14;1051.935
1;2025-12-06;15;917.034
1;2025-12-06;16;837.795
1;2025-12-06;17;773.395
1;2025-12-06;18;679.874
1;2025-12-06;19;613.731
1;2025-12-06;20;436.291
1;2025-12-06;21;311.948
1;2025-12-06;22;144.659
1;2025-12-06;23;36.714
1;2025-12-07;0;0.0
1;2025-12-07;1;0.0
1;2025-12-07;2;0.0
1;2025-12-07;3;0.0
1;2025-12-07;4;0.0
1;2025-12-07;5;23.069
1;2025-12-07;6;123.736
1;2025-12-07;7;251.041
1;2025-12-07;8;354.68
1;2025-12-07;9;605.583
1;2025-12-07;10;701.706
1;2025-12-07;11;722.635
1;2025-12-07;12;879.613
1;2025-12-07;13;897.935
1;2025-12-07;14;813.314
1;2025-12-07;15;741.367
1;2025-12-07;16;675.633
1;2025-12-07;17;633.285
1;2025-12-07;18;556.448
1;2025-12-07;19;435.221
1;2025-12-07;20;336.428
1;2025-12-07;21;256.366
1;2025-12-07;22;103.345
1;2025-12-07;23;31.409
1;2025-12-08;0;0.0
1;2025-12-08;1;0.0
1;2025-12-08;2;0.0
1;2025-12-08;3;0.0
1;2025-12-08;4;9.002
1;2025-12-08;5;137.877
1;2025-12-08;6;559.136
1;2025-12-08;7;1551.79
1;2025-12-08;8;1985.364
1;2025-12-08;9;1477.195
1;2025-12-08;10;1289.877
1;2025-12-08;11;1341.705
1;2025-12-08;12;1390.498
1;2025-12-08;13;1408.252
1;2025-12-08;14;1397.207
1;2025-12-08;15;1553.713
1;2025-12-08;16;1629.212
1;2025-12-08;17;1887.268
1;2025-12-08;18;1987.032
1;2025-12-08;19;1460.047
1;2025-12-08;20;903.785
1;2025-12-08;21;487.571
1;2025-12-08;22;212.212
1;2025-12-08;23;41.496
1;2025-12-09;0;3.076
1;2025-12-09;1;0.0
1;2025-12-09;2;0.0
1;2025-12-09;3;0.0
1;2025-12-09;4;7.285
1;2025-12-09;5;131.931
1;2025-12-09;6;559.286
1;2025-12-09;7;1611.436
1;2025-12-09;8;1956.531
1;2025-12-09;9;1517.854
1;2025-12-09;10;1348.338
1;2025-12-09;11;1358.05
1;2025-12-09;12;1392.603
1;2025-12-09;13;1418.61
1;2025-12-09;14;1348.843
1;2025-12-09;15;1477.81
1;2025-12-09;16;1487.21
1;2025-12-09;17;1775.571
1;2025-12-09;18;1819.834
1;2025-12-09;19;1420.212
1;2025-12-09;20;886.276
1;2025-12-09;21;476.404
1;2025-12-09;22;226.446
1;2025-12-09;23;42.063
1;2025-12-10;0;4.124
1;2025-12-10;1;0.0
1;2025-12-10;2;0.0
1;2025-12-10;3;0.0
1;2025-12-10;4;8.496
1;2025-12-10;5;137.823
1;2025-12-10;6;563.646
1;2025-12-10;7;1576.869
1;2025-12-10;8;2000.217
1;2025-12-10;9;1473.914
1;2025-12-10;10;1349.631
1;2025-12-10;11;1365.665
1;2025-12-10;12;1408.034
1;2025-12-10;13;1477.023
1;2025-12-10;14;1408.66
1;2025-12-10;15;1551.121
1;2025-12-10;16;1554.265
1;2025-12-10;17;1840.655
1;2025-12-10;18;1846.825
1;2025-12-10;19;1390.593
1;2025-12-10;20;901.909
1;2025-12-10;21;487.258
1;2025-12-10;22;238.119
1;2025-12-10;23;44.384
1;2025-12-11;0;5.508
1;2025-12-11;1;0.0
1;2025-12-11;2;0.0
1;2025-12-11;3;0.0
1;2025-12-11;4;8.117
1;2025-12-11;5;130.626
1;2025-12-11;6;533.158
1;2025-12-11;7;1561.593
1;2025-12-11;8;2055.726
1;2025-12-11;9;1509.513
1;2025-12-11;10;1367.498
1;2025-12-11;11;1380.064
1;2025-12-11;12;1446.923
1;2025-12-11;13;1467.913
1;2025-12-11;14;1457.827
1;2025-12-11;15;1590.102
1;2025-12-11;16;1610.909
1;2025-12-11;17;1862.39
1;2025-12-11;18;1865.928
1;2025-12-11;19;1386.144
1;2025-12-11;20;890.54
1;2025-12-11;21;489.889
1;2025-12-11;22;226.984
1;2025-12-11;23;50.768
1;2025-12-12;0;5.207
1;2025-12-12;1;0.0
1;2025-12-12;2;0.0
1;2025-12-12;3;0.0
1;2025-12-12;4;7.211
1;2025-12-12;5;137.538
1;2025-12-12;6;525.031
1;2025-12-12;7;1563.619
1;2025-12-12;8;1909.594
1;2025-12-12;9;1448.973
1;2025-12-12;10;1335.18
1;2025-12-12;11;1416.438
1;2025-12-12;12;1393.727
1;2025-12-12;13;1447.2
1;2025-12-12;14;1397.114
1;2025-12-12;15;1570.896
1;2025-12-12;16;1661.35
1;2025-12-12;17;1823.576
1;2025-12-12;18;1613.7
1;2025-12-12;19;1200.223
1;2025-12-12;20;802.458
1;2025-12-12;21;497.084
1;2025-12-12;22;239.213
1;2025-12-12;23;54.024
1;2025-12-13;0;6.406
1;2025-12-13;1;0.0
1;2025-12-13;2;0.0
1;2025-12-13;3;0.0
1;2025-12-13;4;0.0
1;2025-12-13;5;31.623
1;2025-12-13;6;176.365
1;2025-12-13;7;357.612
1;2025-12-13;8;500.481
1;2025-12-13;9;766.966
1;2025-12-13;10;914.935
1;2025-12-13;11;876.246
1;2025-12-13;12;1077.346
1;2025-12-13;13;1129.028
1;2025-12-13;14;1052.951
1;2025-12-13;15;917.925
1;2025-12-13;16;838.639
1;2025-12-13;17;774.003
1;2025-12-13;18;679.7
1;2025-12-13;19;612.879
1;2025-12-13;20;435.363
1;2025-12-13;21;311.217
1;2025-12-13;22;144.292
1;2025-12-13;23;36.654
1;2025-12-14;0;0.0
1;2025-12-14;1;0.0
1;2025-12-14;2;0.0
1;2025-12-14;3;0.0
1;2025-12-14;4;0.0
1;2025-12-14;5;22.984
1;2025-12-14;6;123.553
1;2025-12-14;7;250.804
1;2025-12-14;8;354.363
1;2025-12-14;9;605.161
1;2025-12-14;10;701.295
1;2025-12-14;11;722.881
1;2025-12-14;12;880.221
1;2025-12-14;13;898.576
1;2025-12-14;14;814.004
1;2025-12-14;15;742.002
1;2025-12-14;16;676.231
1;2025-12-14;17;633.721
1;2025-12-14;18;556.3
1;2025-12-14;19;434.668
1;2025-12-14;20;335.765
1;2025-12-14;21;255.815
1;2025-12-14;22;103.107
1;2025-12-14;23;31.362
1;2025-12-15;0;0.0
1;2025-12-15;1;0.0
1;2025-12-15;2;0.0
1;2025-12-15;3;0.0
1;2025-12-15;4;9.002
1;2025-12-15;5;137.779
1;2025-12-15;6;558.949
1;2025-12-15;7;1552.248
1;2025-12-15;8;1985.842
1;2025-12-15;9;1477.185
1;2025-12-15;10;1289.727
1;2025-12-15;11;1341.496
1;2025-12-15;12;1390.553
1;2025-12-15;13;1408.316
1;2025-12-15;14;1397.444
1;2025-12-15;15;1554.232
1;2025-12-15;16;1629.785
1;2025-12-15;17;1887.818
1;2025-12-15;18;1987.495
1;2025-12-15;19;1459.462
1;2025-12-15;20;902.811
1;2025-12-15;21;486.99
1;2025-12-15;22;211.69
1;2025-12-15;23;41.418
1;2025-12-16;0;3.076
1;2025-12-16;1;0.0
1;2025-12-16;2;0.0
1;2025-12-16;3;0.0
1;2025-12-16;4;7.285
1;2025-12-16;5;131.845
1;2025-12-16;6;559.122
1;2025-12-16;7;1611.869
1;2025-12-16;8;1956.961
1;2025-12-16;9;1517.853
1;2025-12-16;10;1348.205
1;2025-12-16;11;1357.868
1;2025-12-16;12;1392.659
1;2025-12-16;13;1418.676
1;2025-12-16;14;1349.057
1;2025-12-16;15;1478.261
1;2025-12-16;16;1487.685
1;2025-12-16;17;1776.042
1;2025-12-16;18;1820.222
1;2025-12-16;19;1419.712
1;2025-12-16;20;885.425
1;2025-12-16;21;475.904
1;2025-12-16;22;225.953
1;2025-12-16;23;41.991
1;2025-12-17;0;4.124
1;2025-12-17;1;0.0
1;2025-12-17;2;0.0
1;2025-12-17;3;0.0
1;2025-12-17;4;8.496
1;2025-12-17;5;137.746
1;2025-12-17;6;563.501
1;2025-12-17;7;1577.242
1;2025-12-17;8;2000.602
1;2025-12-17;9;1473.912
1;2025-12-17;10;1349.511
1;2025-12-17;11;1365.502
1;2025-12-17;12;1408.082
1;2025-12-17;13;1477.081
1;2025-12-17;14;1408.854
1;2025-12-17;15;1551.534
1;2025-12-17;16;1554.702
1;2025-12-17;17;1841.086
1;2025-12-17;18;1847.172
1;2025-12-17;19;1390.157
1;2025-12-17;20;901.145
1;2025-12-17;21;486.805
1;2025-12-17;22;237.662
1;2025-12-17;23;44.316
1;2025-12-18;0;5.508
1;2025-12-18;1;0.0
1;2025-12-18;2;0.0
1;2025-12-18;3;0.0
1;2025-12-18;4;8.116
1;2025-12-18;5;130.561
1;2025-12-18;6;533.036
1;2025-12-18;7;1561.908
1;2025-12-18;8;2056.064
1;2025-12-18;9;1509.506
1;2025-12-18;10;1367.389
1;2025-12-18;11;1379.918
1;2025-12-18;12;1446.962
1;2025-12-18;13;1467.96
1;2025-12-18;14;1457.997
1;2025-12-18;15;1590.467
1;2025-12-18;16;1611.298
1;2025-12-18;17;1862.763
1;2025-12-18;18;1866.225
1;2025-12-18;19;1385.763
1;2025-12-18;20;889.883
1;2025-12-18;21;489.49
1;2025-12-18;22;226.604
1;2025-12-18;23;50.699
1;2025-12-19;0;5.207
1;2025-12-19;1;0.0
1;2025-12-19;2;0.0
1;2025-12-19;3;0.0
1;2025-12-19;4;7.211
1;2025-12-19;5;137.481
1;2025-12-19;6;524.93
1;2025-12-19;7;1563.885
1;2025-12-19;8;1909.861
1;2025-12-19;9;1448.967
1;2025-12-19;10;1335.089
1;2025-12-19;11;1416.309
1;2025-12-19;12;1393.758
1;2025-12-19;13;1447.238
1;2025-12-19;14;1397.252
1;2025-12-19;15;1571.199
1;2025-12-19;16;1661.688
1;2025-12-19;17;1823.883
1;2025-12-19;18;1613.92
1;2025-12-19;19;1199.945
1;2025-12-19;20;801.954
1;2025-12-19;21;496.741
1;2025-12-19;22;238.873
1;2025-12-19;23;53.963
1;2025-12-20;0;6.402
1;2025-12-20;1;0.0
1;2025-12-20;2;0.0
1;2025-12-20;3;0.0
1;2025-12-20;4;0.0
1;2025-12-20;5;31.573
1;2025-12-20;6;176.254
1;2025-12-20;7;357.47
1;2025-12-20;8;500.295
1;2025-12-20;9;766.744
1;2025-12-20;10;914.716
1;2025-12-20;11;876.387
1;2025-12-20;12;1077.681
1;2025-12-20;13;1129.389
1;2025-12-20;14;1053.352
1;2025-12-20;15;918.277
1;2025-12-20;16;838.973
1;2025-12-20;17;774.244
1;2025-12-20;18;679.632
1;2025-12-20;19;612.543
1;2025-12-20;20;434.997
1;2025-12-20;21;310.928
1;2025-12-20;22;144.147
1;2025-12-20;23;36.63
1;2025-12-21;0;0.0
1;2025-12-21;1;0.0
1;2025-12-21;2;0.0
1;2025-12-21;3;0.0
1;2025-12-21;4;0.0
1;2025-12-21;5;22.955
1;2025-12-21;6;123.49
1;2025-12-21;7;250.723
1;2025-12-21;8;354.255
1;2025-12-21;9;605.018
1;2025-12-21;10;701.155
1;2025-12-21;11;722.965
1;2025-12-21;12;880.428
1;2025-12-21;13;898.794
1;2025-12-21;14;814.239
1;2025-12-21;15;742.219
1;2025-12-21;16;676.434
1;2025-12-21;17;633.869
1;2025-12-21;18;556.25
1;2025-12-21;19;434.48
1;2025-12-21;20;335.539
1;2025-12-21;21;255.628
1;2025-12-21;22;103.026
1;2025-12-21;23;31.346
1;2025-12-22;0;0.0
1;2025-12-22;1;0.0
1;2025-12-22;2;0.0
1;2025-12-22;3;0.0
1;2025-12-22;4;9.002
1;2025-12-22;5;137.752
1;2025-12-22;6;558.898
1;2025-12-22;7;1552.374
1;2025-12-22;8;1985.974
1;2025-12-22;9;1477.183
1;2025-12-22;10;1289.685
1;2025-12-22;11;1341.438
1;2025-12-22;12;1390.568
1;2025-12-22;13;1408.334
1;2025-12-22;14;1397.509
1;2025-12-22;15;1554.374
1;2025-12-22;16;1629.942
1;2025-12-22;17;1887.969
1;2025-12-22;18;1987.622
1;2025-12-22;19;1459.302
1;2025-12-22;20;902.544
1;2025-12-22;21;486.83
1;2025-12-22;22;211.546
1;2025-12-22;23;41.396
1;2025-12-23;0;3.076
1;2025-12-23;1;0.0
1;2025-12-23;2;0.0
1;2025-12-23;3;0.0
1;2025-12-23;4;7.285
1;2025-12-23;5;131.829
1;2025-12-23;6;559.09
1;2025-12-23;7;1611.953
1;2025-12-23;8;1957.044
1;2025-12-23;9;1517.852
1;2025-12-23;10;1348.179
1;2025-12-23;11;1357.833
1;2025-12-23;12;1392.67
1;2025-12-23;13;1418.688
1;2025-12-23;14;1349.098
1;2025-12-23;15;1478.348
1;2025-12-23;16;1487.776
1;2025-12-23;17;1776.133
1;2025-12-23;18;1820.296
1;2025-12-23;19;1419.616
1;2025-12-23;20;885.261
1;2025-12-23;21;475.808
1;2025-12-23;22;225.858
1;2025-12-23;23;41.977
1;2025-12-24;0;4.124
1;2025-12-24;1;0.0
1;2025-12-24;2;0.0
1;2025-12-24;3;0.0
1;2025-12-24;4;8.496
1;2025-12-24;5;137.739
1;2025-12-24;6;563.488
1;2025-12-24;7;1577.275
1;2025-12-24;8;2000.636
1;2025-12-24;9;1473.912
1;2025-12-24;10;1349.501
1;2025-12-24;11;1365.488
1;2025-12-24;12;1408.086
1;2025-12-24;13;1477.086
1;2025-12-24;14;1408.872
1;2025-12-24;15;1551.57
1;2025-12-24;16;1554.741
1;2025-12-24;17;1841.124
1;2025-12-24;18;1847.202
1;2025-12-24;19;1390.118
1;2025-12-24;20;901.077
1;2025-12-24;21;486.765
1;2025-12-24;22;237.621
1;2025-12-24;23;44.31
1;2025-12-25;0;5.508
1;2025-12-25;1;0.0
1;2025-12-25;2;0.0
1;2025-12-25;3;0.0
1;2025-12-25;4;8.116
1;2025-12-25;5;130.564
1;2025-12-25;6;533.042
1;2025-12-25;7;1561.893
1;2025-12-25;8;2056.048
1;2025-12-25;9;1509.507
1;2025-12-25;10;1367.395
1;2025-12-25;11;1379.925
1;2025-12-25;12;1446.96
1;2025-12-25;13;1467.957
1;2025-12-25;14;1457.989
1;2025-12-25;15;1590.449
1;2025-12-25;16;1611.279
1;2025-12-25;17;1862.745
1;2025-12-25;18;1866.211
1;2025-12-25;19;1385.781
1;2025-12-25;20;889.915
1;2025-12-25;21;489.509
1;2025-12-25;22;226.622
1;2025-12-25;23;50.703
1;2025-12-26;0;5.207
1;2025-12-26;1;0.0
1;2025-12-26;2;0.0
1;2025-12-26;3;0.0
1;2025-12-26;4;7.211
1;2025-12-26;5;137.494
1;2025-12-26;6;524.953
1;2025-12-26;7;1563.823
1;2025-12-26;8;1909.799
1;2025-12-26;9;1448.969
1;2025-12-26;10;1335.11
1;2025-12-26;11;1416.339
1;2025-12-26;12;1393.751
1;2025-12-26;13;1447.23
1;2025-12-26;14;1397.22
1;2025-12-26;15;1571.129
1;2025-12-26;16;1661.61
1;2025-12-26;17;1823.812
1;2025-12-26;18;1613.869
1;2025-12-26;19;1200.01
1;2025-12-26;20;802.071
1;2025-12-26;21;496.821
1;2025-12-26;22;238.952
1;2025-12-26;23;53.977
1;2025-12-27;0;5.774
1;2025-12-27;1;0.0
1;2025-12-27;2;0.0
1;2025-12-27;3;0.0
1;2025-12-27;4;0.0
1;2025-12-27;5;28.492
1;2025-12-27;6;158.978
1;2025-12-27;7;322.394
1;2025-12-27;8;451.199
1;2025-12-27;9;691.472
1;2025-12-27;10;824.897
1;2025-12-27;11;790.175
1;2025-12-27;12;971.596
1;2025-12-27;13;1018.209
1;2025-12-27;14;949.629
1;2025-12-27;15;827.853
1;2025-12-27;16;756.353
1;2025-12-27;17;698.028
1;2025-12-27;18;612.855
1;2025-12-27;19;552.48
1;2025-12-27;20;392.4
1;2025-12-27;21;280.493
1;2025-12-27;22;130.042
1;2025-12-27;23;33.04
1;2025-12-28;0;0.0
1;2025-12-28;1;0.0
1;2025-12-28;2;0.0
1;2025-12-28;3;0.0
1;2025-12-28;4;0.0
1;2025-12-28;5;20.722
1;2025-12-28;6;111.402
1;2025-12-28;7;226.142
1;2025-12-28;8;319.519
1;2025-12-28;9;545.661
1;2025-12-28;10;632.345
1;2025-12-28;11;651.83
1;2025-12-28;12;793.714
1;2025-12-28;13;810.266
1;2025-12-28;14;734.009
1;2025-12-28;15;669.083
1;2025-12-28;16;609.776
1;2025-12-28;17;571.44
1;2025-12-28;18;501.611
1;2025-12-28;19;391.923
1;2025-12-28;20;302.739
1;2025-12-28;21;230.651
1;2025-12-28;22;92.964
1;2025-12-28;23;28.278
1;2025-12-29;0;0.0
1;2025-12-29;1;0.0
1;2025-12-29;2;0.0
1;2025-12-29;3;0.0
1;2025-12-29;4;8.083
1;2025-12-29;5;123.726
1;2025-12-29;6;501.908
1;2025-12-29;7;1393.696
1;2025-12-29;8;1783.017
1;2025-12-29;9;1326.366
1;2025-12-29;10;1158.068
1;2025-12-29;11;1204.56
1;2025-12-29;12;1248.57
1;2025-12-29;13;1264.518
1;2025-12-29;14;1254.73
1;2025-12-29;15;1395.468
1;2025-12-29;16;1463.299
1;2025-12-29;17;1694.99
1;2025-12-29;18;1784.503
1;2025-12-29;19;1310.538
1;2025-12-29;20;810.778
1;2025-12-29;21;437.354
1;2025-12-29;22;190.154
1;2025-12-29;23;37.201
1;2025-12-30;0;2.762
1;2025-12-30;1;0.0
1;2025-12-30;2;0.0
1;2025-12-30;3;0.0
1;2025-12-30;4;6.542
1;2025-12-30;5;118.416
1;2025-12-30;6;502.096
1;2025-12-30;7;1447.137
1;2025-12-30;8;1756.997
1;2025-12-30;9;1362.88
1;2025-12-30;10;1210.602
1;2025-12-30;11;1219.297
1;2025-12-30;12;1250.448
1;2025-12-30;13;1273.805
1;2025-12-30;14;1211.239
1;2025-12-30;15;1327.164
1;2025-12-30;16;1335.617
1;2025-12-30;17;1594.534
1;2025-12-30;18;1634.234
1;2025-12-30;19;1274.944
1;2025-12-30;20;795.337
1;2025-12-30;21;427.499
1;2025-12-30;22;203.065
1;2025-12-30;23;37.73
1;2025-12-31;0;0.0
1;2025-12-31;1;0.0
1;2025-12-31;2;0.0
1;2025-12-31;3;0.0
1;2025-12-31;4;0.0
1;2025-12-31;5;24.9
1;2025-12-31;6;127.64
1;2025-12-31;7;260.458
1;2025-12-31;8;366.834
1;2025-12-31;9;617.893
1;2025-12-31;10;711.223
1;2025-12-31;11;712.703
1;2025-12-31;12;864.35
1;2025-12-31;13;881.951
1;2025-12-31;14;798.97
1;2025-12-31;15;732.074
1;2025-12-31;16;667.033
1;2025-12-31;17;627.573
1;2025-12-31;18;565.462
1;2025-12-31;19;445.407
1;2025-12-31;20;343.293
1;2025-12-31;21;262.049
1;2025-12-31;22;102.171
1;2025-12-31;23;30.828
5;2025-11-01;0;0.0
5;2025-11-01;1;0.0
5;2025-11-01;2;0.0
5;2025-11-01;3;0.0
5;2025-11-01;4;0.0
5;2025-11-01;5;0.0
5;2025-11-01;6;0.0
5;2025-11-01;7;0.0
5;2025-11-01;8;0.0
5;2025-11-01;9;0.0
5;2025-11-01;10;0.0
5;2025-11-01;11;0.0
5;2025-11-01;12;0.0
5;2025-11-01;13;0.0
5;2025-11-01;14;0.0
5;2025-11-01;15;0.0
5;2025-11-01;16;0.0
5;2025-11-01;17;0.0
5;2025-11-01;18;0.0
5;2025-11-01;19;0.0
5;2025-11-01;20;0.0
5;2025-11-01;21;0.0
5;2025-11-01;22;0.0
5;2025-11-01;23;0.0
5;2025-11-02;0;0.0
5;2025-11-02;1;0.0
5;2025-11-02;2;0.0
5;2025-11-02;3;0.0
5;2025-11-02;4;0.0
5;2025-11-02;5;0.0
5;2025-11-02;6;0.0
5;2025-11-02;7;0.0
5;2025-11-02;8;0.0
5;2025-11-02;9;0.0
5;2025-11-02;10;0.0
5;2025-11-02;11;0.0
5;2025-11-02;12;0.0
5;2025-11-02;13;0.0
5;2025-11-02;14;0.0
5;2025-11-02;15;0.0
5;2025-11-02;16;0.0
5;2025-11-02;17;0.0
5;2025-11-02;18;0.0
5;2025-11-02;19;0.0
5;2025-11-02;20;0.0
5;2025-11-02;21;0.0
5;2025-11-02;22;0.0
5;2025-11-02;23;0.0
5;2025-11-03;0;0.0
5;2025-11-03;1;0.0
5;2025-11-03;2;0.0
5;2025-11-03;3;0.0
5;2025-11-03;4;0.0
5;2025-11-03;5;0.0
5;2025-11-03;6;0.0
5;2025-11-03;7;0.0
5;2025-11-03;8;0.0
5;2025-11-03;9;0.0
5;2025-11-03;10;0.0
5;2025-11-03;11;0.0
5;2025-11-03;12;0.0
5;2025-11-03;13;0.0
5;2025-11-03;14;0.0
5;2025-11-03;15;0.0
5;2025-11-03;16;0.0
5;2025-11-03;17;0.0
5;2025-11-03;18;0.0
5;2025-11-03;19;0.0
5;2025-11-03;20;0.0
5;2025-11-03;21;0.0
5;2025-11-03;22;0.0
5;2025-11-03;23;0.0
5;2025-11-04;0;0.0
5;2025-11-04;1;0.0
5;2025-11-04;2;0.0
5;2025-11-04;3;0.0
5;2025-11-04;4;0.0
5;2025-11-04;5;0.0
5;2025-11-04;6;0.0
5;2025-11-04;7;0.0
5;2025-11-04;8;0.0
5;2025-11-04;9;0.0
5;2025-11-04;10;0.0
5;2025-11-04;11;0.0
5;2025-11-04;12;0.0
5;2025-11-04;13;0.0
5;2025-11-04;14;0.0
5;2025-11-04;15;0.0
5;2025-11-04;16;0.0
5;2025-11-04;17;0.0
5;2025-11-04;18;0.0
5;2025-11-04;19;0.0
5;2025-11-04;20;0.0
5;2025-11-04;21;0.0
5;2025-11-04;22;0.0
5;2025-11-04;23;0.0
5;2025-11-05;0;0.0
5;2025-11-05;1;0.0
5;2025-11-05;2;0.0
5;2025-11-05;3;0.0
5;2025-11-05;4;0.0
5;2025-11-05;5;0.0
5;2025-11-05;6;0.0
5;2025-11-05;7;0.0
5;2025-11-05;8;0.0
5;2025-11-05;9;0.0
5;2025-11-05;10;0.0
5;2025-11-05;11;0.0
5;2025-11-05;12;0.0
5;2025-11-05;13;0.0
5;2025-11-05;14;0.0
5;2025-11-05;15;0.0
5;2025-11-05;16;0.0
5;2025-11-05;17;0.0
5;2025-11-05;18;0.0
5;2025-11-05;19;0.0
5;2025-11-05;20;0.0
5;2025-11-05;21;0.0
5;2025-11-05;22;0.0
5;2025-11-05;23;0.0
5;2025-11-06;0;0.0
5;2025-11-06;1;0.0
5;2025-11-06;2;0.0
5;2025-11-06;3;0.0
5;2025-11-06;4;0.0
5;2025-11-06;5;0.0
5;2025-11-06;6;0.0
5;2025-11-06;7;0.0
5;2025-11-06;8;0.0
5;2025-11-06;9;0.0
5;2025-11-06;10;0.0
5;2025-11-06;11;0.0
5;2025-11-06;12;0.0
5;2025-11-06;13;0.0
5;2025-11-06;14;0.0
5;2025-11-06;15;0.0
5;2025-11-06;16;0.0
5;2025-11-06;17;0.0
5;2025-11-06;18;0.0
5;2025-11-06;19;0.0
5;2025-11-06;20;0.0
5;2025-11-06;21;0.0
5;2025-11-06;22;0.0
5;2025-11-06;23;0.0
5;2025-11-07;0;0.0
5;2025-11-07;1;0.0
5;2025-11-07;2;0.0
5;2025-11-07;3;0.0
5;2025-11-07;4;0.0
5;2025-11-07;5;0.0
5;2025-11-07;6;0.0
5;2025-11-07;7;0.0
5;2025-11-07;8;0.0
5;2025-11-07;9;0.0
5;2025-11-07;10;0.0
5;2025-11-07;11;0.0
5;2025-11-07;12;0.0
5;2025-11-07;13;0.0
5;2025-11-07;14;0.0
5;2025-11-07;15;0.0
5;2025-11-07;16;0.0
5;2025-11-07;17;0.0
5;2025-11-07;18;0.0
5;2025-11-07;19;0.0
5;2025-11-07;20;0.0
5;2025-11-07;21;0.0
5;2025-11-07;22;0.0
5;2025-11-07;23;0.0
5;2025-11-08;0;0.0
5;2025-11-08;1;0.0
5;2025-11-08;2;0.0
5;2025-11-08;3;0.0
5;2025-11-08;4;0.0
5;2025-11-08;5;0.0
5;2025-11-08;6;0.0
5;2025-11-08;7;0.0
5;2025-11-08;8;0.0
5;2025-11-08;9;0.0
5;2025-11-08;10;0.0
5;2025-11-08;11;0.0
5;2025-11-08;12;0.0
5;2025-11-08;13;0.0
5;2025-11-08;14;0.0
5;2025-11-08;15;0.0
5;2025-11-08;16;0.0
5;2025-11-08;17;0.0
5;2025-11-08;18;0.0
5;2025-11-08;19;0.0
5;2025-11-08;20;0.0
5;2025-11-08;21;0.0
5;2025-11-08;22;0.0
5;2025-11-08;23;0.0
5;2025-11-09;0;0.0
5;2025-11-09;1;0.0
5;2025-11-09;2;0.0
5;2025-11-09;3;0.0
5;2025-11-09;4;0.0
5;2025-11-09;5;0.0
5;2025-11-09;6;0.0
5;2025-11-09;7;0.0
5;2025-11-09;8;0.0
5;2025-11-09;9;0.0
5;2025-11-09;10;0.0
5;2025-11-09;11;0.0
5;2025-11-09;12;0.0
5;2025-11-09;13;0.0
5;2025-11-09;14;0.0
5;2025-11-09;15;0.0
5;2025-11-09;16;0.0
5;2025-11-09;17;0.0
5;2025-11-09;18;0.0
5;2025-11-09;19;0.0
5;2025-11-09;20;0.0
5;2025-11-09;21;0.0
5;2025-11-09;22;0.0
5;2025-11-09;23;0.0
5;2025-11-10;0;0.0
5;2025-11-10;1;0.0
5;2025-11-10;2;0.0
5;2025-11-10;3;0.0
5;2025-11-10;4;0.0
5;2025-11-10;5;0.0
5;2025-11-10;6;0.0
5;2025-11-10;7;0.0
5;2025-11-10;8;0.0
5;2025-11-10;9;0.0
5;2025-11-10;10;0.0
5;2025-11-10;11;0.0
5;2025-11-10;12;0.0
5;2025-11-10;13;0.0
5;2025-11-10;14;0.0
5;2025-11-10;15;0.0
5;2025-11-10;16;0.0
5;2025-11-10;17;0.0
5;2025-11-10;18;0.0
5;2025-11-10;19;0.0
5;2025-11-10;20;0.0
5;2025-11-10;21;0.0
5;2025-11-10;22;0.0
5;2025-11-10;23;0.0
5;2025-11-11;0;0.0
5;2025-11-11;1;0.0
5;2025-11-11;2;0.0
5;2025-11-11;3;0.0
5;2025-11-11;4;0.0
5;2025-11-11;5;0.0
5;2025-11-11;6;0.0
5;2025-11-11;7;0.0
5;2025-11-11;8;0.0
5;2025-11-11;9;0.0
5;2025-11-11;10;0.0
5;2025-11-11;11;0.0
5;2025-11-11;12;0.0
5;2025-11-11;13;0.0
5;2025-11-11;14;0.0
5;2025-11-11;15;0.0
5;2025-11-11;16;0.0
5;2025-11-11;17;0.0
5;2025-11-11;18;0.0
5;2025-11-11;19;0.0
5;2025-11-11;20;0.0
5;2025-11-11;21;0.0
5;2025-11-11;22;0.0
5;2025-11-11;23;0.0
5;2025-11-12;0;0.0
5;2025-11-12;1;0.0
5;2025-11-12;2;0.0
5;2025-11-12;3;0.0
5;2025-11-12;4;0.0
5;2025-11-12;5;0.0
5;2025-11-12;6;0.0
5;2025-11-12;7;0.0
5;2025-11-12;8;0.0
5;2025-11-12;9;0.0
5;2025-11-12;10;0.0
5;2025-11-12;11;0.0
5;2025-11-12;12;0.0
5;2025-11-12;13;0.0
5;2025-11-12;14;0.0
5;2025-11-12;15;0.0
5;2025-11-12;16;0.0
5;2025-11-12;17;0.0
5;2025-11-12;18;0.0
5;2025-11-12;19;0.0
5;2025-11-12;20;0.0
5;2025-11-12;21;0.0
5;2025-11-12;22;0.0
5;2025-11-12;23;0.0
5;2025-11-13;0;0.0
5;2025-11-13;1;0.0
5;2025-11-13;2;0.0
5;2025-11-13;3;0.0
5;2025-11-13;4;0.0
5;2025-11-13;5;0.0
5;2025-11-13;6;0.0
5;2025-11-13;7;0.0
5;2025-11-13;8;0.0
5;2025-11-13;9;0.0
5;2025-11-13;10;0.0
5;2025-11-13;11;0.0
5;2025-11-13;12;0.0
5;2025-11-13;13;0.0
5;2025-11-13;14;0.0
5;2025-11-13;15;0.0
5;2025-11-13;16;0.0
5;2025-11-13;17;0.0
5;2025-11-13;18;0.0
5;2025-11-13;19;0.0
5;2025-11-13;20;0.0
5;2025-11-13;21;0.0
5;2025-11-13;22;0.0
5;2025-11-13;23;0.0
5;2025-11-14;0;0.0
5;2025-11-14;1;0.0
5;2025-11-14;2;0.0
5;2025-11-14;3;0.0
5;2025-11-14;4;0.0
5;2025-11-14;5;0.0
5;2025-11-14;6;0.0
5;2025-11-14;7;0.0
5;2025-11-14;8;0.0
5;2025-11-14;9;0.0
5;2025-11-14;10;0.0
5;2025-11-14;11;0.0
5;2025-11-14;12;0.0
5;2025-11-14;13;0.0
5;2025-11-14;14;0.0
5;2025-11-14;15;0.0
5;2025-11-14;16;0.0
5;2025-11-14;17;0.0
5;2025-11-14;18;0.0
5;2025-11-14;19;0.0
5;2025-11-14;20;0.0
5;2025-11-14;21;0.0
5;2025-11-14;22;0.0
5;2025-11-14;23;0.0
5;2025-11-15;0;0.0
5;2025-11-15;1;0.0
5;2025-11-15;2;0.0
5;2025-11-15;3;0.0
5;2025-11-15;4;0.0
5;2025-11-15;5;0.0
5;2025-11-15;6;0.0
5;2025-11-15;7;0.0
5;2025-11-15;8;0.0
5;2025-11-15;9;0.0
5;2025-11-15;10;0.0
5;2025-11-15;11;0.0
5;2025-11-15;12;0.0
5;2025-11-15;13;0.0
5;2025-11-15;14;0.0
5;2025-11-15;15;0.0
5;2025-11-15;16;0.0
5;2025-11-15;17;0.0
5;2025-11-15;18;0.0
5;2025-11-15;19;0.0
5;2025-11-15;20;0.0
5;2025-11-15;21;0.0
5;2025-11-15;22;0.0
5;2025-11-15;23;0.0
5;2025-11-16;0;0.0
5;2025-11-16;1;0.0
5;2025-11-16;2;0.0
5;2025-11-16;3;0.0
5;2025-11-16;4;0.0
5;2025-11-16;5;0.0
5;2025-11-16;6;0.0
5;2025-11-16;7;0.0
5;2025-11-16;8;0.0
5;2025-11-16;9;0.0
5;2025-11-16;10;0.0
5;2025-11-16;11;0.0
5;2025-11-16;12;0.0
5;2025-11-16;13;0.0
5;2025-11-16;14;0.0
5;2025-11-16;15;0.0
5;2025-11-16;16;0.0
5;2025-11-16;17;0.0
5;2025-11-16;18;0.0
5;2025-11-16;19;0.0
5;2025-11-16;20;0.0
5;2025-11-16;21;0.0
5;2025-11-16;22;0.0
5;2025-11-16;23;0.0
5;2025-11-17;0;0.0
5;2025-11-17;1;0.0
5;2025-11-17;2;0.0
5;2025-11-17;3;0.0
5;2025-11-17;4;0.0
5;2025-11-17;5;0.0
5;2025-11-17;6;0.0
5;2025-11-17;7;0.0
5;2025-11-17;8;0.0
5;2025-11-17;9;0.0
5;2025-11-17;10;0.0
5;2025-11-17;11;0.0
5;2025-11-17;12;0.0
5;2025-11-17;13;0.0
5;2025-11-17;14;0.0
5;2025-11-17;15;0.0
5;2025-11-17;16;0.0
5;2025-11-17;17;0.0
5;2025-11-17;18;0.0
5;2025-11-17;19;0.0
5;2025-11-17;20;0.0
5;2025-11-17;21;0.0
5;2025-11-17;22;0.0
5;2025-11-17;23;0.0
5;2025-11-18;0;0.0
5;2025-11-18;1;0.0
5;2025-11-18;2;0.0
5;2025-11-18;3;0.0
5;2025-11-18;4;0.0
5;2025-11-18;5;0.0
5;2025-11-18;6;0.0
5;2025-11-18;7;0.0
5;2025-11-18;8;0.0
5;2025-11-18;9;0.0
5;2025-11-18;10;0.0
5;2025-11-18;11;0.0
5;2025-11-18;12;0.0
5;2025-11-18;13;0.0
5;2025-11-18;14;0.0
5;2025-11-18;15;0.0
5;2025-11-18;16;0.0
5;2025-11-18;17;0.0
5;2025-11-18;18;0.0
5;2025-11-18;19;0.0
5;2025-11-18;20;0.0
5;2025-11-18;21;0.0
5;2025-11-18;22;0.0
5;2025-11-18;23;0.0
5;2025-11-19;0;0.0
5;2025-11-19;1;0.0
5;2025-11-19;2;0.0
5;2025-11-19;3;0.0
5;2025-11-19;4;0.0
5;2025-11-19;5;0.0
5;2025-11-19;6;0.0
5;2025-11-19;7;0.0
5;2025-11-19;8;0.0
5;2025-11-19;9;0.0
5;2025-11-19;10;0.0
5;2025-11-19;11;0.0
5;2025-11-19;12;0.0
5;2025-11-19;13;0.0
5;2025-11-19;14;0.0
5;2025-11-19;15;0.0
5;2025-11-19;16;0.0
5;2025-11-19;17;0.0
5;2025-11-19;18;0.0
5;2025-11-19;19;0.0
5;2025-11-19;20;0.0
5;2025-11-19;21;0.0
5;2025-11-19;22;0.0
5;2025-11-19;23;0.0
5;2025-11-20;0;0.0
5;2025-11-20;1;0.0
5;2025-11-20;2;0.0
5;2025-11-20;3;0.0
5;2025-11-20;4;0.0
5;2025-11-20;5;0.0
5;2025-11-20;6;0.0
5;2025-11-20;7;0.0
5;2025-11-20;8;0.0
5;2025-11-20;9;0.0
5;2025-11-20;10;0.0
5;2025-11-20;11;0.0
5;2025-11-20;12;0.0
5;2025-11-20;13;0.0
5;2025-11-20;14;0.0
5;2025-11-20;15;0.0
5;2025-11-20;16;0.0
5;2025-11-20;17;0.0
5;2025-11-20;18;0.0
5;2025-11-20;19;0.0
5;2025-11-20;20;0.0
5;2025-11-20;21;0.0
5;2025-11-20;22;0.0
5;2025-11-20;23;0.0
5;2025-11-21;0;0.0
5;2025-11-21;1;0.0
5;2025-11-21;2;0.0
5;2025-11-21;3;0.0
5;2025-11-21;4;0.0
5;2025-11-21;5;0.0
5;2025-11-21;6;0.0
5;2025-11-21;7;0.0
5;2025-11-21;8;0.0
5;2025-11-21;9;0.0
5;2025-11-21;10;0.0
5;2025-11-21;11;0.0
5;2025-11-21;12;0.0
5;2025-11-21;13;0.0
5;2025-11-21;14;0.0
5;2025-11-21;15;0.0
5;2025-11-21;16;0.0
5;2025-11-21;17;0.0
5;2025-11-21;18;0.0
5;2025-11-21;19;0.0
5;2025-11-21;20;0.0
5;2025-11-21;21;0.0
5;2025-11-21;22;0.0
5;2025-11-21;23;0.0
5;2025-11-22;0;0.0
5;2025-11-22;1;0.0
5;2025-11-22;2;0.0
5;2025-11-22;3;0.0
5;2025-11-22;4;0.0
5;2025-11-22;5;0.0
5;2025-11-22;6;0.0
5;2025-11-22;7;0.0
5;2025-11-22;8;0.0
5;2025-11-22;9;0.0
5;2025-11-22;10;0.0
5;2025-11-22;11;0.0
5;2025-11-22;12;0.0
5;2025-11-22;13;0.0
5;2025-11-22;14;0.0
5;2025-11-22;15;0.0
5;2025-11-22;16;0.0
5;2025-11-22;17;0.0
5;2025-11-22;18;0.0
5;2025-11-22;19;0.0
5;2025-11-22;20;0.0
5;2025-11-22;21;0.0
5;2025-11-22;22;0.0
5;2025-11-22;23;0.0
5;2025-11-23;0;0.0
5;2025-11-23;1;0.0
5;2025-11-23;2;0.0
5;2025-11-23;3;0.0
5;2025-11-23;4;0.0
5;2025-11-23;5;0.0
5;2025-11-23;6;0.0
5;2025-11-23;7;0.0
5;2025-11-23;8;0.0
5;2025-11-23;9;0.0
5;2025-11-23;10;0.0
5;2025-11-23;11;0.0
5;2025-11-23;12;0.0
5;2025-11-23;13;0.0
5;2025-11-23;14;0.0
5;2025-11-23;15;0.0
5;2025-11-23;16;0.0
5;2025-11-23;17;0.0
5;2025-11-23;18;0.0
5;2025-11-23;19;0.0
5;2025-11-23;20;0.0
5;2025-11-23;21;0.0
5;2025-11-23;22;0.0
5;2025-11-23;23;0.0
5;2025-11-24;0;0.0
5;2025-11-24;1;0.0
5;2025-11-24;2;0.0
5;2025-11-24;3;0.0
5;2025-11-24;4;0.0
5;2025-11-24;5;0.0
5;2025-11-24;6;0.0
5;2025-11-24;7;0.0
5;2025-11-24;8;0.0
5;2025-11-24;9;0.0
5;2025-11-24;10;0.0
5;2025-11-24;11;0.0
5;2025-11-24;12;0.0
5;2025-11-24;13;0.0
5;2025-11-24;14;0.0
5;2025-11-24;15;0.0
5;2025-11-24;16;0.0
5;2025-11-24;17;0.0
5;2025-11-24;18;0.0
5;2025-11-24;19;0.0
5;2025-11-24;20;0.0
5;2025-11-24;21;0.0
5;2025-11-24;22;0.0
5;2025-11-24;23;0.0
5;2025-11-25;0;0.0
5;2025-11-25;1;0.0
5;2025-11-25;2;0.0
5;2025-11-25;3;0.0
5;2025-11-25;4;0.0
5;2025-11-25;5;0.0
5;2025-11-25;6;0.0
5;2025-11-25;7;0.0
5;2025-11-25;8;0.0
5;2025-11-25;9;0.0
5;2025-11-25;10;0.0
5;2025-11-25;11;0.0
5;2025-11-25;12;0.0
5;2025-11-25;13;0.0
5;2025-11-25;14;0.0
5;2025-11-25;15;0.0
5;2025-11-25;16;0.0
5;2025-11-25;17;0.0
5;2025-11-25;18;0.0
5;2025-11-25;19;0.0
5;2025-11-25;20;0.0
5;2025-11-25;21;0.0
5;2025-11-25;22;0.0
5;2025-11-25;23;0.0
5;2025-11-26;0;0.0
5;2025-11-26;1;0.0
5;2025-11-26;2;0.0
5;2025-11-26;3;0.0
5;2025-11-26;4;0.0
5;2025-11-26;5;0.0
5;2025-11-26;6;0.0
5;2025-11-26;7;0.0
5;2025-11-26;8;0.0
5;2025-11-26;9;0.0
5;2025-11-26;10;0.0
5;2025-11-26;11;0.0
5;2025-11-26;12;0.0
5;2025-11-26;13;0.0
5;2025-11-26;14;0.0
5;2025-11-26;15;0.0
5;2025-11-26;16;0.0
5;2025-11-26;17;0.0
5;2025-11-26;18;0.0
5;2025-11-26;19;0.0
5;2025-11-26;20;0.0
5;2025-11-26;21;0.0
5;2025-11-26;22;0.0
5;2025-11-26;23;0.0
5;2025-11-27;0;0.0
5;2025-11-27;1;0.0
5;2025-11-27;2;0.0
5;2025-11-27;3;0.0
5;2025-11-27;4;0.0
5;2025-11-27;5;0.0
5;2025-11-27;6;0.0
5;2025-11-27;7;0.0
5;2025-11-27;8;0.0
5;2025-11-27;9;0.0
5;2025-11-27;10;0.0
5;2025-11-27;11;0.0
5;2025-11-27;12;0.0
5;2025-11-27;13;0.0
5;2025-11-27;14;0.0
5;2025-11-27;15;0.0
5;2025-11-27;16;0.0
5;2025-11-27;17;0.0
5;2025-11-27;18;0.0
5;2025-11-27;19;0.0
5;2025-11-27;20;0.0
5;2025-11-27;21;0.0
5;2025-11-27;22;0.0
5;2025-11-27;23;0.0
5;2025-11-28;0;0.0
5;2025-11-28;1;0.0
5;2025-11-28;2;0.0
5;2025-11-28;3;0.0
5;2025-11-28;4;0.0
5;2025-11-28;5;0.0
5;2025-11-28;6;0.0
5;2025-11-28;7;0.0
5;2025-11-28;8;0.0
5;2025-11-28;9;0.0
5;2025-11-28;10;0.0
5;2025-11-28;11;0.0
5;2025-11-28;12;0.0
5;2025-11-28;13;0.0
5;2025-11-28;14;0.0
5;2025-11-28;15;0.0
5;2025-11-28;16;0.0
5;2025-11-28;17;0.0
5;2025-11-28;18;0.0
5;2025-11-28;19;0.0
5;2025-11-28;20;0.0
5;2025-11-28;21;0.0
5;2025-11-28;22;0.0
5;2025-11-28;23;0.0
5;2025-11-29;0;0.0
5;2025-11-29;1;0.0
5;2025-11-29;2;0.0
5;2025-11-29;3;0.0
5;2025-11-29;4;0.0
5;2025-11-29;5;0.0
5;2025-11-29;6;0.0
5;2025-11-29;7;0.0
5;2025-11-29;8;0.0
5;2025-11-29;9;0.0
5;2025-11-29;10;0.0
5;2025-11-29;11;0.0
5;2025-11-29;12;0.0
5;2025-11-29;13;0.0
5;2025-11-29;14;0.0
5;2025-11-29;15;0.0
5;2025-11-29;16;0.0
5;2025-11-29;17;0.0
5;2025-11-29;18;0.0
5;2025-11-29;19;0.0
5;2025-11-29;20;0.0
5;2025-11-29;21;0.0
5;2025-11-29;22;0.0
5;2025-11-29;23;0.0
5;2025-11-30;0;0.0
5;2025-11-30;1;0.0
5;2025-11-30;2;0.0
5;2025-11-30;3;0.0
5;2025-11-30;4;0.0
5;2025-11-30;5;0.0
5;2025-11-30;6;0.0
5;2025-11-30;7;0.0
5;2025-11-30;8;0.0
5;2025-11-30;9;0.0
5;2025-11-30;10;0.0
5;2025-11-30;11;0.0
5;2025-11-30;12;0.0
5;2025-11-30;13;0.0
5;2025-11-30;14;0.0
5;2025-11-30;15;0.0
5;2025-11-30;16;0.0
5;2025-11-30;17;0.0
5;2025-11-30;18;0.0
5;2025-11-30;19;0.0
5;2025-11-30;20;0.0
5;2025-11-30;21;0.0
5;2025-11-30;22;0.0
5;2025-11-30;23;0.0
5;2025-12-01;0;0.0
5;2025-12-01;1;0.0
5;2025-12-01;2;0.0
5;2025-12-01;3;0.0
5;2025-12-01;4;0.0
5;2025-12-01;5;0.0
5;2025-12-01;6;0.0
5;2025-12-01;7;0.0
5;2025-12-01;8;0.0
5;2025-12-01;9;0.0
5;2025-12-01;10;0.0
5;2025-12-01;11;0.0
5;2025-12-01;12;0.0
5;2025-12-01;13;0.0
5;2025-12-01;14;0.0
5;2025-12-01;15;0.0
5;2025-12-01;16;0.0
5;2025-12-01;17;0.0
5;2025-12-01;18;0.0
5;2025-12-01;19;0.0
5;2025-12-01;20;0.0
5;2025-12-01;21;0.0
5;2025-12-01;22;0.0
5;2025-12-01;23;0.0
5;2025-12-02;0;0.0
5;2025-12-02;1;0.0
5;2025-12-02;2;0.0
5;2025-12-02;3;0.0
5;2025-12-02;4;0.0
5;2025-12-02;5;0.0
5;2025-12-02;6;0.0
5;2025-12-02;7;0.0
5;2025-12-02;8;0.0
5;2025-12-02;9;0.0
5;2025-12-02;10;0.0
5;2025-12-02;11;0.0
5;2025-12-02;12;0.0
5;2025-12-02;13;0.0
5;2025-12-02;14;0.0
5;2025-12-02;15;0.0
5;2025-12-02;16;0.0
5;2025-12-02;17;0.0
5;2025-12-02;18;0.0
5;2025-12-02;19;0.0
5;2025-12-02;20;0.0
5;2025-12-02;21;0.0
5;2025-12-02;22;0.0
5;2025-12-02;23;0.0
5;2025-12-03;0;0.0
5;2025-12-03;1;0.0
5;2025-12-03;2;0.0
5;2025-12-03;3;0.0
5;2025-12-03;4;0.0
5;2025-12-03;5;0.0
5;2025-12-03;6;0.0
5;2025-12-03;7;0.0
5;2025-12-03;8;0.0
5;2025-12-03;9;0.0
5;2025-12-03;10;0.0
5;2025-12-03;11;0.0
5;2025-12-03;12;0.0
5;2025-12-03;13;0.0
5;2025-12-03;14;0.0
5;2025-12-03;15;0.0
5;2025-12-03;16;0.0
5;2025-12-03;17;0.0
5;2025-12-03;18;0.0
5;2025-12-03;19;0.0
5;2025-12-03;20;0.0
5;2025-12-03;21;0.0
5;2025-12-03;22;0.0
5;2025-12-03;23;0.0
5;2025-12-04;0;0.0
5;2025-12-04;1;0.0
5;2025-12-04;2;0.0
5;2025-12-04;3;0.0
5;2025-12-04;4;0.0
5;2025-12-04;5;0.0
5;2025-12-04;6;0.0
5;2025-12-04;7;0.0
5;2025-12-04;8;0.0
5;2025-12-04;9;0.0
5;2025-12-04;10;0.0
5;2025-12-04;11;0.0
5;2025-12-04;12;0.0
5;2025-12-04;13;0.0
5;2025-12-04;14;0.0
5;2025-12-04;15;0.0
5;2025-12-04;16;0.0
5;2025-12-04;17;0.0
5;2025-12-04;18;0.0
5;2025-12-04;19;0.0
5;2025-12-04;20;0.0
5;2025-12-04;21;0.0
5;2025-12-04;22;0.0
5;2025-12-04;23;0.0
5;2025-12-05;0;0.0
5;2025-12-05;1;0.0
5;2025-12-05;2;0.0
5;2025-12-05;3;0.0
5;2025-12-05;4;0.0
5;2025-12-05;5;0.0
5;2025-12-05;6;0.0
5;2025-12-05;7;0.0
5;2025-12-05;8;0.0
5;2025-12-05;9;0.0
5;2025-12-05;10;0.0
5;2025-12-05;11;0.0
5;2025-12-05;12;0.0
5;2025-12-05;13;0.0
5;2025-12-05;14;0.0
5;2025-12-05;15;0.0
5;2025-12-05;16;0.0
5;2025-12-05;17;0.0
5;2025-12-05;18;0.0
5;2025-12-05;19;0.0
5;2025-12-05;20;0.0
5;2025-12-05;21;0.0
5;2025-12-05;22;0.0
5;2025-12-05;23;0.0
5;2025-12-06;0;0.0
5;2025-12-06;1;0.0
5;2025-12-06;2;0.0
5;2025-12-06;3;0.0
5;2025-12-06;4;0.0
5;2025-12-06;5;0.0
5;2025-12-06;6;0.0
5;2025-12-06;7;0.0
5;2025-12-06;8;0.0
5;2025-12-06;9;0.0
5;2025-12-06;10;0.0
5;2025-12-06;11;0.0
5;2025-12-06;12;0.0
5;2025-12-06;13;0.0
5;2025-12-06;14;0.0
5;2025-12-06;15;0.0
5;2025-12-06;16;0.0
5;2025-12-06;17;0.0
5;2025-12-06;18;0.0
5;2025-12-06;19;0.0
5;2025-12-06;20;0.0
5;2025-12-06;21;0.0
5;2025-12-06;22;0.0
5;2025-12-06;23;0.0
5;2025-12-07;0;0.0
5;2025-12-07;1;0.0
5;2025-12-07;2;0.0
5;2025-12-07;3;0.0
5;2025-12-07;4;0.0
5;2025-12-07;5;0.0
5;2025-12-07;6;0.0
5;2025-12-07;7;0.0
5;2025-12-07;8;0.0
5;2025-12-07;9;0.0
5;2025-12-07;10;0.0
5;2025-12-07;11;0.0
5;2025-12-07;12;0.0
5;2025-12-07;13;0.0
5;2025-12-07;14;0.0
5;2025-12-07;15;0.0
5;2025-12-07;16;0.0
5;2025-12-07;17;0.0
5;2025-12-07;18;0.0
5;2025-12-07;19;0.0
5;2025-12-07;20;0.0
5;2025-12-07;21;0.0
5;2025-12-07;22;0.0
5;2025-12-07;23;0.0
5;2025-12-08;0;0.0
5;2025-12-08;1;0.0
5;2025-12-08;2;0.0
5;2025-12-08;3;0.0
5;2025-12-08;4;0.0
5;2025-12-08;5;0.0
5;2025-12-08;6;0.0
5;2025-12-08;7;0.0
5;2025-12-08;8;0.0
5;2025-12-08;9;0.0
5;2025-12-08;10;0.0
5;2025-12-08;11;0.0
5;2025-12-08;12;0.0
5;2025-12-08;13;0.0
5;2025-12-08;14;0.0
5;2025-12-08;15;0.0
5;2025-12-08;16;0.0
5;2025-12-08;17;0.0
5;2025-12-08;18;0.0
5;2025-12-08;19;0.0
5;2025-12-08;20;0.0
5;2025-12-08;21;0.0
5;2025-12-08;22;0.0
5;2025-12-08;23;0.0
5;2025-12-09;0;0.0
5;2025-12-09;1;0.0
5;2025-12-09;2;0.0
5;2025-12-09;3;0.0
5;2025-12-09;4;0.0
5;2025-12-09;5;0.0
5;2025-12-09;6;0.0
5;2025-12-09;7;0.0
5;2025-12-09;8;0.0
5;2025-12-09;9;0.0
5;2025-12-09;10;0.0
5;2025-12-09;11;0.0
5;2025-12-09;12;0.0
5;2025-12-09;13;0.0
5;2025-12-09;14;0.0
5;2025-12-09;15;0.0
5;2025-12-09;16;0.0
5;2025-12-09;17;0.0
5;2025-12-09;18;0.0
5;2025-12-09;19;0.0
5;2025-12-09;20;0.0
5;2025-12-09;21;0.0
5;2025-12-09;22;0.0
5;2025-12-09;23;0.0
5;2025-12-10;0;0.0
5;2025-12-10;1;0.0
5;2025-12-10;2;0.0
5;2025-12-10;3;0.0
5;2025-12-10;4;0.0
5;2025-12-10;5;0.0
5;2025-12-10;6;0.0
5;2025-12-10;7;0.0
5;2025-12-10;8;0.0
5;2025-12-10;9;0.0
5;2025-12-10;10;0.0
5;2025-12-10;11;0.0
5;2025-12-10;12;0.0
5;2025-12-10;13;0.0
5;2025-12-10;14;0.0
5;2025-12-10;15;0.0
5;2025-12-10;16;0.0
5;2025-12-10;17;0.0
5;2025-12-10;18;0.0
5;2025-12-10;19;0.0
5;2025-12-10;20;0.0
5;2025-12-10;21;0.0
5;2025-12-10;22;0.0
5;2025-12-10;23;0.0
5;2025-12-11;0;0.0
5;2025-12-11;1;0.0
5;2025-12-11;2;0.0
5;2025-12-11;3;0.0
5;2025-12-11;4;0.0
5;2025-12-11;5;0.0
5;2025-12-11;6;0.0
5;2025-12-11;7;0.0
5;2025-12-11;8;0.0
5;2025-12-11;9;0.0
5;2025-12-11;10;0.0
5;2025-12-11;11;0.0
5;2025-12-11;12;0.0
5;2025-12-11;13;0.0
5;2025-12-11;14;0.0
5;2025-12-11;15;0.0
5;2025-12-11;16;0.0
5;2025-12-11;17;0.0
5;2025-12-11;18;0.0
5;2025-12-11;19;0.0
5;2025-12-11;20;0.0
5;2025-12-11;21;0.0
5;2025-12-11;22;0.0
5;2025-12-11;23;0.0
5;2025-12-12;0;0.0
5;2025-12-12;1;0.0
5;2025-12-12;2;0.0
5;2025-12-12;3;0.0
5;2025-12-12;4;0.0
5;2025-12-12;5;0.0
5;2025-12-12;6;0.0
5;2025-12-12;7;0.0
5;2025-12-12;8;0.0
5;2025-12-12;9;0.0
5;2025-12-12;10;0.0
5;2025-12-12;11;0.0
5;2025-12-12;12;0.0
5;2025-12-12;13;0.0
5;2025-12-12;14;0.0
5;2025-12-12;15;0.0
5;2025-12-12;16;0.0
5;2025-12-12;17;0.0
5;2025-12-12;18;0.0
5;2025-12-12;19;0.0
5;2025-12-12;20;0.0
5;2025-12-12;21;0.0
5;2025-12-12;22;0.0
5;2025-12-12;23;0.0
5;2025-12-13;0;0.0
5;2025-12-13;1;0.0
5;2025-12-13;2;0.0
5;2025-12-13;3;0.0
5;2025-12-13;4;0.0
5;2025-12-13;5;0.0
5;2025-12-13;6;0.0
5;2025-12-13;7;0.0
5;2025-12-13;8;0.0
5;2025-12-13;9;0.0
5;2025-12-13;10;0.0
5;2025-12-13;11;0.0
5;2025-12-13;12;0.0
5;2025-12-13;13;0.0
5;2025-12-13;14;0.0
5;2025-12-13;15;0.0
5;2025-12-13;16;0.0
5;2025-12-13;17;0.0
5;2025-12-13;18;0.0
5;2025-12-13;19;0.0
5;2025-12-13;20;0.0
5;2025-12-13;21;0.0
5;2025-12-13;22;0.0
5;2025-12-13;23;0.0
5;2025-12-14;0;0.0
5;2025-12-14;1;0.0
5;2025-12-14;2;0.0
5;2025-12-14;3;0.0
5;2025-12-14;4;0.0
5;2025-12-14;5;0.0
5;2025-12-14;6;0.0
5;2025-12-14;7;0.0
5;2025-12-14;8;0.0
5;2025-12-14;9;0.0
5;2025-12-14;10;0.0
5;2025-12-14;11;0.0
5;2025-12-14;12;0.0
5;2025-12-14;13;0.0
5;2025-12-14;14;0.0
5;2025-12-14;15;0.0
5;2025-12-14;16;0.0
5;2025-12-14;17;0.0
5;2025-12-14;18;0.0
5;2025-12-14;19;0.0
5;2025-12-14;20;0.0
5;2025-12-14;21;0.0
5;2025-12-14;22;0.0
5;2025-12-14;23;0.0
5;2025-12-15;0;0.0
5;2025-12-15;1;0.0
5;2025-12-15;2;0.0
5;2025-12-15;3;0.0
5;2025-12-15;4;0.0
5;2025-12-15;5;0.0
5;2025-12-15;6;0.0
5;2025-12-15;7;0.0
5;2025-12-15;8;0.0
5;2025-12-15;9;0.0
5;2025-12-15;10;0.0
5;2025-12-15;11;0.0
5;2025-12-15;12;0.0
5;2025-12-15;13;0.0
5;2025-12-15;14;0.0
5;2025-12-15;15;0.0
5;2025-12-15;16;0.0
5;2025-12-15;17;0.0
5;2025-12-15;18;0.0
5;2025-12-15;19;0.0
5;2025-12-15;20;0.0
5;2025-12-15;21;0.0
5;2025-12-15;22;0.0
5;2025-12-15;23;0.0
5;2025-12-16;0;0.0
5;2025-12-16;1;0.0
5;2025-12-16;2;0.0
5;2025-12-16;3;0.0
5;2025-12-16;4;0.0
5;2025-12-16;5;0.0
5;2025-12-16;6;0.0
5;2025-12-16;7;0.0
5;2025-12-16;8;0.0
5;2025-12-16;9;0.0
5;2025-12-16;10;0.0
5;2025-12-16;11;0.0
5;2025-12-16;12;0.0
5;2025-12-16;13;0.0
5;2025-12-16;14;0.0
5;2025-12-16;15;0.0
5;2025-12-16;16;0.0
5;2025-12-16;17;0.0
5;2025-12-16;18;0.0
5;2025-12-16;19;0.0
5;2025-12-16;20;0.0
5;2025-12-16;21;0.0
5;2025-12-16;22;0.0
5;2025-12-16;23;0.0
5;2025-12-17;0;0.0
5;2025-12-17;1;0.0
5;2025-12-17;2;0.0
5;2025-12-17;3;0.0
5;2025-12-17;4;0.0
5;2025-12-17;5;0.0
5;2025-12-17;6;0.0
5;2025-12-17;7;0.0
5;2025-12-17;8;0.0
5;2025-12-17;9;0.0
5;2025-12-17;10;0.0
5;2025-12-17;11;0.0
5;2025-12-17;12;0.0
5;2025-12-17;13;0.0
5;2025-12-17;14;0.0
5;2025-12-17;15;0.0
5;2025-12-17;16;0.0
5;2025-12-17;17;0.0
5;2025-12-17;18;0.0
5;2025-12-17;19;0.0
5;2025-12-17;20;0.0
5;2025-12-17;21;0.0
5;2025-12-17;22;0.0
5;2025-12-17;23;0.0
5;2025-12-18;0;0.0
5;2025-12-18;1;0.0
5;2025-12-18;2;0.0
5;2025-12-18;3;0.0
5;2025-12-18;4;0.0
5;2025-12-18;5;0.0
5;2025-12-18;6;0.0
5;2025-12-18;7;0.0
5;2025-12-18;8;0.0
5;2025-12-18;9;0.0
5;2025-12-18;10;0.0
5;2025-12-18;11;0.0
5;2025-12-18;12;0.0
5;2025-12-18;13;0.0
5;2025-12-18;14;0.0
5;2025-12-18;15;0.0
5;2025-12-18;16;0.0
5;2025-12-18;17;0.0
5;2025-12-18;18;0.0
5;2025-12-18;19;0.0
5;2025-12-18;20;0.0
5;2025-12-18;21;0.0
5;2025-12-18;22;0.0
5;2025-12-18;23;0.0
5;2025-12-19;0;0.0
5;2025-12-19;1;0.0
5;2025-12-19;2;0.0
5;2025-12-19;3;0.0
5;2025-12-19;4;0.0
5;2025-12-19;5;0.0
5;2025-12-19;6;0.0
5;2025-12-19;7;0.0
5;2025-12-19;8;0.0
5;2025-12-19;9;0.0
5;2025-12-19;10;0.0
5;2025-12-19;11;0.0
5;2025-12-19;12;0.0
5;2025-12-19;13;0.0
5;2025-12-19;14;0.0
5;2025-12-19;15;0.0
5;2025-12-19;16;0.0
5;2025-12-19;17;0.0
5;2025-12-19;18;0.0
5;2025-12-19;19;0.0
5;2025-12-19;20;0.0
5;2025-12-19;21;0.0
5;2025-12-19;22;0.0
5;2025-12-19;23;0.0
5;2025-12-20;0;0.0
5;2025-12-20;1;0.0
5;2025-12-20;2;0.0
5;2025-12-20;3;0.0
5;2025-12-20;4;0.0
5;2025-12-20;5;0.0
5;2025-12-20;6;0.0
5;2025-12-20;7;0.0
5;2025-12-20;8;0.0
5;2025-12-20;9;0.0
5;2025-12-20;10;0.0
5;2025-12-20;11;0.0
5;2025-12-20;12;0.0
5;2025-12-20;13;0.0
5;2025-12-20;14;0.0
5;2025-12-20;15;0.0
5;2025-12-20;16;0.0
5;2025-12-20;17;0.0
5;2025-12-20;18;0.0
5;2025-12-20;19;0.0
5;2025-12-20;20;0.0
5;2025-12-20;21;0.0
5;2025-12-20;22;0.0
5;2025-12-20;23;0.0
5;2025-12-21;0;0.0
5;2025-12-21;1;0.0
5;2025-12-21;2;0.0
5;2025-12-21;3;0.0
5;2025-12-21;4;0.0
5;2025-12-21;5;0.0
5;2025-12-21;6;0.0
5;2025-12-21;7;0.0
5;2025-12-21;8;0.0
5;2025-12-21;9;0.0
5;2025-12-21;10;0.0
5;2025-12-21;11;0.0
5;2025-12-21;12;0.0
5;2025-12-21;13;0.0
5;2025-12-21;14;0.0
5;2025-12-21;15;0.0
5;2025-12-21;16;0.0
5;2025-12-21;17;0.0
5;2025-12-21;18;0.0
5;2025-12-21;19;0.0
5;2025-12-21;20;0.0
5;2025-12-21;21;0.0
5;2025-12-21;22;0.0
5;2025-12-21;23;0.0
5;2025-12-22;0;0.0
5;2025-12-22;1;0.0
5;2025-12-22;2;0.0
5;2025-12-22;3;0.0
5;2025-12-22;4;0.0
5;2025-12-22;5;0.0
5;2025-12-22;6;0.0
5;2025-12-22;7;0.0
5;2025-12-22;8;0.0
5;2025-12-22;9;0.0
5;2025-12-22;10;0.0
5;2025-12-22;11;0.0
5;2025-12-22;12;0.0
5;2025-12-22;13;0.0
5;2025-12-22;14;0.0
5;2025-12-22;15;0.0
5;2025-12-22;16;0.0
5;2025-12-22;17;0.0
5;2025-12-22;18;0.0
5;2025-12-22;19;0.0
5;2025-12-22;20;0.0
5;2025-12-22;21;0.0
5;2025-12-22;22;0.0
5;2025-12-22;23;0.0
5;2025-12-23;0;0.0
5;2025-12-23;1;0.0
5;2025-12-23;2;0.0
5;2025-12-23;3;0.0
5;2025-12-23;4;0.0
5;2025-12-23;5;0.0
5;2025-12-23;6;0.0
5;2025-12-23;7;0.0
5;2025-12-23;8;0.0
5;2025-12-23;9;0.0
5;2025-12-23;10;0.0
5;2025-12-23;11;0.0
5;2025-12-23;12;0.0
5;2025-12-23;13;0.0
5;2025-12-23;14;0.0
5;2025-12-23;15;0.0
5;2025-12-23;16;0.0
5;2025-12-23;17;0.0
5;2025-12-23;18;0.0
5;2025-12-23;19;0.0
5;2025-12-23;20;0.0
5;2025-12-23;21;0.0
5;2025-12-23;22;0.0
5;2025-12-23;23;0.0
5;2025-12-24;0;0.0
5;2025-12-24;1;0.0
5;2025-12-24;2;0.0
5;2025-12-24;3;0.0
5;2025-12-24;4;0.0
5;2025-12-24;5;0.0
5;2025-12-24;6;0.0
5;2025-12-24;7;0.0
5;2025-12-24;8;0.0
5;2025-12-24;9;0.0
5;2025-12-24;10;0.0
5;2025-12-24;11;0.0
5;2025-12-24;12;0.0
5;2025-12-24;13;0.0
5;2025-12-24;14;0.0
5;2025-12-24;15;0.0
5;2025-12-24;16;0.0
5;2025-12-24;17;0.0
5;2025-12-24;18;0.0
5;2025-12-24;19;0.0
5;2025-12-24;20;0.0
5;2025-12-24;21;0.0
5;2025-12-24;22;0.0
5;2025-12-24;23;0.0
5;2025-12-25;0;0.0
5;2025-12-25;1;0.0
5;2025-12-25;2;0.0
5;2025-12-25;3;0.0
5;2025-12-25;4;0.0
5;2025-12-25;5;0.0
5;2025-12-25;6;0.0
5;2025-12-25;7;0.0
5;2025-12-25;8;0.0
5;2025-12-25;9;0.0
5;2025-12-25;10;0.0
5;2025-12-25;11;0.0
5;2025-12-25;12;0.0
5;2025-12-25;13;0.0
5;2025-12-25;14;0.0
5;2025-12-25;15;0.0
5;2025-12-25;16;0.0
5;2025-12-25;17;0.0
5;2025-12-25;18;0.0
5;2025-12-25;19;0.0
5;2025-12-25;20;0.0
5;2025-12-25;21;0.0
5;2025-12-25;22;0.0
5;2025-12-25;23;0.0
5;2025-12-26;0;0.0
5;2025-12-26;1;0.0
5;2025-12-26;2;0.0
5;2025-12-26;3;0.0
5;2025-12-26;4;0.0
5;2025-12-26;5;0.0
5;2025-12-26;6;0.0
5;2025-12-26;7;0.0
5;2025-12-26;8;0.0
5;2025-12-26;9;0.0
5;2025-12-26;10;0.0
5;2025-12-26;11;0.0
5;2025-12-26;12;0.0
5;2025-12-26;13;0.0
5;2025-12-26;14;0.0
5;2025-12-26;15;0.0
5;2025-12-26;16;0.0
5;2025-12-26;17;0.0
5;2025-12-26;18;0.0
5;2025-12-26;19;0.0
5;2025-12-26;20;0.0
5;2025-12-26;21;0.0
5;2025-12-26;22;0.0
5;2025-12-26;23;0.0
5;2025-12-27;0;0.0
5;2025-12-27;1;0.0
5;2025-12-27;2;0.0
5;2025-12-27;3;0.0
5;2025-12-27;4;0.0
5;2025-12-27;5;0.0
5;2025-12-27;6;0.0
5;2025-12-27;7;0.0
5;2025-12-27;8;0.0
5;2025-12-27;9;0.0
5;2025-12-27;10;0.0
5;2025-12-27;11;0.0
5;2025-12-27;12;0.0
5;2025-12-27;13;0.0
5;2025-12-27;14;0.0
5;2025-12-27;15;0.0
5;2025-12-27;16;0.0
5;2025-12-27;17;0.0
5;2025-12-27;18;0.0
5;2025-12-27;19;0.0
5;2025-12-27;20;0.0
5;2025-12-27;21;0.0
5;2025-12-27;22;0.0
5;2025-12-27;23;0.0
5;2025-12-28;0;0.0
5;2025-12-28;1;0.0
5;2025-12-28;2;0.0
5;2025-12-28;3;0.0
5;2025-12-28;4;0.0
5;2025-12-28;5;0.0
5;2025-12-28;6;0.0
5;2025-12-28;7;0.0
5;2025-12-28;8;0.0
5;2025-12-28;9;0.0
5;2025-12-28;10;0.0
5;2025-12-28;11;0.0
5;2025-12-28;12;0.0
5;2025-12-28;13;0.0
5;2025-12-28;14;0.0
5;2025-12-28;15;0.0
5;2025-12-28;16;0.0
5;2025-12-28;17;0.0
5;2025-12-28;18;0.0
5;2025-12-28;19;0.0
5;2025-12-28;20;0.0
5;2025-12-28;21;0.0
5;2025-12-28;22;0.0
5;2025-12-28;23;0.0
5;2025-12-29;0;0.0
5;2025-12-29;1;0.0
5;2025-12-29;2;0.0
5;2025-12-29;3;0.0
5;2025-12-29;4;0.0
5;2025-12-29;5;0.0
5;2025-12-29;6;0.0
5;2025-12-29;7;0.0
5;2025-12-29;8;0.0
5;2025-12-29;9;0.0
5;2025-12-29;10;0.0
5;2025-12-29;11;0.0
5;2025-12-29;12;0.0
5;2025-12-29;13;0.0
5;2025-12-29;14;0.0
5;2025-12-29;15;0.0
5;2025-12-29;16;0.0
5;2025-12-29;17;0.0
5;2025-12-29;18;0.0
5;2025-12-29;19;0.0
5;2025-12-29;20;0.0
5;2025-12-29;21;0.0
5;2025-12-29;22;0.0
5;2025-12-29;23;0.0
5;2025-12-30;0;0.0
5;2025-12-30;1;0.0
5;2025-12-30;2;0.0
5;2025-12-30;3;0.0
5;2025-12-30;4;0.0
5;2025-12-30;5;0.0
5;2025-12-30;6;0.0
5;2025-12-30;7;0.0
5;2025-12-30;8;0.0
5;2025-12-30;9;0.0
5;2025-12-30;10;0.0
5;2025-12-30;11;0.0
5;2025-12-30;12;0.0
5;2025-12-30;13;0.0
5;2025-12-30;14;0.0
5;2025-12-30;15;0.0
5;2025-12-30;16;0.0
5;2025-12-30;17;0.0
5;2025-12-30;18;0.0
5;2025-12-30;19;0.0
5;2025-12-30;20;0.0
5;2025-12-30;21;0.0
5;2025-12-30;22;0.0
5;2025-12-30;23;0.0
5;2025-12-31;0;0.0
5;2025-12-31;1;0.0
5;2025-12-31;2;0.0
5;2025-12-31;3;0.0
5;2025-12-31;4;0.0
5;2025-12-31;5;0.0
5;2025-12-31;6;0.0
5;2025-12-31;7;0.0
5;2025-12-31;8;0.0
5;2025-12-31;9;0.0
5;2025-12-31;10;0.0
5;2025-12-31;11;0.0
5;2025-12-31;12;0.0
5;2025-12-31;13;0.0
5;2025-12-31;14;0.0
5;2025-12-31;15;0.0
5;2025-12-31;16;0.0
5;2025-12-31;17;0.0
5;2025-12-31;18;0.0
5;2025-12-31;19;0.0
5;2025-12-31;20;0.0
5;2025-12-31;21;0.0
5;2025-12-31;22;0.0
5;2025-12-31;23;0.0
7;2025-11-01;0;64.858
7;2025-11-01;1;12.747
7;2025-11-01;2;0.0
7;2025-11-01;3;0.0
7;2025-11-01;4;1.017
7;2025-11-01;5;178.469
7;2025-11-01;6;675.594
7;2025-11-01;7;1572.006
7;2025-11-01;8;2309.758
7;2025-11-01;9;1777.6
7;2025-11-01;10;1538.354
7;2025-11-01;11;1522.007
7;2025-11-01;12;1613.346
7;2025-11-01;13;1708.256
7;2025-11-01;14;1769.839
7;2025-11-01;15;1892.838
7;2025-11-01;16;2139.657
7;2025-11-01;17;2281.213
7;2025-11-01;18;2134.843
7;2025-11-01;19;1484.662
7;2025-11-01;20;1030.876
7;2025-11-01;21;625.957
7;2025-11-01;22;362.592
7;2025-11-01;23;231.457
7;2025-11-02;0;63.8
7;2025-11-02;1;15.113
7;2025-11-02;2;0.0
7;2025-11-02;3;0.0
7;2025-11-02;4;0.0
7;2025-11-02;5;20.922
7;2025-11-02;6;130.152
7;2025-11-02;7;181.493
7;2025-11-02;8;319.329
7;2025-11-02;9;411.885
7;2025-11-02;10;456.257
7;2025-11-02;11;591.215
7;2025-11-02;12;668.484
7;2025-11-02;13;677.196
7;2025-11-02;14;737.892
7;2025-11-02;15;702.648
7;2025-11-02;16;657.313
7;2025-11-02;17;652.015
7;2025-11-02;18;603.872
7;2025-11-02;19;492.519
7;2025-11-02;20;398.02
7;2025-11-02;21;316.51
7;2025-11-02;22;171.581
7;2025-11-02;23;97.48
7;2025-11-03;0;119.613
7;2025-11-03;1;27.939
7;2025-11-03;2;0.0
7;2025-11-03;3;0.0
7;2025-11-03;4;0.051
7;2025-11-03;5;39.819
7;2025-11-03;6;236.105
7;2025-11-03;7;329.178
7;2025-11-03;8;587.617
7;2025-11-03;9;752.739
7;2025-11-03;10;811.72
7;2025-11-03;11;1042.883
7;2025-11-03;12;1175.026
7;2025-11-03;13;1186.624
7;2025-11-03;14;1292.316
7;2025-11-03;15;1240.373
7;2025-11-03;16;1156.214
7;2025-11-03;17;1152.123
7;2025-11-03;18;1090.342
7;2025-11-03;19;886.38
7;2025-11-03;20;716.893
7;2025-11-03;21;568.301
7;2025-11-03;22;301.178
7;2025-11-03;23;173.945
7;2025-11-04;0;119.617
7;2025-11-04;1;27.939
7;2025-11-04;2;0.0
7;2025-11-04;3;0.0
7;2025-11-04;4;0.051
7;2025-11-04;5;39.807
7;2025-11-04;6;236.077
7;2025-11-04;7;329.237
7;2025-11-04;8;587.707
7;2025-11-04;9;752.765
7;2025-11-04;10;811.705
7;2025-11-04;11;1042.845
7;2025-11-04;12;1175.093
7;2025-11-04;13;1186.696
7;2025-11-04;14;1292.472
7;2025-11-04;15;1240.621
7;2025-11-04;16;1156.455
7;2025-11-04;17;1152.33
7;2025-11-04;18;1090.506
7;2025-11-04;19;886.244
7;2025-11-04;20;716.555
7;2025-11-04;21;568.004
7;2025-11-04;22;300.854
7;2025-11-04;23;173.799
7;2025-11-05;0;59.282
7;2025-11-05;1;9.486
7;2025-11-05;2;0.0
7;2025-11-05;3;0.0
7;2025-11-05;4;1.988
7;2025-11-05;5;205.318
7;2025-11-05;6;680.909
7;2025-11-05;7;1618.951
7;2025-11-05;8;2577.978
7;2025-11-05;9;1922.04
7;2025-11-05;10;1668.588
7;2025-11-05;11;1441.715
7;2025-11-05;12;1575.209
7;2025-11-05;13;1533.19
7;2025-11-05;14;1632.845
7;2025-11-05;15;1811.225
7;2025-11-05;16;1888.15
7;2025-11-05;17;2409.681
7;2025-11-05;18;2595.096
7;2025-11-05;19;1753.935
7;2025-11-05;20;1096.137
7;2025-11-05;21;637.162
7;2025-11-05;22;321.524
7;2025-11-05;23;187.292
7;2025-11-06;0;63.435
7;2025-11-06;1;13.31
7;2025-11-06;2;0.0
7;2025-11-06;3;0.0
7;2025-11-06;4;1.4
7;2025-11-06;5;197.291
7;2025-11-06;6;730.723
7;2025-11-06;7;1646.89
7;2025-11-06;8;2536.693
7;2025-11-06;9;1854.264
7;2025-11-06;10;1566.448
7;2025-11-06;11;1463.548
7;2025-11-06;12;1535.943
7;2025-11-06;13;1520.476
7;2025-11-06;14;1653.738
7;2025-11-06;15;1728.284
7;2025-11-06;16;1841.391
7;2025-11-06;17;2328.311
7;2025-11-06;18;2732.789
7;2025-11-06;19;1687.551
7;2025-11-06;20;1071.705
7;2025-11-06;21;650.326
7;2025-11-06;22;300.702
7;2025-11-06;23;188.358
7;2025-11-07;0;65.947
7;2025-11-07;1;12.824
7;2025-11-07;2;0.051
7;2025-11-07;3;0.0
7;2025-11-07;4;1.049
7;2025-11-07;5;181.727
7;2025-11-07;6;666.187
7;2025-11-07;7;1564.052
7;2025-11-07;8;2308.87
7;2025-11-07;9;1761.325
7;2025-11-07;10;1542.311
7;2025-11-07;11;1486.648
7;2025-11-07;12;1573.605
7;2025-11-07;13;1656.975
7;2025-11-07;14;1716.623
7;2025-11-07;15;1850.026
7;2025-11-07;16;2087.864
7;2025-11-07;17;2234.225
7;2025-11-07;18;2097.715
7;2025-11-07;19;1465.406
7;2025-11-07;20;1014.702
7;2025-11-07;21;615.65
7;2025-11-07;22;346.168
7;2025-11-07;23;224.374
7;2025-11-08;0;73.615
7;2025-11-08;1;18.171
7;2025-11-08;2;0.0
7;2025-11-08;3;0.0
7;2025-11-08;4;0.0
7;2025-11-08;5;38.4
7;2025-11-08;6;216.579
7;2025-11-08;7;309.184
7;2025-11-08;8;542.234
7;2025-11-08;9;614.953
7;2025-11-08;10;640.449
7;2025-11-08;11;791.485
7;2025-11-08;12;939.633
7;2025-11-08;13;898.134
7;2025-11-08;14;979.046
7;2025-11-08;15;895.897
7;2025-11-08;16;859.478
7;2025-11-08;17;818.628
7;2025-11-08;18;757.926
7;2025-11-08;19;717.086
7;2025-11-08;20;524.164
7;2025-11-08;21;401.205
7;2025-11-08;22;213.891
7;2025-11-08;23;149.513
7;2025-11-09;0;63.552
7;2025-11-09;1;15.113
7;2025-11-09;2;0.0
7;2025-11-09;3;0.0
7;2025-11-09;4;0.0
7;2025-11-09;5;20.692
7;2025-11-09;6;129.58
7;2025-11-09;7;180.991
7;2025-11-09;8;318.5
7;2025-11-09;9;411.074
7;2025-11-09;10;455.517
7;2025-11-09;11;592.015
7;2025-11-09;12;670.141
7;2025-11-09;13;678.926
7;2025-11-09;14;740.118
7;2025-11-09;15;704.779
7;2025-11-09;16;659.364
7;2025-11-09;17;653.62
7;2025-11-09;18;603.512
7;2025-11-09;19;490.648
7;2025-11-09;20;395.661
7;2025-11-09;21;314.448
7;2025-11-09;22;170.396
7;2025-11-09;23;97.05
7;2025-11-10;0;67.796
7;2025-11-10;1;12.938
7;2025-11-10;2;0.0
7;2025-11-10;3;0.0
7;2025-11-10;4;1.047
7;2025-11-10;5;201.078
7;2025-11-10;6;734.423
7;2025-11-10;7;1692.887
7;2025-11-10;8;2528.125
7;2025-11-10;9;1871.164
7;2025-11-10;10;1575.868
7;2025-11-10;11;1392.304
7;2025-11-10;12;1498.006
7;2025-11-10;13;1513.526
7;2025-11-10;14;1537.968
7;2025-11-10;15;1743.345
7;2025-11-10;16;1839.895
7;2025-11-10;17;2348.476
7;2025-11-10;18;2640.943
7;2025-11-10;19;1767.553
7;2025-11-10;20;1096.235
7;2025-11-10;21;573.3
7;2025-11-10;22;294.196
7;2025-11-10;23;154.299
7;2025-11-11;0;52.575
7;2025-11-11;1;11.78
7;2025-11-11;2;0.0
7;2025-11-11;3;0.0
7;2025-11-11;4;1.996
7;2025-11-11;5;210.474
7;2025-11-11;6;721.555
7;2025-11-11;7;1752.192
7;2025-11-11;8;2592.827
7;2025-11-11;9;1917.507
7;2025-11-11;10;1665.335
7;2025-11-11;11;1529.857
7;2025-11-11;12;1597.616
7;2025-11-11;13;1614.913
7;2025-11-11;14;1647.421
7;2025-11-11;15;1876.042
7;2025-11-11;16;1894.749
7;2025-11-11;17;2456.352
7;2025-11-11;18;2713.7
7;2025-11-11;19;1862.262
7;2025-11-11;20;1112.13
7;2025-11-11;21;659.756
7;2025-11-11;22;306.125
7;2025-11-11;23;175.268
7;2025-11-12;0;59.282
7;2025-11-12;1;9.486
7;2025-11-12;2;0.0
7;2025-11-12;3;0.0
7;2025-11-12;4;1.988
7;2025-11-12;5;204.869
7;2025-11-12;6;680.227
7;2025-11-12;7;1620.538
7;2025-11-12;8;2580.057
7;2025-11-12;9;1922.091
7;2025-11-12;10;1668.058
7;2025-11-12;11;1441.088
7;2025-11-12;12;1575.472
7;2025-11-12;13;1533.482
7;2025-11-12;14;1633.801
7;2025-11-12;15;1813.223
7;2025-11-12;16;1890.336
7;2025-11-12;17;2412.0
7;2025-11-12;18;2597.128
7;2025-11-12;19;1751.822
7;2025-11-12;20;1092.509
7;2025-11-12;21;634.853
7;2025-11-12;22;319.185
7;2025-11-12;23;186.207
7;2025-11-13;0;63.435
7;2025-11-13;1;13.31
7;2025-11-13;2;0.0
7;2025-11-13;3;0.0
7;2025-11-13;4;1.4
7;2025-11-13;5;196.86
7;2025-11-13;6;729.989
7;2025-11-13;7;1648.478
7;2025-11-13;8;2538.716
7;2025-11-13;9;1854.304
7;2025-11-13;10;1565.945
7;2025-11-13;11;1462.906
7;2025-11-13;12;1536.193
7;2025-11-13;13;1520.756
7;2025-11-13;14;1654.68
7;2025-11-13;15;1730.161
7;2025-11-13;16;1843.496
7;2025-11-13;17;2330.541
7;2025-11-13;18;2734.902
7;2025-11-13;19;1685.516
7;2025-11-13;20;1068.179
7;2025-11-13;21;647.976
7;2025-11-13;22;298.547
7;2025-11-13;23;187.287
7;2025-11-14;0;65.948
7;2025-11-14;1;12.824
7;2025-11-14;2;0.051
7;2025-11-14;3;0.0
7;2025-11-14;4;1.049
7;2025-11-14;5;181.336
7;2025-11-14;6;665.534
7;2025-11-14;7;1565.576
7;2025-11-14;8;2310.717
7;2025-11-14;9;1761.379
7;2025-11-14;10;1541.839
7;2025-11-14;11;1486.014
7;2025-11-14;12;1573.876
7;2025-11-14;13;1657.295
7;2025-11-14;14;1717.618
7;2025-11-14;15;1852.033
7;2025-11-14;16;2090.246
7;2025-11-14;17;2236.353
7;2025-11-14;18;2099.351
7;2025-11-14;19;1463.663
7;2025-11-14;20;1011.392
7;2025-11-14;21;613.447
7;2025-11-14;22;343.678
7;2025-11-14;23;223.104
7;2025-11-15;0;73.347
7;2025-11-15;1;18.173
7;2025-11-15;2;0.0
7;2025-11-15;3;0.0
7;2025-11-15;4;0.0
7;2025-11-15;5;37.995
7;2025-11-15;6;215.684
7;2025-11-15;7;308.391
7;2025-11-15;8;540.935
7;2025-11-15;9;613.851
7;2025-11-15;10;639.517
7;2025-11-15;11;792.597
7;2025-11-15;12;941.967
7;2025-11-15;13;900.43
7;2025-11-15;14;981.981
7;2025-11-15;15;898.596
7;2025-11-15;16;862.139
7;2025-11-15;17;820.648
7;2025-11-15;18;757.572
7;2025-11-15;19;714.534
7;2025-11-15;20;521.219
7;2025-11-15;21;398.721
7;2025-11-15;22;212.485
7;2025-11-15;23;148.892
7;2025-11-16;0;63.317
7;2025-11-16;1;15.113
7;2025-11-16;2;0.0
7;2025-11-16;3;0.0
7;2025-11-16;4;0.0
7;2025-11-16;5;20.474
7;2025-11-16;6;129.037
7;2025-11-16;7;180.513
7;2025-11-16;8;317.712
7;2025-11-16;9;410.302
7;2025-11-16;10;454.814
7;2025-11-16;11;592.776
7;2025-11-16;12;671.717
7;2025-11-16;13;680.57
7;2025-11-16;14;742.233
7;2025-11-16;15;706.804
7;2025-11-16;16;661.313
7;2025-11-16;17;655.146
7;2025-11-16;18;603.171
7;2025-11-16;19;488.869
7;2025-11-16;20;393.42
7;2025-11-16;21;312.488
7;2025-11-16;22;169.27
7;2025-11-16;23;96.64
7;2025-11-17;0;67.795
7;2025-11-17;1;12.938
7;2025-11-17;2;0.0
7;2025-11-17;3;0.0
7;2025-11-17;4;1.047
7;2025-11-17;5;200.656
7;2025-11-17;6;733.705
7;2025-11-17;7;1694.444
7;2025-11-17;8;2530.024
7;2025-11-17;9;1871.185
7;2025-11-17;10;1575.368
7;2025-11-17;11;1391.708
7;2025-11-17;12;1498.228
7;2025-11-17;13;1513.779
7;2025-11-17;14;1538.798
7;2025-11-17;15;1745.151
7;2025-11-17;16;1841.9
7;2025-11-17;17;2350.606
7;2025-11-17;18;2642.877
7;2025-11-17;19;1765.49
7;2025-11-17;20;1092.746
7;2025-11-17;21;571.323
7;2025-11-17;22;292.155
7;2025-11-17;23;153.447
7;2025-11-18;0;52.575
7;2025-11-18;1;11.78
7;2025-11-18;2;0.0
7;2025-11-18;3;0.0
7;2025-11-18;4;1.996
7;2025-11-18;5;210.037
7;2025-11-18;6;720.865
7;2025-11-18;7;1753.784
7;2025-11-18;8;2594.776
7;2025-11-18;9;1917.538
7;2025-11-18;10;1664.821
7;2025-11-18;11;1529.215
7;2025-11-18;12;1597.857
7;2025-11-18;13;1615.189
7;2025-11-18;14;1648.312
7;2025-11-18;15;1877.962
7;2025-11-18;16;1896.797
7;2025-11-18;17;2458.563
7;2025-11-18;18;2715.66
7;2025-11-18;19;1860.134
7;2025-11-18;20;1108.675
7;2025-11-18;21;657.52
7;2025-11-18;22;304.047
7;2025-11-18;23;174.329
7;2025-11-19;0;59.282
7;2025-11-19;1;9.486
7;2025-11-19;2;0.0
7;2025-11-19;3;0.0
7;2025-11-19;4;1.988
7;2025-11-19;5;204.454
7;2025-11-19;6;679.596
7;2025-11-19;7;1622.006
7;2025-11-19;8;2581.979
7;2025-11-19;9;1922.138
7;2025-11-19;10;1667.569
7;2025-11-19;11;1440.508
7;2025-11-19;12;1575.715
7;2025-11-19;13;1533.753
7;2025-11-19;14;1634.684
7;2025-11-19;15;1815.07
7;2025-11-19;16;1892.356
7;2025-11-19;17;2414.143
7;2025-11-19;18;2599.005
7;2025-11-19;19;1749.868
7;2025-11-19;20;1089.156
7;2025-11-19;21;632.72
7;2025-11-19;22;317.024
7;2025-11-19;23;185.204
7;2025-11-20;0;63.434
7;2025-11-20;1;13.31
7;2025-11-20;2;0.0
7;2025-11-20;3;0.0
7;2025-11-20;4;1.4
7;2025-11-20;5;196.466
7;2025-11-20;6;729.318
7;2025-11-20;7;1649.929
7;2025-11-20;8;2540.566
7;2025-11-20;9;1854.341
7;2025-11-20;10;1565.485
7;2025-11-20;11;1462.318
7;2025-11-20;12;1536.421
7;2025-11-20;13;1521.012
7;2025-11-20;14;1655.542
7;2025-11-20;15;1731.877
7;2025-11-20;16;1845.421
7;2025-11-20;17;2332.581
7;2025-11-20;18;2736.835
7;2025-11-20;19;1683.655
7;2025-11-20;20;1064.956
7;2025-11-20;21;645.827
7;2025-11-20;22;296.576
7;2025-11-20;23;186.307
7;2025-11-21;0;65.948
7;2025-11-21;1;12.824
7;2025-11-21;2;0.051
7;2025-11-21;3;0.0
7;2025-11-21;4;1.049
7;2025-11-21;5;180.983
7;2025-11-21;6;664.944
7;2025-11-21;7;1566.955
7;2025-11-21;8;2312.386
7;2025-11-21;9;1761.428
7;2025-11-21;10;1541.413
7;2025-11-21;11;1485.441
7;2025-11-21;12;1574.12
7;2025-11-21;13;1657.585
7;2025-11-21;14;1718.517
7;2025-11-21;15;1853.848
7;2025-11-21;16;2092.399
7;2025-11-21;17;2238.277
7;2025-11-21;18;2100.83
7;2025-11-21;19;1462.088
7;2025-11-21;20;1008.4
7;2025-11-21;21;611.455
7;2025-11-21;22;341.427
7;2025-11-21;23;221.956
7;2025-11-22;0;73.108
7;2025-11-22;1;18.175
7;2025-11-22;2;0.0
7;2025-11-22;3;0.0
7;2025-11-22;4;0.0
7;2025-11-22;5;37.632
7;2025-11-22;6;214.884
7;2025-11-22;7;307.683
7;2025-11-22;8;539.775
7;2025-11-22;9;612.867
7;2025-11-22;10;638.684
7;2025-11-22;11;793.59
7;2025-11-22;12;944.052
7;2025-11-22;13;902.48
7;2025-11-22;14;984.603
7;2025-11-22;15;901.007
7;2025-11-22;16;864.516
7;2025-11-22;17;822.452
7;2025-11-22;18;757.256
7;2025-11-22;19;712.255
7;2025-11-22;20;518.588
7;2025-11-22;21;396.502
7;2025-11-22;22;211.229
7;2025-11-22;23;148.337
7;2025-11-23;0;63.109
7;2025-11-23;1;15.113
7;2025-11-23;2;0.0
7;2025-11-23;3;0.0
7;2025-11-23;4;0.0
7;2025-11-23;5;20.281
7;2025-11-23;6;128.558
7;2025-11-23;7;180.092
7;2025-11-23;8;317.017
7;2025-11-23;9;409.622
7;2025-11-23;10;454.193
7;2025-11-23;11;593.446
7;2025-11-23;12;673.106
7;2025-11-23;13;682.02
7;2025-11-23;14;744.099
7;2025-11-23;15;708.59
7;2025-11-23;16;663.031
7;2025-11-23;17;656.491
7;2025-11-23;18;602.869
7;2025-11-23;19;487.301
7;2025-11-23;20;391.443
7;2025-11-23;21;310.759
7;2025-11-23;22;168.276
7;2025-11-23;23;96.279
7;2025-11-24;0;67.794
7;2025-11-24;1;12.938
7;2025-11-24;2;0.0
7;2025-11-24;3;0.0
7;2025-11-24;4;1.047
7;2025-11-24;5;200.287
7;2025-11-24;6;733.08
7;2025-11-24;7;1695.801
7;2025-11-24;8;2531.679
7;2025-11-24;9;1871.203
7;2025-11-24;10;1574.932
7;2025-11-24;11;1391.188
7;2025-11-24;12;1498.421
7;2025-11-24;13;1513.999
7;2025-11-24;14;1539.522
7;2025-11-24;15;1746.724
7;2025-11-24;16;1843.647
7;2025-11-24;17;2352.462
7;2025-11-24;18;2644.562
7;2025-11-24;19;1763.694
7;2025-11-24;20;1089.707
7;2025-11-24;21;569.601
7;2025-11-24;22;290.378
7;2025-11-24;23;152.705
7;2025-11-25;0;52.574
7;2025-11-25;1;11.78
7;2025-11-25;2;0.0
7;2025-11-25;3;0.0
7;2025-11-25;4;1.996
7;2025-11-25;5;209.66
7;2025-11-25;6;720.27
7;2025-11-25;7;1755.156
7;2025-11-25;8;2596.456
7;2025-11-25;9;1917.565
7;2025-11-25;10;1664.378
7;2025-11-25;11;1528.663
7;2025-11-25;12;1598.065
7;2025-11-25;13;1615.427
7;2025-11-25;14;1649.08
7;2025-11-25;15;1879.617
7;2025-11-25;16;1898.562
7;2025-11-25;17;2460.47
7;2025-11-25;18;2717.35
7;2025-11-25;19;1858.3
7;2025-11-25;20;1105.696
7;2025-11-25;21;655.592
7;2025-11-25;22;302.257
7;2025-11-25;23;173.521
7;2025-11-26;0;59.282
7;2025-11-26;1;9.486
7;2025-11-26;2;0.0
7;2025-11-26;3;0.0
7;2025-11-26;4;1.988
7;2025-11-26;5;204.099
7;2025-11-26;6;679.058
7;2025-11-26;7;1623.259
7;2025-11-26;8;2583.621
7;2025-11-26;9;1922.178
7;2025-11-26;10;1667.15
7;2025-11-26;11;1440.012
7;2025-11-26;12;1575.922
7;2025-11-26;13;1533.984
7;2025-11-26;14;1635.438
7;2025-11-26;15;1816.648
7;2025-11-26;16;1894.081
7;2025-11-26;17;2415.975
7;2025-11-26;18;2600.609
7;2025-11-26;19;1748.199
7;2025-11-26;20;1086.291
7;2025-11-26;21;630.897
7;2025-11-26;22;315.177
7;2025-11-26;23;184.347
7;2025-11-27;0;63.434
7;2025-11-27;1;13.31
7;2025-11-27;2;0.0
7;2025-11-27;3;0.0
7;2025-11-27;4;1.4
7;2025-11-27;5;196.132
7;2025-11-27;6;728.748
7;2025-11-27;7;1651.161
7;2025-11-27;8;2542.135
7;2025-11-27;9;1854.373
7;2025-11-27;10;1565.095
7;2025-11-27;11;1461.82
7;2025-11-27;12;1536.615
7;2025-11-27;13;1521.23
7;2025-11-27;14;1656.273
7;2025-11-27;15;1733.332
7;2025-11-27;16;1847.054
7;2025-11-27;17;2334.311
7;2025-11-27;18;2738.474
7;2025-11-27;19;1682.077
7;2025-11-27;20;1062.221
7;2025-11-27;21;644.004
7;2025-11-27;22;294.903
7;2025-11-27;23;185.475
7;2025-11-28;0;65.948
7;2025-11-28;1;12.824
7;2025-11-28;2;0.051
7;2025-11-28;3;0.0
7;2025-11-28;4;1.049
7;2025-11-28;5;180.685
7;2025-11-28;6;664.446
7;2025-11-28;7;1568.118
7;2025-11-28;8;2313.796
7;2025-11-28;9;1761.47
7;2025-11-28;10;1541.054
7;2025-11-28;11;1484.957
7;2025-11-28;12;1574.327
7;2025-11-28;13;1657.829
7;2025-11-28;14;1719.277
7;2025-11-28;15;1855.379
7;2025-11-28;16;2094.217
7;2025-11-28;17;2239.901
7;2025-11-28;18;2102.079
7;2025-11-28;19;1460.758
7;2025-11-28;20;1005.874
7;2025-11-28;21;609.773
7;2025-11-28;22;339.527
7;2025-11-28;23;220.987
7;2025-11-29;0;72.906
7;2025-11-29;1;18.176
7;2025-11-29;2;0.0
7;2025-11-29;3;0.0
7;2025-11-29;4;0.0
7;2025-11-29;5;37.327
7;2025-11-29;6;214.211
7;2025-11-29;7;307.087
7;2025-11-29;8;538.798
7;2025-11-29;9;612.038
7;2025-11-29;10;637.982
7;2025-11-29;11;794.426
7;2025-11-29;12;945.808
7;2025-11-29;13;904.207
7;2025-11-29;14;986.811
7;2025-11-29;15;903.038
7;2025-11-29;16;866.518
7;2025-11-29;17;823.972
7;2025-11-29;18;756.989
7;2025-11-29;19;710.335
7;2025-11-29;20;516.371
7;2025-11-29;21;394.632
7;2025-11-29;22;210.171
7;2025-11-29;23;147.869
7;2025-11-30;0;62.934
7;2025-11-30;1;15.114
7;2025-11-30;2;0.0
7;2025-11-30;3;0.0
7;2025-11-30;4;0.0
7;2025-11-30;5;20.119
7;2025-11-30;6;128.154
7;2025-11-30;7;179.737
7;2025-11-30;8;316.432
7;2025-11-30;9;409.05
7;2025-11-30;10;453.671
7;2025-11-30;11;594.011
7;2025-11-30;12;674.276
7;2025-11-30;13;683.241
7;2025-11-30;14;745.67
7;2025-11-30;15;710.093
7;2025-11-30;16;664.478
7;2025-11-30;17;657.624
7;2025-11-30;18;602.615
7;2025-11-30;19;485.98
7;2025-11-30;20;389.779
7;2025-11-30;21;309.304
7;2025-11-30;22;167.44
7;2025-11-30;23;95.976
7;2025-12-01;0;67.793
7;2025-12-01;1;12.938
7;2025-12-01;2;0.0
7;2025-12-01;3;0.0
7;2025-12-01;4;1.047
7;2025-12-01;5;199.977
7;2025-12-01;6;732.555
7;2025-12-01;7;1696.941
7;2025-12-01;8;2533.071
7;2025-12-01;9;1871.218
7;2025-12-01;10;1574.565
7;2025-12-01;11;1390.751
7;2025-12-01;12;1498.584
7;2025-12-01;13;1514.185
7;2025-12-01;14;1540.131
7;2025-12-01;15;1748.047
7;2025-12-01;16;1845.116
7;2025-12-01;17;2354.022
7;2025-12-01;18;2645.979
7;2025-12-01;19;1762.183
7;2025-12-01;20;1087.151
7;2025-12-01;21;568.152
7;2025-12-01;22;288.883
7;2025-12-01;23;152.081
7;2025-12-02;0;52.574
7;2025-12-02;1;11.779
7;2025-12-02;2;0.0
7;2025-12-02;3;0.0
7;2025-12-02;4;1.996
7;2025-12-02;5;209.344
7;2025-12-02;6;719.771
7;2025-12-02;7;1756.306
7;2025-12-02;8;2597.864
7;2025-12-02;9;1917.588
7;2025-12-02;10;1664.007
7;2025-12-02;11;1528.2
7;2025-12-02;12;1598.239
7;2025-12-02;13;1615.626
7;2025-12-02;14;1649.723
7;2025-12-02;15;1881.004
7;2025-12-02;16;1900.041
7;2025-12-02;17;2462.068
7;2025-12-02;18;2718.766
7;2025-12-02;19;1856.762
7;2025-12-02;20;1103.2
7;2025-12-02;21;653.976
7;2025-12-02;22;300.756
7;2025-12-02;23;172.843
7;2025-12-03;0;59.281
7;2025-12-03;1;9.486
7;2025-12-03;2;0.0
7;2025-12-03;3;0.0
7;2025-12-03;4;1.988
7;2025-12-03;5;203.803
7;2025-12-03;6;678.609
7;2025-12-03;7;1624.304
7;2025-12-03;8;2584.989
7;2025-12-03;9;1922.211
7;2025-12-03;10;1666.802
7;2025-12-03;11;1439.599
7;2025-12-03;12;1576.095
7;2025-12-03;13;1534.176
7;2025-12-03;14;1636.067
7;2025-12-03;15;1817.963
7;2025-12-03;16;1895.519
7;2025-12-03;17;2417.501
7;2025-12-03;18;2601.945
7;2025-12-03;19;1746.809
7;2025-12-03;20;1083.905
7;2025-12-03;21;629.378
7;2025-12-03;22;313.638
7;2025-12-03;23;183.633
7;2025-12-04;0;63.434
7;2025-12-04;1;13.309
7;2025-12-04;2;0.0
7;2025-12-04;3;0.0
7;2025-12-04;4;1.4
7;2025-12-04;5;195.856
7;2025-12-04;6;728.278
7;2025-12-04;7;1652.178
7;2025-12-04;8;2543.432
7;2025-12-04;9;1854.399
7;2025-12-04;10;1564.773
7;2025-12-04;11;1461.408
7;2025-12-04;12;1536.775
7;2025-12-04;13;1521.409
7;2025-12-04;14;1656.877
7;2025-12-04;15;1734.535
7;2025-12-04;16;1848.402
7;2025-12-04;17;2335.74
7;2025-12-04;18;2739.829
7;2025-12-04;19;1680.773
7;2025-12-04;20;1059.962
7;2025-12-04;21;642.498
7;2025-12-04;22;293.522
7;2025-12-04;23;184.788
7;2025-12-05;0;65.948
7;2025-12-05;1;12.824
7;2025-12-05;2;0.051
7;2025-12-05;3;0.0
7;2025-12-05;4;1.049
7;2025-12-05;5;180.441
7;2025-12-05;6;664.039
7;2025-12-05;7;1569.067
7;2025-12-05;8;2314.947
7;2025-12-05;9;1761.503
7;2025-12-05;10;1540.76
7;2025-12-05;11;1484.562
7;2025-12-05;12;1574.495
7;2025-12-05;13;1658.028
7;2025-12-05;14;1719.896
7;2025-12-05;15;1856.629
7;2025-12-05;16;2095.7
7;2025-12-05;17;2241.226
7;2025-12-05;18;2103.098
7;2025-12-05;19;1459.673
7;2025-12-05;20;1003.813
7;2025-12-05;21;608.401
7;2025-12-05;22;337.976
7;2025-12-05;23;220.196
7;2025-12-06;0;113.977
7;2025-12-06;1;28.481
7;2025-12-06;2;0.0
7;2025-12-06;3;0.0
7;2025-12-06;4;0.0
7;2025-12-06;5;58.101
7;2025-12-06;6;334.783
7;2025-12-06;7;480.401
7;2025-12-06;8;842.971
7;2025-12-06;9;957.913
7;2025-12-06;10;998.723
7;2025-12-06;11;1245.78
7;2025-12-06;12;1484.127
7;2025-12-06;13;1418.909
7;2025-12-06;14;1548.94
7;2025-12-06;15;1417.459
7;2025-12-06;16;1360.202
7;2025-12-06;17;1292.932
7;2025-12-06;18;1185.734
7;2025-12-06;19;1110.553
7;2025-12-06;20;806.274
7;2025-12-06;21;615.967
7;2025-12-06;22;327.97
7;2025-12-06;23;231.096
7;2025-12-07;0;117.145
7;2025-12-07;1;28.194
7;2025-12-07;2;0.0
7;2025-12-07;3;0.0
7;2025-12-07;4;0.0
7;2025-12-07;5;37.293
7;2025-12-07;6;238.477
7;2025-12-07;7;334.774
7;2025-12-07;8;589.439
7;2025-12-07;9;762.234
7;2025-12-07;10;845.547
7;2025-12-07;11;1108.945
7;2025-12-07;12;1259.567
7;2025-12-07;13;1276.367
7;2025-12-07;14;1393.341
7;2025-12-07;15;1326.874
7;2025-12-07;16;1241.696
7;2025-12-07;17;1228.449
7;2025-12-07;18;1123.795
7;2025-12-07;19;904.647
7;2025-12-07;20;724.68
7;2025-12-07;21;574.864
7;2025-12-07;22;311.127
7;2025-12-07;23;178.594
7;2025-12-08;0;67.793
7;2025-12-08;1;12.938
7;2025-12-08;2;0.0
7;2025-12-08;3;0.0
7;2025-12-08;4;1.047
7;2025-12-08;5;199.739
7;2025-12-08;6;732.15
7;2025-12-08;7;1697.82
7;2025-12-08;8;2534.142
7;2025-12-08;9;1871.23
7;2025-12-08;10;1574.283
7;2025-12-08;11;1390.414
7;2025-12-08;12;1498.709
7;2025-12-08;13;1514.328
7;2025-12-08;14;1540.599
7;2025-12-08;15;1749.066
7;2025-12-08;16;1846.247
7;2025-12-08;17;2355.224
7;2025-12-08;18;2647.07
7;2025-12-08;19;1761.02
7;2025-12-08;20;1085.183
7;2025-12-08;21;567.038
7;2025-12-08;22;287.732
7;2025-12-08;23;151.6
7;2025-12-09;0;52.573
7;2025-12-09;1;11.779
7;2025-12-09;2;0.0
7;2025-12-09;3;0.0
7;2025-12-09;4;1.996
7;2025-12-09;5;209.107
7;2025-12-09;6;719.396
7;2025-12-09;7;1757.169
7;2025-12-09;8;2598.921
7;2025-12-09;9;1917.605
7;2025-12-09;10;1663.728
7;2025-12-09;11;1527.852
7;2025-12-09;12;1598.369
7;2025-12-09;13;1615.776
7;2025-12-09;14;1650.206
7;2025-12-09;15;1882.045
7;2025-12-09;16;1901.152
7;2025-12-09;17;2463.268
7;2025-12-09;18;2719.829
7;2025-12-09;19;1855.608
7;2025-12-09;20;1101.326
7;2025-12-09;21;652.763
7;2025-12-09;22;299.629
7;2025-12-09;23;172.334
7;2025-12-10;0;59.281
7;2025-12-10;1;9.486
7;2025-12-10;2;0.0
7;2025-12-10;3;0.0
7;2025-12-10;4;1.988
7;2025-12-10;5;203.587
7;2025-12-10;6;678.281
7;2025-12-10;7;1625.067
7;2025-12-10;8;2585.987
7;2025-12-10;9;1922.236
7;2025-12-10;10;1666.548
7;2025-12-10;11;1439.298
7;2025-12-10;12;1576.222
7;2025-12-10;13;1534.317
7;2025-12-10;14;1636.525
7;2025-12-10;15;1818.922
7;2025-12-10;16;1896.569
7;2025-12-10;17;2418.614
7;2025-12-10;18;2602.921
7;2025-12-10;19;1745.794
7;2025-12-10;20;1082.162
7;2025-12-10;21;628.269
7;2025-12-10;22;312.515
7;2025-12-10;23;183.112
7;2025-12-11;0;63.433
7;2025-12-11;1;13.309
7;2025-12-11;2;0.0
7;2025-12-11;3;0.0
7;2025-12-11;4;1.4
7;2025-12-11;5;195.661
7;2025-12-11;6;727.945
7;2025-12-11;7;1652.897
7;2025-12-11;8;2544.348
7;2025-12-11;9;1854.417
7;2025-12-11;10;1564.545
7;2025-12-11;11;1461.117
7;2025-12-11;12;1536.888
7;2025-12-11;13;1521.536
7;2025-12-11;14;1657.304
7;2025-12-11;15;1735.385
7;2025-12-11;16;1849.356
7;2025-12-11;17;2336.751
7;2025-12-11;18;2740.786
7;2025-12-11;19;1679.851
7;2025-12-11;20;1058.365
7;2025-12-11;21;641.433
7;2025-12-11;22;292.546
7;2025-12-11;23;184.303
7;2025-12-12;0;65.948
7;2025-12-12;1;12.824
7;2025-12-12;2;0.051
7;2025-12-12;3;0.0
7;2025-12-12;4;1.049
7;2025-12-12;5;180.275
7;2025-12-12;6;663.762
7;2025-12-12;7;1569.715
7;2025-12-12;8;2315.731
7;2025-12-12;9;1761.527
7;2025-12-12;10;1540.56
7;2025-12-12;11;1484.293
7;2025-12-12;12;1574.61
7;2025-12-12;13;1658.164
7;2025-12-12;14;1720.319
7;2025-12-12;15;1857.482
7;2025-12-12;16;2096.712
7;2025-12-12;17;2242.13
7;2025-12-12;18;2103.793
7;2025-12-12;19;1458.933
7;2025-12-12;20;1002.408
7;2025-12-12;21;607.466
7;2025-12-12;22;336.919
7;2025-12-12;23;219.656
7;2025-12-13;0;113.811
7;2025-12-13;1;28.482
7;2025-12-13;2;0.0
7;2025-12-13;3;0.0
7;2025-12-13;4;0.0
7;2025-12-13;5;57.85
7;2025-12-13;6;334.229
7;2025-12-13;7;479.91
7;2025-12-13;8;842.167
7;2025-12-13;9;957.231
7;2025-12-13;10;998.146
7;2025-12-13;11;1246.469
7;2025-12-13;12;1485.572
7;2025-12-13;13;1420.331
7;2025-12-13;14;1550.759
7;2025-12-13;15;1419.131
7;2025-12-13;16;1361.85
7;2025-12-13;17;1294.184
7;2025-12-13;18;1185.515
7;2025-12-13;19;1108.973
7;2025-12-13;20;804.45
7;2025-12-13;21;614.428
7;2025-12-13;22;327.098
7;2025-12-13;23;230.711
7;2025-12-14;0;116.985
7;2025-12-14;1;28.194
7;2025-12-14;2;0.0
7;2025-12-14;3;0.0
7;2025-12-14;4;0.0
7;2025-12-14;5;37.144
7;2025-12-14;6;238.107
7;2025-12-14;7;334.449
7;2025-12-14;8;588.903
7;2025-12-14;9;761.709
7;2025-12-14;10;845.068
7;2025-12-14;11;1109.463
7;2025-12-14;12;1260.64
7;2025-12-14;13;1277.487
7;2025-12-14;14;1394.782
7;2025-12-14;15;1328.253
7;2025-12-14;16;1243.023
7;2025-12-14;17;1229.488
7;2025-12-14;18;1123.562
7;2025-12-14;19;903.437
7;2025-12-14;20;723.154
7;2025-12-14;21;573.529
7;2025-12-14;22;310.36
7;2025-12-14;23;178.316
7;2025-12-15;0;67.792
7;2025-12-15;1;12.938
7;2025-12-15;2;0.0
7;2025-12-15;3;0.0
7;2025-12-15;4;1.047
7;2025-12-15;5;199.597
7;2025-12-15;6;731.91
7;2025-12-15;7;1698.34
7;2025-12-15;8;2534.777
7;2025-12-15;9;1871.237
7;2025-12-15;10;1574.116
7;2025-12-15;11;1390.215
7;2025-12-15;12;1498.784
7;2025-12-15;13;1514.412
7;2025-12-15;14;1540.877
7;2025-12-15;15;1749.669
7;2025-12-15;16;1846.917
7;2025-12-15;17;2355.936
7;2025-12-15;18;2647.716
7;2025-12-15;19;1760.33
7;2025-12-15;20;1084.017
7;2025-12-15;21;566.377
7;2025-12-15;22;287.05
7;2025-12-15;23;151.316
7;2025-12-16;0;52.573
7;2025-12-16;1;11.779
7;2025-12-16;2;0.0
7;2025-12-16;3;0.0
7;2025-12-16;4;1.996
7;2025-12-16;5;208.974
7;2025-12-16;6;719.187
7;2025-12-16;7;1757.651
7;2025-12-16;8;2599.512
7;2025-12-16;9;1917.614
7;2025-12-16;10;1663.572
7;2025-12-16;11;1527.657
7;2025-12-16;12;1598.442
7;2025-12-16;13;1615.86
7;2025-12-16;14;1650.476
7;2025-12-16;15;1882.627
7;2025-12-16;16;1901.773
7;2025-12-16;17;2463.938
7;2025-12-16;18;2720.424
7;2025-12-16;19;1854.963
7;2025-12-16;20;1100.278
7;2025-12-16;21;652.085
7;2025-12-16;22;298.999
7;2025-12-16;23;172.049
7;2025-12-17;0;59.281
7;2025-12-17;1;9.486
7;2025-12-17;2;0.0
7;2025-12-17;3;0.0
7;2025-12-17;4;1.988
7;2025-12-17;5;203.475
7;2025-12-17;6;678.11
7;2025-12-17;7;1625.465
7;2025-12-17;8;2586.509
7;2025-12-17;9;1922.249
7;2025-12-17;10;1666.415
7;2025-12-17;11;1439.14
7;2025-12-17;12;1576.288
7;2025-12-17;13;1534.39
7;2025-12-17;14;1636.765
7;2025-12-17;15;1819.424
7;2025-12-17;16;1897.117
7;2025-12-17;17;2419.197
7;2025-12-17;18;2603.431
7;2025-12-17;19;1745.263
7;2025-12-17;20;1081.252
7;2025-12-17;21;627.69
7;2025-12-17;22;311.928
7;2025-12-17;23;182.839
7;2025-12-18;0;63.433
7;2025-12-18;1;13.309
7;2025-12-18;2;0.0
7;2025-12-18;3;0.0
7;2025-12-18;4;1.4
7;2025-12-18;5;195.566
7;2025-12-18;6;727.784
7;2025-12-18;7;1653.245
7;2025-12-18;8;2544.792
7;2025-12-18;9;1854.426
7;2025-12-18;10;1564.435
7;2025-12-18;11;1460.976
7;2025-12-18;12;1536.943
7;2025-12-18;13;1521.597
7;2025-12-18;14;1657.51
7;2025-12-18;15;1735.796
7;2025-12-18;16;1849.817
7;2025-12-18;17;2337.24
7;2025-12-18;18;2741.249
7;2025-12-18;19;1679.405
7;2025-12-18;20;1057.592
7;2025-12-18;21;640.918
7;2025-12-18;22;292.073
7;2025-12-18;23;184.068
7;2025-12-19;0;65.948
7;2025-12-19;1;12.824
7;2025-12-19;2;0.051
7;2025-12-19;3;0.0
7;2025-12-19;4;1.049
7;2025-12-19;5;180.202
7;2025-12-19;6;663.64
7;2025-12-19;7;1570.001
7;2025-12-19;8;2316.077
7;2025-12-19;9;1761.537
7;2025-12-19;10;1540.472
7;2025-12-19;11;1484.174
7;2025-12-19;12;1574.661
7;2025-12-19;13;1658.224
7;2025-12-19;14;1720.505
7;2025-12-19;15;1857.858
7;2025-12-19;16;2097.159
7;2025-12-19;17;2242.529
7;2025-12-19;18;2104.1
7;2025-12-19;19;1458.606
7;2025-12-19;20;1001.787
7;2025-12-19;21;607.052
7;2025-12-19;22;336.451
7;2025-12-19;23;219.418
7;2025-12-20;0;113.746
7;2025-12-20;1;28.482
7;2025-12-20;2;0.0
7;2025-12-20;3;0.0
7;2025-12-20;4;0.0
7;2025-12-20;5;57.75
7;2025-12-20;6;334.01
7;2025-12-20;7;479.716
7;2025-12-20;8;841.849
7;2025-12-20;9;956.961
7;2025-12-20;10;997.917
7;2025-12-20;11;1246.741
7;2025-12-20;12;1486.144
7;2025-12-20;13;1420.893
7;2025-12-20;14;1551.477
7;2025-12-20;15;1419.792
7;2025-12-20;16;1362.502
7;2025-12-20;17;1294.678
7;2025-12-20;18;1185.428
7;2025-12-20;19;1108.348
7;2025-12-20;20;803.728
7;2025-12-20;21;613.819
7;2025-12-20;22;326.754
7;2025-12-20;23;230.559
7;2025-12-21;0;116.93
7;2025-12-21;1;28.194
7;2025-12-21;2;0.0
7;2025-12-21;3;0.0
7;2025-12-21;4;0.0
7;2025-12-21;5;37.093
7;2025-12-21;6;237.981
7;2025-12-21;7;334.338
7;2025-12-21;8;588.72
7;2025-12-21;9;761.53
7;2025-12-21;10;844.905
7;2025-12-21;11;1109.639
7;2025-12-21;12;1261.005
7;2025-12-21;13;1277.868
7;2025-12-21;14;1395.272
7;2025-12-21;15;1328.723
7;2025-12-21;16;1243.475
7;2025-12-21;17;1229.842
7;2025-12-21;18;1123.483
7;2025-12-21;19;903.024
7;2025-12-21;20;722.634
7;2025-12-21;21;573.075
7;2025-12-21;22;310.099
7;2025-12-21;23;178.221
7;2025-12-22;0;67.792
7;2025-12-22;1;12.938
7;2025-12-22;2;0.0
7;2025-12-22;3;0.0
7;2025-12-22;4;1.047
7;2025-12-22;5;199.559
7;2025-12-22;6;731.844
7;2025-12-22;7;1698.483
7;2025-12-22;8;2534.952
7;2025-12-22;9;1871.239
7;2025-12-22;10;1574.07
7;2025-12-22;11;1390.16
7;2025-12-22;12;1498.804
7;2025-12-22;13;1514.436
7;2025-12-22;14;1540.953
7;2025-12-22;15;1749.835
7;2025-12-22;16;1847.101
7;2025-12-22;17;2356.131
7;2025-12-22;18;2647.894
7;2025-12-22;19;1760.141
7;2025-12-22;20;1083.697
7;2025-12-22;21;566.195
7;2025-12-22;22;286.862
7;2025-12-22;23;151.238
7;2025-12-23;0;52.573
7;2025-12-23;1;11.779
7;2025-12-23;2;0.0
7;2025-12-23;3;0.0
7;2025-12-23;4;1.996
7;2025-12-23;5;208.949
7;2025-12-23;6;719.147
7;2025-12-23;7;1757.744
7;2025-12-23;8;2599.626
7;2025-12-23;9;1917.616
7;2025-12-23;10;1663.542
7;2025-12-23;11;1527.62
7;2025-12-23;12;1598.456
7;2025-12-23;13;1615.876
7;2025-12-23;14;1650.528
7;2025-12-23;15;1882.739
7;2025-12-23;16;1901.892
7;2025-12-23;17;2464.067
7;2025-12-23;18;2720.538
7;2025-12-23;19;1854.839
7;2025-12-23;20;1100.077
7;2025-12-23;21;651.954
7;2025-12-23;22;298.878
7;2025-12-23;23;171.994
7;2025-12-24;0;59.281
7;2025-12-24;1;9.486
7;2025-12-24;2;0.0
7;2025-12-24;3;0.0
7;2025-12-24;4;1.988
7;2025-12-24;5;203.465
7;2025-12-24;6;678.095
7;2025-12-24;7;1625.501
7;2025-12-24;8;2586.556
7;2025-12-24;9;1922.25
7;2025-12-24;10;1666.403
7;2025-12-24;11;1439.126
7;2025-12-24;12;1576.294
7;2025-12-24;13;1534.396
7;2025-12-24;14;1636.787
7;2025-12-24;15;1819.468
7;2025-12-24;16;1897.166
7;2025-12-24;17;2419.248
7;2025-12-24;18;2603.476
7;2025-12-24;19;1745.216
7;2025-12-24;20;1081.171
7;2025-12-24;21;627.638
7;2025-12-24;22;311.876
7;2025-12-24;23;182.815
7;2025-12-25;0;63.433
7;2025-12-25;1;13.309
7;2025-12-25;2;0.0
7;2025-12-25;3;0.0
7;2025-12-25;4;1.4
7;2025-12-25;5;195.571
7;2025-12-25;6;727.792
7;2025-12-25;7;1653.228
7;2025-12-25;8;2544.771
7;2025-12-25;9;1854.425
7;2025-12-25;10;1564.44
7;2025-12-25;11;1460.983
7;2025-12-25;12;1536.941
7;2025-12-25;13;1521.595
7;2025-12-25;14;1657.501
7;2025-12-25;15;1735.777
7;2025-12-25;16;1849.795
7;2025-12-25;17;2337.217
7;2025-12-25;18;2741.227
7;2025-12-25;19;1679.426
7;2025-12-25;20;1057.628
7;2025-12-25;21;640.943
7;2025-12-25;22;292.095
7;2025-12-25;23;184.079
7;2025-12-26;0;65.948
7;2025-12-26;1;12.824
7;2025-12-26;2;0.051
7;2025-12-26;3;0.0
7;2025-12-26;4;1.049
7;2025-12-26;5;180.219
7;2025-12-26;6;663.668
7;2025-12-26;7;1569.934
7;2025-12-26;8;2315.997
7;2025-12-26;9;1761.534
7;2025-12-26;10;1540.492
7;2025-12-26;11;1484.201
7;2025-12-26;12;1574.649
7;2025-12-26;13;1658.21
7;2025-12-26;14;1720.462
7;2025-12-26;15;1857.771
7;2025-12-26;16;2097.055
7;2025-12-26;17;2242.436
7;2025-12-26;18;2104.028
7;2025-12-26;19;1458.682
7;2025-12-26;20;1001.931
7;2025-12-26;21;607.148
7;2025-12-26;22;336.56
7;2025-12-26;23;219.473
7;2025-12-27;0;102.594
7;2025-12-27;1;25.682
7;2025-12-27;2;0.0
7;2025-12-27;3;0.0
7;2025-12-27;4;0.0
7;2025-12-27;5;52.118
7;2025-12-27;6;301.274
7;2025-12-27;7;432.646
7;2025-12-27;8;759.237
7;2025-12-27;9;863.012
7;2025-12-27;10;899.924
7;2025-12-27;11;1124.065
7;2025-12-27;12;1339.801
7;2025-12-27;13;1280.968
7;2025-12-27;14;1398.647
7;2025-12-27;15;1279.931
7;2025-12-27;16;1228.277
7;2025-12-27;17;1167.191
7;2025-12-27;18;1068.939
7;2025-12-27;19;999.676
7;2025-12-27;20;725.043
7;2025-12-27;21;553.752
7;2025-12-27;22;294.788
7;2025-12-27;23;207.963
7;2025-12-28;0;105.48
7;2025-12-28;1;25.423
7;2025-12-28;2;0.0
7;2025-12-28;3;0.0
7;2025-12-28;4;0.0
7;2025-12-28;5;33.488
7;2025-12-28;6;214.69
7;2025-12-28;7;301.563
7;2025-12-28;8;530.997
7;2025-12-28;9;686.816
7;2025-12-28;10;761.983
7;2025-12-28;11;1000.419
7;2025-12-28;12;1136.753
7;2025-12-28;13;1151.945
7;2025-12-28;14;1257.72
7;2025-12-28;15;1197.729
7;2025-12-28;16;1120.876
7;2025-12-28;17;1108.662
7;2025-12-28;18;1013.109
7;2025-12-28;19;814.591
7;2025-12-28;20;652.02
7;2025-12-28;21;517.109
7;2025-12-28;22;279.828
7;2025-12-28;23;160.778
7;2025-12-29;0;60.871
7;2025-12-29;1;11.617
7;2025-12-29;2;0.0
7;2025-12-29;3;0.0
7;2025-12-29;4;0.94
7;2025-12-29;5;179.239
7;2025-12-29;6;657.218
7;2025-12-29;7;1524.863
7;2025-12-29;8;2275.883
7;2025-12-29;9;1680.183
7;2025-12-29;10;1413.423
7;2025-12-29;11;1248.304
7;2025-12-29;12;1345.747
7;2025-12-29;13;1359.778
7;2025-12-29;14;1383.512
7;2025-12-29;15;1570.939
7;2025-12-29;16;1658.248
7;2025-12-29;17;2115.289
7;2025-12-29;18;2377.289
7;2025-12-29;19;1580.703
7;2025-12-29;20;973.511
7;2025-12-29;21;508.648
7;2025-12-29;22;257.843
7;2025-12-29;23;135.909
7;2025-12-30;0;47.206
7;2025-12-30;1;10.577
7;2025-12-30;2;0.0
7;2025-12-30;3;0.0
7;2025-12-30;4;1.792
7;2025-12-30;5;187.687
7;2025-12-30;6;645.835
7;2025-12-30;7;1578.017
7;2025-12-30;8;2333.884
7;2025-12-30;9;1721.822
7;2025-12-30;10;1493.779
7;2025-12-30;11;1371.755
7;2025-12-30;12;1435.214
7;2025-12-30;13;1450.85
7;2025-12-30;14;1481.863
7;2025-12-30;15;1690.196
7;2025-12-30;16;1707.372
7;2025-12-30;17;2212.122
7;2025-12-30;18;2442.449
7;2025-12-30;19;1665.81
7;2025-12-30;20;988.327
7;2025-12-30;21;585.757
7;2025-12-30;22;268.704
7;2025-12-30;23;154.588
7;2025-12-31;0;119.717
7;2025-12-31;1;27.962
7;2025-12-31;2;0.0
7;2025-12-31;3;0.0
7;2025-12-31;4;0.051
7;2025-12-31;5;39.479
7;2025-12-31;6;235.286
7;2025-12-31;7;330.903
7;2025-12-31;8;590.209
7;2025-12-31;9;753.493
7;2025-12-31;10;811.298
7;2025-12-31;11;1041.788
7;2025-12-31;12;1176.97
7;2025-12-31;13;1188.702
7;2025-12-31;14;1296.834
7;2025-12-31;15;1247.531
7;2025-12-31;16;1163.193
7;2025-12-31;17;1158.091
7;2025-12-31;18;1095.067
7;2025-12-31;19;882.444
7;2025-12-31;20;707.095
7;2025-12-31;21;559.71
7;2025-12-31;22;291.827
7;2025-12-31;23;169.731
11;2025-11-01;0;70.595
11;2025-11-01;1;0.92
11;2025-11-01;2;0.0
11;2025-11-01;3;0.0
11;2025-11-01;4;0.0
11;2025-11-01;5;272.898
11;2025-11-01;6;1287.302
11;2025-11-01;7;2258.473
11;2025-11-01;8;3046.848
11;2025-11-01;9;2319.112
11;2025-11-01;10;1879.442
11;2025-11-01;11;1845.426
11;2025-11-01;12;1937.643
11;2025-11-01;13;1948.009
11;2025-11-01;14;2054.603
11;2025-11-01;15;2271.278
11;2025-11-01;16;2502.847
11;2025-11-01;17;2928.567
11;2025-11-01;18;2529.65
11;2025-11-01;19;1977.304
11;2025-11-01;20;1369.429
11;2025-11-01;21;847.406
11;2025-11-01;22;464.347
11;2025-11-01;23;292.152
11;2025-11-02;0;105.297
11;2025-11-02;1;10.992
11;2025-11-02;2;0.0
11;2025-11-02;3;0.0
11;2025-11-02;4;1.667
11;2025-11-02;5;113.839
11;2025-11-02;6;465.31
11;2025-11-02;7;489.932
11;2025-11-02;8;645.371
11;2025-11-02;9;934.154
11;2025-11-02;10;1007.893
11;2025-11-02;11;1454.175
11;2025-11-02;12;1601.013
11;2025-11-02;13;1552.71
11;2025-11-02;14;1647.375
11;2025-11-02;15;1661.329
11;2025-11-02;16;1598.69
11;2025-11-02;17;1680.09
11;2025-11-02;18;1330.363
11;2025-11-02;19;1057.957
11;2025-11-02;20;829.103
11;2025-11-02;21;615.454
11;2025-11-02;22;343.696
11;2025-11-02;23;237.793
11;2025-11-03;0;107.52
11;2025-11-03;1;11.006
11;2025-11-03;2;0.0
11;2025-11-03;3;0.0
11;2025-11-03;4;1.67
11;2025-11-03;5;118.827
11;2025-11-03;6;473.504
11;2025-11-03;7;500.641
11;2025-11-03;8;658.072
11;2025-11-03;9;945.005
11;2025-11-03;10;1015.65
11;2025-11-03;11;1442.212
11;2025-11-03;12;1584.443
11;2025-11-03;13;1536.333
11;2025-11-03;14;1629.956
11;2025-11-03;15;1648.924
11;2025-11-03;16;1586.525
11;2025-11-03;17;1671.168
11;2025-11-03;18;1342.857
11;2025-11-03;19;1072.176
11;2025-11-03;20;838.396
11;2025-11-03;21;622.99
11;2025-11-03;22;341.19
11;2025-11-03;23;235.139
11;2025-11-04;0;107.523
11;2025-11-04;1;11.006
11;2025-11-04;2;0.0
11;2025-11-04;3;0.0
11;2025-11-04;4;1.67
11;2025-11-04;5;118.792
11;2025-11-04;6;473.446
11;2025-11-04;7;500.723
11;2025-11-04;8;658.163
11;2025-11-04;9;945.029
11;2025-11-04;10;1015.625
11;2025-11-04;11;1442.151
11;2025-11-04;12;1584.517
11;2025-11-04;13;1536.409
11;2025-11-04;14;1630.13
11;2025-11-04;15;1649.226
11;2025-11-04;16;1586.829
11;2025-11-04;17;1671.439
11;2025-11-04;18;1343.041
11;2025-11-04;19;1072.01
11;2025-11-04;20;838.01
11;2025-11-04;21;622.675
11;2025-11-04;22;340.841
11;2025-11-04;23;234.948
11;2025-11-05;0;63.116
11;2025-11-05;1;0.0
11;2025-11-05;2;0.0
11;2025-11-05;3;0.0
11;2025-11-05;4;0.0
11;2025-11-05;5;284.486
11;2025-11-05;6;1254.194
11;2025-11-05;7;2437.746
11;2025-11-05;8;3139.701
11;2025-11-05;9;2328.147
11;2025-11-05;10;1849.855
11;2025-11-05;11;1873.206
11;2025-11-05;12;1873.711
11;2025-11-05;13;1995.132
11;2025-11-05;14;1969.7
11;2025-11-05;15;2034.347
11;2025-11-05;16;2170.049
11;2025-11-05;17;2846.124
11;2025-11-05;18;3039.549
11;2025-11-05;19;2237.931
11;2025-11-05;20;1470.168
11;2025-11-05;21;849.985
11;2025-11-05;22;410.56
11;2025-11-05;23;221.901
11;2025-11-06;0;65.535
11;2025-11-06;1;0.81
11;2025-11-06;2;0.0
11;2025-11-06;3;0.0
11;2025-11-06;4;0.0
11;2025-11-06;5;308.538
11;2025-11-06;6;1326.159
11;2025-11-06;7;2460.94
11;2025-11-06;8;3139.361
11;2025-11-06;9;2543.607
11;2025-11-06;10;1984.487
11;2025-11-06;11;1867.199
11;2025-11-06;12;1972.387
11;2025-11-06;13;2120.571
11;2025-11-06;14;2039.779
11;2025-11-06;15;2110.848
11;2025-11-06;16;2357.786
11;2025-11-06;17;2909.956
11;2025-11-06;18;3201.049
11;2025-11-06;19;2306.949
11;2025-11-06;20;1473.514
11;2025-11-06;21;896.652
11;2025-11-06;22;438.081
11;2025-11-06;23;234.864
11;2025-11-07;0;70.575
11;2025-11-07;1;0.902
11;2025-11-07;2;0.0
11;2025-11-07;3;0.0
11;2025-11-07;4;0.0
11;2025-11-07;5;278.258
11;2025-11-07;6;1281.456
11;2025-11-07;7;2260.038
11;2025-11-07;8;3042.68
11;2025-11-07;9;2297.016
11;2025-11-07;10;1853.932
11;2025-11-07;11;1791.987
11;2025-11-07;12;1878.677
11;2025-11-07;13;1888.221
11;2025-11-07;14;1992.276
11;2025-11-07;15;2209.768
11;2025-11-07;16;2434.962
11;2025-11-07;17;2854.988
11;2025-11-07;18;2501.325
11;2025-11-07;19;1959.96
11;2025-11-07;20;1352.379
11;2025-11-07;21;837.499
11;2025-11-07;22;448.94
11;2025-11-07;23;281.852
11;2025-11-08;0;106.751
11;2025-11-08;1;1.858
11;2025-11-08;2;0.0
11;2025-11-08;3;0.0
11;2025-11-08;4;4.136
11;2025-11-08;5;200.741
11;2025-11-08;6;807.698
11;2025-11-08;7;760.166
11;2025-11-08;8;1050.652
11;2025-11-08;9;1183.485
11;2025-11-08;10;1340.57
11;2025-11-08;11;1793.928
11;2025-11-08;12;1991.505
11;2025-11-08;13;1916.453
11;2025-11-08;14;1994.42
11;2025-11-08;15;1932.76
11;2025-11-08;16;1951.811
11;2025-11-08;17;1963.709
11;2025-11-08;18;1634.032
11;2025-11-08;19;1503.062
11;2025-11-08;20;1111.087
11;2025-11-08;21;768.045
11;2025-11-08;22;457.291
11;2025-11-08;23;308.858
11;2025-11-09;0;104.925
11;2025-11-09;1;10.991
11;2025-11-09;2;0.0
11;2025-11-09;3;0.0
11;2025-11-09;4;1.667
11;2025-11-09;5;112.704
11;2025-11-09;6;463.449
11;2025-11-09;7;488.673
11;2025-11-09;8;643.827
11;2025-11-09;9;932.436
11;2025-11-09;10;1006.349
11;2025-11-09;11;1455.817
11;2025-11-09;12;1604.462
11;2025-11-09;13;1556.14
11;2025-11-09;14;1651.719
11;2025-11-09;15;1665.744
11;2025-11-09;16;1603.082
11;2025-11-09;17;1683.666
11;2025-11-09;18;1329.543
11;2025-11-09;19;1054.234
11;2025-11-09;20;824.606
11;2025-11-09;21;611.792
11;2025-11-09;22;341.541
11;2025-11-09;23;236.836
11;2025-11-10;0;72.316
11;2025-11-10;1;6.248
11;2025-11-10;2;0.0
11;2025-11-10;3;0.0
11;2025-11-10;4;0.101
11;2025-11-10;5;273.36
11;2025-11-10;6;1318.835
11;2025-11-10;7;2299.707
11;2025-11-10;8;3042.448
11;2025-11-10;9;2322.342
11;2025-11-10;10;1718.518
11;2025-11-10;11;1752.826
11;2025-11-10;12;1700.101
11;2025-11-10;13;1841.358
11;2025-11-10;14;1846.73
11;2025-11-10;15;2029.501
11;2025-11-10;16;2215.513
11;2025-11-10;17;2745.432
11;2025-11-10;18;3032.179
11;2025-11-10;19;2237.591
11;2025-11-10;20;1390.81
11;2025-11-10;21;808.731
11;2025-11-10;22;383.933
11;2025-11-10;23;199.245
11;2025-11-11;0;61.806
11;2025-11-11;1;0.887
11;2025-11-11;2;0.0
11;2025-11-11;3;0.0
11;2025-11-11;4;0.0
11;2025-11-11;5;270.72
11;2025-11-11;6;1358.627
11;2025-11-11;7;2430.101
11;2025-11-11;8;3293.434
11;2025-11-11;9;2477.209
11;2025-11-11;10;1855.924
11;2025-11-11;11;1806.846
11;2025-11-11;12;1825.61
11;2025-11-11;13;2013.553
11;2025-11-11;14;2024.049
11;2025-11-11;15;2115.108
11;2025-11-11;16;2329.37
11;2025-11-11;17;2882.393
11;2025-11-11;18;3139.827
11;2025-11-11;19;2317.864
11;2025-11-11;20;1483.252
11;2025-11-11;21;847.745
11;2025-11-11;22;414.519
11;2025-11-11;23;208.693
11;2025-11-12;0;63.119
11;2025-11-12;1;0.0
11;2025-11-12;2;0.0
11;2025-11-12;3;0.0
11;2025-11-12;4;0.0
11;2025-11-12;5;283.876
11;2025-11-12;6;1253.011
11;2025-11-12;7;2440.221
11;2025-11-12;8;3142.377
11;2025-11-12;9;2328.313
11;2025-11-12;10;1849.351
11;2025-11-12;11;1872.469
11;2025-11-12;12;1874.114
11;2025-11-12;13;1995.601
11;2025-11-12;14;1970.927
11;2025-11-12;15;2036.685
11;2025-11-12;16;2172.666
11;2025-11-12;17;2849.018
11;2025-11-12;18;3042.054
11;2025-11-12;19;2235.319
11;2025-11-12;20;1465.337
11;2025-11-12;21;846.919
11;2025-11-12;22;407.605
11;2025-11-12;23;220.625
11;2025-11-13;0;65.538
11;2025-11-13;1;0.81
11;2025-11-13;2;0.0
11;2025-11-13;3;0.0
11;2025-11-13;4;0.0
11;2025-11-13;5;307.868
11;2025-11-13;6;1324.913
11;2025-11-13;7;2463.44
11;2025-11-13;8;3142.006
11;2025-11-13;9;2543.785
11;2025-11-13;10;1983.946
11;2025-11-13;11;1866.465
11;2025-11-13;12;1972.806
11;2025-11-13;13;2121.068
11;2025-11-13;14;2041.048
11;2025-11-13;15;2113.283
11;2025-11-13;16;2360.604
11;2025-11-13;17;2912.897
11;2025-11-13;18;3203.659
11;2025-11-13;19;2304.281
11;2025-11-13;20;1468.747
11;2025-11-13;21;893.442
11;2025-11-13;22;434.928
11;2025-11-13;23;233.538
11;2025-11-14;0;70.578
11;2025-11-14;1;0.902
11;2025-11-14;2;0.0
11;2025-11-14;3;0.0
11;2025-11-14;4;0.0
11;2025-11-14;5;277.668
11;2025-11-14;6;1280.268
11;2025-11-14;7;2262.295
11;2025-11-14;8;3045.203
11;2025-11-14;9;2297.179
11;2025-11-14;10;1853.433
11;2025-11-14;11;1791.29
11;2025-11-14;12;1879.076
11;2025-11-14;13;1888.662
11;2025-11-14;14;1993.507
11;2025-11-14;15;2212.281
11;2025-11-14;16;2437.857
11;2025-11-14;17;2857.846
11;2025-11-14;18;2503.366
11;2025-11-14;19;1957.7
11;2025-11-14;20;1348.04
11;2025-11-14;21;834.554
11;2025-11-14;22;445.701
11;2025-11-14;23;280.286
11;2025-11-15;0;106.404
11;2025-11-15;1;1.858
11;2025-11-15;2;0.0
11;2025-11-15;3;0.0
11;2025-11-15;4;4.137
11;2025-11-15;5;198.807
11;2025-11-15;6;804.74
11;2025-11-15;7;758.44
11;2025-11-15;8;1048.422
11;2025-11-15;9;1181.611
11;2025-11-15;10;1338.865
11;2025-11-15;11;1796.252
11;2025-11-15;12;1996.021
11;2025-11-15;13;1920.932
11;2025-11-15;14;1999.835
11;2025-11-15;15;1938.062
11;2025-11-15;16;1957.355
11;2025-11-15;17;1968.134
11;2025-11-15;18;1633.39
11;2025-11-15;19;1498.283
11;2025-11-15;20;1105.443
11;2025-11-15;21;763.756
11;2025-11-15;22;454.569
11;2025-11-15;23;307.703
11;2025-11-16;0;104.571
11;2025-11-16;1;10.99
11;2025-11-16;2;0.0
11;2025-11-16;3;0.0
11;2025-11-16;4;1.667
11;2025-11-16;5;111.626
11;2025-11-16;6;461.68
11;2025-11-16;7;487.476
11;2025-11-16;8;642.361
11;2025-11-16;9;930.803
11;2025-11-16;10;1004.882
11;2025-11-16;11;1457.378
11;2025-11-16;12;1607.74
11;2025-11-16;13;1559.399
11;2025-11-16;14;1655.847
11;2025-11-16;15;1669.939
11;2025-11-16;16;1607.257
11;2025-11-16;17;1687.064
11;2025-11-16;18;1328.763
11;2025-11-16;19;1050.695
11;2025-11-16;20;820.332
11;2025-11-16;21;608.312
11;2025-11-16;22;339.494
11;2025-11-16;23;235.926
11;2025-11-17;0;72.318
11;2025-11-17;1;6.248
11;2025-11-17;2;0.0
11;2025-11-17;3;0.0
11;2025-11-17;4;0.101
11;2025-11-17;5;272.794
11;2025-11-17;6;1317.645
11;2025-11-17;7;2301.916
11;2025-11-17;8;3044.889
11;2025-11-17;9;2322.487
11;2025-11-17;10;1718.062
11;2025-11-17;11;1752.159
11;2025-11-17;12;1700.439
11;2025-11-17;13;1841.762
11;2025-11-17;14;1847.818
11;2025-11-17;15;2031.704
11;2025-11-17;16;2218.036
11;2025-11-17;17;2748.056
11;2025-11-17;18;3034.555
11;2025-11-17;19;2235.087
11;2025-11-17;20;1386.398
11;2025-11-17;21;805.943
11;2025-11-17;22;381.249
11;2025-11-17;23;198.158
11;2025-11-18;0;61.808
11;2025-11-18;1;0.887
11;2025-11-18;2;0.0
11;2025-11-18;3;0.0
11;2025-11-18;4;0.0
11;2025-11-18;5;270.165
11;2025-11-18;6;1357.407
11;2025-11-18;7;2432.391
11;2025-11-18;8;3296.017
11;2025-11-18;9;2477.345
11;2025-11-18;10;1855.43
11;2025-11-18;11;1806.153
11;2025-11-18;12;1825.955
11;2025-11-18;13;2013.974
11;2025-11-18;14;2025.225
11;2025-11-18;15;2117.375
11;2025-11-18;16;2331.993
11;2025-11-18;17;2885.098
11;2025-11-18;18;3142.235
11;2025-11-18;19;2315.307
11;2025-11-18;20;1478.684
11;2025-11-18;21;844.863
11;2025-11-18;22;411.655
11;2025-11-18;23;207.571
11;2025-11-19;0;63.121
11;2025-11-19;1;0.0
11;2025-11-19;2;0.0
11;2025-11-19;3;0.0
11;2025-11-19;4;0.0
11;2025-11-19;5;283.312
11;2025-11-19;6;1251.918
11;2025-11-19;7;2442.509
11;2025-11-19;8;3144.851
11;2025-11-19;9;2328.467
11;2025-11-19;10;1848.885
11;2025-11-19;11;1871.788
11;2025-11-19;12;1874.486
11;2025-11-19;13;1996.035
11;2025-11-19;14;1972.061
11;2025-11-19;15;2038.846
11;2025-11-19;16;2175.085
11;2025-11-19;17;2851.693
11;2025-11-19;18;3044.37
11;2025-11-19;19;2232.905
11;2025-11-19;20;1460.872
11;2025-11-19;21;844.084
11;2025-11-19;22;404.874
11;2025-11-19;23;219.446
11;2025-11-20;0;65.54
11;2025-11-20;1;0.81
11;2025-11-20;2;0.0
11;2025-11-20;3;0.0
11;2025-11-20;4;0.0
11;2025-11-20;5;307.255
11;2025-11-20;6;1323.773
11;2025-11-20;7;2465.726
11;2025-11-20;8;3144.426
11;2025-11-20;9;2543.948
11;2025-11-20;10;1983.452
11;2025-11-20;11;1865.793
11;2025-11-20;12;1973.188
11;2025-11-20;13;2121.522
11;2025-11-20;14;2042.21
11;2025-11-20;15;2115.51
11;2025-11-20;16;2363.181
11;2025-11-20;17;2915.587
11;2025-11-20;18;3206.047
11;2025-11-20;19;2301.841
11;2025-11-20;20;1464.388
11;2025-11-20;21;890.506
11;2025-11-20;22;432.045
11;2025-11-20;23;232.325
11;2025-11-21;0;70.581
11;2025-11-21;1;0.902
11;2025-11-21;2;0.0
11;2025-11-21;3;0.0
11;2025-11-21;4;0.0
11;2025-11-21;5;277.135
11;2025-11-21;6;1279.194
11;2025-11-21;7;2264.336
11;2025-11-21;8;3047.484
11;2025-11-21;9;2297.327
11;2025-11-21;10;1852.982
11;2025-11-21;11;1790.659
11;2025-11-21;12;1879.438
11;2025-11-21;13;1889.061
11;2025-11-21;14;1994.62
11;2025-11-21;15;2214.553
11;2025-11-21;16;2440.475
11;2025-11-21;17;2860.429
11;2025-11-21;18;2505.212
11;2025-11-21;19;1955.656
11;2025-11-21;20;1344.116
11;2025-11-21;21;831.89
11;2025-11-21;22;442.772
11;2025-11-21;23;278.87
11;2025-11-22;0;106.094
11;2025-11-22;1;1.858
11;2025-11-22;2;0.0
11;2025-11-22;3;0.0
11;2025-11-22;4;4.137
11;2025-11-22;5;197.079
11;2025-11-22;6;802.098
11;2025-11-22;7;756.897
11;2025-11-22;8;1046.43
11;2025-11-22;9;1179.936
11;2025-11-22;10;1337.342
11;2025-11-22;11;1798.329
11;2025-11-22;12;2000.056
11;2025-11-22;13;1924.934
11;2025-11-22;14;2004.673
11;2025-11-22;15;1942.799
11;2025-11-22;16;1962.308
11;2025-11-22;17;1972.088
11;2025-11-22;18;1632.817
11;2025-11-22;19;1494.014
11;2025-11-22;20;1100.399
11;2025-11-22;21;759.923
11;2025-11-22;22;452.136
11;2025-11-22;23;306.67
11;2025-11-23;0;104.26
11;2025-11-23;1;10.99
11;2025-11-23;2;0.0
11;2025-11-23;3;0.0
11;2025-11-23;4;1.667
11;2025-11-23;5;110.676
11;2025-11-23;6;460.121
11;2025-11-23;7;486.421
11;2025-11-23;8;641.067
11;2025-11-23;9;929.364
11;2025-11-23;10;1003.589
11;2025-11-23;11;1458.753
11;2025-11-23;12;1610.63
11;2025-11-23;13;1562.273
11;2025-11-23;14;1659.486
11;2025-11-23;15;1673.637
11;2025-11-23;16;1610.937
11;2025-11-23;17;1690.06
11;2025-11-23;18;1328.075
11;2025-11-23;19;1047.576
11;2025-11-23;20;816.565
11;2025-11-23;21;605.244
11;2025-11-23;22;337.689
11;2025-11-23;23;235.125
11;2025-11-24;0;72.32
11;2025-11-24;1;6.248
11;2025-11-24;2;0.0
11;2025-11-24;3;0.0
11;2025-11-24;4;0.101
11;2025-11-24;5;272.302
11;2025-11-24;6;1316.608
11;2025-11-24;7;2303.841
11;2025-11-24;8;3047.016
11;2025-11-24;9;2322.613
11;2025-11-24;10;1717.665
11;2025-11-24;11;1751.578
11;2025-11-24;12;1700.734
11;2025-11-24;13;1842.113
11;2025-11-24;14;1848.766
11;2025-11-24;15;2033.624
11;2025-11-24;16;2220.235
11;2025-11-24;17;2750.342
11;2025-11-24;18;3036.626
11;2025-11-24;19;2232.905
11;2025-11-24;20;1382.554
11;2025-11-24;21;803.514
11;2025-11-24;22;378.909
11;2025-11-24;23;197.21
11;2025-11-25;0;61.809
11;2025-11-25;1;0.887
11;2025-11-25;2;0.0
11;2025-11-25;3;0.0
11;2025-11-25;4;0.0
11;2025-11-25;5;269.686
11;2025-11-25;6;1356.354
11;2025-11-25;7;2434.365
11;2025-11-25;8;3298.243
11;2025-11-25;9;2477.462
11;2025-11-25;10;1855.005
11;2025-11-25;11;1805.556
11;2025-11-25;12;1826.253
11;2025-11-25;13;2014.338
11;2025-11-25;14;2026.24
11;2025-11-25;15;2119.329
11;2025-11-25;16;2334.255
11;2025-11-25;17;2887.429
11;2025-11-25;18;3144.311
11;2025-11-25;19;2313.103
11;2025-11-25;20;1474.745
11;2025-11-25;21;842.379
11;2025-11-25;22;409.186
11;2025-11-25;23;206.604
11;2025-11-26;0;63.124
11;2025-11-26;1;0.0
11;2025-11-26;2;0.0
11;2025-11-26;3;0.0
11;2025-11-26;4;0.0
11;2025-11-26;5;282.831
11;2025-11-26;6;1250.984
11;2025-11-26;7;2444.463
11;2025-11-26;8;3146.965
11;2025-11-26;9;2328.598
11;2025-11-26;10;1848.487
11;2025-11-26;11;1871.206
11;2025-11-26;12;1874.805
11;2025-11-26;13;1996.406
11;2025-11-26;14;1973.03
11;2025-11-26;15;2040.692
11;2025-11-26;16;2177.152
11;2025-11-26;17;2853.979
11;2025-11-26;18;3046.348
11;2025-11-26;19;2230.842
11;2025-11-26;20;1457.057
11;2025-11-26;21;841.662
11;2025-11-26;22;402.54
11;2025-11-26;23;218.439
11;2025-11-27;0;65.542
11;2025-11-27;1;0.81
11;2025-11-27;2;0.0
11;2025-11-27;3;0.0
11;2025-11-27;4;0.0
11;2025-11-27;5;306.735
11;2025-11-27;6;1322.805
11;2025-11-27;7;2467.666
11;2025-11-27;8;3146.478
11;2025-11-27;9;2544.086
11;2025-11-27;10;1983.033
11;2025-11-27;11;1865.223
11;2025-11-27;12;1973.512
11;2025-11-27;13;2121.907
11;2025-11-27;14;2043.195
11;2025-11-27;15;2117.4
11;2025-11-27;16;2365.367
11;2025-11-27;17;2917.869
11;2025-11-27;18;3208.072
11;2025-11-27;19;2299.771
11;2025-11-27;20;1460.69
11;2025-11-27;21;888.015
11;2025-11-27;22;429.599
11;2025-11-27;23;231.296
11;2025-11-28;0;70.583
11;2025-11-28;1;0.902
11;2025-11-28;2;0.0
11;2025-11-28;3;0.0
11;2025-11-28;4;0.0
11;2025-11-28;5;276.685
11;2025-11-28;6;1278.287
11;2025-11-28;7;2266.059
11;2025-11-28;8;3049.41
11;2025-11-28;9;2297.452
11;2025-11-28;10;1852.602
11;2025-11-28;11;1790.126
11;2025-11-28;12;1879.743
11;2025-11-28;13;1889.397
11;2025-11-28;14;1995.56
11;2025-11-28;15;2216.471
11;2025-11-28;16;2442.686
11;2025-11-28;17;2862.611
11;2025-11-28;18;2506.77
11;2025-11-28;19;1953.931
11;2025-11-28;20;1340.803
11;2025-11-28;21;829.641
11;2025-11-28;22;440.299
11;2025-11-28;23;277.674
11;2025-11-29;0;105.833
11;2025-11-29;1;1.859
11;2025-11-29;2;0.0
11;2025-11-29;3;0.0
11;2025-11-29;4;4.138
11;2025-11-29;5;195.623
11;2025-11-29;6;799.872
11;2025-11-29;7;755.598
11;2025-11-29;8;1044.752
11;2025-11-29;9;1178.526
11;2025-11-29;10;1336.06
11;2025-11-29;11;1800.079
11;2025-11-29;12;2003.455
11;2025-11-29;13;1928.305
11;2025-11-29;14;2008.748
11;2025-11-29;15;1946.789
11;2025-11-29;16;1966.48
11;2025-11-29;17;1975.418
11;2025-11-29;18;1632.334
11;2025-11-29;19;1490.418
11;2025-11-29;20;1096.152
11;2025-11-29;21;756.695
11;2025-11-29;22;450.088
11;2025-11-29;23;305.8
11;2025-11-30;0;103.997
11;2025-11-30;1;10.989
11;2025-11-30;2;0.0
11;2025-11-30;3;0.0
11;2025-11-30;4;1.667
11;2025-11-30;5;109.876
11;2025-11-30;6;458.808
11;2025-11-30;7;485.532
11;2025-11-30;8;639.979
11;2025-11-30;9;928.152
11;2025-11-30;10;1002.5
11;2025-11-30;11;1459.912
11;2025-11-30;12;1613.063
11;2025-11-30;13;1564.692
11;2025-11-30;14;1662.55
11;2025-11-30;15;1676.751
11;2025-11-30;16;1614.036
11;2025-11-30;17;1692.583
11;2025-11-30;18;1327.497
11;2025-11-30;19;1044.949
11;2025-11-30;20;813.393
11;2025-11-30;21;602.66
11;2025-11-30;22;336.169
11;2025-11-30;23;234.45
11;2025-12-01;0;72.322
11;2025-12-01;1;6.248
11;2025-12-01;2;0.0
11;2025-12-01;3;0.0
11;2025-12-01;4;0.101
11;2025-12-01;5;271.887
11;2025-12-01;6;1315.736
11;2025-12-01;7;2305.459
11;2025-12-01;8;3048.805
11;2025-12-01;9;2322.72
11;2025-12-01;10;1717.33
11;2025-12-01;11;1751.09
11;2025-12-01;12;1700.982
11;2025-12-01;13;1842.409
11;2025-12-01;14;1849.563
11;2025-12-01;15;2035.239
11;2025-12-01;16;2222.085
11;2025-12-01;17;2752.265
11;2025-12-01;18;3038.367
11;2025-12-01;19;2231.07
11;2025-12-01;20;1379.321
11;2025-12-01;21;801.47
11;2025-12-01;22;376.942
11;2025-12-01;23;196.413
11;2025-12-02;0;61.811
11;2025-12-02;1;0.887
11;2025-12-02;2;0.0
11;2025-12-02;3;0.0
11;2025-12-02;4;0.0
11;2025-12-02;5;269.285
11;2025-12-02;6;1355.472
11;2025-12-02;7;2436.02
11;2025-12-02;8;3300.109
11;2025-12-02;9;2477.56
11;2025-12-02;10;1854.648
11;2025-12-02;11;1805.056
11;2025-12-02;12;1826.503
11;2025-12-02;13;2014.643
11;2025-12-02;14;2027.09
11;2025-12-02;15;2120.967
11;2025-12-02;16;2336.15
11;2025-12-02;17;2889.383
11;2025-12-02;18;3146.05
11;2025-12-02;19;2311.256
11;2025-12-02;20;1471.444
11;2025-12-02;21;840.297
11;2025-12-02;22;407.117
11;2025-12-02;23;205.793
11;2025-12-03;0;63.125
11;2025-12-03;1;0.0
11;2025-12-03;2;0.0
11;2025-12-03;3;0.0
11;2025-12-03;4;0.0
11;2025-12-03;5;282.429
11;2025-12-03;6;1250.206
11;2025-12-03;7;2446.092
11;2025-12-03;8;3148.727
11;2025-12-03;9;2328.707
11;2025-12-03;10;1848.155
11;2025-12-03;11;1870.721
11;2025-12-03;12;1875.07
11;2025-12-03;13;1996.715
11;2025-12-03;14;1973.838
11;2025-12-03;15;2042.231
11;2025-12-03;16;2178.874
11;2025-12-03;17;2855.883
11;2025-12-03;18;3047.997
11;2025-12-03;19;2229.123
11;2025-12-03;20;1453.877
11;2025-12-03;21;839.643
11;2025-12-03;22;400.595
11;2025-12-03;23;217.6
11;2025-12-04;0;65.544
11;2025-12-04;1;0.81
11;2025-12-04;2;0.0
11;2025-12-04;3;0.0
11;2025-12-04;4;0.0
11;2025-12-04;5;306.305
11;2025-12-04;6;1322.007
11;2025-12-04;7;2469.268
11;2025-12-04;8;3148.173
11;2025-12-04;9;2544.2
11;2025-12-04;10;1982.687
11;2025-12-04;11;1864.752
11;2025-12-04;12;1973.78
11;2025-12-04;13;2122.226
11;2025-12-04;14;2044.009
11;2025-12-04;15;2118.961
11;2025-12-04;16;2367.174
11;2025-12-04;17;2919.754
11;2025-12-04;18;3209.745
11;2025-12-04;19;2298.061
11;2025-12-04;20;1457.635
11;2025-12-04;21;885.957
11;2025-12-04;22;427.578
11;2025-12-04;23;230.446
11;2025-12-05;0;70.585
11;2025-12-05;1;0.902
11;2025-12-05;2;0.0
11;2025-12-05;3;0.0
11;2025-12-05;4;0.0
11;2025-12-05;5;276.318
11;2025-12-05;6;1277.547
11;2025-12-05;7;2267.465
11;2025-12-05;8;3050.982
11;2025-12-05;9;2297.553
11;2025-12-05;10;1852.291
11;2025-12-05;11;1789.691
11;2025-12-05;12;1879.992
11;2025-12-05;13;1889.672
11;2025-12-05;14;1996.326
11;2025-12-05;15;2218.037
11;2025-12-05;16;2444.49
11;2025-12-05;17;2864.391
11;2025-12-05;18;2508.042
11;2025-12-05;19;1952.523
11;2025-12-05;20;1338.1
11;2025-12-05;21;827.806
11;2025-12-05;22;438.281
11;2025-12-05;23;276.698
11;2025-12-06;0;105.623
11;2025-12-06;1;1.859
11;2025-12-06;2;0.0
11;2025-12-06;3;0.0
11;2025-12-06;4;4.138
11;2025-12-06;5;194.454
11;2025-12-06;6;798.083
11;2025-12-06;7;754.554
11;2025-12-06;8;1043.404
11;2025-12-06;9;1177.393
11;2025-12-06;10;1335.029
11;2025-12-06;11;1801.484
11;2025-12-06;12;2006.185
11;2025-12-06;13;1931.013
11;2025-12-06;14;2012.021
11;2025-12-06;15;1949.995
11;2025-12-06;16;1969.831
11;2025-12-06;17;1978.094
11;2025-12-06;18;1631.946
11;2025-12-06;19;1487.529
11;2025-12-06;20;1092.739
11;2025-12-06;21;754.102
11;2025-12-06;22;448.442
11;2025-12-06;23;305.101
11;2025-12-07;0;103.791
11;2025-12-07;1;10.989
11;2025-12-07;2;0.0
11;2025-12-07;3;0.0
11;2025-12-07;4;1.666
11;2025-12-07;5;109.246
11;2025-12-07;6;457.774
11;2025-12-07;7;484.833
11;2025-12-07;8;639.122
11;2025-12-07;9;927.198
11;2025-12-07;10;1001.643
11;2025-12-07;11;1460.824
11;2025-12-07;12;1614.978
11;2025-12-07;13;1566.596
11;2025-12-07;14;1664.962
11;2025-12-07;15;1679.202
11;2025-12-07;16;1616.475
11;2025-12-07;17;1694.569
11;2025-12-07;18;1327.041
11;2025-12-07;19;1042.882
11;2025-12-07;20;810.895
11;2025-12-07;21;600.627
11;2025-12-07;22;334.972
11;2025-12-07;23;233.918
11;2025-12-08;0;72.324
11;2025-12-08;1;6.249
11;2025-12-08;2;0.0
11;2025-12-08;3;0.0
11;2025-12-08;4;0.101
11;2025-12-08;5;271.568
11;2025-12-08;6;1315.065
11;2025-12-08;7;2306.706
11;2025-12-08;8;3050.182
11;2025-12-08;9;2322.801
11;2025-12-08;10;1717.073
11;2025-12-08;11;1750.714
11;2025-12-08;12;1701.173
11;2025-12-08;13;1842.637
11;2025-12-08;14;1850.177
11;2025-12-08;15;2036.482
11;2025-12-08;16;2223.509
11;2025-12-08;17;2753.745
11;2025-12-08;18;3039.708
11;2025-12-08;19;2229.657
11;2025-12-08;20;1376.832
11;2025-12-08;21;799.897
11;2025-12-08;22;375.428
11;2025-12-08;23;195.799
11;2025-12-09;0;61.812
11;2025-12-09;1;0.887
11;2025-12-09;2;0.0
11;2025-12-09;3;0.0
11;2025-12-09;4;0.0
11;2025-12-09;5;268.984
11;2025-12-09;6;1354.81
11;2025-12-09;7;2437.262
11;2025-12-09;8;3301.51
11;2025-12-09;9;2477.633
11;2025-12-09;10;1854.38
11;2025-12-09;11;1804.68
11;2025-12-09;12;1826.69
11;2025-12-09;13;2014.872
11;2025-12-09;14;2027.728
11;2025-12-09;15;2122.196
11;2025-12-09;16;2337.573
11;2025-12-09;17;2890.85
11;2025-12-09;18;3147.357
11;2025-12-09;19;2309.869
11;2025-12-09;20;1468.966
11;2025-12-09;21;838.734
11;2025-12-09;22;405.563
11;2025-12-09;23;205.184
11;2025-12-10;0;63.127
11;2025-12-10;1;0.0
11;2025-12-10;2;0.0
11;2025-12-10;3;0.0
11;2025-12-10;4;0.0
11;2025-12-10;5;282.136
11;2025-12-10;6;1249.637
11;2025-12-10;7;2447.281
11;2025-12-10;8;3150.012
11;2025-12-10;9;2328.786
11;2025-12-10;10;1847.912
11;2025-12-10;11;1870.368
11;2025-12-10;12;1875.263
11;2025-12-10;13;1996.94
11;2025-12-10;14;1974.427
11;2025-12-10;15;2043.354
11;2025-12-10;16;2180.131
11;2025-12-10;17;2857.274
11;2025-12-10;18;3049.201
11;2025-12-10;19;2227.868
11;2025-12-10;20;1451.557
11;2025-12-10;21;838.17
11;2025-12-10;22;399.175
11;2025-12-10;23;216.987
11;2025-12-11;0;65.545
11;2025-12-11;1;0.81
11;2025-12-11;2;0.0
11;2025-12-11;3;0.0
11;2025-12-11;4;0.0
11;2025-12-11;5;306.002
11;2025-12-11;6;1321.442
11;2025-12-11;7;2470.401
11;2025-12-11;8;3149.372
11;2025-12-11;9;2544.28
11;2025-12-11;10;1982.442
11;2025-12-11;11;1864.419
11;2025-12-11;12;1973.97
11;2025-12-11;13;2122.451
11;2025-12-11;14;2044.584
11;2025-12-11;15;2120.064
11;2025-12-11;16;2368.451
11;2025-12-11;17;2921.087
11;2025-12-11;18;3210.928
11;2025-12-11;19;2296.852
11;2025-12-11;20;1455.475
11;2025-12-11;21;884.502
11;2025-12-11;22;426.149
11;2025-12-11;23;229.845
11;2025-12-12;0;70.586
11;2025-12-12;1;0.903
11;2025-12-12;2;0.0
11;2025-12-12;3;0.0
11;2025-12-12;4;0.0
11;2025-12-12;5;276.068
11;2025-12-12;6;1277.043
11;2025-12-12;7;2268.424
11;2025-12-12;8;3052.054
11;2025-12-12;9;2297.623
11;2025-12-12;10;1852.079
11;2025-12-12;11;1789.395
11;2025-12-12;12;1880.162
11;2025-12-12;13;1889.859
11;2025-12-12;14;1996.849
11;2025-12-12;15;2219.104
11;2025-12-12;16;2445.72
11;2025-12-12;17;2865.605
11;2025-12-12;18;2508.909
11;2025-12-12;19;1951.563
11;2025-12-12;20;1336.256
11;2025-12-12;21;826.554
11;2025-12-12;22;436.905
11;2025-12-12;23;276.033
11;2025-12-13;0;105.486
11;2025-12-13;1;1.859
11;2025-12-13;2;0.0
11;2025-12-13;3;0.0
11;2025-12-13;4;4.138
11;2025-12-13;5;193.689
11;2025-12-13;6;796.914
11;2025-12-13;7;753.871
11;2025-12-13;8;1042.522
11;2025-12-13;9;1176.652
11;2025-12-13;10;1334.355
11;2025-12-13;11;1802.403
11;2025-12-13;12;2007.971
11;2025-12-13;13;1932.784
11;2025-12-13;14;2014.163
11;2025-12-13;15;1952.091
11;2025-12-13;16;1972.024
11;2025-12-13;17;1979.844
11;2025-12-13;18;1631.693
11;2025-12-13;19;1485.639
11;2025-12-13;20;1090.507
11;2025-12-13;21;752.406
11;2025-12-13;22;447.365
11;2025-12-13;23;304.644
11;2025-12-14;0;103.662
11;2025-12-14;1;10.988
11;2025-12-14;2;0.0
11;2025-12-14;3;0.0
11;2025-12-14;4;1.666
11;2025-12-14;5;108.853
11;2025-12-14;6;457.129
11;2025-12-14;7;484.396
11;2025-12-14;8;638.587
11;2025-12-14;9;926.602
11;2025-12-14;10;1001.108
11;2025-12-14;11;1461.393
11;2025-12-14;12;1616.174
11;2025-12-14;13;1567.785
11;2025-12-14;14;1666.468
11;2025-12-14;15;1680.732
11;2025-12-14;16;1617.998
11;2025-12-14;17;1695.808
11;2025-12-14;18;1326.756
11;2025-12-14;19;1041.591
11;2025-12-14;20;809.336
11;2025-12-14;21;599.357
11;2025-12-14;22;334.225
11;2025-12-14;23;233.587
11;2025-12-15;0;72.325
11;2025-12-15;1;6.249
11;2025-12-15;2;0.0
11;2025-12-15;3;0.0
11;2025-12-15;4;0.101
11;2025-12-15;5;271.379
11;2025-12-15;6;1314.667
11;2025-12-15;7;2307.444
11;2025-12-15;8;3050.999
11;2025-12-15;9;2322.85
11;2025-12-15;10;1716.921
11;2025-12-15;11;1750.491
11;2025-12-15;12;1701.286
11;2025-12-15;13;1842.772
11;2025-12-15;14;1850.54
11;2025-12-15;15;2037.218
11;2025-12-15;16;2224.353
11;2025-12-15;17;2754.622
11;2025-12-15;18;3040.502
11;2025-12-15;19;2228.82
11;2025-12-15;20;1375.356
11;2025-12-15;21;798.965
11;2025-12-15;22;374.53
11;2025-12-15;23;195.435
11;2025-12-16;0;61.812
11;2025-12-16;1;0.887
11;2025-12-16;2;0.0
11;2025-12-16;3;0.0
11;2025-12-16;4;0.0
11;2025-12-16;5;268.816
11;2025-12-16;6;1354.44
11;2025-12-16;7;2437.957
11;2025-12-16;8;3302.293
11;2025-12-16;9;2477.675
11;2025-12-16;10;1854.23
11;2025-12-16;11;1804.47
11;2025-12-16;12;1826.795
11;2025-12-16;13;2014.999
11;2025-12-16;14;2028.085
11;2025-12-16;15;2122.884
11;2025-12-16;16;2338.369
11;2025-12-16;17;2891.67
11;2025-12-16;18;3148.087
11;2025-12-16;19;2309.094
11;2025-12-16;20;1467.58
11;2025-12-16;21;837.86
11;2025-12-16;22;404.694
11;2025-12-16;23;204.844
11;2025-12-17;0;63.127
11;2025-12-17;1;0.0
11;2025-12-17;2;0.0
11;2025-12-17;3;0.0
11;2025-12-17;4;0.0
11;2025-12-17;5;281.983
11;2025-12-17;6;1249.34
11;2025-12-17;7;2447.903
11;2025-12-17;8;3150.685
11;2025-12-17;9;2328.828
11;2025-12-17;10;1847.786
11;2025-12-17;11;1870.183
11;2025-12-17;12;1875.365
11;2025-12-17;13;1997.058
11;2025-12-17;14;1974.735
11;2025-12-17;15;2043.941
11;2025-12-17;16;2180.789
11;2025-12-17;17;2858.0
11;2025-12-17;18;3049.83
11;2025-12-17;19;2227.212
11;2025-12-17;20;1450.343
11;2025-12-17;21;837.4
11;2025-12-17;22;398.433
11;2025-12-17;23;216.667
11;2025-12-18;0;65.546
11;2025-12-18;1;0.81
11;2025-12-18;2;0.0
11;2025-12-18;3;0.0
11;2025-12-18;4;0.0
11;2025-12-18;5;305.855
11;2025-12-18;6;1321.168
11;2025-12-18;7;2470.949
11;2025-12-18;8;3149.952
11;2025-12-18;9;2544.319
11;2025-12-18;10;1982.324
11;2025-12-18;11;1864.258
11;2025-12-18;12;1974.062
11;2025-12-18;13;2122.56
11;2025-12-18;14;2044.862
11;2025-12-18;15;2120.598
11;2025-12-18;16;2369.069
11;2025-12-18;17;2921.732
11;2025-12-18;18;3211.501
11;2025-12-18;19;2296.267
11;2025-12-18;20;1454.43
11;2025-12-18;21;883.798
11;2025-12-18;22;425.458
11;2025-12-18;23;229.554
11;2025-12-19;0;70.587
11;2025-12-19;1;0.903
11;2025-12-19;2;0.0
11;2025-12-19;3;0.0
11;2025-12-19;4;0.0
11;2025-12-19;5;275.957
11;2025-12-19;6;1276.82
11;2025-12-19;7;2268.848
11;2025-12-19;8;3052.528
11;2025-12-19;9;2297.653
11;2025-12-19;10;1851.986
11;2025-12-19;11;1789.264
11;2025-12-19;12;1880.237
11;2025-12-19;13;1889.942
11;2025-12-19;14;1997.08
11;2025-12-19;15;2219.576
11;2025-12-19;16;2446.263
11;2025-12-19;17;2866.141
11;2025-12-19;18;2509.293
11;2025-12-19;19;1951.138
11;2025-12-19;20;1335.442
11;2025-12-19;21;826.001
11;2025-12-19;22;436.296
11;2025-12-19;23;275.739
11;2025-12-20;0;105.431
11;2025-12-20;1;1.859
11;2025-12-20;2;0.0
11;2025-12-20;3;0.0
11;2025-12-20;4;4.138
11;2025-12-20;5;193.387
11;2025-12-20;6;796.451
11;2025-12-20;7;753.601
11;2025-12-20;8;1042.173
11;2025-12-20;9;1176.359
11;2025-12-20;10;1334.089
11;2025-12-20;11;1802.767
11;2025-12-20;12;2008.677
11;2025-12-20;13;1933.485
11;2025-12-20;14;2015.009
11;2025-12-20;15;1952.92
11;2025-12-20;16;1972.891
11;2025-12-20;17;1980.536
11;2025-12-20;18;1631.592
11;2025-12-20;19;1484.892
11;2025-12-20;20;1089.624
11;2025-12-20;21;751.735
11;2025-12-20;22;446.939
11;2025-12-20;23;304.463
11;2025-12-21;0;103.618
11;2025-12-21;1;10.988
11;2025-12-21;2;0.0
11;2025-12-21;3;0.0
11;2025-12-21;4;1.666
11;2025-12-21;5;108.719
11;2025-12-21;6;456.909
11;2025-12-21;7;484.247
11;2025-12-21;8;638.404
11;2025-12-21;9;926.399
11;2025-12-21;10;1000.926
11;2025-12-21;11;1461.587
11;2025-12-21;12;1616.581
11;2025-12-21;13;1568.19
11;2025-12-21;14;1666.981
11;2025-12-21;15;1681.254
11;2025-12-21;16;1618.516
11;2025-12-21;17;1696.231
11;2025-12-21;18;1326.66
11;2025-12-21;19;1041.151
11;2025-12-21;20;808.805
11;2025-12-21;21;598.925
11;2025-12-21;22;333.971
11;2025-12-21;23;233.474
11;2025-12-22;0;72.325
11;2025-12-22;1;6.249
11;2025-12-22;2;0.0
11;2025-12-22;3;0.0
11;2025-12-22;4;0.101
11;2025-12-22;5;271.327
11;2025-12-22;6;1314.558
11;2025-12-22;7;2307.647
11;2025-12-22;8;3051.223
11;2025-12-22;9;2322.863
11;2025-12-22;10;1716.879
11;2025-12-22;11;1750.43
11;2025-12-22;12;1701.317
11;2025-12-22;13;1842.809
11;2025-12-22;14;1850.64
11;2025-12-22;15;2037.421
11;2025-12-22;16;2224.584
11;2025-12-22;17;2754.863
11;2025-12-22;18;3040.72
11;2025-12-22;19;2228.59
11;2025-12-22;20;1374.952
11;2025-12-22;21;798.709
11;2025-12-22;22;374.284
11;2025-12-22;23;195.336
11;2025-12-23;0;61.812
11;2025-12-23;1;0.887
11;2025-12-23;2;0.0
11;2025-12-23;3;0.0
11;2025-12-23;4;0.0
11;2025-12-23;5;268.783
11;2025-12-23;6;1354.368
11;2025-12-23;7;2438.09
11;2025-12-23;8;3302.443
11;2025-12-23;9;2477.683
11;2025-12-23;10;1854.201
11;2025-12-23;11;1804.43
11;2025-12-23;12;1826.815
11;2025-12-23;13;2015.024
11;2025-12-23;14;2028.153
11;2025-12-23;15;2123.016
11;2025-12-23;16;2338.522
11;2025-12-23;17;2891.828
11;2025-12-23;18;3148.227
11;2025-12-23;19;2308.944
11;2025-12-23;20;1467.313
11;2025-12-23;21;837.692
11;2025-12-23;22;404.527
11;2025-12-23;23;204.778
11;2025-12-24;0;63.127
11;2025-12-24;1;0.0
11;2025-12-24;2;0.0
11;2025-12-24;3;0.0
11;2025-12-24;4;0.0
11;2025-12-24;5;281.97
11;2025-12-24;6;1249.314
11;2025-12-24;7;2447.958
11;2025-12-24;8;3150.744
11;2025-12-24;9;2328.832
11;2025-12-24;10;1847.774
11;2025-12-24;11;1870.166
11;2025-12-24;12;1875.374
11;2025-12-24;13;1997.069
11;2025-12-24;14;1974.763
11;2025-12-24;15;2043.993
11;2025-12-24;16;2180.847
11;2025-12-24;17;2858.065
11;2025-12-24;18;3049.886
11;2025-12-24;19;2227.154
11;2025-12-24;20;1450.236
11;2025-12-24;21;837.331
11;2025-12-24;22;398.367
11;2025-12-24;23;216.638
11;2025-12-25;0;65.546
11;2025-12-25;1;0.81
11;2025-12-25;2;0.0
11;2025-12-25;3;0.0
11;2025-12-25;4;0.0
11;2025-12-25;5;305.862
11;2025-12-25;6;1321.181
11;2025-12-25;7;2470.923
11;2025-12-25;8;3149.924
11;2025-12-25;9;2544.317
11;2025-12-25;10;1982.329
11;2025-12-25;11;1864.266
11;2025-12-25;12;1974.057
11;2025-12-25;13;2122.555
11;2025-12-25;14;2044.849
11;2025-12-25;15;2120.573
11;2025-12-25;16;2369.039
11;2025-12-25;17;2921.701
11;2025-12-25;18;3211.474
11;2025-12-25;19;2296.295
11;2025-12-25;20;1454.479
11;2025-12-25;21;883.831
11;2025-12-25;22;425.49
11;2025-12-25;23;229.567
11;2025-12-26;0;70.587
11;2025-12-26;1;0.903
11;2025-12-26;2;0.0
11;2025-12-26;3;0.0
11;2025-12-26;4;0.0
11;2025-12-26;5;275.983
11;2025-12-26;6;1276.871
11;2025-12-26;7;2268.749
11;2025-12-26;8;3052.418
11;2025-12-26;9;2297.646
11;2025-12-26;10;1852.007
11;2025-12-26;11;1789.294
11;2025-12-26;12;1880.219
11;2025-12-26;13;1889.923
11;2025-12-26;14;1997.027
11;2025-12-26;15;2219.466
11;2025-12-26;16;2446.137
11;2025-12-26;17;2866.017
11;2025-12-26;18;2509.204
11;2025-12-26;19;1951.237
11;2025-12-26;20;1335.631
11;2025-12-26;21;826.129
11;2025-12-26;22;436.438
11;2025-12-26;23;275.807
11;2025-12-27;0;95.092
11;2025-12-27;1;1.676
11;2025-12-27;2;0.0
11;2025-12-27;3;0.0
11;2025-12-27;4;3.732
11;2025-12-27;5;174.511
11;2025-12-27;6;718.366
11;2025-12-27;7;679.643
11;2025-12-27;8;939.883
11;2025-12-27;9;1060.853
11;2025-12-27;10;1203.067
11;2025-12-27;11;1625.393
11;2025-12-27;12;1810.91
11;2025-12-27;13;1743.111
11;2025-12-27;14;1816.556
11;2025-12-27;15;1760.579
11;2025-12-27;16;1778.569
11;2025-12-27;17;1785.541
11;2025-12-27;18;1471.252
11;2025-12-27;19;1339.261
11;2025-12-27;20;982.908
11;2025-12-27;21;678.138
11;2025-12-27;22;403.195
11;2025-12-27;23;274.615
11;2025-12-28;0;93.468
11;2025-12-28;1;9.908
11;2025-12-28;2;0.0
11;2025-12-28;3;0.0
11;2025-12-28;4;1.503
11;2025-12-28;5;98.14
11;2025-12-28;6;412.173
11;2025-12-28;7;436.766
11;2025-12-28;8;575.797
11;2025-12-28;9;835.498
11;2025-12-28;10;902.682
11;2025-12-28;11;1317.756
11;2025-12-28;12;1457.341
11;2025-12-28;13;1413.709
11;2025-12-28;14;1502.702
11;2025-12-28;15;1515.564
11;2025-12-28;16;1458.996
11;2025-12-28;17;1529.149
11;2025-12-28;18;1196.327
11;2025-12-28;19;939.162
11;2025-12-28;20;729.73
11;2025-12-28;21;540.4
11;2025-12-28;22;301.348
11;2025-12-28;23;210.615
11;2025-12-29;0;64.94
11;2025-12-29;1;5.611
11;2025-12-29;2;0.0
11;2025-12-29;3;0.0
11;2025-12-29;4;0.091
11;2025-12-29;5;243.699
11;2025-12-29;6;1180.498
11;2025-12-29;7;2071.745
11;2025-12-29;8;2739.371
11;2025-12-29;9;2085.68
11;2025-12-29;10;1541.646
11;2025-12-29;11;1571.799
11;2025-12-29;12;1527.568
11;2025-12-29;13;1654.605
11;2025-12-29;14;1661.546
11;2025-12-29;15;1829.109
11;2025-12-29;16;1997.121
11;2025-12-29;17;2473.245
11;2025-12-29;18;2729.949
11;2025-12-29;19;2001.381
11;2025-12-29;20;1235.151
11;2025-12-29;21;717.529
11;2025-12-29;22;336.423
11;2025-12-29;23;175.535
11;2025-12-30;0;55.501
11;2025-12-30;1;0.796
11;2025-12-30;2;0.0
11;2025-12-30;3;0.0
11;2025-12-30;4;0.0
11;2025-12-30;5;241.432
11;2025-12-30;6;1216.288
11;2025-12-30;7;2188.785
11;2025-12-30;8;2964.839
11;2025-12-30;9;2224.689
11;2025-12-30;10;1664.969
11;2025-12-30;11;1620.311
11;2025-12-30;12;1640.24
11;2025-12-30;13;1809.221
11;2025-12-30;14;1820.885
11;2025-12-30;15;1905.883
11;2025-12-30;16;2099.328
11;2025-12-30;17;2596.127
11;2025-12-30;18;2826.397
11;2025-12-30;19;2073.622
11;2025-12-30;20;1318.252
11;2025-12-30;21;752.637
11;2025-12-30;22;363.696
11;2025-12-30;23;184.055
11;2025-12-31;0;107.587
11;2025-12-31;1;11.012
11;2025-12-31;2;0.0
11;2025-12-31;3;0.0
11;2025-12-31;4;1.671
11;2025-12-31;5;117.809
11;2025-12-31;6;471.84
11;2025-12-31;7;503.025
11;2025-12-31;8;660.706
11;2025-12-31;9;945.704
11;2025-12-31;10;1014.925
11;2025-12-31;11;1440.462
11;2025-12-31;12;1586.584
11;2025-12-31;13;1538.529
11;2025-12-31;14;1634.995
11;2025-12-31;15;1657.645
11;2025-12-31;16;1595.325
11;2025-12-31;17;1679.0
11;2025-12-31;18;1348.16
11;2025-12-31;19;1067.372
11;2025-12-31;20;827.238
11;2025-12-31;21;613.881
11;2025-12-31;22;331.115
11;2025-12-31;23;229.617
12;2025-11-01;0;55.485
12;2025-11-01;1;2.179
12;2025-11-01;2;0.0
12;2025-11-01;3;0.0
12;2025-11-01;4;4.735
12;2025-11-01;5;307.228
12;2025-11-01;6;1333.095
12;2025-11-01;7;2567.223
12;2025-11-01;8;3314.06
12;2025-11-01;9;2334.568
12;2025-11-01;10;1903.395
12;2025-11-01;11;1984.028
12;2025-11-01;12;2025.617
12;2025-11-01;13;2029.446
12;2025-11-01;14;2084.272
12;2025-11-01;15;2383.279
12;2025-11-01;16;2993.977
12;2025-11-01;17;2992.146
12;2025-11-01;18;2567.102
12;2025-11-01;19;2168.583
12;2025-11-01;20;1395.351
12;2025-11-01;21;937.703
12;2025-11-01;22;494.098
12;2025-11-01;23;289.449
12;2025-11-02;0;90.304
12;2025-11-02;1;6.645
12;2025-11-02;2;0.0
12;2025-11-02;3;0.0
12;2025-11-02;4;2.186
12;2025-11-02;5;150.726
12;2025-11-02;6;507.057
12;2025-11-02;7;637.201
12;2025-11-02;8;727.613
12;2025-11-02;9;952.959
12;2025-11-02;10;1173.729
12;2025-11-02;11;1324.6
12;2025-11-02;12;1400.583
12;2025-11-02;13;1646.76
12;2025-11-02;14;1540.806
12;2025-11-02;15;1471.763
12;2025-11-02;16;1539.097
12;2025-11-02;17;1554.307
12;2025-11-02;18;1289.964
12;2025-11-02;19;1032.123
12;2025-11-02;20;771.842
12;2025-11-02;21;590.791
12;2025-11-02;22;382.951
12;2025-11-02;23;202.902
12;2025-11-03;0;92.191
12;2025-11-03;1;6.65
12;2025-11-03;2;0.0
12;2025-11-03;3;0.0
12;2025-11-03;4;2.188
12;2025-11-03;5;157.307
12;2025-11-03;6;515.691
12;2025-11-03;7;650.489
12;2025-11-03;8;741.557
12;2025-11-03;9;963.478
12;2025-11-03;10;1182.043
12;2025-11-03;11;1312.682
12;2025-11-03;12;1385.229
12;2025-11-03;13;1628.252
12;2025-11-03;14;1523.389
12;2025-11-03;15;1459.909
12;2025-11-03;16;1526.419
12;2025-11-03;17;1545.042
12;2025-11-03;18;1301.187
12;2025-11-03;19;1045.28
12;2025-11-03;20;779.949
12;2025-11-03;21;597.598
12;2025-11-03;22;379.89
12;2025-11-03;23;200.487
12;2025-11-04;0;92.193
12;2025-11-04;1;6.65
12;2025-11-04;2;0.0
12;2025-11-04;3;0.0
12;2025-11-04;4;2.188
12;2025-11-04;5;157.26
12;2025-11-04;6;515.629
12;2025-11-04;7;650.596
12;2025-11-04;8;741.662
12;2025-11-04;9;963.505
12;2025-11-04;10;1182.016
12;2025-11-04;11;1312.629
12;2025-11-04;12;1385.297
12;2025-11-04;13;1628.336
12;2025-11-04;14;1523.557
12;2025-11-04;15;1460.178
12;2025-11-04;16;1526.715
12;2025-11-04;17;1545.296
12;2025-11-04;18;1301.366
12;2025-11-04;19;1045.121
12;2025-11-04;20;779.593
12;2025-11-04;21;597.299
12;2025-11-04;22;379.5
12;2025-11-04;23;200.323
12;2025-11-05;0;60.66
12;2025-11-05;1;1.895
12;2025-11-05;2;0.0
12;2025-11-05;3;0.0
12;2025-11-05;4;6.278
12;2025-11-05;5;337.021
12;2025-11-05;6;1428.727
12;2025-11-05;7;2727.883
12;2025-11-05;8;3585.795
12;2025-11-05;9;2539.257
12;2025-11-05;10;2150.953
12;2025-11-05;11;2062.337
12;2025-11-05;12;2096.652
12;2025-11-05;13;2083.565
12;2025-11-05;14;2057.76
12;2025-11-05;15;2282.086
12;2025-11-05;16;2770.002
12;2025-11-05;17;3091.775
12;2025-11-05;18;3251.393
12;2025-11-05;19;2528.934
12;2025-11-05;20;1510.316
12;2025-11-05;21;986.668
12;2025-11-05;22;500.38
12;2025-11-05;23;257.374
12;2025-11-06;0;51.313
12;2025-11-06;1;2.7
12;2025-11-06;2;0.0
12;2025-11-06;3;0.0
12;2025-11-06;4;5.892
12;2025-11-06;5;315.994
12;2025-11-06;6;1370.217
12;2025-11-06;7;2739.019
12;2025-11-06;8;3564.807
12;2025-11-06;9;2408.762
12;2025-11-06;10;2043.597
12;2025-11-06;11;2005.301
12;2025-11-06;12;2103.05
12;2025-11-06;13;2032.593
12;2025-11-06;14;2028.482
12;2025-11-06;15;2284.265
12;2025-11-06;16;2766.658
12;2025-11-06;17;3121.515
12;2025-11-06;18;3175.603
12;2025-11-06;19;2507.0
12;2025-11-06;20;1528.092
12;2025-11-06;21;922.145
12;2025-11-06;22;470.073
12;2025-11-06;23;253.866
12;2025-11-07;0;55.456
12;2025-11-07;1;2.136
12;2025-11-07;2;0.0
12;2025-11-07;3;0.0
12;2025-11-07;4;4.642
12;2025-11-07;5;313.065
12;2025-11-07;6;1326.801
12;2025-11-07;7;2568.875
12;2025-11-07;8;3309.872
12;2025-11-07;9;2311.898
12;2025-11-07;10;1877.401
12;2025-11-07;11;1926.339
12;2025-11-07;12;1963.707
12;2025-11-07;13;1967.296
12;2025-11-07;14;2020.709
12;2025-11-07;15;2318.621
12;2025-11-07;16;2912.567
12;2025-11-07;17;2916.803
12;2025-11-07;18;2538.031
12;2025-11-07;19;2149.158
12;2025-11-07;20;1377.839
12;2025-11-07;21;926.605
12;2025-11-07;22;477.899
12;2025-11-07;23;279.263
12;2025-11-08;0;81.648
12;2025-11-08;1;4.931
12;2025-11-08;2;0.0
12;2025-11-08;3;0.0
12;2025-11-08;4;2.773
12;2025-11-08;5;223.85
12;2025-11-08;6;801.741
12;2025-11-08;7;919.555
12;2025-11-08;8;1028.188
12;2025-11-08;9;1237.509
12;2025-11-08;10;1450.754
12;2025-11-08;11;1553.264
12;2025-11-08;12;1573.464
12;2025-11-08;13;1807.928
12;2025-11-08;14;1693.419
12;2025-11-08;15;1621.674
12;2025-11-08;16;1700.358
12;2025-11-08;17;1625.065
12;2025-11-08;18;1506.115
12;2025-11-08;19;1422.759
12;2025-11-08;20;965.231
12;2025-11-08;21;719.214
12;2025-11-08;22;420.076
12;2025-11-08;23;294.355
12;2025-11-09;0;89.99
12;2025-11-09;1;6.646
12;2025-11-09;2;0.0
12;2025-11-09;3;0.0
12;2025-11-09;4;2.187
12;2025-11-09;5;149.226
12;2025-11-09;6;505.085
12;2025-11-09;7;635.67
12;2025-11-09;8;725.953
12;2025-11-09;9;951.317
12;2025-11-09;10;1172.073
12;2025-11-09;11;1326.29
12;2025-11-09;12;1403.773
12;2025-11-09;13;1650.627
12;2025-11-09;14;1545.102
12;2025-11-09;15;1475.836
12;2025-11-09;16;1543.517
12;2025-11-09;17;1557.821
12;2025-11-09;18;1289.338
12;2025-11-09;19;1028.632
12;2025-11-09;20;767.773
12;2025-11-09;21;587.371
12;2025-11-09;22;380.58
12;2025-11-09;23;202.104
12;2025-11-10;0;62.011
12;2025-11-10;1;2.644
12;2025-11-10;2;0.0
12;2025-11-10;3;0.0
12;2025-11-10;4;5.346
12;2025-11-10;5;317.293
12;2025-11-10;6;1383.595
12;2025-11-10;7;2676.555
12;2025-11-10;8;3555.412
12;2025-11-10;9;2423.288
12;2025-11-10;10;1907.095
12;2025-11-10;11;1846.415
12;2025-11-10;12;1991.339
12;2025-11-10;13;1907.455
12;2025-11-10;14;1915.847
12;2025-11-10;15;2229.647
12;2025-11-10;16;2681.171
12;2025-11-10;17;3009.629
12;2025-11-10;18;3195.673
12;2025-11-10;19;2446.219
12;2025-11-10;20;1525.464
12;2025-11-10;21;883.61
12;2025-11-10;22;428.725
12;2025-11-10;23;223.218
12;2025-11-11;0;48.397
12;2025-11-11;1;0.983
12;2025-11-11;2;0.0
12;2025-11-11;3;0.0
12;2025-11-11;4;5.357
12;2025-11-11;5;343.015
12;2025-11-11;6;1409.596
12;2025-11-11;7;2830.945
12;2025-11-11;8;3742.326
12;2025-11-11;9;2520.699
12;2025-11-11;10;2052.21
12;2025-11-11;11;2050.841
12;2025-11-11;12;2068.85
12;2025-11-11;13;2068.443
12;2025-11-11;14;2034.646
12;2025-11-11;15;2273.554
12;2025-11-11;16;2718.497
12;2025-11-11;17;3113.742
12;2025-11-11;18;3313.072
12;2025-11-11;19;2537.332
12;2025-11-11;20;1507.597
12;2025-11-11;21;902.017
12;2025-11-11;22;465.319
12;2025-11-11;23;233.514
12;2025-11-12;0;60.662
12;2025-11-12;1;1.895
12;2025-11-12;2;0.0
12;2025-11-12;3;0.0
12;2025-11-12;4;6.278
12;2025-11-12;5;336.3
12;2025-11-12;6;1427.374
12;2025-11-12;7;2730.66
12;2025-11-12;8;3588.818
12;2025-11-12;9;2539.423
12;2025-11-12;10;2150.351
12;2025-11-12;11;2061.51
12;2025-11-12;12;2097.093
12;2025-11-12;13;2084.046
12;2025-11-12;14;2059.053
12;2025-11-12;15;2284.709
12;2025-11-12;16;2773.32
12;2025-11-12;17;3094.89
12;2025-11-12;18;3254.07
12;2025-11-12;19;2525.962
12;2025-11-12;20;1505.433
12;2025-11-12;21;983.163
12;2025-11-12;22;496.8
12;2025-11-12;23;255.901
12;2025-11-13;0;51.314
12;2025-11-13;1;2.701
12;2025-11-13;2;0.0
12;2025-11-13;3;0.0
12;2025-11-13;4;5.892
12;2025-11-13;5;315.316
12;2025-11-13;6;1368.914
12;2025-11-13;7;2741.742
12;2025-11-13;8;3567.741
12;2025-11-13;9;2408.888
12;2025-11-13;10;2043.008
12;2025-11-13;11;2004.48
12;2025-11-13;12;2103.465
12;2025-11-13;13;2033.033
12;2025-11-13;14;2029.717
12;2025-11-13;15;2286.824
12;2025-11-13;16;2769.915
12;2025-11-13;17;3124.599
12;2025-11-13;18;3178.147
12;2025-11-13;19;2504.061
12;2025-11-13;20;1523.146
12;2025-11-13;21;918.885
12;2025-11-13;22;466.738
12;2025-11-13;23;252.42
12;2025-11-14;0;55.457
12;2025-11-14;1;2.136
12;2025-11-14;2;0.0
12;2025-11-14;3;0.0
12;2025-11-14;4;4.642
12;2025-11-14;5;312.406
12;2025-11-14;6;1325.558
12;2025-11-14;7;2571.404
12;2025-11-14;8;3312.596
12;2025-11-14;9;2312.022
12;2025-11-14;10;1876.864
12;2025-11-14;11;1925.555
12;2025-11-14;12;1964.094
12;2025-11-14;13;1967.717
12;2025-11-14;14;2021.93
12;2025-11-14;15;2321.208
12;2025-11-14;16;2915.974
12;2025-11-14;17;2919.661
12;2025-11-14;18;2540.048
12;2025-11-14;19;2146.672
12;2025-11-14;20;1373.404
12;2025-11-14;21;923.363
12;2025-11-14;22;474.549
12;2025-11-14;23;277.72
12;2025-11-15;0;81.392
12;2025-11-15;1;4.932
12;2025-11-15;2;0.0
12;2025-11-15;3;0.0
12;2025-11-15;4;2.774
12;2025-11-15;5;221.769
12;2025-11-15;6;798.904
12;2025-11-15;7;917.604
12;2025-11-15;8;1026.167
12;2025-11-15;9;1235.752
12;2025-11-15;10;1449.131
12;2025-11-15;11;1555.526
12;2025-11-15;12;1577.276
12;2025-11-15;13;1812.435
12;2025-11-15;14;1698.331
12;2025-11-15;15;1626.393
12;2025-11-15;16;1705.407
12;2025-11-15;17;1628.976
12;2025-11-15;18;1505.767
12;2025-11-15;19;1418.467
12;2025-11-15;20;960.505
12;2025-11-15;21;715.392
12;2025-11-15;22;417.66
12;2025-11-15;23;293.31
12;2025-11-16;0;89.691
12;2025-11-16;1;6.646
12;2025-11-16;2;0.0
12;2025-11-16;3;0.0
12;2025-11-16;4;2.187
12;2025-11-16;5;147.799
12;2025-11-16;6;503.21
12;2025-11-16;7;634.214
12;2025-11-16;8;724.375
12;2025-11-16;9;949.756
12;2025-11-16;10;1170.499
12;2025-11-16;11;1327.897
12;2025-11-16;12;1406.805
12;2025-11-16;13;1654.304
12;2025-11-16;14;1549.185
12;2025-11-16;15;1479.708
12;2025-11-16;16;1547.718
12;2025-11-16;17;1561.162
12;2025-11-16;18;1288.742
12;2025-11-16;19;1025.314
12;2025-11-16;20;763.906
12;2025-11-16;21;584.119
12;2025-11-16;22;378.326
12;2025-11-16;23;201.346
12;2025-11-17;0;62.012
12;2025-11-17;1;2.644
12;2025-11-17;2;0.0
12;2025-11-17;3;0.0
12;2025-11-17;4;5.346
12;2025-11-17;5;316.636
12;2025-11-17;6;1382.325
12;2025-11-17;7;2679.091
12;2025-11-17;8;3558.2
12;2025-11-17;9;2423.392
12;2025-11-17;10;1906.548
12;2025-11-17;11;1845.671
12;2025-11-17;12;1991.699
12;2025-11-17;13;1907.838
12;2025-11-17;14;1916.943
12;2025-11-17;15;2232.04
12;2025-11-17;16;2684.171
12;2025-11-17;17;3012.458
12;2025-11-17;18;3198.104
12;2025-11-17;19;2443.435
12;2025-11-17;20;1520.705
12;2025-11-17;21;880.61
12;2025-11-17;22;425.79
12;2025-11-17;23;221.993
12;2025-11-18;0;48.397
12;2025-11-18;1;0.983
12;2025-11-18;2;0.0
12;2025-11-18;3;0.0
12;2025-11-18;4;5.357
12;2025-11-18;5;342.316
12;2025-11-18;6;1408.314
12;2025-11-18;7;2833.584
12;2025-11-18;8;3745.223
12;2025-11-18;9;2520.802
12;2025-11-18;10;2051.628
12;2025-11-18;11;2050.027
12;2025-11-18;12;2069.215
12;2025-11-18;13;2068.847
12;2025-11-18;14;2035.796
12;2025-11-18;15;2275.949
12;2025-11-18;16;2721.502
12;2025-11-18;17;3116.625
12;2025-11-18;18;3315.561
12;2025-11-18;19;2534.475
12;2025-11-18;20;1502.944
12;2025-11-18;21;898.975
12;2025-11-18;22;462.174
12;2025-11-18;23;232.256
12;2025-11-19;0;60.664
12;2025-11-19;1;1.895
12;2025-11-19;2;0.0
12;2025-11-19;3;0.0
12;2025-11-19;4;6.279
12;2025-11-19;5;335.632
12;2025-11-19;6;1426.124
12;2025-11-19;7;2733.226
12;2025-11-19;8;3591.613
12;2025-11-19;9;2539.577
12;2025-11-19;10;2149.794
12;2025-11-19;11;2060.747
12;2025-11-19;12;2097.5
12;2025-11-19;13;2084.491
12;2025-11-19;14;2060.248
12;2025-11-19;15;2287.133
12;2025-11-19;16;2776.388
12;2025-11-19;17;3097.769
12;2025-11-19;18;3256.545
12;2025-11-19;19;2523.214
12;2025-11-19;20;1500.919
12;2025-11-19;21;979.922
12;2025-11-19;22;493.491
12;2025-11-19;23;254.539
12;2025-11-20;0;51.315
12;2025-11-20;1;2.701
12;2025-11-20;2;0.0
12;2025-11-20;3;0.0
12;2025-11-20;4;5.893
12;2025-11-20;5;314.696
12;2025-11-20;6;1367.723
12;2025-11-20;7;2744.232
12;2025-11-20;8;3570.425
12;2025-11-20;9;2409.004
12;2025-11-20;10;2042.469
12;2025-11-20;11;2003.729
12;2025-11-20;12;2103.844
12;2025-11-20;13;2033.436
12;2025-11-20;14;2030.845
12;2025-11-20;15;2289.166
12;2025-11-20;16;2772.893
12;2025-11-20;17;3127.419
12;2025-11-20;18;3180.473
12;2025-11-20;19;2501.372
12;2025-11-20;20;1518.622
12;2025-11-20;21;915.902
12;2025-11-20;22;463.689
12;2025-11-20;23;251.098
12;2025-11-21;0;55.458
12;2025-11-21;1;2.136
12;2025-11-21;2;0.0
12;2025-11-21;3;0.0
12;2025-11-21;4;4.642
12;2025-11-21;5;311.811
12;2025-11-21;6;1324.434
12;2025-11-21;7;2573.691
12;2025-11-21;8;3315.058
12;2025-11-21;9;2312.135
12;2025-11-21;10;1876.379
12;2025-11-21;11;1924.846
12;2025-11-21;12;1964.443
12;2025-11-21;13;1968.099
12;2025-11-21;14;2023.035
12;2025-11-21;15;2323.547
12;2025-11-21;16;2919.055
12;2025-11-21;17;2922.246
12;2025-11-21;18;2541.872
12;2025-11-21;19;2144.424
12;2025-11-21;20;1369.394
12;2025-11-21;21;920.432
12;2025-11-21;22;471.52
12;2025-11-21;23;276.324
12;2025-11-22;0;81.164
12;2025-11-22;1;4.934
12;2025-11-22;2;0.0
12;2025-11-22;3;0.0
12;2025-11-22;4;2.775
12;2025-11-22;5;219.91
12;2025-11-22;6;796.368
12;2025-11-22;7;915.86
12;2025-11-22;8;1024.361
12;2025-11-22;9;1234.182
12;2025-11-22;10;1447.681
12;2025-11-22;11;1557.549
12;2025-11-22;12;1580.683
12;2025-11-22;13;1816.463
12;2025-11-22;14;1702.722
12;2025-11-22;15;1630.61
12;2025-11-22;16;1709.919
12;2025-11-22;17;1632.471
12;2025-11-22;18;1505.455
12;2025-11-22;19;1414.631
12;2025-11-22;20;956.282
12;2025-11-22;21;711.977
12;2025-11-22;22;415.5
12;2025-11-22;23;292.376
12;2025-11-23;0;89.428
12;2025-11-23;1;6.646
12;2025-11-23;2;0.0
12;2025-11-23;3;0.0
12;2025-11-23;4;2.187
12;2025-11-23;5;146.541
12;2025-11-23;6;501.556
12;2025-11-23;7;632.931
12;2025-11-23;8;722.984
12;2025-11-23;9;948.38
12;2025-11-23;10;1169.111
12;2025-11-23;11;1329.314
12;2025-11-23;12;1409.479
12;2025-11-23;13;1657.546
12;2025-11-23;14;1552.786
12;2025-11-23;15;1483.122
12;2025-11-23;16;1551.423
12;2025-11-23;17;1564.108
12;2025-11-23;18;1288.217
12;2025-11-23;19;1022.388
12;2025-11-23;20;760.496
12;2025-11-23;21;581.252
12;2025-11-23;22;376.338
12;2025-11-23;23;200.677
12;2025-11-24;0;62.013
12;2025-11-24;1;2.644
12;2025-11-24;2;0.0
12;2025-11-24;3;0.0
12;2025-11-24;4;5.347
12;2025-11-24;5;316.064
12;2025-11-24;6;1381.218
12;2025-11-24;7;2681.3
12;2025-11-24;8;3560.629
12;2025-11-24;9;2423.483
12;2025-11-24;10;1906.071
12;2025-11-24;11;1845.024
12;2025-11-24;12;1992.012
12;2025-11-24;13;1908.172
12;2025-11-24;14;1917.898
12;2025-11-24;15;2234.124
12;2025-11-24;16;2686.785
12;2025-11-24;17;3014.923
12;2025-11-24;18;3200.222
12;2025-11-24;19;2441.009
12;2025-11-24;20;1516.559
12;2025-11-24;21;877.995
12;2025-11-24;22;423.234
12;2025-11-24;23;220.925
12;2025-11-25;0;48.398
12;2025-11-25;1;0.983
12;2025-11-25;2;0.0
12;2025-11-25;3;0.0
12;2025-11-25;4;5.357
12;2025-11-25;5;341.714
12;2025-11-25;6;1407.209
12;2025-11-25;7;2835.858
12;2025-11-25;8;3747.72
12;2025-11-25;9;2520.892
12;2025-11-25;10;2051.127
12;2025-11-25;11;2049.325
12;2025-11-25;12;2069.53
12;2025-11-25;13;2069.196
12;2025-11-25;14;2036.787
12;2025-11-25;15;2278.013
12;2025-11-25;16;2724.093
12;2025-11-25;17;3119.111
12;2025-11-25;18;3317.707
12;2025-11-25;19;2532.012
12;2025-11-25;20;1498.933
12;2025-11-25;21;896.352
12;2025-11-25;22;459.462
12;2025-11-25;23;231.172
12;2025-11-26;0;60.666
12;2025-11-26;1;1.895
12;2025-11-26;2;0.0
12;2025-11-26;3;0.0
12;2025-11-26;4;6.279
12;2025-11-26;5;335.062
12;2025-11-26;6;1425.056
12;2025-11-26;7;2735.419
12;2025-11-26;8;3594.0
12;2025-11-26;9;2539.708
12;2025-11-26;10;2149.318
12;2025-11-26;11;2060.094
12;2025-11-26;12;2097.847
12;2025-11-26;13;2084.871
12;2025-11-26;14;2061.27
12;2025-11-26;15;2289.204
12;2025-11-26;16;2779.009
12;2025-11-26;17;3100.229
12;2025-11-26;18;3258.66
12;2025-11-26;19;2520.867
12;2025-11-26;20;1497.063
12;2025-11-26;21;977.153
12;2025-11-26;22;490.663
12;2025-11-26;23;253.375
12;2025-11-27;0;51.316
12;2025-11-27;1;2.701
12;2025-11-27;2;0.0
12;2025-11-27;3;0.0
12;2025-11-27;4;5.893
12;2025-11-27;5;314.17
12;2025-11-27;6;1366.712
12;2025-11-27;7;2746.345
12;2025-11-27;8;3572.702
12;2025-11-27;9;2409.103
12;2025-11-27;10;2042.012
12;2025-11-27;11;2003.091
12;2025-11-27;12;2104.166
12;2025-11-27;13;2033.778
12;2025-11-27;14;2031.803
12;2025-11-27;15;2291.152
12;2025-11-27;16;2775.42
12;2025-11-27;17;3129.812
12;2025-11-27;18;3182.447
12;2025-11-27;19;2499.091
12;2025-11-27;20;1514.784
12;2025-11-27;21;913.372
12;2025-11-27;22;461.102
12;2025-11-27;23;249.976
12;2025-11-28;0;55.459
12;2025-11-28;1;2.136
12;2025-11-28;2;0.0
12;2025-11-28;3;0.0
12;2025-11-28;4;4.643
12;2025-11-28;5;311.308
12;2025-11-28;6;1323.485
12;2025-11-28;7;2575.621
12;2025-11-28;8;3317.137
12;2025-11-28;9;2312.23
12;2025-11-28;10;1875.969
12;2025-11-28;11;1924.248
12;2025-11-28;12;1964.738
12;2025-11-28;13;1968.421
12;2025-11-28;14;2023.968
12;2025-11-28;15;2325.522
12;2025-11-28;16;2921.656
12;2025-11-28;17;2924.428
12;2025-11-28;18;2543.412
12;2025-11-28;19;2142.526
12;2025-11-28;20;1366.009
12;2025-11-28;21;917.957
12;2025-11-28;22;468.962
12;2025-11-28;23;275.146
12;2025-11-29;0;80.972
12;2025-11-29;1;4.935
12;2025-11-29;2;0.0
12;2025-11-29;3;0.0
12;2025-11-29;4;2.775
12;2025-11-29;5;218.343
12;2025-11-29;6;794.232
12;2025-11-29;7;914.391
12;2025-11-29;8;1022.839
12;2025-11-29;9;1232.86
12;2025-11-29;10;1446.459
12;2025-11-29;11;1559.253
12;2025-11-29;12;1583.553
12;2025-11-29;13;1819.857
12;2025-11-29;14;1706.42
12;2025-11-29;15;1634.164
12;2025-11-29;16;1713.721
12;2025-11-29;17;1635.415
12;2025-11-29;18;1505.193
12;2025-11-29;19;1411.399
12;2025-11-29;20;952.723
12;2025-11-29;21;709.099
12;2025-11-29;22;413.681
12;2025-11-29;23;291.589
12;2025-11-30;0;89.206
12;2025-11-30;1;6.647
12;2025-11-30;2;0.0
12;2025-11-30;3;0.0
12;2025-11-30;4;2.187
12;2025-11-30;5;145.482
12;2025-11-30;6;500.164
12;2025-11-30;7;631.85
12;2025-11-30;8;721.812
12;2025-11-30;9;947.221
12;2025-11-30;10;1167.942
12;2025-11-30;11;1330.507
12;2025-11-30;12;1411.731
12;2025-11-30;13;1660.276
12;2025-11-30;14;1555.819
12;2025-11-30;15;1485.997
12;2025-11-30;16;1554.543
12;2025-11-30;17;1566.589
12;2025-11-30;18;1287.774
12;2025-11-30;19;1019.924
12;2025-11-30;20;757.624
12;2025-11-30;21;578.838
12;2025-11-30;22;374.664
12;2025-11-30;23;200.113
12;2025-12-01;0;62.014
12;2025-12-01;1;2.644
12;2025-12-01;2;0.0
12;2025-12-01;3;0.0
12;2025-12-01;4;5.347
12;2025-12-01;5;315.583
12;2025-12-01;6;1380.288
12;2025-12-01;7;2683.158
12;2025-12-01;8;3562.672
12;2025-12-01;9;2423.56
12;2025-12-01;10;1905.669
12;2025-12-01;11;1844.479
12;2025-12-01;12;1992.276
12;2025-12-01;13;1908.453
12;2025-12-01;14;1918.702
12;2025-12-01;15;2235.877
12;2025-12-01;16;2688.983
12;2025-12-01;17;3016.996
12;2025-12-01;18;3202.003
12;2025-12-01;19;2438.969
12;2025-12-01;20;1513.072
12;2025-12-01;21;875.797
12;2025-12-01;22;421.084
12;2025-12-01;23;220.027
12;2025-12-02;0;48.398
12;2025-12-02;1;0.983
12;2025-12-02;2;0.0
12;2025-12-02;3;0.0
12;2025-12-02;4;5.357
12;2025-12-02;5;341.21
12;2025-12-02;6;1406.283
12;2025-12-02;7;2837.764
12;2025-12-02;8;3749.813
12;2025-12-02;9;2520.967
12;2025-12-02;10;2050.707
12;2025-12-02;11;2048.737
12;2025-12-02;12;2069.794
12;2025-12-02;13;2069.488
12;2025-12-02;14;2037.618
12;2025-12-02;15;2279.744
12;2025-12-02;16;2726.264
12;2025-12-02;17;3121.195
12;2025-12-02;18;3319.505
12;2025-12-02;19;2529.947
12;2025-12-02;20;1495.57
12;2025-12-02;21;894.154
12;2025-12-02;22;457.188
12;2025-12-02;23;230.263
12;2025-12-03;0;60.667
12;2025-12-03;1;1.895
12;2025-12-03;2;0.0
12;2025-12-03;3;0.0
12;2025-12-03;4;6.279
12;2025-12-03;5;334.587
12;2025-12-03;6;1424.166
12;2025-12-03;7;2737.246
12;2025-12-03;8;3595.99
12;2025-12-03;9;2539.817
12;2025-12-03;10;2148.922
12;2025-12-03;11;2059.55
12;2025-12-03;12;2098.137
12;2025-12-03;13;2085.188
12;2025-12-03;14;2062.121
12;2025-12-03;15;2290.93
12;2025-12-03;16;2781.193
12;2025-12-03;17;3102.28
12;2025-12-03;18;3260.422
12;2025-12-03;19;2518.911
12;2025-12-03;20;1493.85
12;2025-12-03;21;974.846
12;2025-12-03;22;488.307
12;2025-12-03;23;252.405
12;2025-12-04;0;51.317
12;2025-12-04;1;2.701
12;2025-12-04;2;0.0
12;2025-12-04;3;0.0
12;2025-12-04;4;5.893
12;2025-12-04;5;313.735
12;2025-12-04;6;1365.877
12;2025-12-04;7;2748.09
12;2025-12-04;8;3574.583
12;2025-12-04;9;2409.184
12;2025-12-04;10;2041.634
12;2025-12-04;11;2002.565
12;2025-12-04;12;2104.432
12;2025-12-04;13;2034.06
12;2025-12-04;14;2032.594
12;2025-12-04;15;2292.792
12;2025-12-04;16;2777.507
12;2025-12-04;17;3131.789
12;2025-12-04;18;3184.077
12;2025-12-04;19;2497.207
12;2025-12-04;20;1511.614
12;2025-12-04;21;911.282
12;2025-12-04;22;458.965
12;2025-12-04;23;249.049
12;2025-12-05;0;55.46
12;2025-12-05;1;2.136
12;2025-12-05;2;0.0
12;2025-12-05;3;0.0
12;2025-12-05;4;4.643
12;2025-12-05;5;310.897
12;2025-12-05;6;1322.711
12;2025-12-05;7;2577.197
12;2025-12-05;8;3318.833
12;2025-12-05;9;2312.307
12;2025-12-05;10;1875.635
12;2025-12-05;11;1923.76
12;2025-12-05;12;1964.979
12;2025-12-05;13;1968.684
12;2025-12-05;14;2024.729
12;2025-12-05;15;2327.133
12;2025-12-05;16;2923.779
12;2025-12-05;17;2926.209
12;2025-12-05;18;2544.668
12;2025-12-05;19;2140.977
12;2025-12-05;20;1363.246
12;2025-12-05;21;915.938
12;2025-12-05;22;466.875
12;2025-12-05;23;274.185
12;2025-12-06;0;80.817
12;2025-12-06;1;4.936
12;2025-12-06;2;0.0
12;2025-12-06;3;0.0
12;2025-12-06;4;2.776
12;2025-12-06;5;217.084
12;2025-12-06;6;792.515
12;2025-12-06;7;913.21
12;2025-12-06;8;1021.616
12;2025-12-06;9;1231.797
12;2025-12-06;10;1445.477
12;2025-12-06;11;1560.622
12;2025-12-06;12;1585.86
12;2025-12-06;13;1822.584
12;2025-12-06;14;1709.393
12;2025-12-06;15;1637.02
12;2025-12-06;16;1716.777
12;2025-12-06;17;1637.782
12;2025-12-06;18;1504.982
12;2025-12-06;19;1408.802
12;2025-12-06;20;949.863
12;2025-12-06;21;706.786
12;2025-12-06;22;412.219
12;2025-12-06;23;290.957
12;2025-12-07;0;89.032
12;2025-12-07;1;6.647
12;2025-12-07;2;0.0
12;2025-12-07;3;0.0
12;2025-12-07;4;2.187
12;2025-12-07;5;144.648
12;2025-12-07;6;499.068
12;2025-12-07;7;630.998
12;2025-12-07;8;720.889
12;2025-12-07;9;946.308
12;2025-12-07;10;1167.021
12;2025-12-07;11;1331.446
12;2025-12-07;12;1413.505
12;2025-12-07;13;1662.426
12;2025-12-07;14;1558.207
12;2025-12-07;15;1488.261
12;2025-12-07;16;1557.0
12;2025-12-07;17;1568.542
12;2025-12-07;18;1287.426
12;2025-12-07;19;1017.984
12;2025-12-07;20;755.363
12;2025-12-07;21;576.936
12;2025-12-07;22;373.346
12;2025-12-07;23;199.67
12;2025-12-08;0;62.014
12;2025-12-08;1;2.644
12;2025-12-08;2;0.0
12;2025-12-08;3;0.0
12;2025-12-08;4;5.347
12;2025-12-08;5;315.213
12;2025-12-08;6;1379.571
12;2025-12-08;7;2684.588
12;2025-12-08;8;3564.245
12;2025-12-08;9;2423.619
12;2025-12-08;10;1905.361
12;2025-12-08;11;1844.06
12;2025-12-08;12;1992.479
12;2025-12-08;13;1908.669
12;2025-12-08;14;1919.32
12;2025-12-08;15;2237.227
12;2025-12-08;16;2690.676
12;2025-12-08;17;3018.592
12;2025-12-08;18;3203.374
12;2025-12-08;19;2437.399
12;2025-12-08;20;1510.387
12;2025-12-08;21;874.104
12;2025-12-08;22;419.428
12;2025-12-08;23;219.335
12;2025-12-09;0;48.399
12;2025-12-09;1;0.983
12;2025-12-09;2;0.0
12;2025-12-09;3;0.0
12;2025-12-09;4;5.357
12;2025-12-09;5;340.831
12;2025-12-09;6;1405.588
12;2025-12-09;7;2839.195
12;2025-12-09;8;3751.384
12;2025-12-09;9;2521.023
12;2025-12-09;10;2050.391
12;2025-12-09;11;2048.295
12;2025-12-09;12;2069.992
12;2025-12-09;13;2069.707
12;2025-12-09;14;2038.242
12;2025-12-09;15;2281.043
12;2025-12-09;16;2727.895
12;2025-12-09;17;3122.759
12;2025-12-09;18;3320.856
12;2025-12-09;19;2528.398
12;2025-12-09;20;1493.046
12;2025-12-09;21;892.504
12;2025-12-09;22;455.482
12;2025-12-09;23;229.581
12;2025-12-10;0;60.668
12;2025-12-10;1;1.895
12;2025-12-10;2;0.0
12;2025-12-10;3;0.0
12;2025-12-10;4;6.279
12;2025-12-10;5;334.24
12;2025-12-10;6;1423.517
12;2025-12-10;7;2738.58
12;2025-12-10;8;3597.442
12;2025-12-10;9;2539.897
12;2025-12-10;10;2148.633
12;2025-12-10;11;2059.153
12;2025-12-10;12;2098.349
12;2025-12-10;13;2085.419
12;2025-12-10;14;2062.742
12;2025-12-10;15;2292.19
12;2025-12-10;16;2782.787
12;2025-12-10;17;3103.776
12;2025-12-10;18;3261.708
12;2025-12-10;19;2517.483
12;2025-12-10;20;1491.504
12;2025-12-10;21;973.162
12;2025-12-10;22;486.588
12;2025-12-10;23;251.697
12;2025-12-11;0;51.317
12;2025-12-11;1;2.701
12;2025-12-11;2;0.0
12;2025-12-11;3;0.0
12;2025-12-11;4;5.893
12;2025-12-11;5;313.428
12;2025-12-11;6;1365.286
12;2025-12-11;7;2749.323
12;2025-12-11;8;3575.913
12;2025-12-11;9;2409.241
12;2025-12-11;10;2041.367
12;2025-12-11;11;2002.193
12;2025-12-11;12;2104.62
12;2025-12-11;13;2034.259
12;2025-12-11;14;2033.153
12;2025-12-11;15;2293.952
12;2025-12-11;16;2778.983
12;2025-12-11;17;3133.186
12;2025-12-11;18;3185.23
12;2025-12-11;19;2495.875
12;2025-12-11;20;1509.372
12;2025-12-11;21;909.805
12;2025-12-11;22;457.455
12;2025-12-11;23;248.394
12;2025-12-12;0;55.461
12;2025-12-12;1;2.136
12;2025-12-12;2;0.0
12;2025-12-12;3;0.0
12;2025-12-12;4;4.643
12;2025-12-12;5;310.617
12;2025-12-12;6;1322.183
12;2025-12-12;7;2578.271
12;2025-12-12;8;3319.99
12;2025-12-12;9;2312.36
12;2025-12-12;10;1875.407
12;2025-12-12;11;1923.427
12;2025-12-12;12;1965.143
12;2025-12-12;13;1968.863
12;2025-12-12;14;2025.248
12;2025-12-12;15;2328.232
12;2025-12-12;16;2925.226
12;2025-12-12;17;2927.423
12;2025-12-12;18;2545.525
12;2025-12-12;19;2139.921
12;2025-12-12;20;1361.362
12;2025-12-12;21;914.561
12;2025-12-12;22;465.452
12;2025-12-12;23;273.529
12;2025-12-13;0;80.716
12;2025-12-13;1;4.936
12;2025-12-13;2;0.0
12;2025-12-13;3;0.0
12;2025-12-13;4;2.776
12;2025-12-13;5;216.26
12;2025-12-13;6;791.392
12;2025-12-13;7;912.438
12;2025-12-13;8;1020.816
12;2025-12-13;9;1231.101
12;2025-12-13;10;1444.835
12;2025-12-13;11;1561.518
12;2025-12-13;12;1587.369
12;2025-12-13;13;1824.368
12;2025-12-13;14;1711.337
12;2025-12-13;15;1638.888
12;2025-12-13;16;1718.775
12;2025-12-13;17;1639.33
12;2025-12-13;18;1504.844
12;2025-12-13;19;1407.103
12;2025-12-13;20;947.992
12;2025-12-13;21;705.273
12;2025-12-13;22;411.262
12;2025-12-13;23;290.543
12;2025-12-14;0;88.923
12;2025-12-14;1;6.647
12;2025-12-14;2;0.0
12;2025-12-14;3;0.0
12;2025-12-14;4;2.187
12;2025-12-14;5;144.127
12;2025-12-14;6;498.384
12;2025-12-14;7;630.467
12;2025-12-14;8;720.313
12;2025-12-14;9;945.738
12;2025-12-14;10;1166.447
12;2025-12-14;11;1332.033
12;2025-12-14;12;1414.612
12;2025-12-14;13;1663.769
12;2025-12-14;14;1559.697
12;2025-12-14;15;1489.674
12;2025-12-14;16;1558.534
12;2025-12-14;17;1569.762
12;2025-12-14;18;1287.208
12;2025-12-14;19;1016.773
12;2025-12-14;20;753.951
12;2025-12-14;21;575.749
12;2025-12-14;22;372.523
12;2025-12-14;23;199.393
12;2025-12-15;0;62.015
12;2025-12-15;1;2.644
12;2025-12-15;2;0.0
12;2025-12-15;3;0.0
12;2025-12-15;4;5.347
12;2025-12-15;5;314.993
12;2025-12-15;6;1379.147
12;2025-12-15;7;2685.436
12;2025-12-15;8;3565.177
12;2025-12-15;9;2423.654
12;2025-12-15;10;1905.177
12;2025-12-15;11;1843.811
12;2025-12-15;12;1992.599
12;2025-12-15;13;1908.797
12;2025-12-15;14;1919.687
12;2025-12-15;15;2238.027
12;2025-12-15;16;2691.679
12;2025-12-15;17;3019.538
12;2025-12-15;18;3204.187
12;2025-12-15;19;2436.468
12;2025-12-15;20;1508.796
12;2025-12-15;21;873.101
12;2025-12-15;22;418.447
12;2025-12-15;23;218.926
12;2025-12-16;0;48.399
12;2025-12-16;1;0.983
12;2025-12-16;2;0.0
12;2025-12-16;3;0.0
12;2025-12-16;4;5.357
12;2025-12-16;5;340.619
12;2025-12-16;6;1405.199
12;2025-12-16;7;2839.995
12;2025-12-16;8;3752.262
12;2025-12-16;9;2521.055
12;2025-12-16;10;2050.215
12;2025-12-16;11;2048.048
12;2025-12-16;12;2070.102
12;2025-12-16;13;2069.83
12;2025-12-16;14;2038.59
12;2025-12-16;15;2281.769
12;2025-12-16;16;2728.806
12;2025-12-16;17;3123.634
12;2025-12-16;18;3321.61
12;2025-12-16;19;2527.531
12;2025-12-16;20;1491.635
12;2025-12-16;21;891.582
12;2025-12-16;22;454.528
12;2025-12-16;23;229.199
12;2025-12-17;0;60.669
12;2025-12-17;1;1.895
12;2025-12-17;2;0.0
12;2025-12-17;3;0.0
12;2025-12-17;4;6.279
12;2025-12-17;5;334.059
12;2025-12-17;6;1423.177
12;2025-12-17;7;2739.277
12;2025-12-17;8;3598.202
12;2025-12-17;9;2539.939
12;2025-12-17;10;2148.481
12;2025-12-17;11;2058.946
12;2025-12-17;12;2098.459
12;2025-12-17;13;2085.54
12;2025-12-17;14;2063.067
12;2025-12-17;15;2292.849
12;2025-12-17;16;2783.621
12;2025-12-17;17;3104.558
12;2025-12-17;18;3262.381
12;2025-12-17;19;2516.736
12;2025-12-17;20;1490.278
12;2025-12-17;21;972.281
12;2025-12-17;22;485.688
12;2025-12-17;23;251.327
12;2025-12-18;0;51.318
12;2025-12-18;1;2.701
12;2025-12-18;2;0.0
12;2025-12-18;3;0.0
12;2025-12-18;4;5.893
12;2025-12-18;5;313.279
12;2025-12-18;6;1365.001
12;2025-12-18;7;2749.92
12;2025-12-18;8;3576.556
12;2025-12-18;9;2409.269
12;2025-12-18;10;2041.238
12;2025-12-18;11;2002.013
12;2025-12-18;12;2104.711
12;2025-12-18;13;2034.356
12;2025-12-18;14;2033.424
12;2025-12-18;15;2294.514
12;2025-12-18;16;2779.697
12;2025-12-18;17;3133.862
12;2025-12-18;18;3185.788
12;2025-12-18;19;2495.23
12;2025-12-18;20;1508.287
12;2025-12-18;21;909.09
12;2025-12-18;22;456.723
12;2025-12-18;23;248.077
12;2025-12-19;0;55.461
12;2025-12-19;1;2.136
12;2025-12-19;2;0.0
12;2025-12-19;3;0.0
12;2025-12-19;4;4.643
12;2025-12-19;5;310.494
12;2025-12-19;6;1321.95
12;2025-12-19;7;2578.746
12;2025-12-19;8;3320.501
12;2025-12-19;9;2312.384
12;2025-12-19;10;1875.306
12;2025-12-19;11;1923.279
12;2025-12-19;12;1965.216
12;2025-12-19;13;1968.942
12;2025-12-19;14;2025.477
12;2025-12-19;15;2328.718
12;2025-12-19;16;2925.866
12;2025-12-19;17;2927.96
12;2025-12-19;18;2545.903
12;2025-12-19;19;2139.455
12;2025-12-19;20;1360.53
12;2025-12-19;21;913.952
12;2025-12-19;22;464.824
12;2025-12-19;23;273.239
12;2025-12-20;0;80.676
12;2025-12-20;1;4.937
12;2025-12-20;2;0.0
12;2025-12-20;3;0.0
12;2025-12-20;4;2.776
12;2025-12-20;5;215.934
12;2025-12-20;6;790.948
12;2025-12-20;7;912.133
12;2025-12-20;8;1020.5
12;2025-12-20;9;1230.826
12;2025-12-20;10;1444.581
12;2025-12-20;11;1561.872
12;2025-12-20;12;1587.966
12;2025-12-20;13;1825.074
12;2025-12-20;14;1712.106
12;2025-12-20;15;1639.626
12;2025-12-20;16;1719.566
12;2025-12-20;17;1639.942
12;2025-12-20;18;1504.79
12;2025-12-20;19;1406.431
12;2025-12-20;20;947.253
12;2025-12-20;21;704.675
12;2025-12-20;22;410.884
12;2025-12-20;23;290.379
12;2025-12-21;0;88.886
12;2025-12-21;1;6.647
12;2025-12-21;2;0.0
12;2025-12-21;3;0.0
12;2025-12-21;4;2.187
12;2025-12-21;5;143.949
12;2025-12-21;6;498.15
12;2025-12-21;7;630.286
12;2025-12-21;8;720.117
12;2025-12-21;9;945.544
12;2025-12-21;10;1166.251
12;2025-12-21;11;1332.233
12;2025-12-21;12;1414.989
12;2025-12-21;13;1664.226
12;2025-12-21;14;1560.205
12;2025-12-21;15;1490.156
12;2025-12-21;16;1559.056
12;2025-12-21;17;1570.177
12;2025-12-21;18;1287.134
12;2025-12-21;19;1016.36
12;2025-12-21;20;753.47
12;2025-12-21;21;575.345
12;2025-12-21;22;372.243
12;2025-12-21;23;199.298
12;2025-12-22;0;62.015
12;2025-12-22;1;2.644
12;2025-12-22;2;0.0
12;2025-12-22;3;0.0
12;2025-12-22;4;5.347
12;2025-12-22;5;314.933
12;2025-12-22;6;1379.03
12;2025-12-22;7;2685.669
12;2025-12-22;8;3565.433
12;2025-12-22;9;2423.664
12;2025-12-22;10;1905.127
12;2025-12-22;11;1843.743
12;2025-12-22;12;1992.632
12;2025-12-22;13;1908.832
12;2025-12-22;14;1919.787
12;2025-12-22;15;2238.246
12;2025-12-22;16;2691.954
12;2025-12-22;17;3019.798
12;2025-12-22;18;3204.41
12;2025-12-22;19;2436.213
12;2025-12-22;20;1508.359
12;2025-12-22;21;872.825
12;2025-12-22;22;418.178
12;2025-12-22;23;218.813
12;2025-12-23;0;48.399
12;2025-12-23;1;0.983
12;2025-12-23;2;0.0
12;2025-12-23;3;0.0
12;2025-12-23;4;5.357
12;2025-12-23;5;340.579
12;2025-12-23;6;1405.124
12;2025-12-23;7;2840.149
12;2025-12-23;8;3752.431
12;2025-12-23;9;2521.061
12;2025-12-23;10;2050.181
12;2025-12-23;11;2048.001
12;2025-12-23;12;2070.124
12;2025-12-23;13;2069.854
12;2025-12-23;14;2038.657
12;2025-12-23;15;2281.909
12;2025-12-23;16;2728.981
12;2025-12-23;17;3123.802
12;2025-12-23;18;3321.756
12;2025-12-23;19;2527.364
12;2025-12-23;20;1491.364
12;2025-12-23;21;891.404
12;2025-12-23;22;454.344
12;2025-12-23;23;229.126
12;2025-12-24;0;60.669
12;2025-12-24;1;1.895
12;2025-12-24;2;0.0
12;2025-12-24;3;0.0
12;2025-12-24;4;6.279
12;2025-12-24;5;334.043
12;2025-12-24;6;1423.147
12;2025-12-24;7;2739.339
12;2025-12-24;8;3598.269
12;2025-12-24;9;2539.942
12;2025-12-24;10;2148.468
12;2025-12-24;11;2058.927
12;2025-12-24;12;2098.469
12;2025-12-24;13;2085.551
12;2025-12-24;14;2063.096
12;2025-12-24;15;2292.907
12;2025-12-24;16;2783.695
12;2025-12-24;17;3104.628
12;2025-12-24;18;3262.44
12;2025-12-24;19;2516.67
12;2025-12-24;20;1490.169
12;2025-12-24;21;972.203
12;2025-12-24;22;485.609
12;2025-12-24;23;251.294
12;2025-12-25;0;51.318
12;2025-12-25;1;2.701
12;2025-12-25;2;0.0
12;2025-12-25;3;0.0
12;2025-12-25;4;5.893
12;2025-12-25;5;313.286
12;2025-12-25;6;1365.014
12;2025-12-25;7;2749.892
12;2025-12-25;8;3576.526
12;2025-12-25;9;2409.268
12;2025-12-25;10;2041.244
12;2025-12-25;11;2002.021
12;2025-12-25;12;2104.707
12;2025-12-25;13;2034.351
12;2025-12-25;14;2033.411
12;2025-12-25;15;2294.487
12;2025-12-25;16;2779.663
12;2025-12-25;17;3133.83
12;2025-12-25;18;3185.761
12;2025-12-25;19;2495.261
12;2025-12-25;20;1508.339
12;2025-12-25;21;909.124
12;2025-12-25;22;456.758
12;2025-12-25;23;248.092
12;2025-12-26;0;55.461
12;2025-12-26;1;2.136
12;2025-12-26;2;0.0
12;2025-12-26;3;0.0
12;2025-12-26;4;4.643
12;2025-12-26;5;310.522
12;2025-12-26;6;1322.004
12;2025-12-26;7;2578.636
12;2025-12-26;8;3320.383
12;2025-12-26;9;2312.378
12;2025-12-26;10;1875.329
12;2025-12-26;11;1923.314
12;2025-12-26;12;1965.199
12;2025-12-26;13;1968.924
12;2025-12-26;14;2025.424
12;2025-12-26;15;2328.605
12;2025-12-26;16;2925.718
12;2025-12-26;17;2927.835
12;2025-12-26;18;2545.816
12;2025-12-26;19;2139.563
12;2025-12-26;20;1360.723
12;2025-12-26;21;914.094
12;2025-12-26;22;464.97
12;2025-12-26;23;273.307
12;2025-12-27;0;72.763
12;2025-12-27;1;4.451
12;2025-12-27;2;0.0
12;2025-12-27;3;0.0
12;2025-12-27;4;2.503
12;2025-12-27;5;194.853
12;2025-12-27;6;713.396
12;2025-12-27;7;822.606
12;2025-12-27;8;920.326
12;2025-12-27;9;1109.959
12;2025-12-27;10;1302.692
12;2025-12-27;11;1408.182
12;2025-12-27;12;1431.603
12;2025-12-27;13;1645.354
12;2025-12-27;14;1543.463
12;2025-12-27;15;1478.122
12;2025-12-27;16;1550.18
12;2025-12-27;17;1478.463
12;2025-12-27;18;1356.893
12;2025-12-27;19;1268.478
12;2025-12-27;20;854.467
12;2025-12-27;21;635.672
12;2025-12-27;22;370.663
12;2025-12-27;23;261.908
12;2025-12-28;0;80.178
12;2025-12-28;1;5.994
12;2025-12-28;2;0.0
12;2025-12-28;3;0.0
12;2025-12-28;4;1.972
12;2025-12-28;5;129.943
12;2025-12-28;6;449.371
12;2025-12-28;7;568.475
12;2025-12-28;8;649.488
12;2025-12-28;9;852.754
12;2025-12-28;10;1051.767
12;2025-12-28;11;1201.112
12;2025-12-28;12;1275.59
12;2025-12-28;13;1500.262
12;2025-12-28;14;1406.426
12;2025-12-28;15;1343.284
12;2025-12-28;16;1405.378
12;2025-12-28;17;1415.492
12;2025-12-28;18;1160.669
12;2025-12-28;19;916.786
12;2025-12-28;20;679.793
12;2025-12-28;21;519.116
12;2025-12-28;22;335.879
12;2025-12-28;23;179.784
12;2025-12-29;0;55.683
12;2025-12-29;1;2.374
12;2025-12-29;2;0.0
12;2025-12-29;3;0.0
12;2025-12-29;4;4.801
12;2025-12-29;5;282.865
12;2025-12-29;6;1238.399
12;2025-12-29;7;2411.128
12;2025-12-29;8;3201.034
12;2025-12-29;9;2176.194
12;2025-12-29;10;1710.686
12;2025-12-29;11;1655.595
12;2025-12-29;12;1789.137
12;2025-12-29;13;1713.89
12;2025-12-29;14;1723.632
12;2025-12-29;15;2009.406
12;2025-12-29;16;2416.71
12;2025-12-29;17;2711.103
12;2025-12-29;18;2876.919
12;2025-12-29;19;2187.843
12;2025-12-29;20;1354.983
12;2025-12-29;21;784.106
12;2025-12-29;22;375.869
12;2025-12-29;23;196.634
12;2025-12-30;0;43.457
12;2025-12-30;1;0.882
12;2025-12-30;2;0.0
12;2025-12-30;3;0.0
12;2025-12-30;4;4.81
12;2025-12-30;5;305.92
12;2025-12-30;6;1261.872
12;2025-12-30;7;2549.736
12;2025-12-30;8;3368.832
12;2025-12-30;9;2263.643
12;2025-12-30;10;1840.953
12;2025-12-30;11;1839.034
12;2025-12-30;12;1858.704
12;2025-12-30;13;1858.455
12;2025-12-30;14;1830.321
12;2025-12-30;15;2048.532
12;2025-12-30;16;2449.858
12;2025-12-30;17;2804.388
12;2025-12-30;18;2982.195
12;2025-12-30;19;2269.79
12;2025-12-30;20;1339.86
12;2025-12-30;21;800.892
12;2025-12-30;22;408.473
12;2025-12-30;23;205.939
12;2025-12-31;0;92.254
12;2025-12-31;1;6.655
12;2025-12-31;2;0.0
12;2025-12-31;3;0.0
12;2025-12-31;4;2.189
12;2025-12-31;5;155.954
12;2025-12-31;6;513.903
12;2025-12-31;7;653.576
12;2025-12-31;8;744.591
12;2025-12-31;9;964.253
12;2025-12-31;10;1181.266
12;2025-12-31;11;1311.143
12;2025-12-31;12;1387.179
12;2025-12-31;13;1630.688
12;2025-12-31;14;1528.229
12;2025-12-31;15;1467.665
12;2025-12-31;16;1534.961
12;2025-12-31;17;1552.389
12;2025-12-31;18;1306.382
12;2025-12-31;19;1040.672
12;2025-12-31;20;769.664
12;2025-12-31;21;588.946
12;2025-12-31;22;368.603
12;2025-12-31;23;195.747
17;2025-11-01;0;150.23
17;2025-11-01;1;15.983
17;2025-11-01;2;0.0
17;2025-11-01;3;0.0
17;2025-11-01;4;27.502
17;2025-11-01;5;317.703
17;2025-11-01;6;1587.963
17;2025-11-01;7;4236.082
17;2025-11-01;8;5488.176
17;2025-11-01;9;3894.05
17;2025-11-01;10;3136.648
17;2025-11-01;11;3207.78
17;2025-11-01;12;3269.689
17;2025-11-01;13;3359.579
17;2025-11-01;14;3455.227
17;2025-11-01;15;3840.204
17;2025-11-01;16;4493.209
17;2025-11-01;17;4965.984
17;2025-11-01;18;4686.399
17;2025-11-01;19;3370.632
17;2025-11-01;20;2435.172
17;2025-11-01;21;1615.902
17;2025-11-01;22;912.436
17;2025-11-01;23;477.345
17;2025-11-02;0;191.551
17;2025-11-02;1;26.895
17;2025-11-02;2;0.0
17;2025-11-02;3;0.0
17;2025-11-02;4;4.06
17;2025-11-02;5;106.773
17;2025-11-02;6;427.841
17;2025-11-02;7;789.389
17;2025-11-02;8;1229.463
17;2025-11-02;9;1703.685
17;2025-11-02;10;2024.357
17;2025-11-02;11;2566.106
17;2025-11-02;12;2999.896
17;2025-11-02;13;3245.85
17;2025-11-02;14;3319.364
17;2025-11-02;15;3274.296
17;2025-11-02;16;3263.81
17;2025-11-02;17;3083.519
17;2025-11-02;18;2634.285
17;2025-11-02;19;2145.846
17;2025-11-02;20;1613.978
17;2025-11-02;21;1134.591
17;2025-11-02;22;697.095
17;2025-11-02;23;321.512
17;2025-11-03;0;195.744
17;2025-11-03;1;26.945
17;2025-11-03;2;0.0
17;2025-11-03;3;0.0
17;2025-11-03;4;4.067
17;2025-11-03;5;111.492
17;2025-11-03;6;435.629
17;2025-11-03;7;806.786
17;2025-11-03;8;1254.396
17;2025-11-03;9;1724.385
17;2025-11-03;10;2040.938
17;2025-11-03;11;2546.056
17;2025-11-03;12;2970.245
17;2025-11-03;13;3212.955
17;2025-11-03;14;3285.858
17;2025-11-03;15;3251.476
17;2025-11-03;16;3240.645
17;2025-11-03;17;3068.492
17;2025-11-03;18;2660.201
17;2025-11-03;19;2175.614
17;2025-11-03;20;1632.849
17;2025-11-03;21;1149.007
17;2025-11-03;22;692.33
17;2025-11-03;23;318.055
17;2025-11-04;0;195.747
17;2025-11-04;1;26.945
17;2025-11-04;2;0.0
17;2025-11-04;3;0.0
17;2025-11-04;4;4.068
17;2025-11-04;5;111.459
17;2025-11-04;6;435.573
17;2025-11-04;7;806.913
17;2025-11-04;8;1254.563
17;2025-11-04;9;1724.42
17;2025-11-04;10;2040.877
17;2025-11-04;11;2545.934
17;2025-11-04;12;2970.368
17;2025-11-04;13;3213.098
17;2025-11-04;14;3286.191
17;2025-11-04;15;3252.051
17;2025-11-04;16;3241.246
17;2025-11-04;17;3068.976
17;2025-11-04;18;2660.548
17;2025-11-04;19;2175.267
17;2025-11-04;20;1632.089
17;2025-11-04;21;1148.421
17;2025-11-04;22;691.618
17;2025-11-04;23;317.793
17;2025-11-05;0;127.341
17;2025-11-05;1;9.743
17;2025-11-05;2;0.0
17;2025-11-05;3;0.0
17;2025-11-05;4;27.531
17;2025-11-05;5;330.112
17;2025-11-05;6;1564.595
17;2025-11-05;7;4169.481
17;2025-11-05;8;5491.714
17;2025-11-05;9;3873.595
17;2025-11-05;10;3071.328
17;2025-11-05;11;3017.109
17;2025-11-05;12;3070.738
17;2025-11-05;13;3128.678
17;2025-11-05;14;3217.991
17;2025-11-05;15;3392.549
17;2025-11-05;16;3772.635
17;2025-11-05;17;4616.383
17;2025-11-05;18;5089.267
17;2025-11-05;19;3558.977
17;2025-11-05;20;2406.244
17;2025-11-05;21;1505.553
17;2025-11-05;22;810.921
17;2025-11-05;23;385.715
17;2025-11-06;0;142.165
17;2025-11-06;1;10.569
17;2025-11-06;2;0.0
17;2025-11-06;3;0.0
17;2025-11-06;4;26.168
17;2025-11-06;5;327.254
17;2025-11-06;6;1568.046
17;2025-11-06;7;4123.274
17;2025-11-06;8;5494.278
17;2025-11-06;9;3882.131
17;2025-11-06;10;3068.491
17;2025-11-06;11;3006.158
17;2025-11-06;12;3120.236
17;2025-11-06;13;3160.845
17;2025-11-06;14;3219.604
17;2025-11-06;15;3355.002
17;2025-11-06;16;3817.558
17;2025-11-06;17;4637.722
17;2025-11-06;18;5053.778
17;2025-11-06;19;3538.942
17;2025-11-06;20;2439.854
17;2025-11-06;21;1518.079
17;2025-11-06;22;817.679
17;2025-11-06;23;389.202
17;2025-11-07;0;150.173
17;2025-11-07;1;15.673
17;2025-11-07;2;0.0
17;2025-11-07;3;0.0
17;2025-11-07;4;26.967
17;2025-11-07;5;323.857
17;2025-11-07;6;1580.813
17;2025-11-07;7;4239.44
17;2025-11-07;8;5481.887
17;2025-11-07;9;3856.94
17;2025-11-07;10;3094.163
17;2025-11-07;11;3114.908
17;2025-11-07;12;3169.968
17;2025-11-07;13;3256.412
17;2025-11-07;14;3350.261
17;2025-11-07;15;3736.324
17;2025-11-07;16;4371.552
17;2025-11-07;17;4841.459
17;2025-11-07;18;4633.948
17;2025-11-07;19;3340.841
17;2025-11-07;20;2404.846
17;2025-11-07;21;1597.014
17;2025-11-07;22;882.271
17;2025-11-07;23;460.399
17;2025-11-08;0;208.104
17;2025-11-08;1;25.001
17;2025-11-08;2;0.0
17;2025-11-08;3;0.0
17;2025-11-08;4;6.021
17;2025-11-08;5;128.641
17;2025-11-08;6;570.949
17;2025-11-08;7;1223.901
17;2025-11-08;8;1793.542
17;2025-11-08;9;2300.195
17;2025-11-08;10;2537.873
17;2025-11-08;11;3093.485
17;2025-11-08;12;3497.857
17;2025-11-08;13;3691.095
17;2025-11-08;14;3745.567
17;2025-11-08;15;3776.886
17;2025-11-08;16;3785.451
17;2025-11-08;17;3534.388
17;2025-11-08;18;3203.739
17;2025-11-08;19;2542.149
17;2025-11-08;20;1937.613
17;2025-11-08;21;1406.17
17;2025-11-08;22;899.698
17;2025-11-08;23;467.168
17;2025-11-09;0;190.842
17;2025-11-09;1;26.89
17;2025-11-09;2;0.0
17;2025-11-09;3;0.0
17;2025-11-09;4;4.059
17;2025-11-09;5;105.699
17;2025-11-09;6;426.066
17;2025-11-09;7;787.291
17;2025-11-09;8;1226.354
17;2025-11-09;9;1700.327
17;2025-11-09;10;2021.002
17;2025-11-09;11;2568.707
17;2025-11-09;12;3005.991
17;2025-11-09;13;3252.657
17;2025-11-09;14;3327.698
17;2025-11-09;15;3282.562
17;2025-11-09;16;3272.329
17;2025-11-09;17;3089.748
17;2025-11-09;18;2632.34
17;2025-11-09;19;2138.059
17;2025-11-09;20;1605.027
17;2025-11-09;21;1127.713
17;2025-11-09;22;692.629
17;2025-11-09;23;320.171
17;2025-11-10;0;103.431
17;2025-11-10;1;12.465
17;2025-11-10;2;0.0
17;2025-11-10;3;0.0
17;2025-11-10;4;26.531
17;2025-11-10;5;306.246
17;2025-11-10;6;1487.696
17;2025-11-10;7;4009.414
17;2025-11-10;8;5316.186
17;2025-11-10;9;3685.212
17;2025-11-10;10;2823.29
17;2025-11-10;11;2780.159
17;2025-11-10;12;2846.695
17;2025-11-10;13;2888.03
17;2025-11-10;14;2914.808
17;2025-11-10;15;3157.336
17;2025-11-10;16;3580.621
17;2025-11-10;17;4392.776
17;2025-11-10;18;4960.748
17;2025-11-10;19;3405.728
17;2025-11-10;20;2240.01
17;2025-11-10;21;1341.847
17;2025-11-10;22;712.278
17;2025-11-10;23;311.395
17;2025-11-11;0;109.242
17;2025-11-11;1;9.503
17;2025-11-11;2;0.0
17;2025-11-11;3;0.0
17;2025-11-11;4;27.698
17;2025-11-11;5;313.51
17;2025-11-11;6;1575.512
17;2025-11-11;7;4237.31
17;2025-11-11;8;5591.297
17;2025-11-11;9;3934.107
17;2025-11-11;10;3034.928
17;2025-11-11;11;2941.904
17;2025-11-11;12;3022.948
17;2025-11-11;13;3045.714
17;2025-11-11;14;3188.881
17;2025-11-11;15;3284.642
17;2025-11-11;16;3676.098
17;2025-11-11;17;4604.689
17;2025-11-11;18;5082.977
17;2025-11-11;19;3573.873
17;2025-11-11;20;2399.41
17;2025-11-11;21;1446.658
17;2025-11-11;22;754.796
17;2025-11-11;23;347.644
17;2025-11-12;0;127.346
17;2025-11-12;1;9.743
17;2025-11-12;2;0.0
17;2025-11-12;3;0.0
17;2025-11-12;4;27.532
17;2025-11-12;5;329.401
17;2025-11-12;6;1563.11
17;2025-11-12;7;4173.702
17;2025-11-12;8;5496.363
17;2025-11-12;9;3873.854
17;2025-11-12;10;3070.472
17;2025-11-12;11;3015.904
17;2025-11-12;12;3071.386
17;2025-11-12;13;3129.403
17;2025-11-12;14;3219.996
17;2025-11-12;15;3396.429
17;2025-11-12;16;3777.162
17;2025-11-12;17;4621.034
17;2025-11-12;18;5093.467
17;2025-11-12;19;3554.803
17;2025-11-12;20;2398.372
17;2025-11-12;21;1500.161
17;2025-11-12;22;805.048
17;2025-11-12;23;383.51
17;2025-11-13;0;142.171
17;2025-11-13;1;10.57
17;2025-11-13;2;0.0
17;2025-11-13;3;0.0
17;2025-11-13;4;26.169
17;2025-11-13;5;326.562
17;2025-11-13;6;1566.571
17;2025-11-13;7;4127.427
17;2025-11-13;8;5498.914
17;2025-11-13;9;3882.398
17;2025-11-13;10;3067.652
17;2025-11-13;11;3004.979
17;2025-11-13;12;3120.897
17;2025-11-13;13;3161.579
17;2025-11-13;14;3221.599
17;2025-11-13;15;3358.821
17;2025-11-13;16;3822.111
17;2025-11-13;17;4642.388
17;2025-11-13;18;5057.947
17;2025-11-13;19;3534.854
17;2025-11-13;20;2431.975
17;2025-11-13;21;1512.687
17;2025-11-13;22;811.777
17;2025-11-13;23;386.988
17;2025-11-14;0;150.178
17;2025-11-14;1;15.674
17;2025-11-14;2;0.0
17;2025-11-14;3;0.0
17;2025-11-14;4;26.968
17;2025-11-14;5;323.174
17;2025-11-14;6;1579.332
17;2025-11-14;7;4243.664
17;2025-11-14;8;5486.453
17;2025-11-14;9;3857.185
17;2025-11-14;10;3093.303
17;2025-11-14;11;3113.672
17;2025-11-14;12;3170.623
17;2025-11-14;13;3257.149
17;2025-11-14;14;3352.314
17;2025-11-14;15;3740.534
17;2025-11-14;16;4376.696
17;2025-11-14;17;4846.243
17;2025-11-14;18;4637.694
17;2025-11-14;19;3336.997
17;2025-11-14;20;2397.129
17;2025-11-14;21;1591.391
17;2025-11-14;22;875.944
17;2025-11-14;23;457.801
17;2025-11-15;0;207.391
17;2025-11-15;1;24.999
17;2025-11-15;2;0.0
17;2025-11-15;3;0.0
17;2025-11-15;4;6.021
17;2025-11-15;5;127.411
17;2025-11-15;6;568.744
17;2025-11-15;7;1220.903
17;2025-11-15;8;1789.396
17;2025-11-15;9;2296.132
17;2025-11-15;10;2534.151
17;2025-11-15;11;3096.915
17;2025-11-15;12;3505.152
17;2025-11-15;13;3698.999
17;2025-11-15;14;3755.065
17;2025-11-15;15;3786.53
17;2025-11-15;16;3795.405
17;2025-11-15;17;3541.695
17;2025-11-15;18;3201.886
17;2025-11-15;19;2533.562
17;2025-11-15;20;1927.482
17;2025-11-15;21;1398.109
17;2025-11-15;22;894.201
17;2025-11-15;23;465.342
17;2025-11-16;0;190.168
17;2025-11-16;1;26.885
17;2025-11-16;2;0.0
17;2025-11-16;3;0.0
17;2025-11-16;4;4.058
17;2025-11-16;5;104.678
17;2025-11-16;6;424.381
17;2025-11-16;7;785.299
17;2025-11-16;8;1223.401
17;2025-11-16;9;1697.137
17;2025-11-16;10;2017.815
17;2025-11-16;11;2571.179
17;2025-11-16;12;3011.782
17;2025-11-16;13;3259.124
17;2025-11-16;14;3335.616
17;2025-11-16;15;3290.416
17;2025-11-16;16;3280.422
17;2025-11-16;17;3095.666
17;2025-11-16;18;2630.493
17;2025-11-16;19;2130.661
17;2025-11-16;20;1596.522
17;2025-11-16;21;1121.178
17;2025-11-16;22;688.386
17;2025-11-16;23;318.897
17;2025-11-17;0;103.432
17;2025-11-17;1;12.465
17;2025-11-17;2;0.0
17;2025-11-17;3;0.0
17;2025-11-17;4;26.531
17;2025-11-17;5;305.615
17;2025-11-17;6;1486.329
17;2025-11-17;7;4013.194
17;2025-11-17;8;5320.346
17;2025-11-17;9;3685.369
17;2025-11-17;10;2822.484
17;2025-11-17;11;2779.046
17;2025-11-17;12;2847.208
17;2025-11-17;13;2888.605
17;2025-11-17;14;2916.469
17;2025-11-17;15;3160.701
17;2025-11-17;16;3584.621
17;2025-11-17;17;4396.901
17;2025-11-17;18;4964.55
17;2025-11-17;19;3401.841
17;2025-11-17;20;2232.96
17;2025-11-17;21;1337.247
17;2025-11-17;22;707.296
17;2025-11-17;23;309.691
17;2025-11-18;0;109.245
17;2025-11-18;1;9.504
17;2025-11-18;2;0.0
17;2025-11-18;3;0.0
17;2025-11-18;4;27.698
17;2025-11-18;5;312.881
17;2025-11-18;6;1574.091
17;2025-11-18;7;4241.289
17;2025-11-18;8;5595.683
17;2025-11-18;9;3934.309
17;2025-11-18;10;3034.099
17;2025-11-18;11;2940.771
17;2025-11-18;12;3023.513
17;2025-11-18;13;3046.342
17;2025-11-18;14;3190.713
17;2025-11-18;15;3288.132
17;2025-11-18;16;3680.194
17;2025-11-18;17;4608.982
17;2025-11-18;18;5086.85
17;2025-11-18;19;3569.902
17;2025-11-18;20;2392.0
17;2025-11-18;21;1441.78
17;2025-11-18;22;749.602
17;2025-11-18;23;345.763
17;2025-11-19;0;127.35
17;2025-11-19;1;9.744
17;2025-11-19;2;0.0
17;2025-11-19;3;0.0
17;2025-11-19;4;27.533
17;2025-11-19;5;328.743
17;2025-11-19;6;1561.738
17;2025-11-19;7;4177.604
17;2025-11-19;8;5500.66
17;2025-11-19;9;3874.094
17;2025-11-19;10;3069.68
17;2025-11-19;11;3014.79
17;2025-11-19;12;3071.985
17;2025-11-19;13;3130.074
17;2025-11-19;14;3221.85
17;2025-11-19;15;3400.015
17;2025-11-19;16;3781.346
17;2025-11-19;17;4625.334
17;2025-11-19;18;5097.349
17;2025-11-19;19;3550.944
17;2025-11-19;20;2391.096
17;2025-11-19;21;1495.177
17;2025-11-19;22;799.619
17;2025-11-19;23;381.473
17;2025-11-20;0;142.176
17;2025-11-20;1;10.57
17;2025-11-20;2;0.0
17;2025-11-20;3;0.0
17;2025-11-20;4;26.17
17;2025-11-20;5;325.929
17;2025-11-20;6;1565.222
17;2025-11-20;7;4131.225
17;2025-11-20;8;5503.153
17;2025-11-20;9;3882.643
17;2025-11-20;10;3066.884
17;2025-11-20;11;3003.901
17;2025-11-20;12;3121.502
17;2025-11-20;13;3162.25
17;2025-11-20;14;3223.423
17;2025-11-20;15;3362.313
17;2025-11-20;16;3826.276
17;2025-11-20;17;4646.656
17;2025-11-20;18;5061.76
17;2025-11-20;19;3531.114
17;2025-11-20;20;2424.769
17;2025-11-20;21;1507.756
17;2025-11-20;22;806.38
17;2025-11-20;23;384.962
17;2025-11-21;0;150.183
17;2025-11-21;1;15.674
17;2025-11-21;2;0.0
17;2025-11-21;3;0.0
17;2025-11-21;4;26.969
17;2025-11-21;5;322.556
17;2025-11-21;6;1577.993
17;2025-11-21;7;4247.483
17;2025-11-21;8;5490.581
17;2025-11-21;9;3857.407
17;2025-11-21;10;3092.526
17;2025-11-21;11;3112.554
17;2025-11-21;12;3171.215
17;2025-11-21;13;3257.816
17;2025-11-21;14;3354.171
17;2025-11-21;15;3744.341
17;2025-11-21;16;4381.348
17;2025-11-21;17;4850.569
17;2025-11-21;18;4641.082
17;2025-11-21;19;3333.521
17;2025-11-21;20;2390.15
17;2025-11-21;21;1586.306
17;2025-11-21;22;870.223
17;2025-11-21;23;455.452
17;2025-11-22;0;206.755
17;2025-11-22;1;24.998
17;2025-11-22;2;0.0
17;2025-11-22;3;0.0
17;2025-11-22;4;6.02
17;2025-11-22;5;126.313
17;2025-11-22;6;566.774
17;2025-11-22;7;1218.225
17;2025-11-22;8;1785.694
17;2025-11-22;9;2292.503
17;2025-11-22;10;2530.827
17;2025-11-22;11;3099.978
17;2025-11-22;12;3511.667
17;2025-11-22;13;3706.058
17;2025-11-22;14;3763.548
17;2025-11-22;15;3795.144
17;2025-11-22;16;3804.295
17;2025-11-22;17;3548.221
17;2025-11-22;18;3200.231
17;2025-11-22;19;2525.894
17;2025-11-22;20;1918.434
17;2025-11-22;21;1390.91
17;2025-11-22;22;889.292
17;2025-11-22;23;463.712
17;2025-11-23;0;189.575
17;2025-11-23;1;26.88
17;2025-11-23;2;0.0
17;2025-11-23;3;0.0
17;2025-11-23;4;4.057
17;2025-11-23;5;103.779
17;2025-11-23;6;422.895
17;2025-11-23;7;783.542
17;2025-11-23;8;1220.798
17;2025-11-23;9;1694.326
17;2025-11-23;10;2015.005
17;2025-11-23;11;2573.357
17;2025-11-23;12;3016.886
17;2025-11-23;13;3264.825
17;2025-11-23;14;3342.595
17;2025-11-23;15;3297.338
17;2025-11-23;16;3287.556
17;2025-11-23;17;3100.882
17;2025-11-23;18;2628.864
17;2025-11-23;19;2124.14
17;2025-11-23;20;1589.026
17;2025-11-23;21;1115.418
17;2025-11-23;22;684.646
17;2025-11-23;23;317.774
17;2025-11-24;0;103.434
17;2025-11-24;1;12.465
17;2025-11-24;2;0.0
17;2025-11-24;3;0.0
17;2025-11-24;4;26.532
17;2025-11-24;5;305.065
17;2025-11-24;6;1485.137
17;2025-11-24;7;4016.487
17;2025-11-24;8;5323.971
17;2025-11-24;9;3685.505
17;2025-11-24;10;2821.782
17;2025-11-24;11;2778.076
17;2025-11-24;12;2847.655
17;2025-11-24;13;2889.107
17;2025-11-24;14;2917.916
17;2025-11-24;15;3163.633
17;2025-11-24;16;3588.106
17;2025-11-24;17;4400.496
17;2025-11-24;18;4967.862
17;2025-11-24;19;3398.454
17;2025-11-24;20;2226.817
17;2025-11-24;21;1333.239
17;2025-11-24;22;702.955
17;2025-11-24;23;308.206
17;2025-11-25;0;109.247
17;2025-11-25;1;9.504
17;2025-11-25;2;0.0
17;2025-11-25;3;0.0
17;2025-11-25;4;27.699
17;2025-11-25;5;312.339
17;2025-11-25;6;1572.867
17;2025-11-25;7;4244.72
17;2025-11-25;8;5599.463
17;2025-11-25;9;3934.484
17;2025-11-25;10;3033.384
17;2025-11-25;11;2939.794
17;2025-11-25;12;3023.999
17;2025-11-25;13;3046.883
17;2025-11-25;14;3192.293
17;2025-11-25;15;3291.141
17;2025-11-25;16;3683.725
17;2025-11-25;17;4612.682
17;2025-11-25;18;5090.188
17;2025-11-25;19;3566.478
17;2025-11-25;20;2385.612
17;2025-11-25;21;1437.575
17;2025-11-25;22;745.124
17;2025-11-25;23;344.142
17;2025-11-26;0;127.354
17;2025-11-26;1;9.744
17;2025-11-26;2;0.0
17;2025-11-26;3;0.0
17;2025-11-26;4;27.534
17;2025-11-26;5;328.181
17;2025-11-26;6;1560.566
17;2025-11-26;7;4180.939
17;2025-11-26;8;5504.331
17;2025-11-26;9;3874.298
17;2025-11-26;10;3069.004
17;2025-11-26;11;3013.839
17;2025-11-26;12;3072.497
17;2025-11-26;13;3130.648
17;2025-11-26;14;3223.434
17;2025-11-26;15;3403.079
17;2025-11-26;16;3784.921
17;2025-11-26;17;4629.007
17;2025-11-26;18;5100.666
17;2025-11-26;19;3547.647
17;2025-11-26;20;2384.879
17;2025-11-26;21;1490.919
17;2025-11-26;22;794.981
17;2025-11-26;23;379.732
17;2025-11-27;0;142.181
17;2025-11-27;1;10.571
17;2025-11-27;2;0.0
17;2025-11-27;3;0.0
17;2025-11-27;4;26.171
17;2025-11-27;5;325.392
17;2025-11-27;6;1564.078
17;2025-11-27;7;4134.448
17;2025-11-27;8;5506.75
17;2025-11-27;9;3882.851
17;2025-11-27;10;3066.233
17;2025-11-27;11;3002.986
17;2025-11-27;12;3122.015
17;2025-11-27;13;3162.82
17;2025-11-27;14;3224.971
17;2025-11-27;15;3365.276
17;2025-11-27;16;3829.808
17;2025-11-27;17;4650.276
17;2025-11-27;18;5064.994
17;2025-11-27;19;3527.941
17;2025-11-27;20;2418.655
17;2025-11-27;21;1503.573
17;2025-11-27;22;801.8
17;2025-11-27;23;383.244
17;2025-11-28;0;150.187
17;2025-11-28;1;15.675
17;2025-11-28;2;0.0
17;2025-11-28;3;0.0
17;2025-11-28;4;26.97
17;2025-11-28;5;322.034
17;2025-11-28;6;1576.863
17;2025-11-28;7;4250.708
17;2025-11-28;8;5494.067
17;2025-11-28;9;3857.594
17;2025-11-28;10;3091.869
17;2025-11-28;11;3111.61
17;2025-11-28;12;3171.714
17;2025-11-28;13;3258.378
17;2025-11-28;14;3355.738
17;2025-11-28;15;3747.555
17;2025-11-28;16;4385.275
17;2025-11-28;17;4854.221
17;2025-11-28;18;4643.941
17;2025-11-28;19;3330.587
17;2025-11-28;20;2384.259
17;2025-11-28;21;1582.013
17;2025-11-28;22;865.393
17;2025-11-28;23;453.468
17;2025-11-29;0;206.219
17;2025-11-29;1;24.997
17;2025-11-29;2;0.0
17;2025-11-29;3;0.0
17;2025-11-29;4;6.02
17;2025-11-29;5;125.388
17;2025-11-29;6;565.115
17;2025-11-29;7;1215.971
17;2025-11-29;8;1782.577
17;2025-11-29;9;2289.448
17;2025-11-29;10;2528.028
17;2025-11-29;11;3102.557
17;2025-11-29;12;3517.153
17;2025-11-29;13;3712.001
17;2025-11-29;14;3770.691
17;2025-11-29;15;3802.396
17;2025-11-29;16;3811.78
17;2025-11-29;17;3553.716
17;2025-11-29;18;3198.837
17;2025-11-29;19;2519.436
17;2025-11-29;20;1910.815
17;2025-11-29;21;1384.848
17;2025-11-29;22;885.158
17;2025-11-29;23;462.339
17;2025-11-30;0;189.075
17;2025-11-30;1;26.877
17;2025-11-30;2;0.0
17;2025-11-30;3;0.0
17;2025-11-30;4;4.057
17;2025-11-30;5;103.022
17;2025-11-30;6;421.644
17;2025-11-30;7;782.064
17;2025-11-30;8;1218.606
17;2025-11-30;9;1691.959
17;2025-11-30;10;2012.64
17;2025-11-30;11;2575.19
17;2025-11-30;12;3021.182
17;2025-11-30;13;3269.623
17;2025-11-30;14;3348.469
17;2025-11-30;15;3303.164
17;2025-11-30;16;3293.561
17;2025-11-30;17;3105.273
17;2025-11-30;18;2627.494
17;2025-11-30;19;2118.651
17;2025-11-30;20;1582.716
17;2025-11-30;21;1110.57
17;2025-11-30;22;681.499
17;2025-11-30;23;316.829
17;2025-12-01;0;103.435
17;2025-12-01;1;12.465
17;2025-12-01;2;0.0
17;2025-12-01;3;0.0
17;2025-12-01;4;26.532
17;2025-12-01;5;304.603
17;2025-12-01;6;1484.135
17;2025-12-01;7;4019.257
17;2025-12-01;8;5327.019
17;2025-12-01;9;3685.62
17;2025-12-01;10;2821.192
17;2025-12-01;11;2777.26
17;2025-12-01;12;2848.03
17;2025-12-01;13;2889.529
17;2025-12-01;14;2919.134
17;2025-12-01;15;3166.099
17;2025-12-01;16;3591.037
17;2025-12-01;17;4403.519
17;2025-12-01;18;4970.647
17;2025-12-01;19;3395.606
17;2025-12-01;20;2221.651
17;2025-12-01;21;1329.869
17;2025-12-01;22;699.304
17;2025-12-01;23;306.957
17;2025-12-02;0;109.249
17;2025-12-02;1;9.504
17;2025-12-02;2;0.0
17;2025-12-02;3;0.0
17;2025-12-02;4;27.699
17;2025-12-02;5;311.885
17;2025-12-02;6;1571.84
17;2025-12-02;7;4247.595
17;2025-12-02;8;5602.633
17;2025-12-02;9;3934.63
17;2025-12-02;10;3032.784
17;2025-12-02;11;2938.975
17;2025-12-02;12;3024.407
17;2025-12-02;13;3047.337
17;2025-12-02;14;3193.617
17;2025-12-02;15;3293.663
17;2025-12-02;16;3686.684
17;2025-12-02;17;4615.785
17;2025-12-02;18;5092.987
17;2025-12-02;19;3563.609
17;2025-12-02;20;2380.257
17;2025-12-02;21;1434.05
17;2025-12-02;22;741.37
17;2025-12-02;23;342.783
17;2025-12-03;0;127.357
17;2025-12-03;1;9.744
17;2025-12-03;2;0.0
17;2025-12-03;3;0.0
17;2025-12-03;4;27.535
17;2025-12-03;5;327.713
17;2025-12-03;6;1559.589
17;2025-12-03;7;4183.717
17;2025-12-03;8;5507.391
17;2025-12-03;9;3874.469
17;2025-12-03;10;3068.44
17;2025-12-03;11;3013.046
17;2025-12-03;12;3072.923
17;2025-12-03;13;3131.125
17;2025-12-03;14;3224.753
17;2025-12-03;15;3405.632
17;2025-12-03;16;3787.901
17;2025-12-03;17;4632.069
17;2025-12-03;18;5103.43
17;2025-12-03;19;3544.899
17;2025-12-03;20;2379.698
17;2025-12-03;21;1487.371
17;2025-12-03;22;791.116
17;2025-12-03;23;378.281
17;2025-12-04;0;142.184
17;2025-12-04;1;10.571
17;2025-12-04;2;0.0
17;2025-12-04;3;0.0
17;2025-12-04;4;26.172
17;2025-12-04;5;324.949
17;2025-12-04;6;1563.133
17;2025-12-04;7;4137.11
17;2025-12-04;8;5509.721
17;2025-12-04;9;3883.022
17;2025-12-04;10;3065.695
17;2025-12-04;11;3002.231
17;2025-12-04;12;3122.439
17;2025-12-04;13;3163.29
17;2025-12-04;14;3226.249
17;2025-12-04;15;3367.723
17;2025-12-04;16;3832.727
17;2025-12-04;17;4653.267
17;2025-12-04;18;5067.666
17;2025-12-04;19;3525.32
17;2025-12-04;20;2413.605
17;2025-12-04;21;1500.117
17;2025-12-04;22;798.017
17;2025-12-04;23;381.825
17;2025-12-05;0;150.191
17;2025-12-05;1;15.675
17;2025-12-05;2;0.0
17;2025-12-05;3;0.0
17;2025-12-05;4;26.97
17;2025-12-05;5;321.608
17;2025-12-05;6;1575.941
17;2025-12-05;7;4253.339
17;2025-12-05;8;5496.911
17;2025-12-05;9;3857.747
17;2025-12-05;10;3091.333
17;2025-12-05;11;3110.84
17;2025-12-05;12;3172.122
17;2025-12-05;13;3258.838
17;2025-12-05;14;3357.017
17;2025-12-05;15;3750.178
17;2025-12-05;16;4388.48
17;2025-12-05;17;4857.201
17;2025-12-05;18;4646.275
17;2025-12-05;19;3328.192
17;2025-12-05;20;2379.451
17;2025-12-05;21;1578.51
17;2025-12-05;22;861.451
17;2025-12-05;23;451.849
17;2025-12-06;0;205.789
17;2025-12-06;1;24.996
17;2025-12-06;2;0.0
17;2025-12-06;3;0.0
17;2025-12-06;4;6.02
17;2025-12-06;5;124.646
17;2025-12-06;6;563.783
17;2025-12-06;7;1214.16
17;2025-12-06;8;1780.073
17;2025-12-06;9;2286.994
17;2025-12-06;10;2525.78
17;2025-12-06;11;3104.628
17;2025-12-06;12;3521.559
17;2025-12-06;13;3716.775
17;2025-12-06;14;3776.428
17;2025-12-06;15;3808.221
17;2025-12-06;16;3817.792
17;2025-12-06;17;3558.129
17;2025-12-06;18;3197.718
17;2025-12-06;19;2514.25
17;2025-12-06;20;1904.696
17;2025-12-06;21;1379.979
17;2025-12-06;22;881.838
17;2025-12-06;23;461.236
17;2025-12-07;0;188.681
17;2025-12-07;1;26.874
17;2025-12-07;2;0.0
17;2025-12-07;3;0.0
17;2025-12-07;4;4.056
17;2025-12-07;5;102.426
17;2025-12-07;6;420.66
17;2025-12-07;7;780.9
17;2025-12-07;8;1216.882
17;2025-12-07;9;1690.097
17;2025-12-07;10;2010.779
17;2025-12-07;11;2576.634
17;2025-12-07;12;3024.563
17;2025-12-07;13;3273.399
17;2025-12-07;14;3353.093
17;2025-12-07;15;3307.75
17;2025-12-07;16;3298.287
17;2025-12-07;17;3108.729
17;2025-12-07;18;2626.415
17;2025-12-07;19;2114.33
17;2025-12-07;20;1577.75
17;2025-12-07;21;1106.753
17;2025-12-07;22;679.021
17;2025-12-07;23;316.085
17;2025-12-08;0;103.436
17;2025-12-08;1;12.466
17;2025-12-08;2;0.0
17;2025-12-08;3;0.0
17;2025-12-08;4;26.532
17;2025-12-08;5;304.247
17;2025-12-08;6;1483.364
17;2025-12-08;7;4021.39
17;2025-12-08;8;5329.366
17;2025-12-08;9;3685.709
17;2025-12-08;10;2820.737
17;2025-12-08;11;2776.632
17;2025-12-08;12;2848.319
17;2025-12-08;13;2889.854
17;2025-12-08;14;2920.071
17;2025-12-08;15;3167.998
17;2025-12-08;16;3593.293
17;2025-12-08;17;4405.846
17;2025-12-08;18;4972.792
17;2025-12-08;19;3393.413
17;2025-12-08;20;2217.674
17;2025-12-08;21;1327.274
17;2025-12-08;22;696.494
17;2025-12-08;23;305.995
17;2025-12-09;0;109.25
17;2025-12-09;1;9.504
17;2025-12-09;2;0.0
17;2025-12-09;3;0.0
17;2025-12-09;4;27.7
17;2025-12-09;5;311.543
17;2025-12-09;6;1571.069
17;2025-12-09;7;4249.754
17;2025-12-09;8;5605.012
17;2025-12-09;9;3934.74
17;2025-12-09;10;3032.334
17;2025-12-09;11;2938.361
17;2025-12-09;12;3024.713
17;2025-12-09;13;3047.677
17;2025-12-09;14;3194.611
17;2025-12-09;15;3295.556
17;2025-12-09;16;3688.906
17;2025-12-09;17;4618.113
17;2025-12-09;18;5095.088
17;2025-12-09;19;3561.454
17;2025-12-09;20;2376.237
17;2025-12-09;21;1431.404
17;2025-12-09;22;738.553
17;2025-12-09;23;341.763
17;2025-12-10;0;127.36
17;2025-12-10;1;9.744
17;2025-12-10;2;0.0
17;2025-12-10;3;0.0
17;2025-12-10;4;27.535
17;2025-12-10;5;327.371
17;2025-12-10;6;1558.876
17;2025-12-10;7;4185.745
17;2025-12-10;8;5509.624
17;2025-12-10;9;3874.593
17;2025-12-10;10;3068.029
17;2025-12-10;11;3012.467
17;2025-12-10;12;3073.234
17;2025-12-10;13;3131.474
17;2025-12-10;14;3225.717
17;2025-12-10;15;3407.496
17;2025-12-10;16;3790.075
17;2025-12-10;17;4634.303
17;2025-12-10;18;5105.448
17;2025-12-10;19;3542.894
17;2025-12-10;20;2375.917
17;2025-12-10;21;1484.781
17;2025-12-10;22;788.295
17;2025-12-10;23;377.222
17;2025-12-11;0;142.187
17;2025-12-11;1;10.571
17;2025-12-11;2;0.0
17;2025-12-11;3;0.0
17;2025-12-11;4;26.172
17;2025-12-11;5;324.636
17;2025-12-11;6;1562.465
17;2025-12-11;7;4138.991
17;2025-12-11;8;5511.821
17;2025-12-11;9;3883.143
17;2025-12-11;10;3065.315
17;2025-12-11;11;3001.696
17;2025-12-11;12;3122.739
17;2025-12-11;13;3163.623
17;2025-12-11;14;3227.153
17;2025-12-11;15;3369.454
17;2025-12-11;16;3834.79
17;2025-12-11;17;4655.381
17;2025-12-11;18;5069.556
17;2025-12-11;19;3523.468
17;2025-12-11;20;2410.035
17;2025-12-11;21;1497.674
17;2025-12-11;22;795.343
17;2025-12-11;23;380.822
17;2025-12-12;0;150.193
17;2025-12-12;1;15.675
17;2025-12-12;2;0.0
17;2025-12-12;3;0.0
17;2025-12-12;4;26.971
17;2025-12-12;5;321.317
17;2025-12-12;6;1575.312
17;2025-12-12;7;4255.133
17;2025-12-12;8;5498.851
17;2025-12-12;9;3857.851
17;2025-12-12;10;3090.968
17;2025-12-12;11;3110.315
17;2025-12-12;12;3172.4
17;2025-12-12;13;3259.151
17;2025-12-12;14;3357.889
17;2025-12-12;15;3751.967
17;2025-12-12;16;4390.665
17;2025-12-12;17;4859.233
17;2025-12-12;18;4647.866
17;2025-12-12;19;3326.559
17;2025-12-12;20;2376.172
17;2025-12-12;21;1576.121
17;2025-12-12;22;858.764
17;2025-12-12;23;450.746
17;2025-12-13;0;205.508
17;2025-12-13;1;24.996
17;2025-12-13;2;0.0
17;2025-12-13;3;0.0
17;2025-12-13;4;6.02
17;2025-12-13;5;124.16
17;2025-12-13;6;562.912
17;2025-12-13;7;1212.976
17;2025-12-13;8;1778.436
17;2025-12-13;9;2285.39
17;2025-12-13;10;2524.31
17;2025-12-13;11;3105.983
17;2025-12-13;12;3524.44
17;2025-12-13;13;3719.897
17;2025-12-13;14;3780.18
17;2025-12-13;15;3812.031
17;2025-12-13;16;3821.724
17;2025-12-13;17;3561.015
17;2025-12-13;18;3196.986
17;2025-12-13;19;2510.858
17;2025-12-13;20;1900.694
17;2025-12-13;21;1376.795
17;2025-12-13;22;879.667
17;2025-12-13;23;460.515
17;2025-12-14;0;188.436
17;2025-12-14;1;26.872
17;2025-12-14;2;0.0
17;2025-12-14;3;0.0
17;2025-12-14;4;4.056
17;2025-12-14;5;102.054
17;2025-12-14;6;420.045
17;2025-12-14;7;780.173
17;2025-12-14;8;1215.805
17;2025-12-14;9;1688.934
17;2025-12-14;10;2009.617
17;2025-12-14;11;2577.534
17;2025-12-14;12;3026.674
17;2025-12-14;13;3275.757
17;2025-12-14;14;3355.979
17;2025-12-14;15;3310.613
17;2025-12-14;16;3301.237
17;2025-12-14;17;3110.886
17;2025-12-14;18;2625.741
17;2025-12-14;19;2111.634
17;2025-12-14;20;1574.649
17;2025-12-14;21;1104.371
17;2025-12-14;22;677.474
17;2025-12-14;23;315.621
17;2025-12-15;0;103.436
17;2025-12-15;1;12.466
17;2025-12-15;2;0.0
17;2025-12-15;3;0.0
17;2025-12-15;4;26.532
17;2025-12-15;5;304.036
17;2025-12-15;6;1482.907
17;2025-12-15;7;4022.653
17;2025-12-15;8;5330.757
17;2025-12-15;9;3685.761
17;2025-12-15;10;2820.468
17;2025-12-15;11;2776.26
17;2025-12-15;12;2848.491
17;2025-12-15;13;2890.047
17;2025-12-15;14;2920.626
17;2025-12-15;15;3169.123
17;2025-12-15;16;3594.631
17;2025-12-15;17;4407.225
17;2025-12-15;18;4974.063
17;2025-12-15;19;3392.114
17;2025-12-15;20;2215.316
17;2025-12-15;21;1325.736
17;2025-12-15;22;694.828
17;2025-12-15;23;305.425
17;2025-12-16;0;109.251
17;2025-12-16;1;9.504
17;2025-12-16;2;0.0
17;2025-12-16;3;0.0
17;2025-12-16;4;27.7
17;2025-12-16;5;311.353
17;2025-12-16;6;1570.638
17;2025-12-16;7;4250.961
17;2025-12-16;8;5606.342
17;2025-12-16;9;3934.801
17;2025-12-16;10;3032.083
17;2025-12-16;11;2938.017
17;2025-12-16;12;3024.885
17;2025-12-16;13;3047.868
17;2025-12-16;14;3195.167
17;2025-12-16;15;3296.614
17;2025-12-16;16;3690.148
17;2025-12-16;17;4619.415
17;2025-12-16;18;5096.262
17;2025-12-16;19;3560.25
17;2025-12-16;20;2373.99
17;2025-12-16;21;1429.925
17;2025-12-16;22;736.978
17;2025-12-16;23;341.192
17;2025-12-17;0;127.361
17;2025-12-17;1;9.745
17;2025-12-17;2;0.0
17;2025-12-17;3;0.0
17;2025-12-17;4;27.536
17;2025-12-17;5;327.193
17;2025-12-17;6;1558.503
17;2025-12-17;7;4186.805
17;2025-12-17;8;5510.792
17;2025-12-17;9;3874.658
17;2025-12-17;10;3067.814
17;2025-12-17;11;3012.165
17;2025-12-17;12;3073.397
17;2025-12-17;13;3131.656
17;2025-12-17;14;3226.22
17;2025-12-17;15;3408.47
17;2025-12-17;16;3791.212
17;2025-12-17;17;4635.472
17;2025-12-17;18;5106.503
17;2025-12-17;19;3541.845
17;2025-12-17;20;2373.939
17;2025-12-17;21;1483.427
17;2025-12-17;22;786.819
17;2025-12-17;23;376.668
17;2025-12-18;0;142.188
17;2025-12-18;1;10.571
17;2025-12-18;2;0.0
17;2025-12-18;3;0.0
17;2025-12-18;4;26.172
17;2025-12-18;5;324.484
17;2025-12-18;6;1562.141
17;2025-12-18;7;4139.903
17;2025-12-18;8;5512.838
17;2025-12-18;9;3883.202
17;2025-12-18;10;3065.131
17;2025-12-18;11;3001.438
17;2025-12-18;12;3122.884
17;2025-12-18;13;3163.784
17;2025-12-18;14;3227.591
17;2025-12-18;15;3370.291
17;2025-12-18;16;3835.789
17;2025-12-18;17;4656.405
17;2025-12-18;18;5070.47
17;2025-12-18;19;3522.571
17;2025-12-18;20;2408.306
17;2025-12-18;21;1496.491
17;2025-12-18;22;794.048
17;2025-12-18;23;380.336
17;2025-12-19;0;150.194
17;2025-12-19;1;15.675
17;2025-12-19;2;0.0
17;2025-12-19;3;0.0
17;2025-12-19;4;26.971
17;2025-12-19;5;321.189
17;2025-12-19;6;1575.034
17;2025-12-19;7;4255.926
17;2025-12-19;8;5499.708
17;2025-12-19;9;3857.897
17;2025-12-19;10;3090.806
17;2025-12-19;11;3110.083
17;2025-12-19;12;3172.523
17;2025-12-19;13;3259.289
17;2025-12-19;14;3358.274
17;2025-12-19;15;3752.757
17;2025-12-19;16;4391.63
17;2025-12-19;17;4860.131
17;2025-12-19;18;4648.569
17;2025-12-19;19;3325.838
17;2025-12-19;20;2374.724
17;2025-12-19;21;1575.066
17;2025-12-19;22;857.576
17;2025-12-19;23;450.258
17;2025-12-20;0;205.397
17;2025-12-20;1;24.995
17;2025-12-20;2;0.0
17;2025-12-20;3;0.0
17;2025-12-20;4;6.02
17;2025-12-20;5;123.968
17;2025-12-20;6;562.568
17;2025-12-20;7;1212.508
17;2025-12-20;8;1777.788
17;2025-12-20;9;2284.755
17;2025-12-20;10;2523.729
17;2025-12-20;11;3106.519
17;2025-12-20;12;3525.579
17;2025-12-20;13;3721.131
17;2025-12-20;14;3781.663
17;2025-12-20;15;3813.536
17;2025-12-20;16;3823.278
17;2025-12-20;17;3562.156
17;2025-12-20;18;3196.697
17;2025-12-20;19;2509.518
17;2025-12-20;20;1899.112
17;2025-12-20;21;1375.536
17;2025-12-20;22;878.809
17;2025-12-20;23;460.23
17;2025-12-21;0;188.352
17;2025-12-21;1;26.871
17;2025-12-21;2;0.0
17;2025-12-21;3;0.0
17;2025-12-21;4;4.056
17;2025-12-21;5;101.927
17;2025-12-21;6;419.836
17;2025-12-21;7;779.926
17;2025-12-21;8;1215.438
17;2025-12-21;9;1688.538
17;2025-12-21;10;2009.221
17;2025-12-21;11;2577.841
17;2025-12-21;12;3027.393
17;2025-12-21;13;3276.56
17;2025-12-21;14;3356.962
17;2025-12-21;15;3311.588
17;2025-12-21;16;3302.242
17;2025-12-21;17;3111.621
17;2025-12-21;18;2625.512
17;2025-12-21;19;2110.715
17;2025-12-21;20;1573.594
17;2025-12-21;21;1103.56
17;2025-12-21;22;676.948
17;2025-12-21;23;315.463
17;2025-12-22;0;103.436
17;2025-12-22;1;12.466
17;2025-12-22;2;0.0
17;2025-12-22;3;0.0
17;2025-12-22;4;26.532
17;2025-12-22;5;303.978
17;2025-12-22;6;1482.782
17;2025-12-22;7;4023.0
17;2025-12-22;8;5331.138
17;2025-12-22;9;3685.775
17;2025-12-22;10;2820.394
17;2025-12-22;11;2776.158
17;2025-12-22;12;2848.538
17;2025-12-22;13;2890.1
17;2025-12-22;14;2920.778
17;2025-12-22;15;3169.432
17;2025-12-22;16;3594.998
17;2025-12-22;17;4407.604
17;2025-12-22;18;4974.411
17;2025-12-22;19;3391.757
17;2025-12-22;20;2214.669
17;2025-12-22;21;1325.314
17;2025-12-22;22;694.371
17;2025-12-22;23;305.269
17;2025-12-23;0;109.251
17;2025-12-23;1;9.504
17;2025-12-23;2;0.0
17;2025-12-23;3;0.0
17;2025-12-23;4;27.7
17;2025-12-23;5;311.316
17;2025-12-23;6;1570.555
17;2025-12-23;7;4251.193
17;2025-12-23;8;5606.598
17;2025-12-23;9;3934.813
17;2025-12-23;10;3032.034
17;2025-12-23;11;2937.951
17;2025-12-23;12;3024.918
17;2025-12-23;13;3047.904
17;2025-12-23;14;3195.274
17;2025-12-23;15;3296.818
17;2025-12-23;16;3690.387
17;2025-12-23;17;4619.666
17;2025-12-23;18;5096.488
17;2025-12-23;19;3560.018
17;2025-12-23;20;2373.558
17;2025-12-23;21;1429.64
17;2025-12-23;22;736.674
17;2025-12-23;23;341.083
17;2025-12-24;0;127.361
17;2025-12-24;1;9.745
17;2025-12-24;2;0.0
17;2025-12-24;3;0.0
17;2025-12-24;4;27.536
17;2025-12-24;5;327.177
17;2025-12-24;6;1558.47
17;2025-12-24;7;4186.899
17;2025-12-24;8;5510.895
17;2025-12-24;9;3874.664
17;2025-12-24;10;3067.795
17;2025-12-24;11;3012.138
17;2025-12-24;12;3073.411
17;2025-12-24;13;3131.672
17;2025-12-24;14;3226.265
17;2025-12-24;15;3408.557
17;2025-12-24;16;3791.313
17;2025-12-24;17;4635.575
17;2025-12-24;18;5106.596
17;2025-12-24;19;3541.752
17;2025-12-24;20;2373.764
17;2025-12-24;21;1483.307
17;2025-12-24;22;786.689
17;2025-12-24;23;376.619
17;2025-12-25;0;142.188
17;2025-12-25;1;10.571
17;2025-12-25;2;0.0
17;2025-12-25;3;0.0
17;2025-12-25;4;26.172
17;2025-12-25;5;324.491
17;2025-12-25;6;1562.157
17;2025-12-25;7;4139.859
17;2025-12-25;8;5512.79
17;2025-12-25;9;3883.199
17;2025-12-25;10;3065.139
17;2025-12-25;11;3001.45
17;2025-12-25;12;3122.877
17;2025-12-25;13;3163.776
17;2025-12-25;14;3227.57
17;2025-12-25;15;3370.252
17;2025-12-25;16;3835.741
17;2025-12-25;17;4656.356
17;2025-12-25;18;5070.427
17;2025-12-25;19;3522.613
17;2025-12-25;20;2408.388
17;2025-12-25;21;1496.548
17;2025-12-25;22;794.11
17;2025-12-25;23;380.359
17;2025-12-26;0;150.194
17;2025-12-26;1;15.675
17;2025-12-26;2;0.0
17;2025-12-26;3;0.0
17;2025-12-26;4;26.971
17;2025-12-26;5;321.219
17;2025-12-26;6;1575.098
17;2025-12-26;7;4255.742
17;2025-12-26;8;5499.509
17;2025-12-26;9;3857.886
17;2025-12-26;10;3090.844
17;2025-12-26;11;3110.137
17;2025-12-26;12;3172.494
17;2025-12-26;13;3259.257
17;2025-12-26;14;3358.185
17;2025-12-26;15;3752.574
17;2025-12-26;16;4391.407
17;2025-12-26;17;4859.923
17;2025-12-26;18;4648.406
17;2025-12-26;19;3326.005
17;2025-12-26;20;2375.06
17;2025-12-26;21;1575.311
17;2025-12-26;22;857.852
17;2025-12-26;23;450.371
17;2025-12-27;0;185.256
17;2025-12-27;1;22.539
17;2025-12-27;2;0.0
17;2025-12-27;3;0.0
17;2025-12-27;4;5.428
17;2025-12-27;5;111.867
17;2025-12-27;6;507.421
17;2025-12-27;7;1093.527
17;2025-12-27;8;1603.32
17;2025-12-27;9;2060.447
17;2025-12-27;10;2275.906
17;2025-12-27;11;2800.909
17;2025-12-27;12;3178.507
17;2025-12-27;13;3354.793
17;2025-12-27;14;3409.264
17;2025-12-27;15;3437.994
17;2025-12-27;16;3446.757
17;2025-12-27;17;3211.487
17;2025-12-27;18;2882.59
17;2025-12-27;19;2263.43
17;2025-12-27;20;1713.134
17;2025-12-27;21;1240.882
17;2025-12-27;22;792.805
17;2025-12-27;23;415.117
17;2025-12-28;0;169.905
17;2025-12-28;1;24.23
17;2025-12-28;2;0.0
17;2025-12-28;3;0.0
17;2025-12-28;4;3.657
17;2025-12-28;5;92.01
17;2025-12-28;6;378.735
17;2025-12-28;7;703.46
17;2025-12-28;8;1096.258
17;2025-12-28;9;1522.875
17;2025-12-28;10;1812.035
17;2025-12-28;11;2324.191
17;2025-12-28;12;2729.218
17;2025-12-28;13;2953.824
17;2025-12-28;14;3026.177
17;2025-12-28;15;2985.269
17;2025-12-28;16;2976.818
17;2025-12-28;17;2805.154
17;2025-12-28;18;2367.61
17;2025-12-28;19;1903.976
17;2025-12-28;20;1419.764
17;2025-12-28;21;995.737
17;2025-12-28;22;610.83
17;2025-12-28;23;284.581
17;2025-12-29;0;92.875
17;2025-12-29;1;11.193
17;2025-12-29;2;0.0
17;2025-12-29;3;0.0
17;2025-12-29;4;23.823
17;2025-12-29;5;273.025
17;2025-12-29;6;1331.57
17;2025-12-29;7;3611.753
17;2025-12-29;8;4786.28
17;2025-12-29;9;3309.437
17;2025-12-29;10;2532.538
17;2025-12-29;11;2492.859
17;2025-12-29;12;2557.635
17;2025-12-29;13;2594.944
17;2025-12-29;14;2622.348
17;2025-12-29;15;2845.389
17;2025-12-29;16;3227.421
17;2025-12-29;17;3957.043
17;2025-12-29;18;4466.023
17;2025-12-29;19;3045.971
17;2025-12-29;20;1989.482
17;2025-12-29;21;1190.606
17;2025-12-29;22;624.133
17;2025-12-29;23;274.326
17;2025-12-30;0;98.096
17;2025-12-30;1;8.534
17;2025-12-30;2;0.0
17;2025-12-30;3;0.0
17;2025-12-30;4;24.872
17;2025-12-30;5;279.634
17;2025-12-30;6;1410.435
17;2025-12-30;7;3816.492
17;2025-12-30;8;5033.443
17;2025-12-30;9;3533.035
17;2025-12-30;10;2722.6
17;2025-12-30;11;2638.172
17;2025-12-30;12;2715.981
17;2025-12-30;13;2736.61
17;2025-12-30;14;2868.735
17;2025-12-30;15;2959.639
17;2025-12-30;16;3312.925
17;2025-12-30;17;4147.292
17;2025-12-30;18;4575.5
17;2025-12-30;19;3197.193
17;2025-12-30;20;2132.436
17;2025-12-30;21;1284.476
17;2025-12-30;22;662.314
17;2025-12-30;23;306.567
17;2025-12-31;0;195.835
17;2025-12-31;1;26.957
17;2025-12-31;2;0.0
17;2025-12-31;3;0.0
17;2025-12-31;4;4.069
17;2025-12-31;5;110.523
17;2025-12-31;6;434.022
17;2025-12-31;7;810.45
17;2025-12-31;8;1259.249
17;2025-12-31;9;1725.396
17;2025-12-31;10;2039.159
17;2025-12-31;11;2542.547
17;2025-12-31;12;2973.795
17;2025-12-31;13;3217.071
17;2025-12-31;14;3295.494
17;2025-12-31;15;3268.107
17;2025-12-31;16;3258.024
17;2025-12-31;17;3082.498
17;2025-12-31;18;2670.246
17;2025-12-31;19;2165.564
17;2025-12-31;20;1610.869
17;2025-12-31;21;1132.061
17;2025-12-31;22;671.733
17;2025-12-31;23;310.493
25;2025-11-01;0;0.0
25;2025-11-01;1;0.0
25;2025-11-01;2;0.0
25;2025-11-01;3;0.0
25;2025-11-01;4;0.0
25;2025-11-01;5;3.993
25;2025-11-01;6;181.181
25;2025-11-01;7;569.658
25;2025-11-01;8;906.452
25;2025-11-01;9;471.52
25;2025-11-01;10;389.805
25;2025-11-01;11;460.867
25;2025-11-01;12;462.51
25;2025-11-01;13;570.615
25;2025-11-01;14;534.057
25;2025-11-01;15;650.584
25;2025-11-01;16;822.423
25;2025-11-01;17;824.469
25;2025-11-01;18;718.534
25;2025-11-01;19;495.838
25;2025-11-01;20;324.369
25;2025-11-01;21;224.387
25;2025-11-01;22;141.235
25;2025-11-01;23;8.997
25;2025-11-02;0;18.132
25;2025-11-02;1;0.0
25;2025-11-02;2;0.0
25;2025-11-02;3;0.0
25;2025-11-02;4;0.0
25;2025-11-02;5;3.213
25;2025-11-02;6;56.658
25;2025-11-02;7;100.584
25;2025-11-02;8;211.008
25;2025-11-02;9;236.325
25;2025-11-02;10;240.185
25;2025-11-02;11;328.291
25;2025-11-02;12;390.538
25;2025-11-02;13;496.927
25;2025-11-02;14;524.086
25;2025-11-02;15;641.127
25;2025-11-02;16;553.488
25;2025-11-02;17;508.405
25;2025-11-02;18;449.009
25;2025-11-02;19;361.31
25;2025-11-02;20;241.072
25;2025-11-02;21;194.401
25;2025-11-02;22;118.992
25;2025-11-02;23;42.178
25;2025-11-03;0;18.538
25;2025-11-03;1;0.0
25;2025-11-03;2;0.0
25;2025-11-03;3;0.0
25;2025-11-03;4;0.0
25;2025-11-03;5;3.322
25;2025-11-03;6;57.589
25;2025-11-03;7;102.84
25;2025-11-03;8;215.368
25;2025-11-03;9;239.262
25;2025-11-03;10;242.217
25;2025-11-03;11;325.781
25;2025-11-03;12;386.748
25;2025-11-03;13;492.016
25;2025-11-03;14;518.949
25;2025-11-03;15;636.814
25;2025-11-03;16;549.674
25;2025-11-03;17;506.049
25;2025-11-03;18;453.537
25;2025-11-03;19;366.438
25;2025-11-03;20;243.909
25;2025-11-03;21;196.969
25;2025-11-03;22;118.182
25;2025-11-03;23;41.725
25;2025-11-04;0;18.538
25;2025-11-04;1;0.0
25;2025-11-04;2;0.0
25;2025-11-04;3;0.0
25;2025-11-04;4;0.0
25;2025-11-04;5;3.321
25;2025-11-04;6;57.582
25;2025-11-04;7;102.856
25;2025-11-04;8;215.396
25;2025-11-04;9;239.266
25;2025-11-04;10;242.209
25;2025-11-04;11;325.764
25;2025-11-04;12;386.762
25;2025-11-04;13;492.036
25;2025-11-04;14;518.999
25;2025-11-04;15;636.923
25;2025-11-04;16;549.773
25;2025-11-04;17;506.126
25;2025-11-04;18;453.594
25;2025-11-04;19;366.377
25;2025-11-04;20;243.795
25;2025-11-04;21;196.865
25;2025-11-04;22;118.057
25;2025-11-04;23;41.69
25;2025-11-05;0;0.0
25;2025-11-05;1;0.0
25;2025-11-05;2;0.0
25;2025-11-05;3;0.0
25;2025-11-05;4;0.0
25;2025-11-05;5;6.321
25;2025-11-05;6;187.367
25;2025-11-05;7;594.504
25;2025-11-05;8;992.819
25;2025-11-05;9;519.161
25;2025-11-05;10;395.582
25;2025-11-05;11;460.07
25;2025-11-05;12;464.327
25;2025-11-05;13;588.778
25;2025-11-05;14;492.974
25;2025-11-05;15;584.21
25;2025-11-05;16;733.262
25;2025-11-05;17;849.591
25;2025-11-05;18;909.614
25;2025-11-05;19;572.798
25;2025-11-05;20;369.212
25;2025-11-05;21;234.559
25;2025-11-05;22;123.287
25;2025-11-05;23;6.793
25;2025-11-06;0;0.202
25;2025-11-06;1;0.0
25;2025-11-06;2;0.0
25;2025-11-06;3;0.0
25;2025-11-06;4;0.0
25;2025-11-06;5;7.56
25;2025-11-06;6;180.788
25;2025-11-06;7;579.03
25;2025-11-06;8;1000.495
25;2025-11-06;9;499.095
25;2025-11-06;10;411.164
25;2025-11-06;11;430.074
25;2025-11-06;12;430.876
25;2025-11-06;13;552.681
25;2025-11-06;14;521.313
25;2025-11-06;15;578.488
25;2025-11-06;16;725.699
25;2025-11-06;17;803.123
25;2025-11-06;18;837.906
25;2025-11-06;19;554.007
25;2025-11-06;20;323.849
25;2025-11-06;21;217.049
25;2025-11-06;22;126.961
25;2025-11-06;23;6.333
25;2025-11-07;0;0.0
25;2025-11-07;1;0.0
25;2025-11-07;2;0.0
25;2025-11-07;3;0.0
25;2025-11-07;4;0.0
25;2025-11-07;5;4.018
25;2025-11-07;6;180.356
25;2025-11-07;7;570.566
25;2025-11-07;8;906.163
25;2025-11-07;9;467.398
25;2025-11-07;10;384.787
25;2025-11-07;11;447.873
25;2025-11-07;12;448.743
25;2025-11-07;13;553.534
25;2025-11-07;14;518.178
25;2025-11-07;15;633.474
25;2025-11-07;16;800.762
25;2025-11-07;17;804.355
25;2025-11-07;18;711.022
25;2025-11-07;19;491.716
25;2025-11-07;20;320.572
25;2025-11-07;21;221.93
25;2025-11-07;22;136.66
25;2025-11-07;23;8.701
25;2025-11-08;0;0.0
25;2025-11-08;1;0.0
25;2025-11-08;2;0.0
25;2025-11-08;3;0.0
25;2025-11-08;4;0.0
25;2025-11-08;5;3.131
25;2025-11-08;6;71.435
25;2025-11-08;7;155.174
25;2025-11-08;8;349.897
25;2025-11-08;9;329.015
25;2025-11-08;10;330.451
25;2025-11-08;11;445.514
25;2025-11-08;12;464.667
25;2025-11-08;13;642.501
25;2025-11-08;14;653.664
25;2025-11-08;15;760.807
25;2025-11-08;16;673.075
25;2025-11-08;17;585.916
25;2025-11-08;18;538.583
25;2025-11-08;19;465.578
25;2025-11-08;20;292.118
25;2025-11-08;21;240.349
25;2025-11-08;22;148.767
25;2025-11-08;23;57.227
25;2025-11-09;0;18.063
25;2025-11-09;1;0.0
25;2025-11-09;2;0.0
25;2025-11-09;3;0.0
25;2025-11-09;4;0.0
25;2025-11-09;5;3.188
25;2025-11-09;6;56.445
25;2025-11-09;7;100.307
25;2025-11-09;8;210.455
25;2025-11-09;9;235.84
25;2025-11-09;10;239.767
25;2025-11-09;11;328.602
25;2025-11-09;12;391.305
25;2025-11-09;13;497.927
25;2025-11-09;14;525.351
25;2025-11-09;15;642.688
25;2025-11-09;16;554.89
25;2025-11-09;17;509.385
25;2025-11-09;18;448.645
25;2025-11-09;19;359.961
25;2025-11-09;20;239.731
25;2025-11-09;21;193.18
25;2025-11-09;22;118.203
25;2025-11-09;23;41.996
25;2025-11-10;0;9.181
25;2025-11-10;1;0.0
25;2025-11-10;2;0.0
25;2025-11-10;3;0.0
25;2025-11-10;4;0.0
25;2025-11-10;5;5.045
25;2025-11-10;6;184.232
25;2025-11-10;7;573.206
25;2025-11-10;8;1007.173
25;2025-11-10;9;510.08
25;2025-11-10;10;351.458
25;2025-11-10;11;398.96
25;2025-11-10;12;400.018
25;2025-11-10;13;544.571
25;2025-11-10;14;444.518
25;2025-11-10;15;530.981
25;2025-11-10;16;713.703
25;2025-11-10;17;754.676
25;2025-11-10;18;864.368
25;2025-11-10;19;532.538
25;2025-11-10;20;312.617
25;2025-11-10;21;206.108
25;2025-11-10;22;102.951
25;2025-11-10;23;6.393
25;2025-11-11;0;0.0
25;2025-11-11;1;0.0
25;2025-11-11;2;0.0
25;2025-11-11;3;0.0
25;2025-11-11;4;0.0
25;2025-11-11;5;5.043
25;2025-11-11;6;179.098
25;2025-11-11;7;578.607
25;2025-11-11;8;949.547
25;2025-11-11;9;511.622
25;2025-11-11;10;383.907
25;2025-11-11;11;450.727
25;2025-11-11;12;405.795
25;2025-11-11;13;488.89
25;2025-11-11;14;453.608
25;2025-11-11;15;553.301
25;2025-11-11;16;701.305
25;2025-11-11;17;747.934
25;2025-11-11;18;795.466
25;2025-11-11;19;538.38
25;2025-11-11;20;332.231
25;2025-11-11;21;207.864
25;2025-11-11;22;113.62
25;2025-11-11;23;6.805
25;2025-11-12;0;0.0
25;2025-11-12;1;0.0
25;2025-11-12;2;0.0
25;2025-11-12;3;0.0
25;2025-11-12;4;0.0
25;2025-11-12;5;6.31
25;2025-11-12;6;187.179
25;2025-11-12;7;595.041
25;2025-11-12;8;993.547
25;2025-11-12;9;519.132
25;2025-11-12;10;395.423
25;2025-11-12;11;459.831
25;2025-11-12;12;464.369
25;2025-11-12;13;588.843
25;2025-11-12;14;493.225
25;2025-11-12;15;584.804
25;2025-11-12;16;734.056
25;2025-11-12;17;850.338
25;2025-11-12;18;910.253
25;2025-11-12;19;572.077
25;2025-11-12;20;367.957
25;2025-11-12;21;233.713
25;2025-11-12;22;122.375
25;2025-11-12;23;6.756
25;2025-11-13;0;0.202
25;2025-11-13;1;0.0
25;2025-11-13;2;0.0
25;2025-11-13;3;0.0
25;2025-11-13;4;0.0
25;2025-11-13;5;7.548
25;2025-11-13;6;180.605
25;2025-11-13;7;579.544
25;2025-11-13;8;1001.216
25;2025-11-13;9;499.064
25;2025-11-13;10;410.997
25;2025-11-13;11;429.849
25;2025-11-13;12;430.911
25;2025-11-13;13;552.737
25;2025-11-13;14;521.566
25;2025-11-13;15;579.061
25;2025-11-13;16;726.468
25;2025-11-13;17;803.826
25;2025-11-13;18;838.485
25;2025-11-13;19;553.306
25;2025-11-13;20;322.753
25;2025-11-13;21;216.246
25;2025-11-13;22;126.011
25;2025-11-13;23;6.295
25;2025-11-14;0;0.0
25;2025-11-14;1;0.0
25;2025-11-14;2;0.0
25;2025-11-14;3;0.0
25;2025-11-14;4;0.0
25;2025-11-14;5;4.012
25;2025-11-14;6;180.176
25;2025-11-14;7;571.064
25;2025-11-14;8;906.806
25;2025-11-14;9;467.369
25;2025-11-14;10;384.634
25;2025-11-14;11;447.639
25;2025-11-14;12;448.779
25;2025-11-14;13;553.589
25;2025-11-14;14;518.431
25;2025-11-14;15;634.106
25;2025-11-14;16;801.602
25;2025-11-14;17;805.053
25;2025-11-14;18;711.507
25;2025-11-14;19;491.103
25;2025-11-14;20;319.501
25;2025-11-14;21;221.121
25;2025-11-14;22;135.659
25;2025-11-14;23;8.656
25;2025-11-15;0;0.0
25;2025-11-15;1;0.0
25;2025-11-15;2;0.0
25;2025-11-15;3;0.0
25;2025-11-15;4;0.0
25;2025-11-15;5;3.12
25;2025-11-15;6;71.181
25;2025-11-15;7;154.768
25;2025-11-15;8;349.038
25;2025-11-15;9;328.383
25;2025-11-15;10;329.922
25;2025-11-15;11;445.959
25;2025-11-15;12;465.59
25;2025-11-15;13;643.793
25;2025-11-15;14;655.234
25;2025-11-15;15;762.644
25;2025-11-15;16;674.749
25;2025-11-15;17;587.052
25;2025-11-15;18;538.208
25;2025-11-15;19;463.958
25;2025-11-15;20;290.539
25;2025-11-15;21;238.915
25;2025-11-15;22;147.823
25;2025-11-15;23;56.992
25;2025-11-16;0;17.997
25;2025-11-16;1;0.0
25;2025-11-16;2;0.0
25;2025-11-16;3;0.0
25;2025-11-16;4;0.0
25;2025-11-16;5;3.164
25;2025-11-16;6;56.242
25;2025-11-16;7;100.044
25;2025-11-16;8;209.93
25;2025-11-16;9;235.379
25;2025-11-16;10;239.369
25;2025-11-16;11;328.897
25;2025-11-16;12;392.033
25;2025-11-16;13;498.878
25;2025-11-16;14;526.553
25;2025-11-16;15;644.17
25;2025-11-16;16;556.222
25;2025-11-16;17;510.317
25;2025-11-16;18;448.298
25;2025-11-16;19;358.68
25;2025-11-16;20;238.457
25;2025-11-16;21;192.02
25;2025-11-16;22;117.454
25;2025-11-16;23;41.824
25;2025-11-17;0;9.18
25;2025-11-17;1;0.0
25;2025-11-17;2;0.0
25;2025-11-17;3;0.0
25;2025-11-17;4;0.0
25;2025-11-17;5;5.039
25;2025-11-17;6;184.048
25;2025-11-17;7;573.678
25;2025-11-17;8;1007.838
25;2025-11-17;9;510.037
25;2025-11-17;10;351.313
25;2025-11-17;11;398.75
25;2025-11-17;12;400.039
25;2025-11-17;13;544.61
25;2025-11-17;14;444.714
25;2025-11-17;15;531.482
25;2025-11-17;16;714.413
25;2025-11-17;17;755.29
25;2025-11-17;18;864.927
25;2025-11-17;19;531.879
25;2025-11-17;20;311.606
25;2025-11-17;21;205.367
25;2025-11-17;22;102.213
25;2025-11-17;23;6.356
25;2025-11-18;0;0.0
25;2025-11-18;1;0.0
25;2025-11-18;2;0.0
25;2025-11-18;3;0.0
25;2025-11-18;4;0.0
25;2025-11-18;5;5.036
25;2025-11-18;6;178.929
25;2025-11-18;7;579.098
25;2025-11-18;8;950.194
25;2025-11-18;9;511.597
25;2025-11-18;10;383.762
25;2025-11-18;11;450.505
25;2025-11-18;12;405.83
25;2025-11-18;13;488.941
25;2025-11-18;14;453.822
25;2025-11-18;15;553.829
25;2025-11-18;16;702.017
25;2025-11-18;17;748.557
25;2025-11-18;18;795.992
25;2025-11-18;19;537.736
25;2025-11-18;20;331.177
25;2025-11-18;21;207.146
25;2025-11-18;22;112.815
25;2025-11-18;23;6.767
25;2025-11-19;0;0.0
25;2025-11-19;1;0.0
25;2025-11-19;2;0.0
25;2025-11-19;3;0.0
25;2025-11-19;4;0.0
25;2025-11-19;5;6.3
25;2025-11-19;6;187.004
25;2025-11-19;7;595.538
25;2025-11-19;8;994.22
25;2025-11-19;9;519.106
25;2025-11-19;10;395.276
25;2025-11-19;11;459.61
25;2025-11-19;12;464.407
25;2025-11-19;13;588.903
25;2025-11-19;14;493.458
25;2025-11-19;15;585.352
25;2025-11-19;16;734.789
25;2025-11-19;17;851.028
25;2025-11-19;18;910.844
25;2025-11-19;19;571.411
25;2025-11-19;20;366.798
25;2025-11-19;21;232.931
25;2025-11-19;22;121.533
25;2025-11-19;23;6.722
25;2025-11-20;0;0.202
25;2025-11-20;1;0.0
25;2025-11-20;2;0.0
25;2025-11-20;3;0.0
25;2025-11-20;4;0.0
25;2025-11-20;5;7.536
25;2025-11-20;6;180.439
25;2025-11-20;7;580.013
25;2025-11-20;8;1001.874
25;2025-11-20;9;499.035
25;2025-11-20;10;410.844
25;2025-11-20;11;429.643
25;2025-11-20;12;430.943
25;2025-11-20;13;552.789
25;2025-11-20;14;521.799
25;2025-11-20;15;579.586
25;2025-11-20;16;727.171
25;2025-11-20;17;804.468
25;2025-11-20;18;839.016
25;2025-11-20;19;552.665
25;2025-11-20;20;321.752
25;2025-11-20;21;215.512
25;2025-11-20;22;125.143
25;2025-11-20;23;6.26
25;2025-11-21;0;0.0
25;2025-11-21;1;0.0
25;2025-11-21;2;0.0
25;2025-11-21;3;0.0
25;2025-11-21;4;0.0
25;2025-11-21;5;4.007
25;2025-11-21;6;180.012
25;2025-11-21;7;571.514
25;2025-11-21;8;907.388
25;2025-11-21;9;467.342
25;2025-11-21;10;384.495
25;2025-11-21;11;447.428
25;2025-11-21;12;448.811
25;2025-11-21;13;553.639
25;2025-11-21;14;518.661
25;2025-11-21;15;634.677
25;2025-11-21;16;802.362
25;2025-11-21;17;805.684
25;2025-11-21;18;711.945
25;2025-11-21;19;490.548
25;2025-11-21;20;318.532
25;2025-11-21;21;220.389
25;2025-11-21;22;134.753
25;2025-11-21;23;8.615
25;2025-11-22;0;0.0
25;2025-11-22;1;0.0
25;2025-11-22;2;0.0
25;2025-11-22;3;0.0
25;2025-11-22;4;0.0
25;2025-11-22;5;3.11
25;2025-11-22;6;70.955
25;2025-11-22;7;154.406
25;2025-11-22;8;348.272
25;2025-11-22;9;327.819
25;2025-11-22;10;329.45
25;2025-11-22;11;446.356
25;2025-11-22;12;466.415
25;2025-11-22;13;644.946
25;2025-11-22;14;656.636
25;2025-11-22;15;764.284
25;2025-11-22;16;676.244
25;2025-11-22;17;588.066
25;2025-11-22;18;537.874
25;2025-11-22;19;462.511
25;2025-11-22;20;289.129
25;2025-11-22;21;237.636
25;2025-11-22;22;146.98
25;2025-11-22;23;56.781
25;2025-11-23;0;17.939
25;2025-11-23;1;0.0
25;2025-11-23;2;0.0
25;2025-11-23;3;0.0
25;2025-11-23;4;0.0
25;2025-11-23;5;3.143
25;2025-11-23;6;56.063
25;2025-11-23;7;99.813
25;2025-11-23;8;209.467
25;2025-11-23;9;234.972
25;2025-11-23;10;239.019
25;2025-11-23;11;329.157
25;2025-11-23;12;392.675
25;2025-11-23;13;499.716
25;2025-11-23;14;527.613
25;2025-11-23;15;645.477
25;2025-11-23;16;557.395
25;2025-11-23;17;511.137
25;2025-11-23;18;447.993
25;2025-11-23;19;357.551
25;2025-11-23;20;237.334
25;2025-11-23;21;190.998
25;2025-11-23;22;116.794
25;2025-11-23;23;41.671
25;2025-11-24;0;9.179
25;2025-11-24;1;0.0
25;2025-11-24;2;0.0
25;2025-11-24;3;0.0
25;2025-11-24;4;0.0
25;2025-11-24;5;5.033
25;2025-11-24;6;183.888
25;2025-11-24;7;574.088
25;2025-11-24;8;1008.418
25;2025-11-24;9;510.0
25;2025-11-24;10;351.186
25;2025-11-24;11;398.566
25;2025-11-24;12;400.058
25;2025-11-24;13;544.644
25;2025-11-24;14;444.885
25;2025-11-24;15;531.919
25;2025-11-24;16;715.032
25;2025-11-24;17;755.824
25;2025-11-24;18;865.414
25;2025-11-24;19;531.305
25;2025-11-24;20;310.726
25;2025-11-24;21;204.721
25;2025-11-24;22;101.57
25;2025-11-24;23;6.324
25;2025-11-25;0;0.0
25;2025-11-25;1;0.0
25;2025-11-25;2;0.0
25;2025-11-25;3;0.0
25;2025-11-25;4;0.0
25;2025-11-25;5;5.029
25;2025-11-25;6;178.783
25;2025-11-25;7;579.521
25;2025-11-25;8;950.751
25;2025-11-25;9;511.575
25;2025-11-25;10;383.638
25;2025-11-25;11;450.314
25;2025-11-25;12;405.86
25;2025-11-25;13;488.986
25;2025-11-25;14;454.007
25;2025-11-25;15;554.284
25;2025-11-25;16;702.631
25;2025-11-25;17;749.094
25;2025-11-25;18;796.446
25;2025-11-25;19;537.181
25;2025-11-25;20;330.268
25;2025-11-25;21;206.528
25;2025-11-25;22;112.121
25;2025-11-25;23;6.734
25;2025-11-26;0;0.0
25;2025-11-26;1;0.0
25;2025-11-26;2;0.0
25;2025-11-26;3;0.0
25;2025-11-26;4;0.0
25;2025-11-26;5;6.292
25;2025-11-26;6;186.855
25;2025-11-26;7;595.962
25;2025-11-26;8;994.795
25;2025-11-26;9;519.083
25;2025-11-26;10;395.15
25;2025-11-26;11;459.42
25;2025-11-26;12;464.44
25;2025-11-26;13;588.954
25;2025-11-26;14;493.656
25;2025-11-26;15;585.821
25;2025-11-26;16;735.416
25;2025-11-26;17;851.617
25;2025-11-26;18;911.348
25;2025-11-26;19;570.842
25;2025-11-26;20;365.808
25;2025-11-26;21;232.264
25;2025-11-26;22;120.814
25;2025-11-26;23;6.692
25;2025-11-27;0;0.202
25;2025-11-27;1;0.0
25;2025-11-27;2;0.0
25;2025-11-27;3;0.0
25;2025-11-27;4;0.0
25;2025-11-27;5;7.526
25;2025-11-27;6;180.297
25;2025-11-27;7;580.411
25;2025-11-27;8;1002.433
25;2025-11-27;9;499.01
25;2025-11-27;10;410.715
25;2025-11-27;11;429.469
25;2025-11-27;12;430.97
25;2025-11-27;13;552.832
25;2025-11-27;14;521.996
25;2025-11-27;15;580.031
25;2025-11-27;16;727.767
25;2025-11-27;17;805.013
25;2025-11-27;18;839.465
25;2025-11-27;19;552.122
25;2025-11-27;20;320.903
25;2025-11-27;21;214.889
25;2025-11-27;22;124.407
25;2025-11-27;23;6.231
25;2025-11-28;0;0.0
25;2025-11-28;1;0.0
25;2025-11-28;2;0.0
25;2025-11-28;3;0.0
25;2025-11-28;4;0.0
25;2025-11-28;5;4.002
25;2025-11-28;6;179.875
25;2025-11-28;7;571.894
25;2025-11-28;8;907.879
25;2025-11-28;9;467.32
25;2025-11-28;10;384.379
25;2025-11-28;11;447.25
25;2025-11-28;12;448.839
25;2025-11-28;13;553.681
25;2025-11-28;14;518.855
25;2025-11-28;15;635.159
25;2025-11-28;16;803.003
25;2025-11-28;17;806.217
25;2025-11-28;18;712.315
25;2025-11-28;19;490.081
25;2025-11-28;20;317.715
25;2025-11-28;21;219.771
25;2025-11-28;22;133.989
25;2025-11-28;23;8.581
25;2025-11-29;0;0.0
25;2025-11-29;1;0.0
25;2025-11-29;2;0.0
25;2025-11-29;3;0.0
25;2025-11-29;4;0.0
25;2025-11-29;5;3.101
25;2025-11-29;6;70.764
25;2025-11-29;7;154.102
25;2025-11-29;8;347.627
25;2025-11-29;9;327.344
25;2025-11-29;10;329.052
25;2025-11-29;11;446.69
25;2025-11-29;12;467.109
25;2025-11-29;13;645.918
25;2025-11-29;14;657.816
25;2025-11-29;15;765.664
25;2025-11-29;16;677.502
25;2025-11-29;17;588.92
25;2025-11-29;18;537.592
25;2025-11-29;19;461.293
25;2025-11-29;20;287.943
25;2025-11-29;21;236.558
25;2025-11-29;22;146.271
25;2025-11-29;23;56.604
25;2025-11-30;0;17.89
25;2025-11-30;1;0.0
25;2025-11-30;2;0.0
25;2025-11-30;3;0.0
25;2025-11-30;4;0.0
25;2025-11-30;5;3.126
25;2025-11-30;6;55.913
25;2025-11-30;7;99.618
25;2025-11-30;8;209.077
25;2025-11-30;9;234.63
25;2025-11-30;10;238.724
25;2025-11-30;11;329.376
25;2025-11-30;12;393.215
25;2025-11-30;13;500.421
25;2025-11-30;14;528.505
25;2025-11-30;15;646.576
25;2025-11-30;16;558.383
25;2025-11-30;17;511.828
25;2025-11-30;18;447.736
25;2025-11-30;19;356.601
25;2025-11-30;20;236.39
25;2025-11-30;21;190.137
25;2025-11-30;22;116.238
25;2025-11-30;23;41.543
25;2025-12-01;0;9.178
25;2025-12-01;1;0.0
25;2025-12-01;2;0.0
25;2025-12-01;3;0.0
25;2025-12-01;4;0.0
25;2025-12-01;5;5.028
25;2025-12-01;6;183.753
25;2025-12-01;7;574.433
25;2025-12-01;8;1008.905
25;2025-12-01;9;509.968
25;2025-12-01;10;351.08
25;2025-12-01;11;398.412
25;2025-12-01;12;400.073
25;2025-12-01;13;544.673
25;2025-12-01;14;445.029
25;2025-12-01;15;532.286
25;2025-12-01;16;715.552
25;2025-12-01;17;756.273
25;2025-12-01;18;865.823
25;2025-12-01;19;530.823
25;2025-12-01;20;309.986
25;2025-12-01;21;204.178
25;2025-12-01;22;101.03
25;2025-12-01;23;6.297
25;2025-12-02;0;0.0
25;2025-12-02;1;0.0
25;2025-12-02;2;0.0
25;2025-12-02;3;0.0
25;2025-12-02;4;0.0
25;2025-12-02;5;5.024
25;2025-12-02;6;178.66
25;2025-12-02;7;579.876
25;2025-12-02;8;951.218
25;2025-12-02;9;511.556
25;2025-12-02;10;383.534
25;2025-12-02;11;450.154
25;2025-12-02;12;405.885
25;2025-12-02;13;489.023
25;2025-12-02;14;454.161
25;2025-12-02;15;554.665
25;2025-12-02;16;703.145
25;2025-12-02;17;749.544
25;2025-12-02;18;796.827
25;2025-12-02;19;536.715
25;2025-12-02;20;329.506
25;2025-12-02;21;206.009
25;2025-12-02;22;111.54
25;2025-12-02;23;6.706
25;2025-12-03;0;0.0
25;2025-12-03;1;0.0
25;2025-12-03;2;0.0
25;2025-12-03;3;0.0
25;2025-12-03;4;0.0
25;2025-12-03;5;6.285
25;2025-12-03;6;186.731
25;2025-12-03;7;596.315
25;2025-12-03;8;995.274
25;2025-12-03;9;519.064
25;2025-12-03;10;395.045
25;2025-12-03;11;459.263
25;2025-12-03;12;464.468
25;2025-12-03;13;588.997
25;2025-12-03;14;493.821
25;2025-12-03;15;586.211
25;2025-12-03;16;735.939
25;2025-12-03;17;852.108
25;2025-12-03;18;911.768
25;2025-12-03;19;570.368
25;2025-12-03;20;364.984
25;2025-12-03;21;231.707
25;2025-12-03;22;120.215
25;2025-12-03;23;6.668
25;2025-12-04;0;0.202
25;2025-12-04;1;0.0
25;2025-12-04;2;0.0
25;2025-12-04;3;0.0
25;2025-12-04;4;0.0
25;2025-12-04;5;7.518
25;2025-12-04;6;180.18
25;2025-12-04;7;580.74
25;2025-12-04;8;1002.895
25;2025-12-04;9;498.99
25;2025-12-04;10;410.608
25;2025-12-04;11;429.325
25;2025-12-04;12;430.992
25;2025-12-04;13;552.868
25;2025-12-04;14;522.158
25;2025-12-04;15;580.399
25;2025-12-04;16;728.26
25;2025-12-04;17;805.464
25;2025-12-04;18;839.837
25;2025-12-04;19;551.673
25;2025-12-04;20;320.201
25;2025-12-04;21;214.375
25;2025-12-04;22;123.799
25;2025-12-04;23;6.206
25;2025-12-05;0;0.0
25;2025-12-05;1;0.0
25;2025-12-05;2;0.0
25;2025-12-05;3;0.0
25;2025-12-05;4;0.0
25;2025-12-05;5;3.999
25;2025-12-05;6;179.762
25;2025-12-05;7;572.204
25;2025-12-05;8;908.279
25;2025-12-05;9;467.302
25;2025-12-05;10;384.283
25;2025-12-05;11;447.105
25;2025-12-05;12;448.861
25;2025-12-05;13;553.715
25;2025-12-05;14;519.013
25;2025-12-05;15;635.553
25;2025-12-05;16;803.526
25;2025-12-05;17;806.651
25;2025-12-05;18;712.617
25;2025-12-05;19;489.699
25;2025-12-05;20;317.049
25;2025-12-05;21;219.268
25;2025-12-05;22;133.365
25;2025-12-05;23;8.553
25;2025-12-06;0;0.0
25;2025-12-06;1;0.0
25;2025-12-06;2;0.0
25;2025-12-06;3;0.0
25;2025-12-06;4;0.0
25;2025-12-06;5;3.094
25;2025-12-06;6;70.61
25;2025-12-06;7;153.857
25;2025-12-06;8;347.109
25;2025-12-06;9;326.963
25;2025-12-06;10;328.732
25;2025-12-06;11;446.958
25;2025-12-06;12;467.666
25;2025-12-06;13;646.697
25;2025-12-06;14;658.764
25;2025-12-06;15;766.773
25;2025-12-06;16;678.512
25;2025-12-06;17;589.606
25;2025-12-06;18;537.366
25;2025-12-06;19;460.315
25;2025-12-06;20;286.99
25;2025-12-06;21;235.693
25;2025-12-06;22;145.701
25;2025-12-06;23;56.462
25;2025-12-07;0;17.852
25;2025-12-07;1;0.0
25;2025-12-07;2;0.0
25;2025-12-07;3;0.0
25;2025-12-07;4;0.0
25;2025-12-07;5;3.112
25;2025-12-07;6;55.795
25;2025-12-07;7;99.464
25;2025-12-07;8;208.77
25;2025-12-07;9;234.361
25;2025-12-07;10;238.491
25;2025-12-07;11;329.548
25;2025-12-07;12;393.64
25;2025-12-07;13;500.976
25;2025-12-07;14;529.206
25;2025-12-07;15;647.442
25;2025-12-07;16;559.161
25;2025-12-07;17;512.372
25;2025-12-07;18;447.534
25;2025-12-07;19;355.853
25;2025-12-07;20;235.646
25;2025-12-07;21;189.46
25;2025-12-07;22;115.801
25;2025-12-07;23;41.442
25;2025-12-08;0;9.178
25;2025-12-08;1;0.0
25;2025-12-08;2;0.0
25;2025-12-08;3;0.0
25;2025-12-08;4;0.0
25;2025-12-08;5;5.025
25;2025-12-08;6;183.649
25;2025-12-08;7;574.699
25;2025-12-08;8;1009.28
25;2025-12-08;9;509.944
25;2025-12-08;10;350.998
25;2025-12-08;11;398.293
25;2025-12-08;12;400.085
25;2025-12-08;13;544.695
25;2025-12-08;14;445.14
25;2025-12-08;15;532.568
25;2025-12-08;16;715.952
25;2025-12-08;17;756.619
25;2025-12-08;18;866.138
25;2025-12-08;19;530.451
25;2025-12-08;20;309.417
25;2025-12-08;21;203.76
25;2025-12-08;22;100.614
25;2025-12-08;23;6.276
25;2025-12-09;0;0.0
25;2025-12-09;1;0.0
25;2025-12-09;2;0.0
25;2025-12-09;3;0.0
25;2025-12-09;4;0.0
25;2025-12-09;5;5.02
25;2025-12-09;6;178.568
25;2025-12-09;7;580.142
25;2025-12-09;8;951.569
25;2025-12-09;9;511.542
25;2025-12-09;10;383.455
25;2025-12-09;11;450.034
25;2025-12-09;12;405.904
25;2025-12-09;13;489.051
25;2025-12-09;14;454.278
25;2025-12-09;15;554.951
25;2025-12-09;16;703.531
25;2025-12-09;17;749.882
25;2025-12-09;18;797.113
25;2025-12-09;19;536.366
25;2025-12-09;20;328.934
25;2025-12-09;21;205.62
25;2025-12-09;22;111.104
25;2025-12-09;23;6.686
25;2025-12-10;0;0.0
25;2025-12-10;1;0.0
25;2025-12-10;2;0.0
25;2025-12-10;3;0.0
25;2025-12-10;4;0.0
25;2025-12-10;5;6.28
25;2025-12-10;6;186.641
25;2025-12-10;7;596.573
25;2025-12-10;8;995.623
25;2025-12-10;9;519.05
25;2025-12-10;10;394.969
25;2025-12-10;11;459.148
25;2025-12-10;12;464.487
25;2025-12-10;13;589.028
25;2025-12-10;14;493.941
25;2025-12-10;15;586.496
25;2025-12-10;16;736.32
25;2025-12-10;17;852.467
25;2025-12-10;18;912.075
25;2025-12-10;19;570.022
25;2025-12-10;20;364.382
25;2025-12-10;21;231.301
25;2025-12-10;22;119.778
25;2025-12-10;23;6.65
25;2025-12-11;0;0.202
25;2025-12-11;1;0.0
25;2025-12-11;2;0.0
25;2025-12-11;3;0.0
25;2025-12-11;4;0.0
25;2025-12-11;5;7.512
25;2025-12-11;6;180.098
25;2025-12-11;7;580.972
25;2025-12-11;8;1003.221
25;2025-12-11;9;498.976
25;2025-12-11;10;410.533
25;2025-12-11;11;429.223
25;2025-12-11;12;431.008
25;2025-12-11;13;552.894
25;2025-12-11;14;522.273
25;2025-12-11;15;580.659
25;2025-12-11;16;728.608
25;2025-12-11;17;805.782
25;2025-12-11;18;840.099
25;2025-12-11;19;551.355
25;2025-12-11;20;319.705
25;2025-12-11;21;214.012
25;2025-12-11;22;123.369
25;2025-12-11;23;6.189
25;2025-12-12;0;0.0
25;2025-12-12;1;0.0
25;2025-12-12;2;0.0
25;2025-12-12;3;0.0
25;2025-12-12;4;0.0
25;2025-12-12;5;3.996
25;2025-12-12;6;179.686
25;2025-12-12;7;572.416
25;2025-12-12;8;908.552
25;2025-12-12;9;467.289
25;2025-12-12;10;384.218
25;2025-12-12;11;447.006
25;2025-12-12;12;448.876
25;2025-12-12;13;553.739
25;2025-12-12;14;519.12
25;2025-12-12;15;635.821
25;2025-12-12;16;803.883
25;2025-12-12;17;806.948
25;2025-12-12;18;712.823
25;2025-12-12;19;489.439
25;2025-12-12;20;316.594
25;2025-12-12;21;218.924
25;2025-12-12;22;132.94
25;2025-12-12;23;8.534
25;2025-12-13;0;0.0
25;2025-12-13;1;0.0
25;2025-12-13;2;0.0
25;2025-12-13;3;0.0
25;2025-12-13;4;0.0
25;2025-12-13;5;3.09
25;2025-12-13;6;70.51
25;2025-12-13;7;153.697
25;2025-12-13;8;346.77
25;2025-12-13;9;326.714
25;2025-12-13;10;328.523
25;2025-12-13;11;447.133
25;2025-12-13;12;468.03
25;2025-12-13;13;647.207
25;2025-12-13;14;659.383
25;2025-12-13;15;767.498
25;2025-12-13;16;679.173
25;2025-12-13;17;590.054
25;2025-12-13;18;537.219
25;2025-12-13;19;459.676
25;2025-12-13;20;286.367
25;2025-12-13;21;235.127
25;2025-12-13;22;145.328
25;2025-12-13;23;56.369
25;2025-12-14;0;17.828
25;2025-12-14;1;0.0
25;2025-12-14;2;0.0
25;2025-12-14;3;0.0
25;2025-12-14;4;0.0
25;2025-12-14;5;3.104
25;2025-12-14;6;55.721
25;2025-12-14;7;99.368
25;2025-12-14;8;208.579
25;2025-12-14;9;234.193
25;2025-12-14;10;238.347
25;2025-12-14;11;329.656
25;2025-12-14;12;393.905
25;2025-12-14;13;501.322
25;2025-12-14;14;529.644
25;2025-12-14;15;647.982
25;2025-12-14;16;559.646
25;2025-12-14;17;512.711
25;2025-12-14;18;447.408
25;2025-12-14;19;355.387
25;2025-12-14;20;235.182
25;2025-12-14;21;189.038
25;2025-12-14;22;115.528
25;2025-12-14;23;41.379
25;2025-12-15;0;9.177
25;2025-12-15;1;0.0
25;2025-12-15;2;0.0
25;2025-12-15;3;0.0
25;2025-12-15;4;0.0
25;2025-12-15;5;5.023
25;2025-12-15;6;183.588
25;2025-12-15;7;574.857
25;2025-12-15;8;1009.502
25;2025-12-15;9;509.93
25;2025-12-15;10;350.95
25;2025-12-15;11;398.223
25;2025-12-15;12;400.092
25;2025-12-15;13;544.708
25;2025-12-15;14;445.205
25;2025-12-15;15;532.736
25;2025-12-15;16;716.189
25;2025-12-15;17;756.824
25;2025-12-15;18;866.325
25;2025-12-15;19;530.231
25;2025-12-15;20;309.079
25;2025-12-15;21;203.512
25;2025-12-15;22;100.367
25;2025-12-15;23;6.263
25;2025-12-16;0;0.0
25;2025-12-16;1;0.0
25;2025-12-16;2;0.0
25;2025-12-16;3;0.0
25;2025-12-16;4;0.0
25;2025-12-16;5;5.017
25;2025-12-16;6;178.517
25;2025-12-16;7;580.29
25;2025-12-16;8;951.765
25;2025-12-16;9;511.535
25;2025-12-16;10;383.412
25;2025-12-16;11;449.967
25;2025-12-16;12;405.915
25;2025-12-16;13;489.066
25;2025-12-16;14;454.343
25;2025-12-16;15;555.111
25;2025-12-16;16;703.747
25;2025-12-16;17;750.071
25;2025-12-16;18;797.272
25;2025-12-16;19;536.171
25;2025-12-16;20;328.615
25;2025-12-16;21;205.402
25;2025-12-16;22;110.86
25;2025-12-16;23;6.674
25;2025-12-17;0;0.0
25;2025-12-17;1;0.0
25;2025-12-17;2;0.0
25;2025-12-17;3;0.0
25;2025-12-17;4;0.0
25;2025-12-17;5;6.277
25;2025-12-17;6;186.594
25;2025-12-17;7;596.708
25;2025-12-17;8;995.806
25;2025-12-17;9;519.043
25;2025-12-17;10;394.929
25;2025-12-17;11;459.088
25;2025-12-17;12;464.498
25;2025-12-17;13;589.044
25;2025-12-17;14;494.004
25;2025-12-17;15;586.645
25;2025-12-17;16;736.519
25;2025-12-17;17;852.654
25;2025-12-17;18;912.235
25;2025-12-17;19;569.841
25;2025-12-17;20;364.067
25;2025-12-17;21;231.089
25;2025-12-17;22;119.549
25;2025-12-17;23;6.64
25;2025-12-18;0;0.202
25;2025-12-18;1;0.0
25;2025-12-18;2;0.0
25;2025-12-18;3;0.0
25;2025-12-18;4;0.0
25;2025-12-18;5;7.509
25;2025-12-18;6;180.058
25;2025-12-18;7;581.085
25;2025-12-18;8;1003.379
25;2025-12-18;9;498.969
25;2025-12-18;10;410.497
25;2025-12-18;11;429.174
25;2025-12-18;12;431.016
25;2025-12-18;13;552.906
25;2025-12-18;14;522.329
25;2025-12-18;15;580.785
25;2025-12-18;16;728.776
25;2025-12-18;17;805.936
25;2025-12-18;18;840.226
25;2025-12-18;19;551.202
25;2025-12-18;20;319.465
25;2025-12-18;21;213.836
25;2025-12-18;22;123.161
25;2025-12-18;23;6.181
25;2025-12-19;0;0.0
25;2025-12-19;1;0.0
25;2025-12-19;2;0.0
25;2025-12-19;3;0.0
25;2025-12-19;4;0.0
25;2025-12-19;5;3.995
25;2025-12-19;6;179.652
25;2025-12-19;7;572.509
25;2025-12-19;8;908.673
25;2025-12-19;9;467.284
25;2025-12-19;10;384.189
25;2025-12-19;11;446.962
25;2025-12-19;12;448.883
25;2025-12-19;13;553.749
25;2025-12-19;14;519.168
25;2025-12-19;15;635.94
25;2025-12-19;16;804.04
25;2025-12-19;17;807.079
25;2025-12-19;18;712.914
25;2025-12-19;19;489.324
25;2025-12-19;20;316.393
25;2025-12-19;21;218.772
25;2025-12-19;22;132.752
25;2025-12-19;23;8.526
25;2025-12-20;0;0.0
25;2025-12-20;1;0.0
25;2025-12-20;2;0.0
25;2025-12-20;3;0.0
25;2025-12-20;4;0.0
25;2025-12-20;5;3.088
25;2025-12-20;6;70.471
25;2025-12-20;7;153.634
25;2025-12-20;8;346.636
25;2025-12-20;9;326.615
25;2025-12-20;10;328.441
25;2025-12-20;11;447.203
25;2025-12-20;12;468.174
25;2025-12-20;13;647.409
25;2025-12-20;14;659.628
25;2025-12-20;15;767.784
25;2025-12-20;16;679.434
25;2025-12-20;17;590.231
25;2025-12-20;18;537.16
25;2025-12-20;19;459.423
25;2025-12-20;20;286.121
25;2025-12-20;21;234.903
25;2025-12-20;22;145.181
25;2025-12-20;23;56.333
25;2025-12-21;0;17.819
25;2025-12-21;1;0.0
25;2025-12-21;2;0.0
25;2025-12-21;3;0.0
25;2025-12-21;4;0.0
25;2025-12-21;5;3.101
25;2025-12-21;6;55.696
25;2025-12-21;7;99.336
25;2025-12-21;8;208.514
25;2025-12-21;9;234.136
25;2025-12-21;10;238.297
25;2025-12-21;11;329.692
25;2025-12-21;12;393.996
25;2025-12-21;13;501.44
25;2025-12-21;14;529.794
25;2025-12-21;15;648.166
25;2025-12-21;16;559.811
25;2025-12-21;17;512.827
25;2025-12-21;18;447.365
25;2025-12-21;19;355.228
25;2025-12-21;20;235.024
25;2025-12-21;21;188.894
25;2025-12-21;22;115.435
25;2025-12-21;23;41.358
25;2025-12-22;0;9.177
25;2025-12-22;1;0.0
25;2025-12-22;2;0.0
25;2025-12-22;3;0.0
25;2025-12-22;4;0.0
25;2025-12-22;5;5.022
25;2025-12-22;6;183.571
25;2025-12-22;7;574.9
25;2025-12-22;8;1009.563
25;2025-12-22;9;509.926
25;2025-12-22;10;350.936
25;2025-12-22;11;398.204
25;2025-12-22;12;400.094
25;2025-12-22;13;544.712
25;2025-12-22;14;445.223
25;2025-12-22;15;532.782
25;2025-12-22;16;716.254
25;2025-12-22;17;756.88
25;2025-12-22;18;866.376
25;2025-12-22;19;530.171
25;2025-12-22;20;308.986
25;2025-12-22;21;203.444
25;2025-12-22;22;100.299
25;2025-12-22;23;6.26
25;2025-12-23;0;0.0
25;2025-12-23;1;0.0
25;2025-12-23;2;0.0
25;2025-12-23;3;0.0
25;2025-12-23;4;0.0
25;2025-12-23;5;5.017
25;2025-12-23;6;178.507
25;2025-12-23;7;580.319
25;2025-12-23;8;951.802
25;2025-12-23;9;511.533
25;2025-12-23;10;383.403
25;2025-12-23;11;449.954
25;2025-12-23;12;405.917
25;2025-12-23;13;489.069
25;2025-12-23;14;454.355
25;2025-12-23;15;555.142
25;2025-12-23;16;703.788
25;2025-12-23;17;750.107
25;2025-12-23;18;797.303
25;2025-12-23;19;536.133
25;2025-12-23;20;328.553
25;2025-12-23;21;205.36
25;2025-12-23;22;110.813
25;2025-12-23;23;6.672
25;2025-12-24;0;0.0
25;2025-12-24;1;0.0
25;2025-12-24;2;0.0
25;2025-12-24;3;0.0
25;2025-12-24;4;0.0
25;2025-12-24;5;6.277
25;2025-12-24;6;186.589
25;2025-12-24;7;596.72
25;2025-12-24;8;995.822
25;2025-12-24;9;519.042
25;2025-12-24;10;394.925
25;2025-12-24;11;459.082
25;2025-12-24;12;464.499
25;2025-12-24;13;589.046
25;2025-12-24;14;494.01
25;2025-12-24;15;586.658
25;2025-12-24;16;736.537
25;2025-12-24;17;852.671
25;2025-12-24;18;912.25
25;2025-12-24;19;569.825
25;2025-12-24;20;364.039
25;2025-12-24;21;231.07
25;2025-12-24;22;119.529
25;2025-12-24;23;6.639
25;2025-12-25;0;0.202
25;2025-12-25;1;0.0
25;2025-12-25;2;0.0
25;2025-12-25;3;0.0
25;2025-12-25;4;0.0
25;2025-12-25;5;7.509
25;2025-12-25;6;180.06
25;2025-12-25;7;581.079
25;2025-12-25;8;1003.372
25;2025-12-25;9;498.969
25;2025-12-25;10;410.498
25;2025-12-25;11;429.176
25;2025-12-25;12;431.015
25;2025-12-25;13;552.906
25;2025-12-25;14;522.326
25;2025-12-25;15;580.779
25;2025-12-25;16;728.768
25;2025-12-25;17;805.929
25;2025-12-25;18;840.22
25;2025-12-25;19;551.209
25;2025-12-25;20;319.477
25;2025-12-25;21;213.844
25;2025-12-25;22;123.171
25;2025-12-25;23;6.181
25;2025-12-26;0;0.0
25;2025-12-26;1;0.0
25;2025-12-26;2;0.0
25;2025-12-26;3;0.0
25;2025-12-26;4;0.0
25;2025-12-26;5;3.996
25;2025-12-26;6;179.66
25;2025-12-26;7;572.488
25;2025-12-26;8;908.645
25;2025-12-26;9;467.285
25;2025-12-26;10;384.196
25;2025-12-26;11;446.972
25;2025-12-26;12;448.881
25;2025-12-26;13;553.747
25;2025-12-26;14;519.157
25;2025-12-26;15;635.912
25;2025-12-26;16;804.004
25;2025-12-26;17;807.048
25;2025-12-26;18;712.892
25;2025-12-26;19;489.351
25;2025-12-26;20;316.44
25;2025-12-26;21;218.808
25;2025-12-26;22;132.796
25;2025-12-26;23;8.528
25;2025-12-27;0;0.0
25;2025-12-27;1;0.0
25;2025-12-27;2;0.0
25;2025-12-27;3;0.0
25;2025-12-27;4;0.0
25;2025-12-27;5;2.785
25;2025-12-27;6;63.561
25;2025-12-27;7;138.56
25;2025-12-27;8;312.621
25;2025-12-27;9;294.553
25;2025-12-27;10;296.192
25;2025-12-27;11;403.212
25;2025-12-27;12;422.089
25;2025-12-27;13;583.679
25;2025-12-27;14;594.678
25;2025-12-27;15;692.184
25;2025-12-27;16;612.529
25;2025-12-27;17;532.132
25;2025-12-27;18;484.383
25;2025-12-27;19;414.375
25;2025-12-27;20;258.105
25;2025-12-27;21;211.912
25;2025-12-27;22;130.976
25;2025-12-27;23;50.811
25;2025-12-28;0;16.074
25;2025-12-28;1;0.0
25;2025-12-28;2;0.0
25;2025-12-28;3;0.0
25;2025-12-28;4;0.0
25;2025-12-28;5;2.798
25;2025-12-28;6;50.241
25;2025-12-28;7;89.598
25;2025-12-28;8;188.07
25;2025-12-28;9;211.167
25;2025-12-28;10;214.913
25;2025-12-28;11;297.254
25;2025-12-28;12;355.193
25;2025-12-28;13;452.053
25;2025-12-28;14;477.594
25;2025-12-28;15;584.302
25;2025-12-28;16;504.648
25;2025-12-28;17;462.322
25;2025-12-28;18;403.424
25;2025-12-28;19;320.438
25;2025-12-28;20;212.049
25;2025-12-28;21;170.442
25;2025-12-28;22;104.163
25;2025-12-28;23;37.31
25;2025-12-29;0;8.24
25;2025-12-29;1;0.0
25;2025-12-29;2;0.0
25;2025-12-29;3;0.0
25;2025-12-29;4;0.0
25;2025-12-29;5;4.51
25;2025-12-29;6;164.852
25;2025-12-29;7;516.14
25;2025-12-29;8;906.399
25;2025-12-29;9;457.868
25;2025-12-29;10;315.125
25;2025-12-29;11;357.575
25;2025-12-29;12;359.242
25;2025-12-29;13;489.091
25;2025-12-29;14;399.74
25;2025-12-29;15;478.319
25;2025-12-29;16;643.031
25;2025-12-29;17;679.522
25;2025-12-29;18;777.846
25;2025-12-29;19;476.127
25;2025-12-29;20;277.572
25;2025-12-29;21;182.77
25;2025-12-29;22;90.156
25;2025-12-29;23;5.625
25;2025-12-30;0;0.0
25;2025-12-30;1;0.0
25;2025-12-30;2;0.0
25;2025-12-30;3;0.0
25;2025-12-30;4;0.0
25;2025-12-30;5;4.506
25;2025-12-30;6;160.309
25;2025-12-30;7;520.988
25;2025-12-30;8;854.517
25;2025-12-30;9;459.31
25;2025-12-30;10;344.282
25;2025-12-30;11;404.05
25;2025-12-30;12;364.467
25;2025-12-30;13;439.127
25;2025-12-30;14;407.93
25;2025-12-30;15;498.375
25;2025-12-30;16;631.815
25;2025-12-30;17;673.419
25;2025-12-30;18;715.812
25;2025-12-30;19;481.5
25;2025-12-30;20;295.181
25;2025-12-30;21;184.511
25;2025-12-30;22;99.631
25;2025-12-30;23;5.997
25;2025-12-31;0;18.544
25;2025-12-31;1;0.0
25;2025-12-31;2;0.0
25;2025-12-31;3;0.0
25;2025-12-31;4;0.0
25;2025-12-31;5;3.299
25;2025-12-31;6;57.392
25;2025-12-31;7;103.297
25;2025-12-31;8;216.178
25;2025-12-31;9;239.369
25;2025-12-31;10;241.969
25;2025-12-31;11;325.285
25;2025-12-31;12;387.156
25;2025-12-31;13;492.573
25;2025-12-31;14;520.381
25;2025-12-31;15;639.954
25;2025-12-31;16;552.535
25;2025-12-31;17;508.261
25;2025-12-31;18;455.193
25;2025-12-31;19;364.678
25;2025-12-31;20;240.622
25;2025-12-31;21;193.965
25;2025-12-31;22;114.566
25;2025-12-31;23;40.71
26;2025-11-01;0;33.75
26;2025-11-01;1;1.834
26;2025-11-01;2;0.0
26;2025-11-01;3;0.0
26;2025-11-01;4;1.064
26;2025-11-01;5;85.436
26;2025-11-01;6;509.544
26;2025-11-01;7;1073.82
26;2025-11-01;8;2068.573
26;2025-11-01;9;1419.869
26;2025-11-01;10;1236.312
26;2025-11-01;11;1119.691
26;2025-11-01;12;1166.84
26;2025-11-01;13;1236.876
26;2025-11-01;14;1295.296
26;2025-11-01;15;1444.997
26;2025-11-01;16;1708.743
26;2025-11-01;17;1779.646
26;2025-11-01;18;1456.021
26;2025-11-01;19;1091.65
26;2025-11-01;20;732.402
26;2025-11-01;21;460.756
26;2025-11-01;22;226.476
26;2025-11-01;23;160.612
26;2025-11-02;0;50.043
26;2025-11-02;1;4.856
26;2025-11-02;2;0.0
26;2025-11-02;3;0.0
26;2025-11-02;4;1.133
26;2025-11-02;5;25.093
26;2025-11-02;6;144.966
26;2025-11-02;7;245.375
26;2025-11-02;8;369.838
26;2025-11-02;9;509.695
26;2025-11-02;10;578.137
26;2025-11-02;11;781.712
26;2025-11-02;12;834.847
26;2025-11-02;13;869.565
26;2025-11-02;14;850.638
26;2025-11-02;15;788.395
26;2025-11-02;16;788.848
26;2025-11-02;17;780.47
26;2025-11-02;18;718.582
26;2025-11-02;19;531.776
26;2025-11-02;20;397.433
26;2025-11-02;21;274.451
26;2025-11-02;22;189.179
26;2025-11-02;23;97.914
26;2025-11-03;0;51.127
26;2025-11-03;1;4.864
26;2025-11-03;2;0.0
26;2025-11-03;3;0.0
26;2025-11-03;4;1.135
26;2025-11-03;5;26.216
26;2025-11-03;6;147.546
26;2025-11-03;7;250.766
26;2025-11-03;8;377.206
26;2025-11-03;9;515.762
26;2025-11-03;10;582.734
26;2025-11-03;11;775.471
26;2025-11-03;12;826.394
26;2025-11-03;13;860.553
26;2025-11-03;14;841.884
26;2025-11-03;15;782.718
26;2025-11-03;16;783.032
26;2025-11-03;17;776.487
26;2025-11-03;18;725.509
26;2025-11-03;19;539.042
26;2025-11-03;20;401.969
26;2025-11-03;21;277.874
26;2025-11-03;22;187.816
26;2025-11-03;23;96.841
26;2025-11-04;0;51.128
26;2025-11-04;1;4.864
26;2025-11-04;2;0.0
26;2025-11-04;3;0.0
26;2025-11-04;4;1.135
26;2025-11-04;5;26.208
26;2025-11-04;6;147.527
26;2025-11-04;7;250.806
26;2025-11-04;8;377.257
26;2025-11-04;9;515.773
26;2025-11-04;10;582.718
26;2025-11-04;11;775.435
26;2025-11-04;12;826.43
26;2025-11-04;13;860.592
26;2025-11-04;14;841.97
26;2025-11-04;15;782.857
26;2025-11-04;16;783.179
26;2025-11-04;17;776.61
26;2025-11-04;18;725.605
26;2025-11-04;19;538.956
26;2025-11-04;20;401.783
26;2025-11-04;21;277.733
26;2025-11-04;22;187.619
26;2025-11-04;23;96.761
26;2025-11-05;0;31.111
26;2025-11-05;1;1.072
26;2025-11-05;2;0.0
26;2025-11-05;3;0.0
26;2025-11-05;4;2.201
26;2025-11-05;5;94.098
26;2025-11-05;6;519.105
26;2025-11-05;7;1146.678
26;2025-11-05;8;2241.925
26;2025-11-05;9;1521.826
26;2025-11-05;10;1258.242
26;2025-11-05;11;1123.97
26;2025-11-05;12;1193.553
26;2025-11-05;13;1219.113
26;2025-11-05;14;1330.509
26;2025-11-05;15;1387.174
26;2025-11-05;16;1523.438
26;2025-11-05;17;1724.74
26;2025-11-05;18;1913.626
26;2025-11-05;19;1292.089
26;2025-11-05;20;790.655
26;2025-11-05;21;505.135
26;2025-11-05;22;235.6
26;2025-11-05;23;128.437
26;2025-11-06;0;38.973
26;2025-11-06;1;0.991
26;2025-11-06;2;0.0
26;2025-11-06;3;0.0
26;2025-11-06;4;1.136
26;2025-11-06;5;88.544
26;2025-11-06;6;505.838
26;2025-11-06;7;1118.763
26;2025-11-06;8;2181.302
26;2025-11-06;9;1524.14
26;2025-11-06;10;1207.461
26;2025-11-06;11;1156.24
26;2025-11-06;12;1169.486
26;2025-11-06;13;1178.272
26;2025-11-06;14;1248.332
26;2025-11-06;15;1369.39
26;2025-11-06;16;1546.951
26;2025-11-06;17;1735.32
26;2025-11-06;18;1971.852
26;2025-11-06;19;1301.628
26;2025-11-06;20;766.73
26;2025-11-06;21;476.442
26;2025-11-06;22;238.295
26;2025-11-06;23;129.095
26;2025-11-07;0;33.764
26;2025-11-07;1;1.799
26;2025-11-07;2;0.0
26;2025-11-07;3;0.0
26;2025-11-07;4;1.044
26;2025-11-07;5;87.141
26;2025-11-07;6;507.569
26;2025-11-07;7;1075.398
26;2025-11-07;8;2067.045
26;2025-11-07;9;1407.191
26;2025-11-07;10;1220.282
26;2025-11-07;11;1088.021
26;2025-11-07;12;1131.939
26;2025-11-07;13;1199.614
26;2025-11-07;14;1256.856
26;2025-11-07;15;1406.772
26;2025-11-07;16;1663.479
26;2025-11-07;17;1736.109
26;2025-11-07;18;1440.663
26;2025-11-07;19;1082.667
26;2025-11-07;20;723.76
26;2025-11-07;21;455.634
26;2025-11-07;22;219.139
26;2025-11-07;23;155.005
26;2025-11-08;0;45.191
26;2025-11-08;1;1.959
26;2025-11-08;2;0.0
26;2025-11-08;3;0.0
26;2025-11-08;4;1.97
26;2025-11-08;5;43.953
26;2025-11-08;6;260.347
26;2025-11-08;7;373.955
26;2025-11-08;8;585.968
26;2025-11-08;9;699.144
26;2025-11-08;10;825.793
26;2025-11-08;11;1026.808
26;2025-11-08;12;1084.996
26;2025-11-08;13;1073.273
26;2025-11-08;14;1060.924
26;2025-11-08;15;1022.856
26;2025-11-08;16;1030.847
26;2025-11-08;17;960.277
26;2025-11-08;18;914.911
26;2025-11-08;19;800.822
26;2025-11-08;20;538.82
26;2025-11-08;21;351.094
26;2025-11-08;22;225.999
26;2025-11-08;23;144.477
26;2025-11-09;0;49.86
26;2025-11-09;1;4.855
26;2025-11-09;2;0.0
26;2025-11-09;3;0.0
26;2025-11-09;4;1.133
26;2025-11-09;5;24.837
26;2025-11-09;6;144.378
26;2025-11-09;7;244.73
26;2025-11-09;8;368.926
26;2025-11-09;9;508.716
26;2025-11-09;10;577.208
26;2025-11-09;11;782.537
26;2025-11-09;12;836.587
26;2025-11-09;13;871.432
26;2025-11-09;14;852.809
26;2025-11-09;15;790.423
26;2025-11-09;16;790.958
26;2025-11-09;17;782.084
26;2025-11-09;18;718.085
26;2025-11-09;19;529.868
26;2025-11-09;20;395.256
26;2025-11-09;21;272.8
26;2025-11-09;22;187.953
26;2025-11-09;23;97.511
26;2025-11-10;0;27.172
26;2025-11-10;1;2.033
26;2025-11-10;2;0.0
26;2025-11-10;3;0.0
26;2025-11-10;4;1.719
26;2025-11-10;5;88.899
26;2025-11-10;6;521.784
26;2025-11-10;7;1114.92
26;2025-11-10;8;2137.442
26;2025-11-10;9;1478.026
26;2025-11-10;10;1207.94
26;2025-11-10;11;1061.939
26;2025-11-10;12;1092.779
26;2025-11-10;13;1185.467
26;2025-11-10;14;1206.461
26;2025-11-10;15;1307.707
26;2025-11-10;16;1498.12
26;2025-11-10;17;1705.441
26;2025-11-10;18;1907.052
26;2025-11-10;19;1244.379
26;2025-11-10;20;761.81
26;2025-11-10;21;435.265
26;2025-11-10;22;210.129
26;2025-11-10;23;100.844
26;2025-11-11;0;30.578
26;2025-11-11;1;0.904
26;2025-11-11;2;0.0
26;2025-11-11;3;0.0
26;2025-11-11;4;1.675
26;2025-11-11;5;86.813
26;2025-11-11;6;513.653
26;2025-11-11;7;1129.608
26;2025-11-11;8;2249.918
26;2025-11-11;9;1481.11
26;2025-11-11;10;1218.916
26;2025-11-11;11;1122.76
26;2025-11-11;12;1150.214
26;2025-11-11;13;1175.931
26;2025-11-11;14;1209.748
26;2025-11-11;15;1330.172
26;2025-11-11;16;1507.713
26;2025-11-11;17;1771.292
26;2025-11-11;18;1925.954
26;2025-11-11;19;1339.467
26;2025-11-11;20;772.001
26;2025-11-11;21;465.31
26;2025-11-11;22;218.381
26;2025-11-11;23;110.622
26;2025-11-12;0;31.11
26;2025-11-12;1;1.072
26;2025-11-12;2;0.0
26;2025-11-12;3;0.0
26;2025-11-12;4;2.201
26;2025-11-12;5;93.894
26;2025-11-12;6;518.572
26;2025-11-12;7;1147.769
26;2025-11-12;8;2243.659
26;2025-11-12;9;1521.824
26;2025-11-12;10;1257.804
26;2025-11-12;11;1123.44
26;2025-11-12;12;1193.723
26;2025-11-12;13;1219.312
26;2025-11-12;14;1331.243
26;2025-11-12;15;1388.654
26;2025-11-12;16;1525.157
26;2025-11-12;17;1726.354
26;2025-11-12;18;1915.073
26;2025-11-12;19;1290.497
26;2025-11-12;20;788.034
26;2025-11-12;21;503.317
26;2025-11-12;22;233.892
26;2025-11-12;23;127.695
26;2025-11-13;0;38.972
26;2025-11-13;1;0.991
26;2025-11-13;2;0.0
26;2025-11-13;3;0.0
26;2025-11-13;4;1.136
26;2025-11-13;5;88.352
26;2025-11-13;6;505.324
26;2025-11-13;7;1119.818
26;2025-11-13;8;2182.977
26;2025-11-13;9;1524.136
26;2025-11-13;10;1207.042
26;2025-11-13;11;1155.701
26;2025-11-13;12;1169.65
26;2025-11-13;13;1178.462
26;2025-11-13;14;1249.01
26;2025-11-13;15;1370.844
26;2025-11-13;16;1548.685
26;2025-11-13;17;1736.935
26;2025-11-13;18;1973.332
26;2025-11-13;19;1300.019
26;2025-11-13;20;764.176
26;2025-11-13;21;474.722
26;2025-11-13;22;236.549
26;2025-11-13;23;128.348
26;2025-11-14;0;33.763
26;2025-11-14;1;1.799
26;2025-11-14;2;0.0
26;2025-11-14;3;0.0
26;2025-11-14;4;1.044
26;2025-11-14;5;86.951
26;2025-11-14;6;507.054
26;2025-11-14;7;1076.393
26;2025-11-14;8;2068.592
26;2025-11-14;9;1407.174
26;2025-11-14;10;1219.853
26;2025-11-14;11;1087.511
26;2025-11-14;12;1132.087
26;2025-11-14;13;1199.795
26;2025-11-14;14;1257.525
26;2025-11-14;15;1408.25
26;2025-11-14;16;1665.311
26;2025-11-14;17;1737.688
26;2025-11-14;18;1441.726
26;2025-11-14;19;1081.338
26;2025-11-14;20;721.357
26;2025-11-14;21;454.001
26;2025-11-14;22;217.558
26;2025-11-14;23;154.119
26;2025-11-15;0;45.039
26;2025-11-15;1;1.959
26;2025-11-15;2;0.0
26;2025-11-15;3;0.0
26;2025-11-15;4;1.97
26;2025-11-15;5;43.539
26;2025-11-15;6;259.344
26;2025-11-15;7;373.048
26;2025-11-15;8;584.65
26;2025-11-15;9;697.936
26;2025-11-15;10;824.621
26;2025-11-15;11;1027.998
26;2025-11-15;12;1087.304
26;2025-11-15;13;1075.63
26;2025-11-15;14;1063.659
26;2025-11-15;15;1025.526
26;2025-11-15;16;1033.602
26;2025-11-15;17;962.305
26;2025-11-15;18;914.424
26;2025-11-15;19;798.158
26;2025-11-15;20;536.028
26;2025-11-15;21;349.093
26;2025-11-15;22;224.623
26;2025-11-15;23;143.925
26;2025-11-16;0;49.686
26;2025-11-16;1;4.855
26;2025-11-16;2;0.0
26;2025-11-16;3;0.0
26;2025-11-16;4;1.133
26;2025-11-16;5;24.594
26;2025-11-16;6;143.819
26;2025-11-16;7;244.117
26;2025-11-16;8;368.06
26;2025-11-16;9;507.786
26;2025-11-16;10;576.325
26;2025-11-16;11;783.32
26;2025-11-16;12;838.239
26;2025-11-16;13;873.205
26;2025-11-16;14;854.871
26;2025-11-16;15;792.351
26;2025-11-16;16;792.963
26;2025-11-16;17;783.618
26;2025-11-16;18;717.613
26;2025-11-16;19;528.055
26;2025-11-16;20;393.187
26;2025-11-16;21;271.231
26;2025-11-16;22;186.789
26;2025-11-16;23;97.129
26;2025-11-17;0;27.171
26;2025-11-17;1;2.033
26;2025-11-17;2;0.0
26;2025-11-17;3;0.0
26;2025-11-17;4;1.719
26;2025-11-17;5;88.711
26;2025-11-17;6;521.262
26;2025-11-17;7;1115.903
26;2025-11-17;8;2138.974
26;2025-11-17;9;1477.995
26;2025-11-17;10;1207.517
26;2025-11-17;11;1061.443
26;2025-11-17;12;1092.907
26;2025-11-17;13;1185.629
26;2025-11-17;14;1207.072
26;2025-11-17;15;1309.015
26;2025-11-17;16;1499.703
26;2025-11-17;17;1706.93
26;2025-11-17;18;1908.385
26;2025-11-17;19;1242.888
26;2025-11-17;20;759.364
26;2025-11-17;21;433.758
26;2025-11-17;22;208.663
26;2025-11-17;23;100.287
26;2025-11-18;0;30.577
26;2025-11-18;1;0.904
26;2025-11-18;2;0.0
26;2025-11-18;3;0.0
26;2025-11-18;4;1.675
26;2025-11-18;5;86.633
26;2025-11-18;6;513.155
26;2025-11-18;7;1130.603
26;2025-11-18;8;2251.538
26;2025-11-18;9;1481.093
26;2025-11-18;10;1218.507
26;2025-11-18;11;1122.256
26;2025-11-18;12;1150.356
26;2025-11-18;13;1176.1
26;2025-11-18;14;1210.365
26;2025-11-18;15;1331.497
26;2025-11-18;16;1509.294
26;2025-11-18;17;1772.835
26;2025-11-18;18;1927.29
26;2025-11-18;19;1337.9
26;2025-11-18;20;769.568
26;2025-11-18;21;463.706
26;2025-11-18;22;216.869
26;2025-11-18;23;110.02
26;2025-11-19;0;31.109
26;2025-11-19;1;1.072
26;2025-11-19;2;0.0
26;2025-11-19;3;0.0
26;2025-11-19;4;2.201
26;2025-11-19;5;93.706
26;2025-11-19;6;518.078
26;2025-11-19;7;1148.776
26;2025-11-19;8;2245.263
26;2025-11-19;9;1521.821
26;2025-11-19;10;1257.399
26;2025-11-19;11;1122.95
26;2025-11-19;12;1193.879
26;2025-11-19;13;1219.496
26;2025-11-19;14;1331.921
26;2025-11-19;15;1390.023
26;2025-11-19;16;1526.746
26;2025-11-19;17;1727.847
26;2025-11-19;18;1916.411
26;2025-11-19;19;1289.026
26;2025-11-19;20;785.613
26;2025-11-19;21;501.637
26;2025-11-19;22;232.314
26;2025-11-19;23;127.01
26;2025-11-20;0;38.971
26;2025-11-20;1;0.991
26;2025-11-20;2;0.0
26;2025-11-20;3;0.0
26;2025-11-20;4;1.136
26;2025-11-20;5;88.177
26;2025-11-20;6;504.853
26;2025-11-20;7;1120.784
26;2025-11-20;8;2184.509
26;2025-11-20;9;1524.132
26;2025-11-20;10;1206.66
26;2025-11-20;11;1155.207
26;2025-11-20;12;1169.8
26;2025-11-20;13;1178.636
26;2025-11-20;14;1249.631
26;2025-11-20;15;1372.173
26;2025-11-20;16;1550.27
26;2025-11-20;17;1738.411
26;2025-11-20;18;1974.686
26;2025-11-20;19;1298.548
26;2025-11-20;20;761.84
26;2025-11-20;21;473.149
26;2025-11-20;22;234.952
26;2025-11-20;23;127.665
26;2025-11-21;0;33.762
26;2025-11-21;1;1.799
26;2025-11-21;2;0.0
26;2025-11-21;3;0.0
26;2025-11-21;4;1.044
26;2025-11-21;5;86.779
26;2025-11-21;6;506.589
26;2025-11-21;7;1077.292
26;2025-11-21;8;2069.991
26;2025-11-21;9;1407.159
26;2025-11-21;10;1219.464
26;2025-11-21;11;1087.05
26;2025-11-21;12;1132.221
26;2025-11-21;13;1199.959
26;2025-11-21;14;1258.13
26;2025-11-21;15;1409.586
26;2025-11-21;16;1666.968
26;2025-11-21;17;1739.116
26;2025-11-21;18;1442.688
26;2025-11-21;19;1080.137
26;2025-11-21;20;719.184
26;2025-11-21;21;452.526
26;2025-11-21;22;216.129
26;2025-11-21;23;153.319
26;2025-11-22;0;44.903
26;2025-11-22;1;1.959
26;2025-11-22;2;0.0
26;2025-11-22;3;0.0
26;2025-11-22;4;1.97
26;2025-11-22;5;43.17
26;2025-11-22;6;258.449
26;2025-11-22;7;372.238
26;2025-11-22;8;583.473
26;2025-11-22;9;696.857
26;2025-11-22;10;823.575
26;2025-11-22;11;1029.061
26;2025-11-22;12;1089.366
26;2025-11-22;13;1077.734
26;2025-11-22;14;1066.101
26;2025-11-22;15;1027.911
26;2025-11-22;16;1036.062
26;2025-11-22;17;964.117
26;2025-11-22;18;913.99
26;2025-11-22;19;795.778
26;2025-11-22;20;533.534
26;2025-11-22;21;347.307
26;2025-11-22;22;223.394
26;2025-11-22;23;143.432
26;2025-11-23;0;49.533
26;2025-11-23;1;4.854
26;2025-11-23;2;0.0
26;2025-11-23;3;0.0
26;2025-11-23;4;1.133
26;2025-11-23;5;24.38
26;2025-11-23;6;143.326
26;2025-11-23;7;243.577
26;2025-11-23;8;367.297
26;2025-11-23;9;506.967
26;2025-11-23;10;575.546
26;2025-11-23;11;784.011
26;2025-11-23;12;839.696
26;2025-11-23;13;874.768
26;2025-11-23;14;856.689
26;2025-11-23;15;794.05
26;2025-11-23;16;794.731
26;2025-11-23;17;784.97
26;2025-11-23;18;717.196
26;2025-11-23;19;526.457
26;2025-11-23;20;391.364
26;2025-11-23;21;269.848
26;2025-11-23;22;185.763
26;2025-11-23;23;96.792
26;2025-11-24;0;27.17
26;2025-11-24;1;2.033
26;2025-11-24;2;0.0
26;2025-11-24;3;0.0
26;2025-11-24;4;1.719
26;2025-11-24;5;88.548
26;2025-11-24;6;520.808
26;2025-11-24;7;1116.759
26;2025-11-24;8;2140.308
26;2025-11-24;9;1477.968
26;2025-11-24;10;1207.148
26;2025-11-24;11;1061.01
26;2025-11-24;12;1093.018
26;2025-11-24;13;1185.771
26;2025-11-24;14;1207.605
26;2025-11-24;15;1310.155
26;2025-11-24;16;1501.082
26;2025-11-24;17;1708.227
26;2025-11-24;18;1909.545
26;2025-11-24;19;1241.589
26;2025-11-24;20;757.233
26;2025-11-24;21;432.446
26;2025-11-24;22;207.386
26;2025-11-24;23;99.802
26;2025-11-25;0;30.576
26;2025-11-25;1;0.904
26;2025-11-25;2;0.0
26;2025-11-25;3;0.0
26;2025-11-25;4;1.675
26;2025-11-25;5;86.479
26;2025-11-25;6;512.725
26;2025-11-25;7;1131.46
26;2025-11-25;8;2252.934
26;2025-11-25;9;1481.079
26;2025-11-25;10;1218.154
26;2025-11-25;11;1121.822
26;2025-11-25;12;1150.479
26;2025-11-25;13;1176.246
26;2025-11-25;14;1210.897
26;2025-11-25;15;1332.64
26;2025-11-25;16;1510.657
26;2025-11-25;17;1774.165
26;2025-11-25;18;1928.441
26;2025-11-25;19;1336.549
26;2025-11-25;20;767.471
26;2025-11-25;21;462.323
26;2025-11-25;22;215.566
26;2025-11-25;23;109.501
26;2025-11-26;0;31.108
26;2025-11-26;1;1.072
26;2025-11-26;2;0.0
26;2025-11-26;3;0.0
26;2025-11-26;4;2.201
26;2025-11-26;5;93.545
26;2025-11-26;6;517.657
26;2025-11-26;7;1149.637
26;2025-11-26;8;2246.632
26;2025-11-26;9;1521.819
26;2025-11-26;10;1257.054
26;2025-11-26;11;1122.532
26;2025-11-26;12;1194.012
26;2025-11-26;13;1219.653
26;2025-11-26;14;1332.501
26;2025-11-26;15;1391.192
26;2025-11-26;16;1528.103
26;2025-11-26;17;1729.121
26;2025-11-26;18;1917.553
26;2025-11-26;19;1287.768
26;2025-11-26;20;783.543
26;2025-11-26;21;500.202
26;2025-11-26;22;230.965
26;2025-11-26;23;126.425
26;2025-11-27;0;38.97
26;2025-11-27;1;0.991
26;2025-11-27;2;0.0
26;2025-11-27;3;0.0
26;2025-11-27;4;1.136
26;2025-11-27;5;88.029
26;2025-11-27;6;504.454
26;2025-11-27;7;1121.602
26;2025-11-27;8;2185.808
26;2025-11-27;9;1524.129
26;2025-11-27;10;1206.336
26;2025-11-27;11;1154.789
26;2025-11-27;12;1169.927
26;2025-11-27;13;1178.783
26;2025-11-27;14;1250.157
26;2025-11-27;15;1373.301
26;2025-11-27;16;1551.615
26;2025-11-27;17;1739.663
26;2025-11-27;18;1975.834
26;2025-11-27;19;1297.3
26;2025-11-27;20;759.859
26;2025-11-27;21;471.815
26;2025-11-27;22;233.597
26;2025-11-27;23;127.085
26;2025-11-28;0;33.76
26;2025-11-28;1;1.799
26;2025-11-28;2;0.0
26;2025-11-28;3;0.0
26;2025-11-28;4;1.044
26;2025-11-28;5;86.633
26;2025-11-28;6;506.196
26;2025-11-28;7;1078.051
26;2025-11-28;8;2071.172
26;2025-11-28;9;1407.147
26;2025-11-28;10;1219.137
26;2025-11-28;11;1086.661
26;2025-11-28;12;1132.334
26;2025-11-28;13;1200.098
26;2025-11-28;14;1258.641
26;2025-11-28;15;1410.713
26;2025-11-28;16;1668.366
26;2025-11-28;17;1740.322
26;2025-11-28;18;1443.499
26;2025-11-28;19;1079.123
26;2025-11-28;20;717.351
26;2025-11-28;21;451.28
26;2025-11-28;22;214.923
26;2025-11-28;23;152.643
26;2025-11-29;0;44.789
26;2025-11-29;1;1.959
26;2025-11-29;2;0.0
26;2025-11-29;3;0.0
26;2025-11-29;4;1.97
26;2025-11-29;5;42.859
26;2025-11-29;6;257.695
26;2025-11-29;7;371.556
26;2025-11-29;8;582.482
26;2025-11-29;9;695.948
26;2025-11-29;10;822.694
26;2025-11-29;11;1029.957
26;2025-11-29;12;1091.102
26;2025-11-29;13;1079.507
26;2025-11-29;14;1068.158
26;2025-11-29;15;1029.919
26;2025-11-29;16;1038.134
26;2025-11-29;17;965.643
26;2025-11-29;18;913.624
26;2025-11-29;19;793.774
26;2025-11-29;20;531.434
26;2025-11-29;21;345.802
26;2025-11-29;22;222.359
26;2025-11-29;23;143.017
26;2025-11-30;0;49.404
26;2025-11-30;1;4.854
26;2025-11-30;2;0.0
26;2025-11-30;3;0.0
26;2025-11-30;4;1.133
26;2025-11-30;5;24.2
26;2025-11-30;6;142.911
26;2025-11-30;7;243.122
26;2025-11-30;8;366.654
26;2025-11-30;9;506.277
26;2025-11-30;10;574.891
26;2025-11-30;11;784.593
26;2025-11-30;12;840.922
26;2025-11-30;13;876.084
26;2025-11-30;14;858.22
26;2025-11-30;15;795.481
26;2025-11-30;16;796.218
26;2025-11-30;17;786.108
26;2025-11-30;18;716.846
26;2025-11-30;19;525.112
26;2025-11-30;20;389.829
26;2025-11-30;21;268.683
26;2025-11-30;22;184.899
26;2025-11-30;23;96.508
26;2025-12-01;0;27.169
26;2025-12-01;1;2.033
26;2025-12-01;2;0.0
26;2025-12-01;3;0.0
26;2025-12-01;4;1.719
26;2025-12-01;5;88.411
26;2025-12-01;6;520.426
26;2025-12-01;7;1117.479
26;2025-12-01;8;2141.43
26;2025-12-01;9;1477.945
26;2025-12-01;10;1206.838
26;2025-12-01;11;1060.646
26;2025-12-01;12;1093.112
26;2025-12-01;13;1185.889
26;2025-12-01;14;1208.053
26;2025-12-01;15;1311.114
26;2025-12-01;16;1502.242
26;2025-12-01;17;1709.319
26;2025-12-01;18;1910.521
26;2025-12-01;19;1240.496
26;2025-12-01;20;755.441
26;2025-12-01;21;431.342
26;2025-12-01;22;206.312
26;2025-12-01;23;99.394
26;2025-12-02;0;30.575
26;2025-12-02;1;0.904
26;2025-12-02;2;0.0
26;2025-12-02;3;0.0
26;2025-12-02;4;1.675
26;2025-12-02;5;86.349
26;2025-12-02;6;512.365
26;2025-12-02;7;1132.178
26;2025-12-02;8;2254.104
26;2025-12-02;9;1481.066
26;2025-12-02;10;1217.858
26;2025-12-02;11;1121.457
26;2025-12-02;12;1150.582
26;2025-12-02;13;1176.369
26;2025-12-02;14;1211.343
26;2025-12-02;15;1333.597
26;2025-12-02;16;1511.8
26;2025-12-02;17;1775.28
26;2025-12-02;18;1929.406
26;2025-12-02;19;1335.417
26;2025-12-02;20;765.713
26;2025-12-02;21;461.163
26;2025-12-02;22;214.474
26;2025-12-02;23;109.066
26;2025-12-03;0;31.108
26;2025-12-03;1;1.071
26;2025-12-03;2;0.0
26;2025-12-03;3;0.0
26;2025-12-03;4;2.201
26;2025-12-03;5;93.411
26;2025-12-03;6;517.306
26;2025-12-03;7;1150.355
26;2025-12-03;8;2247.774
26;2025-12-03;9;1521.817
26;2025-12-03;10;1256.766
26;2025-12-03;11;1122.183
26;2025-12-03;12;1194.124
26;2025-12-03;13;1219.784
26;2025-12-03;14;1332.984
26;2025-12-03;15;1392.166
26;2025-12-03;16;1529.234
26;2025-12-03;17;1730.184
26;2025-12-03;18;1918.505
26;2025-12-03;19;1286.721
26;2025-12-03;20;781.819
26;2025-12-03;21;499.006
26;2025-12-03;22;229.842
26;2025-12-03;23;125.938
26;2025-12-04;0;38.969
26;2025-12-04;1;0.991
26;2025-12-04;2;0.0
26;2025-12-04;3;0.0
26;2025-12-04;4;1.136
26;2025-12-04;5;87.906
26;2025-12-04;6;504.124
26;2025-12-04;7;1122.279
26;2025-12-04;8;2186.881
26;2025-12-04;9;1524.126
26;2025-12-04;10;1206.068
26;2025-12-04;11;1154.443
26;2025-12-04;12;1170.032
26;2025-12-04;13;1178.904
26;2025-12-04;14;1250.592
26;2025-12-04;15;1374.232
26;2025-12-04;16;1552.726
26;2025-12-04;17;1740.698
26;2025-12-04;18;1976.782
26;2025-12-04;19;1296.269
26;2025-12-04;20;758.223
26;2025-12-04;21;470.713
26;2025-12-04;22;232.478
26;2025-12-04;23;126.606
26;2025-12-05;0;33.76
26;2025-12-05;1;1.799
26;2025-12-05;2;0.0
26;2025-12-05;3;0.0
26;2025-12-05;4;1.044
26;2025-12-05;5;86.515
26;2025-12-05;6;505.876
26;2025-12-05;7;1078.67
26;2025-12-05;8;2072.136
26;2025-12-05;9;1407.136
26;2025-12-05;10;1218.869
26;2025-12-05;11;1086.344
26;2025-12-05;12;1132.427
26;2025-12-05;13;1200.21
26;2025-12-05;14;1259.057
26;2025-12-05;15;1411.633
26;2025-12-05;16;1669.507
26;2025-12-05;17;1741.305
26;2025-12-05;18;1444.161
26;2025-12-05;19;1078.295
26;2025-12-05;20;715.854
26;2025-12-05;21;450.263
26;2025-12-05;22;213.938
26;2025-12-05;23;152.091
26;2025-12-06;0;44.697
26;2025-12-06;1;1.959
26;2025-12-06;2;0.0
26;2025-12-06;3;0.0
26;2025-12-06;4;1.97
26;2025-12-06;5;42.609
26;2025-12-06;6;257.09
26;2025-12-06;7;371.009
26;2025-12-06;8;581.686
26;2025-12-06;9;695.219
26;2025-12-06;10;821.986
26;2025-12-06;11;1030.676
26;2025-12-06;12;1092.497
26;2025-12-06;13;1080.93
26;2025-12-06;14;1069.81
26;2025-12-06;15;1031.532
26;2025-12-06;16;1039.798
26;2025-12-06;17;966.868
26;2025-12-06;18;913.331
26;2025-12-06;19;792.164
26;2025-12-06;20;529.747
26;2025-12-06;21;344.594
26;2025-12-06;22;221.528
26;2025-12-06;23;142.684
26;2025-12-07;0;49.302
26;2025-12-07;1;4.853
26;2025-12-07;2;0.0
26;2025-12-07;3;0.0
26;2025-12-07;4;1.133
26;2025-12-07;5;24.058
26;2025-12-07;6;142.584
26;2025-12-07;7;242.764
26;2025-12-07;8;366.148
26;2025-12-07;9;505.733
26;2025-12-07;10;574.375
26;2025-12-07;11;785.05
26;2025-12-07;12;841.887
26;2025-12-07;13;877.12
26;2025-12-07;14;859.424
26;2025-12-07;15;796.607
26;2025-12-07;16;797.39
26;2025-12-07;17;787.004
26;2025-12-07;18;716.57
26;2025-12-07;19;524.053
26;2025-12-07;20;388.62
26;2025-12-07;21;267.767
26;2025-12-07;22;184.218
26;2025-12-07;23;96.284
26;2025-12-08;0;27.168
26;2025-12-08;1;2.033
26;2025-12-08;2;0.0
26;2025-12-08;3;0.0
26;2025-12-08;4;1.719
26;2025-12-08;5;88.305
26;2025-12-08;6;520.131
26;2025-12-08;7;1118.033
26;2025-12-08;8;2142.294
26;2025-12-08;9;1477.927
26;2025-12-08;10;1206.6
26;2025-12-08;11;1060.366
26;2025-12-08;12;1093.184
26;2025-12-08;13;1185.981
26;2025-12-08;14;1208.397
26;2025-12-08;15;1311.852
26;2025-12-08;16;1503.135
26;2025-12-08;17;1710.158
26;2025-12-08;18;1911.272
26;2025-12-08;19;1239.655
26;2025-12-08;20;754.061
26;2025-12-08;21;430.492
26;2025-12-08;22;205.486
26;2025-12-08;23;99.08
26;2025-12-09;0;30.574
26;2025-12-09;1;0.904
26;2025-12-09;2;0.0
26;2025-12-09;3;0.0
26;2025-12-09;4;1.675
26;2025-12-09;5;86.252
26;2025-12-09;6;512.095
26;2025-12-09;7;1132.717
26;2025-12-09;8;2254.983
26;2025-12-09;9;1481.057
26;2025-12-09;10;1217.636
26;2025-12-09;11;1121.184
26;2025-12-09;12;1150.659
26;2025-12-09;13;1176.46
26;2025-12-09;14;1211.677
26;2025-12-09;15;1334.316
26;2025-12-09;16;1512.658
26;2025-12-09;17;1776.116
26;2025-12-09;18;1930.131
26;2025-12-09;19;1334.567
26;2025-12-09;20;764.393
26;2025-12-09;21;460.293
26;2025-12-09;22;213.655
26;2025-12-09;23;108.74
26;2025-12-10;0;31.107
26;2025-12-10;1;1.071
26;2025-12-10;2;0.0
26;2025-12-10;3;0.0
26;2025-12-10;4;2.201
26;2025-12-10;5;93.313
26;2025-12-10;6;517.049
26;2025-12-10;7;1150.878
26;2025-12-10;8;2248.606
26;2025-12-10;9;1521.816
26;2025-12-10;10;1256.555
26;2025-12-10;11;1121.929
26;2025-12-10;12;1194.205
26;2025-12-10;13;1219.88
26;2025-12-10;14;1333.336
26;2025-12-10;15;1392.877
26;2025-12-10;16;1530.059
26;2025-12-10;17;1730.959
26;2025-12-10;18;1919.2
26;2025-12-10;19;1285.956
26;2025-12-10;20;780.561
26;2025-12-10;21;498.133
26;2025-12-10;22;229.022
26;2025-12-10;23;125.582
26;2025-12-11;0;38.969
26;2025-12-11;1;0.991
26;2025-12-11;2;0.0
26;2025-12-11;3;0.0
26;2025-12-11;4;1.136
26;2025-12-11;5;87.82
26;2025-12-11;6;503.891
26;2025-12-11;7;1122.757
26;2025-12-11;8;2187.64
26;2025-12-11;9;1524.125
26;2025-12-11;10;1205.878
26;2025-12-11;11;1154.199
26;2025-12-11;12;1170.106
26;2025-12-11;13;1178.99
26;2025-12-11;14;1250.899
26;2025-12-11;15;1374.891
26;2025-12-11;16;1553.512
26;2025-12-11;17;1741.429
26;2025-12-11;18;1977.452
26;2025-12-11;19;1295.54
26;2025-12-11;20;757.066
26;2025-12-11;21;469.934
26;2025-12-11;22;231.687
26;2025-12-11;23;126.268
26;2025-12-12;0;33.759
26;2025-12-12;1;1.799
26;2025-12-12;2;0.0
26;2025-12-12;3;0.0
26;2025-12-12;4;1.044
26;2025-12-12;5;86.434
26;2025-12-12;6;505.657
26;2025-12-12;7;1079.092
26;2025-12-12;8;2072.793
26;2025-12-12;9;1407.129
26;2025-12-12;10;1218.687
26;2025-12-12;11;1086.127
26;2025-12-12;12;1132.489
26;2025-12-12;13;1200.287
26;2025-12-12;14;1259.341
26;2025-12-12;15;1412.26
26;2025-12-12;16;1670.285
26;2025-12-12;17;1741.976
26;2025-12-12;18;1444.613
26;2025-12-12;19;1077.731
26;2025-12-12;20;714.834
26;2025-12-12;21;449.57
26;2025-12-12;22;213.267
26;2025-12-12;23;151.715
26;2025-12-13;0;44.637
26;2025-12-13;1;1.959
26;2025-12-13;2;0.0
26;2025-12-13;3;0.0
26;2025-12-13;4;1.97
26;2025-12-13;5;42.445
26;2025-12-13;6;256.694
26;2025-12-13;7;370.65
26;2025-12-13;8;581.166
26;2025-12-13;9;694.741
26;2025-12-13;10;821.523
26;2025-12-13;11;1031.147
26;2025-12-13;12;1093.409
26;2025-12-13;13;1081.862
26;2025-12-13;14;1070.891
26;2025-12-13;15;1032.587
26;2025-12-13;16;1040.886
26;2025-12-13;17;967.669
26;2025-12-13;18;913.139
26;2025-12-13;19;791.111
26;2025-12-13;20;528.644
26;2025-12-13;21;343.803
26;2025-12-13;22;220.984
26;2025-12-13;23;142.466
26;2025-12-14;0;49.239
26;2025-12-14;1;4.853
26;2025-12-14;2;0.0
26;2025-12-14;3;0.0
26;2025-12-14;4;1.133
26;2025-12-14;5;23.969
26;2025-12-14;6;142.38
26;2025-12-14;7;242.541
26;2025-12-14;8;365.833
26;2025-12-14;9;505.394
26;2025-12-14;10;574.053
26;2025-12-14;11;785.336
26;2025-12-14;12;842.489
26;2025-12-14;13;877.767
26;2025-12-14;14;860.176
26;2025-12-14;15;797.31
26;2025-12-14;16;798.121
26;2025-12-14;17;787.563
26;2025-12-14;18;716.398
26;2025-12-14;19;523.392
26;2025-12-14;20;387.866
26;2025-12-14;21;267.195
26;2025-12-14;22;183.794
26;2025-12-14;23;96.145
26;2025-12-15;0;27.168
26;2025-12-15;1;2.033
26;2025-12-15;2;0.0
26;2025-12-15;3;0.0
26;2025-12-15;4;1.719
26;2025-12-15;5;88.242
26;2025-12-15;6;519.957
26;2025-12-15;7;1118.362
26;2025-12-15;8;2142.805
26;2025-12-15;9;1477.917
26;2025-12-15;10;1206.458
26;2025-12-15;11;1060.2
26;2025-12-15;12;1093.227
26;2025-12-15;13;1186.035
26;2025-12-15;14;1208.602
26;2025-12-15;15;1312.289
26;2025-12-15;16;1503.664
26;2025-12-15;17;1710.656
26;2025-12-15;18;1911.717
26;2025-12-15;19;1239.157
26;2025-12-15;20;753.244
26;2025-12-15;21;429.989
26;2025-12-15;22;204.996
26;2025-12-15;23;98.894
26;2025-12-16;0;30.574
26;2025-12-16;1;0.904
26;2025-12-16;2;0.0
26;2025-12-16;3;0.0
26;2025-12-16;4;1.675
26;2025-12-16;5;86.197
26;2025-12-16;6;511.944
26;2025-12-16;7;1133.019
26;2025-12-16;8;2255.474
26;2025-12-16;9;1481.052
26;2025-12-16;10;1217.512
26;2025-12-16;11;1121.031
26;2025-12-16;12;1150.702
26;2025-12-16;13;1176.512
26;2025-12-16;14;1211.864
26;2025-12-16;15;1334.717
26;2025-12-16;16;1513.137
26;2025-12-16;17;1776.584
26;2025-12-16;18;1930.535
26;2025-12-16;19;1334.092
26;2025-12-16;20;763.656
26;2025-12-16;21;459.807
26;2025-12-16;22;213.196
26;2025-12-16;23;108.557
26;2025-12-17;0;31.107
26;2025-12-17;1;1.071
26;2025-12-17;2;0.0
26;2025-12-17;3;0.0
26;2025-12-17;4;2.201
26;2025-12-17;5;93.262
26;2025-12-17;6;516.915
26;2025-12-17;7;1151.152
26;2025-12-17;8;2249.042
26;2025-12-17;9;1521.815
26;2025-12-17;10;1256.445
26;2025-12-17;11;1121.796
26;2025-12-17;12;1194.247
26;2025-12-17;13;1219.93
26;2025-12-17;14;1333.52
26;2025-12-17;15;1393.249
26;2025-12-17;16;1530.491
26;2025-12-17;17;1731.364
26;2025-12-17;18;1919.563
26;2025-12-17;19;1285.557
26;2025-12-17;20;779.903
26;2025-12-17;21;497.677
26;2025-12-17;22;228.593
26;2025-12-17;23;125.396
26;2025-12-18;0;38.969
26;2025-12-18;1;0.991
26;2025-12-18;2;0.0
26;2025-12-18;3;0.0
26;2025-12-18;4;1.136
26;2025-12-18;5;87.778
26;2025-12-18;6;503.778
26;2025-12-18;7;1122.988
26;2025-12-18;8;2188.007
26;2025-12-18;9;1524.124
26;2025-12-18;10;1205.787
26;2025-12-18;11;1154.081
26;2025-12-18;12;1170.142
26;2025-12-18;13;1179.032
26;2025-12-18;14;1251.048
26;2025-12-18;15;1375.21
26;2025-12-18;16;1553.892
26;2025-12-18;17;1741.783
26;2025-12-18;18;1977.777
26;2025-12-18;19;1295.187
26;2025-12-18;20;756.506
26;2025-12-18;21;469.557
26;2025-12-18;22;231.304
26;2025-12-18;23;126.104
26;2025-12-19;0;33.759
26;2025-12-19;1;1.799
26;2025-12-19;2;0.0
26;2025-12-19;3;0.0
26;2025-12-19;4;1.044
26;2025-12-19;5;86.398
26;2025-12-19;6;505.561
26;2025-12-19;7;1079.279
26;2025-12-19;8;2073.083
26;2025-12-19;9;1407.126
26;2025-12-19;10;1218.606
26;2025-12-19;11;1086.031
26;2025-12-19;12;1132.517
26;2025-12-19;13;1200.321
26;2025-12-19;14;1259.467
26;2025-12-19;15;1412.538
26;2025-12-19;16;1670.629
26;2025-12-19;17;1742.272
26;2025-12-19;18;1444.812
26;2025-12-19;19;1077.481
26;2025-12-19;20;714.383
26;2025-12-19;21;449.264
26;2025-12-19;22;212.971
26;2025-12-19;23;151.549
26;2025-12-20;0;44.614
26;2025-12-20;1;1.959
26;2025-12-20;2;0.0
26;2025-12-20;3;0.0
26;2025-12-20;4;1.97
26;2025-12-20;5;42.381
26;2025-12-20;6;256.537
26;2025-12-20;7;370.509
26;2025-12-20;8;580.96
26;2025-12-20;9;694.553
26;2025-12-20;10;821.34
26;2025-12-20;11;1031.332
26;2025-12-20;12;1093.769
26;2025-12-20;13;1082.23
26;2025-12-20;14;1071.318
26;2025-12-20;15;1033.004
26;2025-12-20;16;1041.316
26;2025-12-20;17;967.986
26;2025-12-20;18;913.063
26;2025-12-20;19;790.695
26;2025-12-20;20;528.208
26;2025-12-20;21;343.491
26;2025-12-20;22;220.769
26;2025-12-20;23;142.38
26;2025-12-21;0;49.217
26;2025-12-21;1;4.853
26;2025-12-21;2;0.0
26;2025-12-21;3;0.0
26;2025-12-21;4;1.133
26;2025-12-21;5;23.939
26;2025-12-21;6;142.311
26;2025-12-21;7;242.464
26;2025-12-21;8;365.725
26;2025-12-21;9;505.279
26;2025-12-21;10;573.943
26;2025-12-21;11;785.433
26;2025-12-21;12;842.695
26;2025-12-21;13;877.987
26;2025-12-21;14;860.432
26;2025-12-21;15;797.549
26;2025-12-21;16;798.37
26;2025-12-21;17;787.754
26;2025-12-21;18;716.339
26;2025-12-21;19;523.167
26;2025-12-21;20;387.609
26;2025-12-21;21;267.0
26;2025-12-21;22;183.649
26;2025-12-21;23;96.097
26;2025-12-22;0;27.168
26;2025-12-22;1;2.033
26;2025-12-22;2;0.0
26;2025-12-22;3;0.0
26;2025-12-22;4;1.719
26;2025-12-22;5;88.225
26;2025-12-22;6;519.909
26;2025-12-22;7;1118.452
26;2025-12-22;8;2142.946
26;2025-12-22;9;1477.914
26;2025-12-22;10;1206.42
26;2025-12-22;11;1060.155
26;2025-12-22;12;1093.238
26;2025-12-22;13;1186.05
26;2025-12-22;14;1208.658
26;2025-12-22;15;1312.409
26;2025-12-22;16;1503.809
26;2025-12-22;17;1710.793
26;2025-12-22;18;1911.839
26;2025-12-22;19;1239.02
26;2025-12-22;20;753.02
26;2025-12-22;21;429.85
26;2025-12-22;22;204.861
26;2025-12-22;23;98.843
26;2025-12-23;0;30.574
26;2025-12-23;1;0.904
26;2025-12-23;2;0.0
26;2025-12-23;3;0.0
26;2025-12-23;4;1.675
26;2025-12-23;5;86.187
26;2025-12-23;6;511.915
26;2025-12-23;7;1133.077
26;2025-12-23;8;2255.568
26;2025-12-23;9;1481.051
26;2025-12-23;10;1217.488
26;2025-12-23;11;1121.001
26;2025-12-23;12;1150.71
26;2025-12-23;13;1176.522
26;2025-12-23;14;1211.9
26;2025-12-23;15;1334.795
26;2025-12-23;16;1513.229
26;2025-12-23;17;1776.674
26;2025-12-23;18;1930.613
26;2025-12-23;19;1334.001
26;2025-12-23;20;763.514
26;2025-12-23;21;459.713
26;2025-12-23;22;213.108
26;2025-12-23;23;108.522
26;2025-12-24;0;31.107
26;2025-12-24;1;1.071
26;2025-12-24;2;0.0
26;2025-12-24;3;0.0
26;2025-12-24;4;2.201
26;2025-12-24;5;93.257
26;2025-12-24;6;516.903
26;2025-12-24;7;1151.176
26;2025-12-24;8;2249.081
26;2025-12-24;9;1521.815
26;2025-12-24;10;1256.436
26;2025-12-24;11;1121.784
26;2025-12-24;12;1194.251
26;2025-12-24;13;1219.934
26;2025-12-24;14;1333.537
26;2025-12-24;15;1393.282
26;2025-12-24;16;1530.529
26;2025-12-24;17;1731.4
26;2025-12-24;18;1919.596
26;2025-12-24;19;1285.521
26;2025-12-24;20;779.845
26;2025-12-24;21;497.637
26;2025-12-24;22;228.555
26;2025-12-24;23;125.379
26;2025-12-25;0;38.969
26;2025-12-25;1;0.991
26;2025-12-25;2;0.0
26;2025-12-25;3;0.0
26;2025-12-25;4;1.136
26;2025-12-25;5;87.78
26;2025-12-25;6;503.783
26;2025-12-25;7;1122.977
26;2025-12-25;8;2187.99
26;2025-12-25;9;1524.124
26;2025-12-25;10;1205.791
26;2025-12-25;11;1154.087
26;2025-12-25;12;1170.141
26;2025-12-25;13;1179.03
26;2025-12-25;14;1251.041
26;2025-12-25;15;1375.194
26;2025-12-25;16;1553.874
26;2025-12-25;17;1741.766
26;2025-12-25;18;1977.761
26;2025-12-25;19;1295.204
26;2025-12-25;20;756.532
26;2025-12-25;21;469.575
26;2025-12-25;22;231.323
26;2025-12-25;23;126.112
26;2025-12-26;0;33.759
26;2025-12-26;1;1.799
26;2025-12-26;2;0.0
26;2025-12-26;3;0.0
26;2025-12-26;4;1.044
26;2025-12-26;5;86.407
26;2025-12-26;6;505.583
26;2025-12-26;7;1079.236
26;2025-12-26;8;2073.016
26;2025-12-26;9;1407.127
26;2025-12-26;10;1218.625
26;2025-12-26;11;1086.054
26;2025-12-26;12;1132.511
26;2025-12-26;13;1200.313
26;2025-12-26;14;1259.438
26;2025-12-26;15;1412.473
26;2025-12-26;16;1670.549
26;2025-12-26;17;1742.203
26;2025-12-26;18;1444.766
26;2025-12-26;19;1077.539
26;2025-12-26;20;714.488
26;2025-12-26;21;449.335
26;2025-12-26;22;213.039
26;2025-12-26;23;151.587
26;2025-12-27;0;40.239
26;2025-12-27;1;1.766
26;2025-12-27;2;0.0
26;2025-12-27;3;0.0
26;2025-12-27;4;1.776
26;2025-12-27;5;38.243
26;2025-12-27;6;231.389
26;2025-12-27;7;334.151
26;2025-12-27;8;523.943
26;2025-12-27;9;626.362
26;2025-12-27;10;740.684
26;2025-12-27;11;929.87
26;2025-12-27;12;986.091
26;2025-12-27;13;975.682
26;2025-12-27;14;965.817
26;2025-12-27;15;931.274
26;2025-12-27;16;938.763
26;2025-12-27;17;872.692
26;2025-12-27;18;823.343
26;2025-12-27;19;713.155
26;2025-12-27;20;476.48
26;2025-12-27;21;309.865
26;2025-12-27;22;199.163
26;2025-12-27;23;128.422
26;2025-12-28;0;44.397
26;2025-12-28;1;4.376
26;2025-12-28;2;0.0
26;2025-12-28;3;0.0
26;2025-12-28;4;1.021
26;2025-12-28;5;21.61
26;2025-12-28;6;128.378
26;2025-12-28;7;218.692
26;2025-12-28;8;329.861
26;2025-12-28;9;455.703
26;2025-12-28;10;517.613
26;2025-12-28;11;708.146
26;2025-12-28;12;759.692
26;2025-12-28;13;791.502
26;2025-12-28;14;775.645
26;2025-12-28;15;718.956
26;2025-12-28;16;719.688
26;2025-12-28;17;710.163
26;2025-12-28;18;645.971
26;2025-12-28;19;471.922
26;2025-12-28;20;349.715
26;2025-12-28;21;240.912
26;2025-12-28;22;165.714
26;2025-12-28;23;86.689
26;2025-12-29;0;24.394
26;2025-12-29;1;1.826
26;2025-12-29;2;0.0
26;2025-12-29;3;0.0
26;2025-12-29;4;1.543
26;2025-12-29;5;79.242
26;2025-12-29;6;466.895
26;2025-12-29;7;1004.129
26;2025-12-29;8;1923.949
26;2025-12-29;9;1327.023
26;2025-12-29;10;1083.3
26;2025-12-29;11;951.979
26;2025-12-29;12;981.602
26;2025-12-29;13;1064.933
26;2025-12-29;14;1085.173
26;2025-12-29;15;1178.24
26;2025-12-29;16;1350.061
26;2025-12-29;17;1535.924
26;2025-12-29;18;1716.465
26;2025-12-29;19;1112.713
26;2025-12-29;20;676.459
26;2025-12-29;21;386.161
26;2025-12-29;22;184.138
26;2025-12-29;23;88.824
26;2025-12-30;0;27.453
26;2025-12-30;1;0.812
26;2025-12-30;2;0.0
26;2025-12-30;3;0.0
26;2025-12-30;4;1.504
26;2025-12-30;5;77.417
26;2025-12-30;6;459.73
26;2025-12-30;7;1017.226
26;2025-12-30;8;2025.009
26;2025-12-30;9;1329.839
26;2025-12-30;10;1093.25
26;2025-12-30;11;1006.63
26;2025-12-30;12;1033.199
26;2025-12-30;13;1056.371
26;2025-12-30;14;1088.064
26;2025-12-30;15;1198.294
26;2025-12-30;16;1358.469
26;2025-12-30;17;1595.022
26;2025-12-30;18;1733.278
26;2025-12-30;19;1198.057
26;2025-12-30;20;685.959
26;2025-12-30;21;413.04
26;2025-12-30;22;191.598
26;2025-12-30;23;97.541
26;2025-12-31;0;51.153
26;2025-12-31;1;4.867
26;2025-12-31;2;0.0
26;2025-12-31;3;0.0
26;2025-12-31;4;1.136
26;2025-12-31;5;25.985
26;2025-12-31;6;147.011
26;2025-12-31;7;251.922
26;2025-12-31;8;378.669
26;2025-12-31;9;516.081
26;2025-12-31;10;582.246
26;2025-12-31;11;774.436
26;2025-12-31;12;827.41
26;2025-12-31;13;861.683
26;2025-12-31;14;844.372
26;2025-12-31;15;786.746
26;2025-12-31;16;787.281
26;2025-12-31;17;780.054
26;2025-12-31;18;728.285
26;2025-12-31;19;536.564
26;2025-12-31;20;396.59
26;2025-12-31;21;273.783
26;2025-12-31;22;182.128
26;2025-12-31;23;94.547
28;2025-11-01;0;0.0
28;2025-11-01;1;0.0
28;2025-11-01;2;0.0
28;2025-11-01;3;0.0
28;2025-11-01;4;2.002
28;2025-11-01;5;79.163
28;2025-11-01;6;273.176
28;2025-11-01;7;822.966
28;2025-11-01;8;1282.506
28;2025-11-01;9;854.145
28;2025-11-01;10;635.601
28;2025-11-01;11;613.164
28;2025-11-01;12;757.706
28;2025-11-01;13;766.688
28;2025-11-01;14;754.533
28;2025-11-01;15;805.141
28;2025-11-01;16;1034.757
28;2025-11-01;17;1066.491
28;2025-11-01;18;888.12
28;2025-11-01;19;664.677
28;2025-11-01;20;492.868
28;2025-11-01;21;335.74
28;2025-11-01;22;145.264
28;2025-11-01;23;17.919
28;2025-11-02;0;0.0
28;2025-11-02;1;0.0
28;2025-11-02;2;0.0
28;2025-11-02;3;0.0
28;2025-11-02;4;0.0
28;2025-11-02;5;29.885
28;2025-11-02;6;84.938
28;2025-11-02;7;150.488
28;2025-11-02;8;250.15
28;2025-11-02;9;332.636
28;2025-11-02;10;385.729
28;2025-11-02;11;431.469
28;2025-11-02;12;478.247
28;2025-11-02;13;555.828
28;2025-11-02;14;527.268
28;2025-11-02;15;541.11
28;2025-11-02;16;499.776
28;2025-11-02;17;510.951
28;2025-11-02;18;434.47
28;2025-11-02;19;368.811
28;2025-11-02;20;292.85
28;2025-11-02;21;234.892
28;2025-11-02;22;109.94
28;2025-11-02;23;10.738
28;2025-11-03;0;0.0
28;2025-11-03;1;0.0
28;2025-11-03;2;0.0
28;2025-11-03;3;0.0
28;2025-11-03;4;0.0
28;2025-11-03;5;31.19
28;2025-11-03;6;86.444
28;2025-11-03;7;153.701
28;2025-11-03;8;255.028
28;2025-11-03;9;336.431
28;2025-11-03;10;388.612
28;2025-11-03;11;427.797
28;2025-11-03;12;473.164
28;2025-11-03;13;549.792
28;2025-11-03;14;521.557
28;2025-11-03;15;536.939
28;2025-11-03;16;495.857
28;2025-11-03;17;508.087
28;2025-11-03;18;438.434
28;2025-11-03;19;373.645
28;2025-11-03;20;296.062
28;2025-11-03;21;237.714
28;2025-11-03;22;109.107
28;2025-11-03;23;10.614
28;2025-11-04;0;0.0
28;2025-11-04;1;0.0
28;2025-11-04;2;0.0
28;2025-11-04;3;0.0
28;2025-11-04;4;0.0
28;2025-11-04;5;31.181
28;2025-11-04;6;86.433
28;2025-11-04;7;153.726
28;2025-11-04;8;255.063
28;2025-11-04;9;336.439
28;2025-11-04;10;388.601
28;2025-11-04;11;427.777
28;2025-11-04;12;473.184
28;2025-11-04;13;549.817
28;2025-11-04;14;521.61
28;2025-11-04;15;537.034
28;2025-11-04;16;495.95
28;2025-11-04;17;508.168
28;2025-11-04;18;438.492
28;2025-11-04;19;373.586
28;2025-11-04;20;295.924
28;2025-11-04;21;237.593
28;2025-11-04;22;108.994
28;2025-11-04;23;10.605
28;2025-11-05;0;0.0
28;2025-11-05;1;0.0
28;2025-11-05;2;0.0
28;2025-11-05;3;0.0
28;2025-11-05;4;1.962
28;2025-11-05;5;89.341
28;2025-11-05;6;290.114
28;2025-11-05;7;829.011
28;2025-11-05;8;1288.717
28;2025-11-05;9;879.781
28;2025-11-05;10;658.681
28;2025-11-05;11;625.24
28;2025-11-05;12;729.89
28;2025-11-05;13;771.597
28;2025-11-05;14;691.022
28;2025-11-05;15;744.494
28;2025-11-05;16;949.686
28;2025-11-05;17;1024.929
28;2025-11-05;18;1025.427
28;2025-11-05;19;765.212
28;2025-11-05;20;522.571
28;2025-11-05;21;339.731
28;2025-11-05;22;135.956
28;2025-11-05;23;16.029
28;2025-11-06;0;0.0
28;2025-11-06;1;0.0
28;2025-11-06;2;0.0
28;2025-11-06;3;0.0
28;2025-11-06;4;1.856
28;2025-11-06;5;82.858
28;2025-11-06;6;286.82
28;2025-11-06;7;866.717
28;2025-11-06;8;1361.774
28;2025-11-06;9;897.999
28;2025-11-06;10;655.739
28;2025-11-06;11;585.15
28;2025-11-06;12;730.209
28;2025-11-06;13;776.291
28;2025-11-06;14;699.196
28;2025-11-06;15;764.72
28;2025-11-06;16;920.967
28;2025-11-06;17;1081.617
28;2025-11-06;18;1091.607
28;2025-11-06;19;801.057
28;2025-11-06;20;562.776
28;2025-11-06;21;338.648
28;2025-11-06;22;145.167
28;2025-11-06;23;16.796
28;2025-11-07;0;0.0
28;2025-11-07;1;0.0
28;2025-11-07;2;0.0
28;2025-11-07;3;0.0
28;2025-11-07;4;1.964
28;2025-11-07;5;80.703
28;2025-11-07;6;271.955
28;2025-11-07;7;823.682
28;2025-11-07;8;1281.081
28;2025-11-07;9;846.104
28;2025-11-07;10;627.041
28;2025-11-07;11;595.504
28;2025-11-07;12;734.803
28;2025-11-07;13;743.174
28;2025-11-07;14;731.673
28;2025-11-07;15;783.417
28;2025-11-07;16;1006.81
28;2025-11-07;17;1039.784
28;2025-11-07;18;878.229
28;2025-11-07;19;658.905
28;2025-11-07;20;486.8
28;2025-11-07;21;331.828
28;2025-11-07;22;140.457
28;2025-11-07;23;17.291
28;2025-11-08;0;0.051
28;2025-11-08;1;0.0
28;2025-11-08;2;0.0
28;2025-11-08;3;0.0
28;2025-11-08;4;0.991
28;2025-11-08;5;35.611
28;2025-11-08;6;99.015
28;2025-11-08;7;220.455
28;2025-11-08;8;378.874
28;2025-11-08;9;459.854
28;2025-11-08;10;471.251
28;2025-11-08;11;499.643
28;2025-11-08;12;584.795
28;2025-11-08;13;637.248
28;2025-11-08;14;620.602
28;2025-11-08;15;593.806
28;2025-11-08;16;564.756
28;2025-11-08;17;586.32
28;2025-11-08;18;495.905
28;2025-11-08;19;415.363
28;2025-11-08;20;301.576
28;2025-11-08;21;262.349
28;2025-11-08;22;128.51
28;2025-11-08;23;19.393
28;2025-11-09;0;0.0
28;2025-11-09;1;0.0
28;2025-11-09;2;0.0
28;2025-11-09;3;0.0
28;2025-11-09;4;0.0
28;2025-11-09;5;29.586
28;2025-11-09;6;84.592
28;2025-11-09;7;150.107
28;2025-11-09;8;249.552
28;2025-11-09;9;332.025
28;2025-11-09;10;385.14
28;2025-11-09;11;431.962
28;2025-11-09;12;479.285
28;2025-11-09;13;557.069
28;2025-11-09;14;528.665
28;2025-11-09;15;542.553
28;2025-11-09;16;501.153
28;2025-11-09;17;512.055
28;2025-11-09;18;434.205
28;2025-11-09;19;367.525
28;2025-11-09;20;291.265
28;2025-11-09;21;233.496
28;2025-11-09;22;109.246
28;2025-11-09;23;10.694
28;2025-11-10;0;0.0
28;2025-11-10;1;0.0
28;2025-11-10;2;0.0
28;2025-11-10;3;0.0
28;2025-11-10;4;1.956
28;2025-11-10;5;74.816
28;2025-11-10;6;266.858
28;2025-11-10;7;777.124
28;2025-11-10;8;1203.692
28;2025-11-10;9;835.245
28;2025-11-10;10;587.655
28;2025-11-10;11;513.869
28;2025-11-10;12;649.65
28;2025-11-10;13;660.404
28;2025-11-10;14;604.253
28;2025-11-10;15;638.38
28;2025-11-10;16;848.644
28;2025-11-10;17;926.498
28;2025-11-10;18;922.679
28;2025-11-10;19;693.938
28;2025-11-10;20;472.627
28;2025-11-10;21;289.087
28;2025-11-10;22;115.256
28;2025-11-10;23;10.61
28;2025-11-11;0;0.0
28;2025-11-11;1;0.0
28;2025-11-11;2;0.0
28;2025-11-11;3;0.0
28;2025-11-11;4;2.002
28;2025-11-11;5;76.61
28;2025-11-11;6;262.975
28;2025-11-11;7;828.374
28;2025-11-11;8;1260.547
28;2025-11-11;9;871.779
28;2025-11-11;10;679.246
28;2025-11-11;11;568.598
28;2025-11-11;12;679.082
28;2025-11-11;13;737.835
28;2025-11-11;14;674.613
28;2025-11-11;15;699.387
28;2025-11-11;16;822.872
28;2025-11-11;17;986.537
28;2025-11-11;18;938.557
28;2025-11-11;19;718.81
28;2025-11-11;20;513.443
28;2025-11-11;21;310.239
28;2025-11-11;22;120.308
28;2025-11-11;23;15.266
28;2025-11-12;0;0.0
28;2025-11-12;1;0.0
28;2025-11-12;2;0.0
28;2025-11-12;3;0.0
28;2025-11-12;4;1.962
28;2025-11-12;5;89.141
28;2025-11-12;6;289.815
28;2025-11-12;7;829.804
28;2025-11-12;8;1289.722
28;2025-11-12;9;879.78
28;2025-11-12;10;658.451
28;2025-11-12;11;624.946
28;2025-11-12;12;729.994
28;2025-11-12;13;771.724
28;2025-11-12;14;691.406
28;2025-11-12;15;745.302
28;2025-11-12;16;950.753
28;2025-11-12;17;1025.887
28;2025-11-12;18;1026.194
28;2025-11-12;19;764.278
28;2025-11-12;20;520.849
28;2025-11-12;21;338.499
28;2025-11-12;22;134.954
28;2025-11-12;23;15.932
28;2025-11-13;0;0.0
28;2025-11-13;1;0.0
28;2025-11-13;2;0.0
28;2025-11-13;3;0.0
28;2025-11-13;4;1.856
28;2025-11-13;5;82.678
28;2025-11-13;6;286.528
28;2025-11-13;7;867.538
28;2025-11-13;8;1362.832
28;2025-11-13;9;898.001
28;2025-11-13;10;655.513
28;2025-11-13;11;584.879
28;2025-11-13;12;730.315
28;2025-11-13;13;776.42
28;2025-11-13;14;699.586
28;2025-11-13;15;765.536
28;2025-11-13;16;922.003
28;2025-11-13;17;1082.623
28;2025-11-13;18;1092.423
28;2025-11-13;19;800.078
28;2025-11-13;20;560.928
28;2025-11-13;21;337.424
28;2025-11-13;22;144.106
28;2025-11-13;23;16.696
28;2025-11-14;0;0.0
28;2025-11-14;1;0.0
28;2025-11-14;2;0.0
28;2025-11-14;3;0.0
28;2025-11-14;4;1.963
28;2025-11-14;5;80.526
28;2025-11-14;6;271.677
28;2025-11-14;7;824.429
28;2025-11-14;8;1282.03
28;2025-11-14;9;846.083
28;2025-11-14;10;626.812
28;2025-11-14;11;595.217
28;2025-11-14;12;734.888
28;2025-11-14;13;743.276
28;2025-11-14;14;732.057
28;2025-11-14;15;784.231
28;2025-11-14;16;1007.908
28;2025-11-14;17;1040.726
28;2025-11-14;18;878.856
28;2025-11-14;19;658.083
28;2025-11-14;20;485.179
28;2025-11-14;21;330.642
28;2025-11-14;22;139.429
28;2025-11-14;23;17.194
28;2025-11-15;0;0.051
28;2025-11-15;1;0.0
28;2025-11-15;2;0.0
28;2025-11-15;3;0.0
28;2025-11-15;4;0.991
28;2025-11-15;5;35.273
28;2025-11-15;6;98.64
28;2025-11-15;7;219.926
28;2025-11-15;8;378.025
28;2025-11-15;9;459.065
28;2025-11-15;10;470.588
28;2025-11-15;11;500.22
28;2025-11-15;12;586.034
28;2025-11-15;13;638.65
28;2025-11-15;14;622.231
28;2025-11-15;15;595.349
28;2025-11-15;16;566.256
28;2025-11-15;17;587.562
28;2025-11-15;18;495.645
28;2025-11-15;19;413.976
28;2025-11-15;20;300.0
28;2025-11-15;21;260.849
28;2025-11-15;22;127.722
28;2025-11-15;23;19.315
28;2025-11-16;0;0.0
28;2025-11-16;1;0.0
28;2025-11-16;2;0.0
28;2025-11-16;3;0.0
28;2025-11-16;4;0.0
28;2025-11-16;5;29.303
28;2025-11-16;6;84.263
28;2025-11-16;7;149.745
28;2025-11-16;8;248.983
28;2025-11-16;9;331.444
28;2025-11-16;10;384.581
28;2025-11-16;11;432.43
28;2025-11-16;12;480.271
28;2025-11-16;13;558.248
28;2025-11-16;14;529.993
28;2025-11-16;15;543.925
28;2025-11-16;16;502.462
28;2025-11-16;17;513.105
28;2025-11-16;18;433.954
28;2025-11-16;19;366.303
28;2025-11-16;20;289.759
28;2025-11-16;21;232.168
28;2025-11-16;22;108.587
28;2025-11-16;23;10.653
28;2025-11-17;0;0.0
28;2025-11-17;1;0.0
28;2025-11-17;2;0.0
28;2025-11-17;3;0.0
28;2025-11-17;4;1.956
28;2025-11-17;5;74.658
28;2025-11-17;6;266.597
28;2025-11-17;7;777.822
28;2025-11-17;8;1204.566
28;2025-11-17;9;835.235
28;2025-11-17;10;587.456
28;2025-11-17;11;513.635
28;2025-11-17;12;649.731
28;2025-11-17;13;660.499
28;2025-11-17;14;604.567
28;2025-11-17;15;639.03
28;2025-11-17;16;849.541
28;2025-11-17;17;927.31
28;2025-11-17;18;923.328
28;2025-11-17;19;693.119
28;2025-11-17;20;471.118
28;2025-11-17;21;288.084
28;2025-11-17;22;114.445
28;2025-11-17;23;10.546
28;2025-11-18;0;0.0
28;2025-11-18;1;0.0
28;2025-11-18;2;0.0
28;2025-11-18;3;0.0
28;2025-11-18;4;2.002
28;2025-11-18;5;76.45
28;2025-11-18;6;262.723
28;2025-11-18;7;829.116
28;2025-11-18;8;1261.456
28;2025-11-18;9;871.777
28;2025-11-18;10;679.024
28;2025-11-18;11;568.348
28;2025-11-18;12;679.173
28;2025-11-18;13;737.949
28;2025-11-18;14;674.965
28;2025-11-18;15;700.092
28;2025-11-18;16;823.749
28;2025-11-18;17;987.398
28;2025-11-18;18;939.218
28;2025-11-18;19;717.973
28;2025-11-18;20;511.822
28;2025-11-18;21;309.181
28;2025-11-18;22;119.486
28;2025-11-18;23;15.179
28;2025-11-19;0;0.0
28;2025-11-19;1;0.0
28;2025-11-19;2;0.0
28;2025-11-19;3;0.0
28;2025-11-19;4;1.962
28;2025-11-19;5;88.955
28;2025-11-19;6;289.539
28;2025-11-19;7;830.537
28;2025-11-19;8;1290.65
28;2025-11-19;9;879.779
28;2025-11-19;10;658.238
28;2025-11-19;11;624.674
28;2025-11-19;12;730.09
28;2025-11-19;13;771.841
28;2025-11-19;14;691.76
28;2025-11-19;15;746.048
28;2025-11-19;16;951.739
28;2025-11-19;17;1026.772
28;2025-11-19;18;1026.904
28;2025-11-19;19;763.415
28;2025-11-19;20;519.258
28;2025-11-19;21;337.36
28;2025-11-19;22;134.027
28;2025-11-19;23;15.842
28;2025-11-20;0;0.0
28;2025-11-20;1;0.0
28;2025-11-20;2;0.0
28;2025-11-20;3;0.0
28;2025-11-20;4;1.856
28;2025-11-20;5;82.513
28;2025-11-20;6;286.262
28;2025-11-20;7;868.288
28;2025-11-20;8;1363.801
28;2025-11-20;9;898.002
28;2025-11-20;10;655.306
28;2025-11-20;11;584.63
28;2025-11-20;12;730.412
28;2025-11-20;13;776.538
28;2025-11-20;14;699.942
28;2025-11-20;15;766.282
28;2025-11-20;16;922.951
28;2025-11-20;17;1083.542
28;2025-11-20;18;1093.17
28;2025-11-20;19;799.183
28;2025-11-20;20;559.238
28;2025-11-20;21;336.306
28;2025-11-20;22;143.136
28;2025-11-20;23;16.605
28;2025-11-21;0;0.0
28;2025-11-21;1;0.0
28;2025-11-21;2;0.0
28;2025-11-21;3;0.0
28;2025-11-21;4;1.963
28;2025-11-21;5;80.365
28;2025-11-21;6;271.426
28;2025-11-21;7;825.104
28;2025-11-21;8;1282.888
28;2025-11-21;9;846.063
28;2025-11-21;10;626.605
28;2025-11-21;11;594.956
28;2025-11-21;12;734.965
28;2025-11-21;13;743.369
28;2025-11-21;14;732.403
28;2025-11-21;15;784.968
28;2025-11-21;16;1008.901
28;2025-11-21;17;1041.578
28;2025-11-21;18;879.424
28;2025-11-21;19;657.339
28;2025-11-21;20;483.713
28;2025-11-21;21;329.57
28;2025-11-21;22;138.5
28;2025-11-21;23;17.106
28;2025-11-22;0;0.051
28;2025-11-22;1;0.0
28;2025-11-22;2;0.0
28;2025-11-22;3;0.0
28;2025-11-22;4;0.991
28;2025-11-22;5;34.971
28;2025-11-22;6;98.306
28;2025-11-22;7;219.454
28;2025-11-22;8;377.267
28;2025-11-22;9;458.361
28;2025-11-22;10;469.997
28;2025-11-22;11;500.735
28;2025-11-22;12;587.14
28;2025-11-22;13;639.902
28;2025-11-22;14;623.686
28;2025-11-22;15;596.727
28;2025-11-22;16;567.596
28;2025-11-22;17;588.671
28;2025-11-22;18;495.412
28;2025-11-22;19;412.737
28;2025-11-22;20;298.593
28;2025-11-22;21;259.509
28;2025-11-22;22;127.017
28;2025-11-22;23;19.245
28;2025-11-23;0;0.0
28;2025-11-23;1;0.0
28;2025-11-23;2;0.0
28;2025-11-23;3;0.0
28;2025-11-23;4;0.0
28;2025-11-23;5;29.053
28;2025-11-23;6;83.973
28;2025-11-23;7;149.426
28;2025-11-23;8;248.481
28;2025-11-23;9;330.932
28;2025-11-23;10;384.087
28;2025-11-23;11;432.843
28;2025-11-23;12;481.141
28;2025-11-23;13;559.288
28;2025-11-23;14;531.164
28;2025-11-23;15;545.135
28;2025-11-23;16;503.615
28;2025-11-23;17;514.03
28;2025-11-23;18;433.732
28;2025-11-23;19;365.225
28;2025-11-23;20;288.431
28;2025-11-23;21;230.998
28;2025-11-23;22;108.005
28;2025-11-23;23;10.616
28;2025-11-24;0;0.0
28;2025-11-24;1;0.0
28;2025-11-24;2;0.0
28;2025-11-24;3;0.0
28;2025-11-24;4;1.956
28;2025-11-24;5;74.52
28;2025-11-24;6;266.369
28;2025-11-24;7;778.43
28;2025-11-24;8;1205.327
28;2025-11-24;9;835.226
28;2025-11-24;10;587.282
28;2025-11-24;11;513.432
28;2025-11-24;12;649.801
28;2025-11-24;13;660.582
28;2025-11-24;14;604.84
28;2025-11-24;15;639.596
28;2025-11-24;16;850.322
28;2025-11-24;17;928.017
28;2025-11-24;18;923.893
28;2025-11-24;19;692.405
28;2025-11-24;20;469.803
28;2025-11-24;21;287.21
28;2025-11-24;22;113.739
28;2025-11-24;23;10.491
28;2025-11-25;0;0.0
28;2025-11-25;1;0.0
28;2025-11-25;2;0.0
28;2025-11-25;3;0.0
28;2025-11-25;4;2.002
28;2025-11-25;5;76.312
28;2025-11-25;6;262.505
28;2025-11-25;7;829.755
28;2025-11-25;8;1262.24
28;2025-11-25;9;871.776
28;2025-11-25;10;678.832
28;2025-11-25;11;568.132
28;2025-11-25;12;679.25
28;2025-11-25;13;738.047
28;2025-11-25;14;675.269
28;2025-11-25;15;700.7
28;2025-11-25;16;824.505
28;2025-11-25;17;988.14
28;2025-11-25;18;939.788
28;2025-11-25;19;717.251
28;2025-11-25;20;510.425
28;2025-11-25;21;308.269
28;2025-11-25;22;118.777
28;2025-11-25;23;15.103
28;2025-11-26;0;0.0
28;2025-11-26;1;0.0
28;2025-11-26;2;0.0
28;2025-11-26;3;0.0
28;2025-11-26;4;1.962
28;2025-11-26;5;88.797
28;2025-11-26;6;289.303
28;2025-11-26;7;831.162
28;2025-11-26;8;1291.444
28;2025-11-26;9;879.779
28;2025-11-26;10;658.056
28;2025-11-26;11;624.441
28;2025-11-26;12;730.172
28;2025-11-26;13;771.942
28;2025-11-26;14;692.063
28;2025-11-26;15;746.685
28;2025-11-26;16;952.581
28;2025-11-26;17;1027.528
28;2025-11-26;18;1027.51
28;2025-11-26;19;762.678
28;2025-11-26;20;517.899
28;2025-11-26;21;336.387
28;2025-11-26;22;133.235
28;2025-11-26;23;15.766
28;2025-11-27;0;0.0
28;2025-11-27;1;0.0
28;2025-11-27;2;0.0
28;2025-11-27;3;0.0
28;2025-11-27;4;1.856
28;2025-11-27;5;82.373
28;2025-11-27;6;286.035
28;2025-11-27;7;868.924
28;2025-11-27;8;1364.622
28;2025-11-27;9;898.003
28;2025-11-27;10;655.13
28;2025-11-27;11;584.419
28;2025-11-27;12;730.494
28;2025-11-27;13;776.639
28;2025-11-27;14;700.245
28;2025-11-27;15;766.915
28;2025-11-27;16;923.755
28;2025-11-27;17;1084.323
28;2025-11-27;18;1093.804
28;2025-11-27;19;798.424
28;2025-11-27;20;557.805
28;2025-11-27;21;335.357
28;2025-11-27;22;142.313
28;2025-11-27;23;16.527
28;2025-11-28;0;0.0
28;2025-11-28;1;0.0
28;2025-11-28;2;0.0
28;2025-11-28;3;0.0
28;2025-11-28;4;1.963
28;2025-11-28;5;80.23
28;2025-11-28;6;271.214
28;2025-11-28;7;825.674
28;2025-11-28;8;1283.613
28;2025-11-28;9;846.047
28;2025-11-28;10;626.43
28;2025-11-28;11;594.737
28;2025-11-28;12;735.03
28;2025-11-28;13;743.447
28;2025-11-28;14;732.696
28;2025-11-28;15;785.59
28;2025-11-28;16;1009.738
28;2025-11-28;17;1042.297
28;2025-11-28;18;879.903
28;2025-11-28;19;656.711
28;2025-11-28;20;482.476
28;2025-11-28;21;328.665
28;2025-11-28;22;137.715
28;2025-11-28;23;17.032
28;2025-11-29;0;0.051
28;2025-11-29;1;0.0
28;2025-11-29;2;0.0
28;2025-11-29;3;0.0
28;2025-11-29;4;0.991
28;2025-11-29;5;34.716
28;2025-11-29;6;98.024
28;2025-11-29;7;219.056
28;2025-11-29;8;376.628
28;2025-11-29;9;457.767
28;2025-11-29;10;469.498
28;2025-11-29;11;501.168
28;2025-11-29;12;588.072
28;2025-11-29;13;640.956
28;2025-11-29;14;624.911
28;2025-11-29;15;597.888
28;2025-11-29;16;568.724
28;2025-11-29;17;589.605
28;2025-11-29;18;495.216
28;2025-11-29;19;411.694
28;2025-11-29;20;297.408
28;2025-11-29;21;258.381
28;2025-11-29;22;126.424
28;2025-11-29;23;19.187
28;2025-11-30;0;0.0
28;2025-11-30;1;0.0
28;2025-11-30;2;0.0
28;2025-11-30;3;0.0
28;2025-11-30;4;0.0
28;2025-11-30;5;28.842
28;2025-11-30;6;83.729
28;2025-11-30;7;149.157
28;2025-11-30;8;248.059
28;2025-11-30;9;330.501
28;2025-11-30;10;383.672
28;2025-11-30;11;433.191
28;2025-11-30;12;481.873
28;2025-11-30;13;560.163
28;2025-11-30;14;532.15
28;2025-11-30;15;546.153
28;2025-11-30;16;504.587
28;2025-11-30;17;514.809
28;2025-11-30;18;433.546
28;2025-11-30;19;364.318
28;2025-11-30;20;287.313
28;2025-11-30;21;230.013
28;2025-11-30;22;107.516
28;2025-11-30;23;10.585
28;2025-12-01;0;0.0
28;2025-12-01;1;0.0
28;2025-12-01;2;0.0
28;2025-12-01;3;0.0
28;2025-12-01;4;1.956
28;2025-12-01;5;74.404
28;2025-12-01;6;266.177
28;2025-12-01;7;778.941
28;2025-12-01;8;1205.967
28;2025-12-01;9;835.218
28;2025-12-01;10;587.136
28;2025-12-01;11;513.26
28;2025-12-01;12;649.861
28;2025-12-01;13;660.652
28;2025-12-01;14;605.07
28;2025-12-01;15;640.072
28;2025-12-01;16;850.979
28;2025-12-01;17;928.612
28;2025-12-01;18;924.368
28;2025-12-01;19;691.805
28;2025-12-01;20;468.697
28;2025-12-01;21;286.475
28;2025-12-01;22;113.145
28;2025-12-01;23;10.444
28;2025-12-02;0;0.0
28;2025-12-02;1;0.0
28;2025-12-02;2;0.0
28;2025-12-02;3;0.0
28;2025-12-02;4;2.001
28;2025-12-02;5;76.197
28;2025-12-02;6;262.323
28;2025-12-02;7;830.291
28;2025-12-02;8;1262.897
28;2025-12-02;9;871.775
28;2025-12-02;10;678.672
28;2025-12-02;11;567.952
28;2025-12-02;12;679.316
28;2025-12-02;13;738.129
28;2025-12-02;14;675.524
28;2025-12-02;15;701.209
28;2025-12-02;16;825.139
28;2025-12-02;17;988.763
28;2025-12-02;18;940.265
28;2025-12-02;19;716.647
28;2025-12-02;20;509.254
28;2025-12-02;21;307.505
28;2025-12-02;22;118.183
28;2025-12-02;23;15.04
28;2025-12-03;0;0.0
28;2025-12-03;1;0.0
28;2025-12-03;2;0.0
28;2025-12-03;3;0.0
28;2025-12-03;4;1.962
28;2025-12-03;5;88.665
28;2025-12-03;6;289.106
28;2025-12-03;7;831.684
28;2025-12-03;8;1292.105
28;2025-12-03;9;879.778
28;2025-12-03;10;657.905
28;2025-12-03;11;624.248
28;2025-12-03;12;730.241
28;2025-12-03;13;772.026
28;2025-12-03;14;692.315
28;2025-12-03;15;747.217
28;2025-12-03;16;953.283
28;2025-12-03;17;1028.159
28;2025-12-03;18;1028.015
28;2025-12-03;19;762.064
28;2025-12-03;20;516.766
28;2025-12-03;21;335.577
28;2025-12-03;22;132.576
28;2025-12-03;23;15.702
28;2025-12-04;0;0.0
28;2025-12-04;1;0.0
28;2025-12-04;2;0.0
28;2025-12-04;3;0.0
28;2025-12-04;4;1.856
28;2025-12-04;5;82.258
28;2025-12-04;6;285.849
28;2025-12-04;7;869.45
28;2025-12-04;8;1365.3
28;2025-12-04;9;898.004
28;2025-12-04;10;654.985
28;2025-12-04;11;584.245
28;2025-12-04;12;730.562
28;2025-12-04;13;776.722
28;2025-12-04;14;700.495
28;2025-12-04;15;767.438
28;2025-12-04;16;924.419
28;2025-12-04;17;1084.967
28;2025-12-04;18;1094.327
28;2025-12-04;19;797.797
28;2025-12-04;20;556.621
28;2025-12-04;21;334.573
28;2025-12-04;22;141.633
28;2025-12-04;23;16.463
28;2025-12-05;0;0.0
28;2025-12-05;1;0.0
28;2025-12-05;2;0.0
28;2025-12-05;3;0.0
28;2025-12-05;4;1.963
28;2025-12-05;5;80.119
28;2025-12-05;6;271.041
28;2025-12-05;7;826.139
28;2025-12-05;8;1284.204
28;2025-12-05;9;846.033
28;2025-12-05;10;626.287
28;2025-12-05;11;594.557
28;2025-12-05;12;735.082
28;2025-12-05;13;743.511
28;2025-12-05;14;732.935
28;2025-12-05;15;786.097
28;2025-12-05;16;1010.422
28;2025-12-05;17;1042.883
28;2025-12-05;18;880.293
28;2025-12-05;19;656.199
28;2025-12-05;20;481.466
28;2025-12-05;21;327.926
28;2025-12-05;22;137.075
28;2025-12-05;23;16.971
28;2025-12-06;0;0.051
28;2025-12-06;1;0.0
28;2025-12-06;2;0.0
28;2025-12-06;3;0.0
28;2025-12-06;4;0.991
28;2025-12-06;5;34.512
28;2025-12-06;6;97.798
28;2025-12-06;7;218.736
28;2025-12-06;8;376.115
28;2025-12-06;9;457.291
28;2025-12-06;10;469.098
28;2025-12-06;11;501.517
28;2025-12-06;12;588.82
28;2025-12-06;13;641.803
28;2025-12-06;14;625.896
28;2025-12-06;15;598.82
28;2025-12-06;16;569.631
28;2025-12-06;17;590.356
28;2025-12-06;18;495.059
28;2025-12-06;19;410.856
28;2025-12-06;20;296.456
28;2025-12-06;21;257.475
28;2025-12-06;22;125.947
28;2025-12-06;23;19.139
28;2025-12-07;0;0.0
28;2025-12-07;1;0.0
28;2025-12-07;2;0.0
28;2025-12-07;3;0.0
28;2025-12-07;4;0.0
28;2025-12-07;5;28.677
28;2025-12-07;6;83.536
28;2025-12-07;7;148.945
28;2025-12-07;8;247.727
28;2025-12-07;9;330.162
28;2025-12-07;10;383.344
28;2025-12-07;11;433.465
28;2025-12-07;12;482.45
28;2025-12-07;13;560.852
28;2025-12-07;14;532.926
28;2025-12-07;15;546.955
28;2025-12-07;16;505.351
28;2025-12-07;17;515.422
28;2025-12-07;18;433.399
28;2025-12-07;19;363.604
28;2025-12-07;20;286.432
28;2025-12-07;21;229.237
28;2025-12-07;22;107.13
28;2025-12-07;23;10.561
28;2025-12-08;0;0.0
28;2025-12-08;1;0.0
28;2025-12-08;2;0.0
28;2025-12-08;3;0.0
28;2025-12-08;4;1.956
28;2025-12-08;5;74.315
28;2025-12-08;6;266.03
28;2025-12-08;7;779.335
28;2025-12-08;8;1206.46
28;2025-12-08;9;835.212
28;2025-12-08;10;587.023
28;2025-12-08;11;513.128
28;2025-12-08;12;649.907
28;2025-12-08;13;660.706
28;2025-12-08;14;605.248
28;2025-12-08;15;640.439
28;2025-12-08;16;851.485
28;2025-12-08;17;929.069
28;2025-12-08;18;924.734
28;2025-12-08;19;691.343
28;2025-12-08;20;467.846
28;2025-12-08;21;285.909
28;2025-12-08;22;112.688
28;2025-12-08;23;10.408
28;2025-12-09;0;0.0
28;2025-12-09;1;0.0
28;2025-12-09;2;0.0
28;2025-12-09;3;0.0
28;2025-12-09;4;2.001
28;2025-12-09;5;76.11
28;2025-12-09;6;262.187
28;2025-12-09;7;830.693
28;2025-12-09;8;1263.39
28;2025-12-09;9;871.774
28;2025-12-09;10;678.552
28;2025-12-09;11;567.816
28;2025-12-09;12;679.365
28;2025-12-09;13;738.191
28;2025-12-09;14;675.715
28;2025-12-09;15;701.592
28;2025-12-09;16;825.614
28;2025-12-09;17;989.23
28;2025-12-09;18;940.624
28;2025-12-09;19;716.193
28;2025-12-09;20;508.375
28;2025-12-09;21;306.931
28;2025-12-09;22;117.737
28;2025-12-09;23;14.992
28;2025-12-10;0;0.0
28;2025-12-10;1;0.0
28;2025-12-10;2;0.0
28;2025-12-10;3;0.0
28;2025-12-10;4;1.962
28;2025-12-10;5;88.569
28;2025-12-10;6;288.962
28;2025-12-10;7;832.065
28;2025-12-10;8;1292.587
28;2025-12-10;9;879.777
28;2025-12-10;10;657.794
28;2025-12-10;11;624.106
28;2025-12-10;12;730.291
28;2025-12-10;13;772.087
28;2025-12-10;14;692.5
28;2025-12-10;15;747.604
28;2025-12-10;16;953.795
28;2025-12-10;17;1028.618
28;2025-12-10;18;1028.384
28;2025-12-10;19;761.616
28;2025-12-10;20;515.94
28;2025-12-10;21;334.985
28;2025-12-10;22;132.094
28;2025-12-10;23;15.655
28;2025-12-11;0;0.0
28;2025-12-11;1;0.0
28;2025-12-11;2;0.0
28;2025-12-11;3;0.0
28;2025-12-11;4;1.856
28;2025-12-11;5;82.176
28;2025-12-11;6;285.717
28;2025-12-11;7;869.822
28;2025-12-11;8;1365.78
28;2025-12-11;9;898.004
28;2025-12-11;10;654.883
28;2025-12-11;11;584.122
28;2025-12-11;12;730.61
28;2025-12-11;13;776.78
28;2025-12-11;14;700.671
28;2025-12-11;15;767.808
28;2025-12-11;16;924.888
28;2025-12-11;17;1085.423
28;2025-12-11;18;1094.697
28;2025-12-11;19;797.354
28;2025-12-11;20;555.784
28;2025-12-11;21;334.019
28;2025-12-11;22;141.152
28;2025-12-11;23;16.418
28;2025-12-12;0;0.0
28;2025-12-12;1;0.0
28;2025-12-12;2;0.0
28;2025-12-12;3;0.0
28;2025-12-12;4;1.963
28;2025-12-12;5;80.044
28;2025-12-12;6;270.923
28;2025-12-12;7;826.456
28;2025-12-12;8;1284.607
28;2025-12-12;9;846.024
28;2025-12-12;10;626.19
28;2025-12-12;11;594.435
28;2025-12-12;12;735.118
28;2025-12-12;13;743.554
28;2025-12-12;14;733.098
28;2025-12-12;15;786.443
28;2025-12-12;16;1010.888
28;2025-12-12;17;1043.283
28;2025-12-12;18;880.56
28;2025-12-12;19;655.85
28;2025-12-12;20;480.778
28;2025-12-12;21;327.423
28;2025-12-12;22;136.639
28;2025-12-12;23;16.93
28;2025-12-13;0;0.051
28;2025-12-13;1;0.0
28;2025-12-13;2;0.0
28;2025-12-13;3;0.0
28;2025-12-13;4;0.991
28;2025-12-13;5;34.379
28;2025-12-13;6;97.65
28;2025-12-13;7;218.527
28;2025-12-13;8;375.78
28;2025-12-13;9;456.979
28;2025-12-13;10;468.836
28;2025-12-13;11;501.745
28;2025-12-13;12;589.31
28;2025-12-13;13;642.357
28;2025-12-13;14;626.539
28;2025-12-13;15;599.429
28;2025-12-13;16;570.224
28;2025-12-13;17;590.847
28;2025-12-13;18;494.956
28;2025-12-13;19;410.308
28;2025-12-13;20;295.833
28;2025-12-13;21;256.882
28;2025-12-13;22;125.635
28;2025-12-13;23;19.109
28;2025-12-14;0;0.0
28;2025-12-14;1;0.0
28;2025-12-14;2;0.0
28;2025-12-14;3;0.0
28;2025-12-14;4;0.0
28;2025-12-14;5;28.573
28;2025-12-14;6;83.416
28;2025-12-14;7;148.813
28;2025-12-14;8;247.519
28;2025-12-14;9;329.95
28;2025-12-14;10;383.14
28;2025-12-14;11;433.636
28;2025-12-14;12;482.81
28;2025-12-14;13;561.282
28;2025-12-14;14;533.41
28;2025-12-14;15;547.456
28;2025-12-14;16;505.829
28;2025-12-14;17;515.805
28;2025-12-14;18;433.307
28;2025-12-14;19;363.158
28;2025-12-14;20;285.883
28;2025-12-14;21;228.753
28;2025-12-14;22;106.89
28;2025-12-14;23;10.546
28;2025-12-15;0;0.0
28;2025-12-15;1;0.0
28;2025-12-15;2;0.0
28;2025-12-15;3;0.0
28;2025-12-15;4;1.956
28;2025-12-15;5;74.262
28;2025-12-15;6;265.943
28;2025-12-15;7;779.569
28;2025-12-15;8;1206.752
28;2025-12-15;9;835.209
28;2025-12-15;10;586.957
28;2025-12-15;11;513.05
28;2025-12-15;12;649.934
28;2025-12-15;13;660.738
28;2025-12-15;14;605.353
28;2025-12-15;15;640.656
28;2025-12-15;16;851.784
28;2025-12-15;17;929.341
28;2025-12-15;18;924.95
28;2025-12-15;19;691.069
28;2025-12-15;20;467.342
28;2025-12-15;21;285.573
28;2025-12-15;22;112.417
28;2025-12-15;23;10.387
28;2025-12-16;0;0.0
28;2025-12-16;1;0.0
28;2025-12-16;2;0.0
28;2025-12-16;3;0.0
28;2025-12-16;4;2.001
28;2025-12-16;5;76.062
28;2025-12-16;6;262.11
28;2025-12-16;7;830.917
28;2025-12-16;8;1263.665
28;2025-12-16;9;871.773
28;2025-12-16;10;678.484
28;2025-12-16;11;567.74
28;2025-12-16;12;679.392
28;2025-12-16;13;738.225
28;2025-12-16;14;675.822
28;2025-12-16;15;701.805
28;2025-12-16;16;825.88
28;2025-12-16;17;989.491
28;2025-12-16;18;940.824
28;2025-12-16;19;715.939
28;2025-12-16;20;507.884
28;2025-12-16;21;306.611
28;2025-12-16;22;117.488
28;2025-12-16;23;14.965
28;2025-12-17;0;0.0
28;2025-12-17;1;0.0
28;2025-12-17;2;0.0
28;2025-12-17;3;0.0
28;2025-12-17;4;1.962
28;2025-12-17;5;88.519
28;2025-12-17;6;288.887
28;2025-12-17;7;832.264
28;2025-12-17;8;1292.84
28;2025-12-17;9;879.777
28;2025-12-17;10;657.736
28;2025-12-17;11;624.032
28;2025-12-17;12;730.317
28;2025-12-17;13;772.119
28;2025-12-17;14;692.596
28;2025-12-17;15;747.807
28;2025-12-17;16;954.063
28;2025-12-17;17;1028.859
28;2025-12-17;18;1028.577
28;2025-12-17;19;761.381
28;2025-12-17;20;515.507
28;2025-12-17;21;334.676
28;2025-12-17;22;131.842
28;2025-12-17;23;15.631
28;2025-12-18;0;0.0
28;2025-12-18;1;0.0
28;2025-12-18;2;0.0
28;2025-12-18;3;0.0
28;2025-12-18;4;1.856
28;2025-12-18;5;82.137
28;2025-12-18;6;285.653
28;2025-12-18;7;870.002
28;2025-12-18;8;1366.012
28;2025-12-18;9;898.004
28;2025-12-18;10;654.833
28;2025-12-18;11;584.063
28;2025-12-18;12;730.633
28;2025-12-18;13;776.809
28;2025-12-18;14;700.757
28;2025-12-18;15;767.987
28;2025-12-18;16;925.115
28;2025-12-18;17;1085.643
28;2025-12-18;18;1094.876
28;2025-12-18;19;797.139
28;2025-12-18;20;555.379
28;2025-12-18;21;333.751
28;2025-12-18;22;140.92
28;2025-12-18;23;16.396
28;2025-12-19;0;0.0
28;2025-12-19;1;0.0
28;2025-12-19;2;0.0
28;2025-12-19;3;0.0
28;2025-12-19;4;1.963
28;2025-12-19;5;80.011
28;2025-12-19;6;270.871
28;2025-12-19;7;826.596
28;2025-12-19;8;1284.785
28;2025-12-19;9;846.02
28;2025-12-19;10;626.147
28;2025-12-19;11;594.381
28;2025-12-19;12;735.134
28;2025-12-19;13;743.574
28;2025-12-19;14;733.169
28;2025-12-19;15;786.596
28;2025-12-19;16;1011.094
28;2025-12-19;17;1043.46
28;2025-12-19;18;880.678
28;2025-12-19;19;655.695
28;2025-12-19;20;480.474
28;2025-12-19;21;327.2
28;2025-12-19;22;136.446
28;2025-12-19;23;16.911
28;2025-12-20;0;0.051
28;2025-12-20;1;0.0
28;2025-12-20;2;0.0
28;2025-12-20;3;0.0
28;2025-12-20;4;0.991
28;2025-12-20;5;34.326
28;2025-12-20;6;97.592
28;2025-12-20;7;218.445
28;2025-12-20;8;375.647
28;2025-12-20;9;456.856
28;2025-12-20;10;468.733
28;2025-12-20;11;501.835
28;2025-12-20;12;589.503
28;2025-12-20;13;642.576
28;2025-12-20;14;626.794
28;2025-12-20;15;599.67
28;2025-12-20;16;570.458
28;2025-12-20;17;591.041
28;2025-12-20;18;494.915
28;2025-12-20;19;410.092
28;2025-12-20;20;295.587
28;2025-12-20;21;256.648
28;2025-12-20;22;125.512
28;2025-12-20;23;19.096
28;2025-12-21;0;0.0
28;2025-12-21;1;0.0
28;2025-12-21;2;0.0
28;2025-12-21;3;0.0
28;2025-12-21;4;0.0
28;2025-12-21;5;28.538
28;2025-12-21;6;83.376
28;2025-12-21;7;148.768
28;2025-12-21;8;247.449
28;2025-12-21;9;329.878
28;2025-12-21;10;383.071
28;2025-12-21;11;433.694
28;2025-12-21;12;482.932
28;2025-12-21;13;561.429
28;2025-12-21;14;533.575
28;2025-12-21;15;547.626
28;2025-12-21;16;505.991
28;2025-12-21;17;515.935
28;2025-12-21;18;433.276
28;2025-12-21;19;363.006
28;2025-12-21;20;285.696
28;2025-12-21;21;228.588
28;2025-12-21;22;106.808
28;2025-12-21;23;10.54
28;2025-12-22;0;0.0
28;2025-12-22;1;0.0
28;2025-12-22;2;0.0
28;2025-12-22;3;0.0
28;2025-12-22;4;1.956
28;2025-12-22;5;74.248
28;2025-12-22;6;265.919
28;2025-12-22;7;779.633
28;2025-12-22;8;1206.832
28;2025-12-22;9;835.208
28;2025-12-22;10;586.938
28;2025-12-22;11;513.029
28;2025-12-22;12;649.941
28;2025-12-22;13;660.747
28;2025-12-22;14;605.381
28;2025-12-22;15;640.716
28;2025-12-22;16;851.867
28;2025-12-22;17;929.415
28;2025-12-22;18;925.01
28;2025-12-22;19;690.994
28;2025-12-22;20;467.203
28;2025-12-22;21;285.481
28;2025-12-22;22;112.343
28;2025-12-22;23;10.381
28;2025-12-23;0;0.0
28;2025-12-23;1;0.0
28;2025-12-23;2;0.0
28;2025-12-23;3;0.0
28;2025-12-23;4;2.001
28;2025-12-23;5;76.053
28;2025-12-23;6;262.096
28;2025-12-23;7;830.961
28;2025-12-23;8;1263.718
28;2025-12-23;9;871.773
28;2025-12-23;10;678.471
28;2025-12-23;11;567.725
28;2025-12-23;12;679.397
28;2025-12-23;13;738.232
28;2025-12-23;14;675.842
28;2025-12-23;15;701.847
28;2025-12-23;16;825.931
28;2025-12-23;17;989.541
28;2025-12-23;18;940.863
28;2025-12-23;19;715.89
28;2025-12-23;20;507.79
28;2025-12-23;21;306.549
28;2025-12-23;22;117.44
28;2025-12-23;23;14.96
28;2025-12-24;0;0.0
28;2025-12-24;1;0.0
28;2025-12-24;2;0.0
28;2025-12-24;3;0.0
28;2025-12-24;4;1.962
28;2025-12-24;5;88.514
28;2025-12-24;6;288.88
28;2025-12-24;7;832.281
28;2025-12-24;8;1292.862
28;2025-12-24;9;879.777
28;2025-12-24;10;657.731
28;2025-12-24;11;624.026
28;2025-12-24;12;730.319
28;2025-12-24;13;772.121
28;2025-12-24;14;692.604
28;2025-12-24;15;747.825
28;2025-12-24;16;954.087
28;2025-12-24;17;1028.88
28;2025-12-24;18;1028.594
28;2025-12-24;19;761.36
28;2025-12-24;20;515.469
28;2025-12-24;21;334.648
28;2025-12-24;22;131.82
28;2025-12-24;23;15.629
28;2025-12-25;0;0.0
28;2025-12-25;1;0.0
28;2025-12-25;2;0.0
28;2025-12-25;3;0.0
28;2025-12-25;4;1.856
28;2025-12-25;5;82.139
28;2025-12-25;6;285.656
28;2025-12-25;7;869.993
28;2025-12-25;8;1366.001
28;2025-12-25;9;898.004
28;2025-12-25;10;654.836
28;2025-12-25;11;584.065
28;2025-12-25;12;730.632
28;2025-12-25;13;776.807
28;2025-12-25;14;700.753
28;2025-12-25;15;767.978
28;2025-12-25;16;925.104
28;2025-12-25;17;1085.633
28;2025-12-25;18;1094.867
28;2025-12-25;19;797.15
28;2025-12-25;20;555.398
28;2025-12-25;21;333.764
28;2025-12-25;22;140.931
28;2025-12-25;23;16.397
28;2025-12-26;0;0.0
28;2025-12-26;1;0.0
28;2025-12-26;2;0.0
28;2025-12-26;3;0.0
28;2025-12-26;4;1.963
28;2025-12-26;5;80.019
28;2025-12-26;6;270.883
28;2025-12-26;7;826.563
28;2025-12-26;8;1284.743
28;2025-12-26;9;846.021
28;2025-12-26;10;626.157
28;2025-12-26;11;594.394
28;2025-12-26;12;735.131
28;2025-12-26;13;743.569
28;2025-12-26;14;733.153
28;2025-12-26;15;786.56
28;2025-12-26;16;1011.046
28;2025-12-26;17;1043.419
28;2025-12-26;18;880.65
28;2025-12-26;19;655.731
28;2025-12-26;20;480.544
28;2025-12-26;21;327.252
28;2025-12-26;22;136.49
28;2025-12-26;23;16.916
28;2025-12-27;0;0.046
28;2025-12-27;1;0.0
28;2025-12-27;2;0.0
28;2025-12-27;3;0.0
28;2025-12-27;4;0.893
28;2025-12-27;5;30.975
28;2025-12-27;6;88.025
28;2025-12-27;7;197.008
28;2025-12-27;8;338.78
28;2025-12-27;9;412.002
28;2025-12-27;10;422.703
28;2025-12-27;11;452.464
28;2025-12-27;12;531.469
28;2025-12-27;13;579.313
28;2025-12-27;14;565.066
28;2025-12-27;15;540.615
28;2025-12-27;16;514.277
28;2025-12-27;17;532.855
28;2025-12-27;18;446.283
28;2025-12-27;19;369.876
28;2025-12-27;20;266.641
28;2025-12-27;21;231.524
28;2025-12-27;22;113.229
28;2025-12-27;23;17.225
28;2025-12-28;0;0.0
28;2025-12-28;1;0.0
28;2025-12-28;2;0.0
28;2025-12-28;3;0.0
28;2025-12-28;4;0.0
28;2025-12-28;5;25.761
28;2025-12-28;6;75.213
28;2025-12-28;7;134.181
28;2025-12-28;8;223.182
28;2025-12-28;9;297.509
28;2025-12-28;10;345.471
28;2025-12-28;11;391.015
28;2025-12-28;12;435.361
28;2025-12-28;13;506.122
28;2025-12-28;14;480.991
28;2025-12-28;15;493.656
28;2025-12-28;16;456.121
28;2025-12-28;17;465.113
28;2025-12-28;18;390.71
28;2025-12-28;19;327.446
28;2025-12-28;20;257.763
28;2025-12-28;21;206.252
28;2025-12-28;22;96.375
28;2025-12-28;23;9.508
28;2025-12-29;0;0.0
28;2025-12-29;1;0.0
28;2025-12-29;2;0.0
28;2025-12-29;3;0.0
28;2025-12-29;4;1.756
28;2025-12-29;5;66.688
28;2025-12-29;6;238.803
28;2025-12-29;7;699.94
28;2025-12-29;8;1083.499
28;2025-12-29;9;749.935
28;2025-12-29;10;527.038
28;2025-12-29;11;460.679
28;2025-12-29;12;583.571
28;2025-12-29;13;593.272
28;2025-12-29;14;543.53
28;2025-12-29;15;575.213
28;2025-12-29;16;764.773
28;2025-12-29;17;834.415
28;2025-12-29;18;830.481
28;2025-12-29;19;620.551
28;2025-12-29;20;419.701
28;2025-12-29;21;256.466
28;2025-12-29;22;100.98
28;2025-12-29;23;9.329
28;2025-12-30;0;0.0
28;2025-12-30;1;0.0
28;2025-12-30;2;0.0
28;2025-12-30;3;0.0
28;2025-12-30;4;1.797
28;2025-12-30;5;68.314
28;2025-12-30;6;235.377
28;2025-12-30;7;745.998
28;2025-12-30;8;1134.543
28;2025-12-30;9;782.765
28;2025-12-30;10;609.236
28;2025-12-30;11;509.802
28;2025-12-30;12;610.016
28;2025-12-30;13;662.84
28;2025-12-30;14;606.781
28;2025-12-30;15;630.072
28;2025-12-30;16;741.46
28;2025-12-30;17;888.368
28;2025-12-30;18;844.692
28;2025-12-30;19;642.935
28;2025-12-30;20;456.211
28;2025-12-30;21;275.424
28;2025-12-30;22;105.584
28;2025-12-30;23;13.447
28;2025-12-31;0;0.0
28;2025-12-31;1;0.0
28;2025-12-31;2;0.0
28;2025-12-31;3;0.0
28;2025-12-31;4;0.0
28;2025-12-31;5;30.919
28;2025-12-31;6;86.123
28;2025-12-31;7;154.404
28;2025-12-31;8;256.018
28;2025-12-31;9;336.636
28;2025-12-31;10;388.283
28;2025-12-31;11;427.218
28;2025-12-31;12;473.743
28;2025-12-31;13;550.511
28;2025-12-31;14;523.104
28;2025-12-31;15;539.712
28;2025-12-31;16;498.543
28;2025-12-31;17;510.43
28;2025-12-31;18;440.1
28;2025-12-31;19;371.934
28;2025-12-31;20;292.087
28;2025-12-31;21;234.207
28;2025-12-31;22;105.846
28;2025-12-31;23;10.36
50;2025-11-01;0;39.903
50;2025-11-01;1;2.992
50;2025-11-01;2;0.0
50;2025-11-01;3;0.0
50;2025-11-01;4;2.112
50;2025-11-01;5;63.101
50;2025-11-01;6;554.953
50;2025-11-01;7;1743.046
50;2025-11-01;8;2692.168
50;2025-11-01;9;2076.868
50;2025-11-01;10;1607.214
50;2025-11-01;11;1676.103
50;2025-11-01;12;1587.442
50;2025-11-01;13;1549.786
50;2025-11-01;14;1532.015
50;2025-11-01;15;1824.059
50;2025-11-01;16;2179.109
50;2025-11-01;17;2211.399
50;2025-11-01;18;1789.568
50;2025-11-01;19;1261.944
50;2025-11-01;20;809.78
50;2025-11-01;21;571.159
50;2025-11-01;22;312.139
50;2025-11-01;23;177.955
50;2025-11-02;0;3.099
50;2025-11-02;1;0.309
50;2025-11-02;2;0.0
50;2025-11-02;3;0.0
50;2025-11-02;4;0.0
50;2025-11-02;5;1.241
50;2025-11-02;6;6.465
50;2025-11-02;7;12.292
50;2025-11-02;8;20.393
50;2025-11-02;9;26.012
50;2025-11-02;10;30.195
50;2025-11-02;11;37.63
50;2025-11-02;12;43.268
50;2025-11-02;13;47.237
50;2025-11-02;14;50.859
50;2025-11-02;15;44.029
50;2025-11-02;16;46.326
50;2025-11-02;17;45.289
50;2025-11-02;18;40.402
50;2025-11-02;19;33.465
50;2025-11-02;20;27.539
50;2025-11-02;21;21.676
50;2025-11-02;22;12.618
50;2025-11-02;23;6.254
50;2025-11-03;0;50.092
50;2025-11-03;1;4.88
50;2025-11-03;2;0.0
50;2025-11-03;3;0.0
50;2025-11-03;4;0.0
50;2025-11-03;5;20.547
50;2025-11-03;6;104.104
50;2025-11-03;7;198.817
50;2025-11-03;8;329.121
50;2025-11-03;9;416.076
50;2025-11-03;10;482.159
50;2025-11-03;11;590.336
50;2025-11-03;12;676.232
50;2025-11-03;13;738.931
50;2025-11-03;14;799.618
50;2025-11-03;15;694.903
50;2025-11-03;16;735.488
50;2025-11-03;17;718.341
50;2025-11-03;18;648.638
50;2025-11-03;19;539.251
50;2025-11-03;20;443.334
50;2025-11-03;21;348.947
50;2025-11-03;22;200.613
50;2025-11-03;23;97.923
50;2025-11-04;0;50.094
50;2025-11-04;1;4.88
50;2025-11-04;2;0.0
50;2025-11-04;3;0.0
50;2025-11-04;4;0.0
50;2025-11-04;5;20.541
50;2025-11-04;6;104.091
50;2025-11-04;7;198.855
50;2025-11-04;8;329.175
50;2025-11-04;9;416.093
50;2025-11-04;10;482.151
50;2025-11-04;11;590.315
50;2025-11-04;12;676.274
50;2025-11-04;13;738.98
50;2025-11-04;14;799.721
50;2025-11-04;15;695.05
50;2025-11-04;16;735.65
50;2025-11-04;17;718.477
50;2025-11-04;18;648.742
50;2025-11-04;19;539.166
50;2025-11-04;20;443.115
50;2025-11-04;21;348.757
50;2025-11-04;22;200.39
50;2025-11-04;23;97.836
50;2025-11-05;0;34.791
50;2025-11-05;1;3.967
50;2025-11-05;2;0.0
50;2025-11-05;3;0.0
50;2025-11-05;4;2.765
50;2025-11-05;5;70.299
50;2025-11-05;6;533.529
50;2025-11-05;7;1772.778
50;2025-11-05;8;2828.051
50;2025-11-05;9;2159.957
50;2025-11-05;10;1633.062
50;2025-11-05;11;1589.529
50;2025-11-05;12;1477.293
50;2025-11-05;13;1492.691
50;2025-11-05;14;1454.79
50;2025-11-05;15;1681.054
50;2025-11-05;16;1740.096
50;2025-11-05;17;2416.086
50;2025-11-05;18;2519.844
50;2025-11-05;19;1548.115
50;2025-11-05;20;894.901
50;2025-11-05;21;637.529
50;2025-11-05;22;287.605
50;2025-11-05;23;134.397
50;2025-11-06;0;39.116
50;2025-11-06;1;1.96
50;2025-11-06;2;0.0
50;2025-11-06;3;0.0
50;2025-11-06;4;2.138
50;2025-11-06;5;68.104
50;2025-11-06;6;526.675
50;2025-11-06;7;1749.955
50;2025-11-06;8;2644.395
50;2025-11-06;9;2123.0
50;2025-11-06;10;1645.929
50;2025-11-06;11;1566.288
50;2025-11-06;12;1449.592
50;2025-11-06;13;1397.799
50;2025-11-06;14;1373.249
50;2025-11-06;15;1600.691
50;2025-11-06;16;1709.799
50;2025-11-06;17;2355.317
50;2025-11-06;18;2484.852
50;2025-11-06;19;1444.997
50;2025-11-06;20;925.278
50;2025-11-06;21;664.127
50;2025-11-06;22;275.683
50;2025-11-06;23;149.458
50;2025-11-07;0;39.326
50;2025-11-07;1;2.692
50;2025-11-07;2;0.0
50;2025-11-07;3;0.0
50;2025-11-07;4;2.219
50;2025-11-07;5;65.036
50;2025-11-07;6;550.034
50;2025-11-07;7;1758.556
50;2025-11-07;8;2708.125
50;2025-11-07;9;2072.059
50;2025-11-07;10;1582.942
50;2025-11-07;11;1618.371
50;2025-11-07;12;1527.064
50;2025-11-07;13;1503.895
50;2025-11-07;14;1480.331
50;2025-11-07;15;1773.598
50;2025-11-07;16;2131.952
50;2025-11-07;17;2155.095
50;2025-11-07;18;1755.769
50;2025-11-07;19;1246.654
50;2025-11-07;20;810.25
50;2025-11-07;21;563.766
50;2025-11-07;22;297.972
50;2025-11-07;23;171.375
50;2025-11-08;0;2.846
50;2025-11-08;1;0.192
50;2025-11-08;2;0.0
50;2025-11-08;3;0.0
50;2025-11-08;4;0.039
50;2025-11-08;5;1.144
50;2025-11-08;6;6.947
50;2025-11-08;7;15.546
50;2025-11-08;8;24.395
50;2025-11-08;9;26.429
50;2025-11-08;10;25.525
50;2025-11-08;11;34.056
50;2025-11-08;12;36.063
50;2025-11-08;13;36.231
50;2025-11-08;14;37.382
50;2025-11-08;15;36.904
50;2025-11-08;16;34.875
50;2025-11-08;17;33.691
50;2025-11-08;18;29.187
50;2025-11-08;19;25.948
50;2025-11-08;20;19.375
50;2025-11-08;21;15.041
50;2025-11-08;22;9.179
50;2025-11-08;23;5.418
50;2025-11-09;0;3.087
50;2025-11-09;1;0.309
50;2025-11-09;2;0.0
50;2025-11-09;3;0.0
50;2025-11-09;4;0.0
50;2025-11-09;5;1.227
50;2025-11-09;6;6.437
50;2025-11-09;7;12.258
50;2025-11-09;8;20.34
50;2025-11-09;9;25.96
50;2025-11-09;10;30.146
50;2025-11-09;11;37.681
50;2025-11-09;12;43.375
50;2025-11-09;13;47.357
50;2025-11-09;14;51.011
50;2025-11-09;15;44.162
50;2025-11-09;16;46.47
50;2025-11-09;17;45.4
50;2025-11-09;18;40.377
50;2025-11-09;19;33.337
50;2025-11-09;20;27.375
50;2025-11-09;21;21.534
50;2025-11-09;22;12.531
50;2025-11-09;23;6.226
50;2025-11-10;0;27.851
50;2025-11-10;1;3.113
50;2025-11-10;2;0.0
50;2025-11-10;3;0.0
50;2025-11-10;4;2.959
50;2025-11-10;5;67.889
50;2025-11-10;6;533.621
50;2025-11-10;7;1775.472
50;2025-11-10;8;2769.255
50;2025-11-10;9;2179.842
50;2025-11-10;10;1630.608
50;2025-11-10;11;1533.838
50;2025-11-10;12;1372.591
50;2025-11-10;13;1445.734
50;2025-11-10;14;1363.754
50;2025-11-10;15;1634.857
50;2025-11-10;16;1631.164
50;2025-11-10;17;2311.79
50;2025-11-10;18;2543.577
50;2025-11-10;19;1460.38
50;2025-11-10;20;883.53
50;2025-11-10;21;600.51
50;2025-11-10;22;249.57
50;2025-11-10;23;117.449
50;2025-11-11;0;33.994
50;2025-11-11;1;2.095
50;2025-11-11;2;0.0
50;2025-11-11;3;0.0
50;2025-11-11;4;2.07
50;2025-11-11;5;65.194
50;2025-11-11;6;585.602
50;2025-11-11;7;1871.985
50;2025-11-11;8;2871.72
50;2025-11-11;9;2219.408
50;2025-11-11;10;1703.676
50;2025-11-11;11;1567.694
50;2025-11-11;12;1504.504
50;2025-11-11;13;1520.607
50;2025-11-11;14;1436.361
50;2025-11-11;15;1711.236
50;2025-11-11;16;1701.132
50;2025-11-11;17;2461.532
50;2025-11-11;18;2598.813
50;2025-11-11;19;1496.896
50;2025-11-11;20;930.309
50;2025-11-11;21;613.179
50;2025-11-11;22;264.447
50;2025-11-11;23;132.603
50;2025-11-12;0;34.789
50;2025-11-12;1;3.967
50;2025-11-12;2;0.0
50;2025-11-12;3;0.0
50;2025-11-12;4;2.764
50;2025-11-12;5;70.144
50;2025-11-12;6;532.965
50;2025-11-12;7;1774.403
50;2025-11-12;8;2830.141
50;2025-11-12;9;2159.876
50;2025-11-12;10;1632.437
50;2025-11-12;11;1588.728
50;2025-11-12;12;1477.451
50;2025-11-12;13;1492.88
50;2025-11-12;14;1455.548
50;2025-11-12;15;1682.798
50;2025-11-12;16;1742.007
50;2025-11-12;17;2418.267
50;2025-11-12;18;2521.663
50;2025-11-12;19;1546.129
50;2025-11-12;20;891.878
50;2025-11-12;21;635.191
50;2025-11-12;22;285.483
50;2025-11-12;23;133.62
50;2025-11-13;0;39.114
50;2025-11-13;1;1.96
50;2025-11-13;2;0.0
50;2025-11-13;3;0.0
50;2025-11-13;4;2.138
50;2025-11-13;5;67.953
50;2025-11-13;6;526.125
50;2025-11-13;7;1751.585
50;2025-11-13;8;2646.391
50;2025-11-13;9;2122.954
50;2025-11-13;10;1645.33
50;2025-11-13;11;1565.523
50;2025-11-13;12;1449.767
50;2025-11-13;13;1397.996
50;2025-11-13;14;1373.975
50;2025-11-13;15;1602.361
50;2025-11-13;16;1711.699
50;2025-11-13;17;2357.466
50;2025-11-13;18;2486.661
50;2025-11-13;19;1443.205
50;2025-11-13;20;922.212
50;2025-11-13;21;661.722
50;2025-11-13;22;273.673
50;2025-11-13;23;148.593
50;2025-11-14;0;39.323
50;2025-11-14;1;2.692
50;2025-11-14;2;0.0
50;2025-11-14;3;0.0
50;2025-11-14;4;2.219
50;2025-11-14;5;64.892
50;2025-11-14;6;549.455
50;2025-11-14;7;1760.107
50;2025-11-14;8;2710.064
50;2025-11-14;9;2071.96
50;2025-11-14;10;1582.324
50;2025-11-14;11;1617.545
50;2025-11-14;12;1527.209
50;2025-11-14;13;1504.066
50;2025-11-14;14;1481.075
50;2025-11-14;15;1775.391
50;2025-11-14;16;2134.209
50;2025-11-14;17;2156.986
50;2025-11-14;18;1757.0
50;2025-11-14;19;1245.074
50;2025-11-14;20;807.588
50;2025-11-14;21;561.712
50;2025-11-14;22;295.805
50;2025-11-14;23;170.386
50;2025-11-15;0;2.836
50;2025-11-15;1;0.192
50;2025-11-15;2;0.0
50;2025-11-15;3;0.0
50;2025-11-15;4;0.039
50;2025-11-15;5;1.132
50;2025-11-15;6;6.918
50;2025-11-15;7;15.506
50;2025-11-15;8;24.336
50;2025-11-15;9;26.38
50;2025-11-15;10;25.487
50;2025-11-15;11;34.103
50;2025-11-15;12;36.151
50;2025-11-15;13;36.322
50;2025-11-15;14;37.492
50;2025-11-15;15;37.014
50;2025-11-15;16;34.981
50;2025-11-15;17;33.772
50;2025-11-15;18;29.173
50;2025-11-15;19;25.854
50;2025-11-15;20;19.265
50;2025-11-15;21;14.947
50;2025-11-15;22;9.118
50;2025-11-15;23;5.395
50;2025-11-16;0;3.075
50;2025-11-16;1;0.309
50;2025-11-16;2;0.0
50;2025-11-16;3;0.0
50;2025-11-16;4;0.0
50;2025-11-16;5;1.214
50;2025-11-16;6;6.41
50;2025-11-16;7;12.226
50;2025-11-16;8;20.289
50;2025-11-16;9;25.911
50;2025-11-16;10;30.099
50;2025-11-16;11;37.728
50;2025-11-16;12;43.476
50;2025-11-16;13;47.471
50;2025-11-16;14;51.156
50;2025-11-16;15;44.288
50;2025-11-16;16;46.606
50;2025-11-16;17;45.505
50;2025-11-16;18;40.354
50;2025-11-16;19;33.216
50;2025-11-16;20;27.219
50;2025-11-16;21;21.4
50;2025-11-16;22;12.448
50;2025-11-16;23;6.2
50;2025-11-17;0;27.849
50;2025-11-17;1;3.113
50;2025-11-17;2;0.0
50;2025-11-17;3;0.0
50;2025-11-17;4;2.958
50;2025-11-17;5;67.744
50;2025-11-17;6;533.077
50;2025-11-17;7;1777.001
50;2025-11-17;8;2771.181
50;2025-11-17;9;2179.741
50;2025-11-17;10;1629.996
50;2025-11-17;11;1533.078
50;2025-11-17;12;1372.717
50;2025-11-17;13;1445.894
50;2025-11-17;14;1364.413
50;2025-11-17;15;1636.455
50;2025-11-17;16;1632.841
50;2025-11-17;17;2313.746
50;2025-11-17;18;2545.288
50;2025-11-17;19;1458.573
50;2025-11-17;20;880.685
50;2025-11-17;21;598.413
50;2025-11-17;22;247.8
50;2025-11-17;23;116.789
50;2025-11-18;0;33.991
50;2025-11-18;1;2.095
50;2025-11-18;2;0.0
50;2025-11-18;3;0.0
50;2025-11-18;4;2.07
50;2025-11-18;5;65.059
50;2025-11-18;6;585.014
50;2025-11-18;7;1873.568
50;2025-11-18;8;2873.679
50;2025-11-18;9;2219.302
50;2025-11-18;10;1703.045
50;2025-11-18;11;1566.929
50;2025-11-18;12;1504.638
50;2025-11-18;13;1520.77
50;2025-11-18;14;1437.048
50;2025-11-18;15;1712.884
50;2025-11-18;16;1702.846
50;2025-11-18;17;2463.578
50;2025-11-18;18;2600.529
50;2025-11-18;19;1495.099
50;2025-11-18;20;927.385
50;2025-11-18;21;611.044
50;2025-11-18;22;262.601
50;2025-11-18;23;131.883
50;2025-11-19;0;34.787
50;2025-11-19;1;3.966
50;2025-11-19;2;0.0
50;2025-11-19;3;0.0
50;2025-11-19;4;2.764
50;2025-11-19;5;70.001
50;2025-11-19;6;532.445
50;2025-11-19;7;1775.905
50;2025-11-19;8;2832.072
50;2025-11-19;9;2159.8
50;2025-11-19;10;1631.86
50;2025-11-19;11;1587.987
50;2025-11-19;12;1477.596
50;2025-11-19;13;1493.055
50;2025-11-19;14;1456.249
50;2025-11-19;15;1684.409
50;2025-11-19;16;1743.772
50;2025-11-19;17;2420.283
50;2025-11-19;18;2523.345
50;2025-11-19;19;1544.293
50;2025-11-19;20;889.084
50;2025-11-19;21;633.03
50;2025-11-19;22;283.522
50;2025-11-19;23;132.902
50;2025-11-20;0;39.112
50;2025-11-20;1;1.96
50;2025-11-20;2;0.0
50;2025-11-20;3;0.0
50;2025-11-20;4;2.138
50;2025-11-20;5;67.815
50;2025-11-20;6;525.622
50;2025-11-20;7;1753.075
50;2025-11-20;8;2648.216
50;2025-11-20;9;2122.911
50;2025-11-20;10;1644.782
50;2025-11-20;11;1564.824
50;2025-11-20;12;1449.927
50;2025-11-20;13;1398.177
50;2025-11-20;14;1374.638
50;2025-11-20;15;1603.888
50;2025-11-20;16;1713.436
50;2025-11-20;17;2359.431
50;2025-11-20;18;2488.316
50;2025-11-20;19;1441.567
50;2025-11-20;20;919.408
50;2025-11-20;21;659.522
50;2025-11-20;22;271.834
50;2025-11-20;23;147.802
50;2025-11-21;0;39.32
50;2025-11-21;1;2.692
50;2025-11-21;2;0.0
50;2025-11-21;3;0.0
50;2025-11-21;4;2.219
50;2025-11-21;5;64.763
50;2025-11-21;6;548.931
50;2025-11-21;7;1761.51
50;2025-11-21;8;2711.816
50;2025-11-21;9;2071.87
50;2025-11-21;10;1581.766
50;2025-11-21;11;1616.798
50;2025-11-21;12;1527.339
50;2025-11-21;13;1504.221
50;2025-11-21;14;1481.747
50;2025-11-21;15;1777.011
50;2025-11-21;16;2136.249
50;2025-11-21;17;2158.696
50;2025-11-21;18;1758.112
50;2025-11-21;19;1243.647
50;2025-11-21;20;805.181
50;2025-11-21;21;559.855
50;2025-11-21;22;293.847
50;2025-11-21;23;169.491
50;2025-11-22;0;2.826
50;2025-11-22;1;0.192
50;2025-11-22;2;0.0
50;2025-11-22;3;0.0
50;2025-11-22;4;0.039
50;2025-11-22;5;1.121
50;2025-11-22;6;6.892
50;2025-11-22;7;15.469
50;2025-11-22;8;24.283
50;2025-11-22;9;26.337
50;2025-11-22;10;25.453
50;2025-11-22;11;34.144
50;2025-11-22;12;36.229
50;2025-11-22;13;36.403
50;2025-11-22;14;37.591
50;2025-11-22;15;37.112
50;2025-11-22;16;35.076
50;2025-11-22;17;33.845
50;2025-11-22;18;29.159
50;2025-11-22;19;25.771
50;2025-11-22;20;19.167
50;2025-11-22;21;14.864
50;2025-11-22;22;9.064
50;2025-11-22;23;5.375
50;2025-11-23;0;3.065
50;2025-11-23;1;0.309
50;2025-11-23;2;0.0
50;2025-11-23;3;0.0
50;2025-11-23;4;0.0
50;2025-11-23;5;1.203
50;2025-11-23;6;6.386
50;2025-11-23;7;12.197
50;2025-11-23;8;20.244
50;2025-11-23;9;25.868
50;2025-11-23;10;30.057
50;2025-11-23;11;37.77
50;2025-11-23;12;43.565
50;2025-11-23;13;47.572
50;2025-11-23;14;51.284
50;2025-11-23;15;44.399
50;2025-11-23;16;46.727
50;2025-11-23;17;45.598
50;2025-11-23;18;40.333
50;2025-11-23;19;33.109
50;2025-11-23;20;27.082
50;2025-11-23;21;21.281
50;2025-11-23;22;12.375
50;2025-11-23;23;6.177
50;2025-11-24;0;27.847
50;2025-11-24;1;3.113
50;2025-11-24;2;0.0
50;2025-11-24;3;0.0
50;2025-11-24;4;2.958
50;2025-11-24;5;67.617
50;2025-11-24;6;532.602
50;2025-11-24;7;1778.333
50;2025-11-24;8;2772.859
50;2025-11-24;9;2179.654
50;2025-11-24;10;1629.463
50;2025-11-24;11;1532.416
50;2025-11-24;12;1372.827
50;2025-11-24;13;1446.033
50;2025-11-24;14;1364.987
50;2025-11-24;15;1637.847
50;2025-11-24;16;1634.302
50;2025-11-24;17;2315.451
50;2025-11-24;18;2546.779
50;2025-11-24;19;1456.998
50;2025-11-24;20;878.207
50;2025-11-24;21;596.588
50;2025-11-24;22;246.258
50;2025-11-24;23;116.214
50;2025-11-25;0;33.989
50;2025-11-25;1;2.095
50;2025-11-25;2;0.0
50;2025-11-25;3;0.0
50;2025-11-25;4;2.07
50;2025-11-25;5;64.943
50;2025-11-25;6;584.507
50;2025-11-25;7;1874.933
50;2025-11-25;8;2875.368
50;2025-11-25;9;2219.211
50;2025-11-25;10;1702.501
50;2025-11-25;11;1566.271
50;2025-11-25;12;1504.753
50;2025-11-25;13;1520.91
50;2025-11-25;14;1437.639
50;2025-11-25;15;1714.304
50;2025-11-25;16;1704.323
50;2025-11-25;17;2465.341
50;2025-11-25;18;2602.008
50;2025-11-25;19;1493.551
50;2025-11-25;20;924.864
50;2025-11-25;21;609.204
50;2025-11-25;22;261.01
50;2025-11-25;23;131.262
50;2025-11-26;0;34.785
50;2025-11-26;1;3.966
50;2025-11-26;2;0.0
50;2025-11-26;3;0.0
50;2025-11-26;4;2.764
50;2025-11-26;5;69.878
50;2025-11-26;6;532.0
50;2025-11-26;7;1777.187
50;2025-11-26;8;2833.722
50;2025-11-26;9;2159.736
50;2025-11-26;10;1631.367
50;2025-11-26;11;1587.355
50;2025-11-26;12;1477.72
50;2025-11-26;13;1493.205
50;2025-11-26;14;1456.847
50;2025-11-26;15;1685.786
50;2025-11-26;16;1745.281
50;2025-11-26;17;2422.006
50;2025-11-26;18;2524.781
50;2025-11-26;19;1542.725
50;2025-11-26;20;886.697
50;2025-11-26;21;631.185
50;2025-11-26;22;281.847
50;2025-11-26;23;132.289
50;2025-11-27;0;39.111
50;2025-11-27;1;1.96
50;2025-11-27;2;0.0
50;2025-11-27;3;0.0
50;2025-11-27;4;2.138
50;2025-11-27;5;67.697
50;2025-11-27;6;525.196
50;2025-11-27;7;1754.338
50;2025-11-27;8;2649.764
50;2025-11-27;9;2122.875
50;2025-11-27;10;1644.318
50;2025-11-27;11;1564.231
50;2025-11-27;12;1450.063
50;2025-11-27;13;1398.33
50;2025-11-27;14;1375.201
50;2025-11-27;15;1605.183
50;2025-11-27;16;1714.91
50;2025-11-27;17;2361.098
50;2025-11-27;18;2489.719
50;2025-11-27;19;1440.178
50;2025-11-27;20;917.03
50;2025-11-27;21;657.656
50;2025-11-27;22;270.274
50;2025-11-27;23;147.132
50;2025-11-28;0;39.318
50;2025-11-28;1;2.691
50;2025-11-28;2;0.0
50;2025-11-28;3;0.0
50;2025-11-28;4;2.219
50;2025-11-28;5;64.654
50;2025-11-28;6;548.488
50;2025-11-28;7;1762.693
50;2025-11-28;8;2713.296
50;2025-11-28;9;2071.794
50;2025-11-28;10;1581.295
50;2025-11-28;11;1616.167
50;2025-11-28;12;1527.449
50;2025-11-28;13;1504.352
50;2025-11-28;14;1482.314
50;2025-11-28;15;1778.379
50;2025-11-28;16;2137.971
50;2025-11-28;17;2160.14
50;2025-11-28;18;1759.052
50;2025-11-28;19;1242.441
50;2025-11-28;20;803.15
50;2025-11-28;21;558.288
50;2025-11-28;22;292.194
50;2025-11-28;23;168.736
50;2025-11-29;0;2.818
50;2025-11-29;1;0.192
50;2025-11-29;2;0.0
50;2025-11-29;3;0.0
50;2025-11-29;4;0.039
50;2025-11-29;5;1.112
50;2025-11-29;6;6.87
50;2025-11-29;7;15.439
50;2025-11-29;8;24.238
50;2025-11-29;9;26.301
50;2025-11-29;10;25.424
50;2025-11-29;11;34.179
50;2025-11-29;12;36.296
50;2025-11-29;13;36.472
50;2025-11-29;14;37.674
50;2025-11-29;15;37.194
50;2025-11-29;16;35.156
50;2025-11-29;17;33.907
50;2025-11-29;18;29.148
50;2025-11-29;19;25.7
50;2025-11-29;20;19.085
50;2025-11-29;21;14.793
50;2025-11-29;22;9.019
50;2025-11-29;23;5.358
50;2025-11-30;0;3.056
50;2025-11-30;1;0.309
50;2025-11-30;2;0.0
50;2025-11-30;3;0.0
50;2025-11-30;4;0.0
50;2025-11-30;5;1.193
50;2025-11-30;6;6.366
50;2025-11-30;7;12.173
50;2025-11-30;8;20.207
50;2025-11-30;9;25.831
50;2025-11-30;10;30.022
50;2025-11-30;11;37.806
50;2025-11-30;12;43.64
50;2025-11-30;13;47.656
50;2025-11-30;14;51.392
50;2025-11-30;15;44.493
50;2025-11-30;16;46.828
50;2025-11-30;17;45.676
50;2025-11-30;18;40.315
50;2025-11-30;19;33.019
50;2025-11-30;20;26.967
50;2025-11-30;21;21.181
50;2025-11-30;22;12.313
50;2025-11-30;23;6.157
50;2025-12-01;0;27.845
50;2025-12-01;1;3.113
50;2025-12-01;2;0.0
50;2025-12-01;3;0.0
50;2025-12-01;4;2.958
50;2025-12-01;5;67.51
50;2025-12-01;6;532.203
50;2025-12-01;7;1779.453
50;2025-12-01;8;2774.27
50;2025-12-01;9;2179.58
50;2025-12-01;10;1629.015
50;2025-12-01;11;1531.86
50;2025-12-01;12;1372.92
50;2025-12-01;13;1446.151
50;2025-12-01;14;1365.47
50;2025-12-01;15;1639.017
50;2025-12-01;16;1635.53
50;2025-12-01;17;2316.884
50;2025-12-01;18;2548.032
50;2025-12-01;19;1455.674
50;2025-12-01;20;876.123
50;2025-12-01;21;595.052
50;2025-12-01;22;244.961
50;2025-12-01;23;115.731
50;2025-12-02;0;33.987
50;2025-12-02;1;2.095
50;2025-12-02;2;0.0
50;2025-12-02;3;0.0
50;2025-12-02;4;2.07
50;2025-12-02;5;64.845
50;2025-12-02;6;584.082
50;2025-12-02;7;1876.076
50;2025-12-02;8;2876.784
50;2025-12-02;9;2219.135
50;2025-12-02;10;1702.045
50;2025-12-02;11;1565.718
50;2025-12-02;12;1504.85
50;2025-12-02;13;1521.028
50;2025-12-02;14;1438.135
50;2025-12-02;15;1715.494
50;2025-12-02;16;1705.561
50;2025-12-02;17;2466.819
50;2025-12-02;18;2603.248
50;2025-12-02;19;1492.253
50;2025-12-02;20;922.752
50;2025-12-02;21;607.662
50;2025-12-02;22;259.677
50;2025-12-02;23;130.742
50;2025-12-03;0;34.783
50;2025-12-03;1;3.966
50;2025-12-03;2;0.0
50;2025-12-03;3;0.0
50;2025-12-03;4;2.764
50;2025-12-03;5;69.776
50;2025-12-03;6;531.63
50;2025-12-03;7;1778.256
50;2025-12-03;8;2835.097
50;2025-12-03;9;2159.682
50;2025-12-03;10;1630.956
50;2025-12-03;11;1586.828
50;2025-12-03;12;1477.823
50;2025-12-03;13;1493.329
50;2025-12-03;14;1457.345
50;2025-12-03;15;1686.933
50;2025-12-03;16;1746.537
50;2025-12-03;17;2423.441
50;2025-12-03;18;2525.978
50;2025-12-03;19;1541.418
50;2025-12-03;20;884.708
50;2025-12-03;21;629.647
50;2025-12-03;22;280.451
50;2025-12-03;23;131.778
50;2025-12-04;0;39.11
50;2025-12-04;1;1.96
50;2025-12-04;2;0.0
50;2025-12-04;3;0.0
50;2025-12-04;4;2.138
50;2025-12-04;5;67.601
50;2025-12-04;6;524.843
50;2025-12-04;7;1755.382
50;2025-12-04;8;2651.043
50;2025-12-04;9;2122.845
50;2025-12-04;10;1643.934
50;2025-12-04;11;1563.741
50;2025-12-04;12;1450.175
50;2025-12-04;13;1398.456
50;2025-12-04;14;1375.666
50;2025-12-04;15;1606.253
50;2025-12-04;16;1716.127
50;2025-12-04;17;2362.475
50;2025-12-04;18;2490.879
50;2025-12-04;19;1439.03
50;2025-12-04;20;915.066
50;2025-12-04;21;656.115
50;2025-12-04;22;268.986
50;2025-12-04;23;146.578
50;2025-12-05;0;39.316
50;2025-12-05;1;2.691
50;2025-12-05;2;0.0
50;2025-12-05;3;0.0
50;2025-12-05;4;2.218
50;2025-12-05;5;64.564
50;2025-12-05;6;548.127
50;2025-12-05;7;1763.659
50;2025-12-05;8;2714.503
50;2025-12-05;9;2071.732
50;2025-12-05;10;1580.91
50;2025-12-05;11;1615.652
50;2025-12-05;12;1527.539
50;2025-12-05;13;1504.459
50;2025-12-05;14;1482.777
50;2025-12-05;15;1779.496
50;2025-12-05;16;2139.376
50;2025-12-05;17;2161.317
50;2025-12-05;18;1759.818
50;2025-12-05;19;1241.458
50;2025-12-05;20;801.493
50;2025-12-05;21;557.009
50;2025-12-05;22;290.845
50;2025-12-05;23;168.12
50;2025-12-06;0;71.913
50;2025-12-06;1;4.903
50;2025-12-06;2;0.0
50;2025-12-06;3;0.0
50;2025-12-06;4;0.997
50;2025-12-06;5;28.241
50;2025-12-06;6;175.25
50;2025-12-06;7;394.195
50;2025-12-06;8;618.917
50;2025-12-06;9;671.838
50;2025-12-06;10;649.579
50;2025-12-06;11;874.777
50;2025-12-06;12;929.553
50;2025-12-06;13;934.099
50;2025-12-06;14;965.155
50;2025-12-06;15;952.866
50;2025-12-06;16;900.703
50;2025-12-06;17;868.366
50;2025-12-06;18;745.179
50;2025-12-06;19;655.795
50;2025-12-06;20;486.367
50;2025-12-06;21;376.855
50;2025-12-06;22;229.694
50;2025-12-06;23;136.659
50;2025-12-07;0;53.504
50;2025-12-07;1;5.413
50;2025-12-07;2;0.0
50;2025-12-07;3;0.0
50;2025-12-07;4;0.0
50;2025-12-07;5;20.798
50;2025-12-07;6;111.4
50;2025-12-07;7;213.22
50;2025-12-07;8;353.978
50;2025-12-07;9;452.672
50;2025-12-07;10;526.219
50;2025-12-07;11;663.743
50;2025-12-07;12;766.65
50;2025-12-07;13;837.229
50;2025-12-07;14;903.084
50;2025-12-07;15;781.863
50;2025-12-07;16;822.936
50;2025-12-07;17;802.405
50;2025-12-07;18;707.035
50;2025-12-07;19;578.02
50;2025-12-07;20;471.498
50;2025-12-07;21;370.215
50;2025-12-07;22;215.162
50;2025-12-07;23;107.745
50;2025-12-08;0;27.844
50;2025-12-08;1;3.113
50;2025-12-08;2;0.0
50;2025-12-08;3;0.0
50;2025-12-08;4;2.958
50;2025-12-08;5;67.428
50;2025-12-08;6;531.896
50;2025-12-08;7;1780.315
50;2025-12-08;8;2775.356
50;2025-12-08;9;2179.524
50;2025-12-08;10;1628.67
50;2025-12-08;11;1531.431
50;2025-12-08;12;1372.991
50;2025-12-08;13;1446.241
50;2025-12-08;14;1365.842
50;2025-12-08;15;1639.918
50;2025-12-08;16;1636.476
50;2025-12-08;17;2317.987
50;2025-12-08;18;2548.997
50;2025-12-08;19;1454.655
50;2025-12-08;20;874.519
50;2025-12-08;21;593.87
50;2025-12-08;22;243.963
50;2025-12-08;23;115.359
50;2025-12-09;0;33.986
50;2025-12-09;1;2.095
50;2025-12-09;2;0.0
50;2025-12-09;3;0.0
50;2025-12-09;4;2.07
50;2025-12-09;5;64.772
50;2025-12-09;6;583.763
50;2025-12-09;7;1876.934
50;2025-12-09;8;2877.846
50;2025-12-09;9;2219.077
50;2025-12-09;10;1701.702
50;2025-12-09;11;1565.304
50;2025-12-09;12;1504.923
50;2025-12-09;13;1521.116
50;2025-12-09;14;1438.507
50;2025-12-09;15;1716.388
50;2025-12-09;16;1706.49
50;2025-12-09;17;2467.928
50;2025-12-09;18;2604.178
50;2025-12-09;19;1491.279
50;2025-12-09;20;921.166
50;2025-12-09;21;606.505
50;2025-12-09;22;258.677
50;2025-12-09;23;130.351
50;2025-12-10;0;34.782
50;2025-12-10;1;3.966
50;2025-12-10;2;0.0
50;2025-12-10;3;0.0
50;2025-12-10;4;2.764
50;2025-12-10;5;69.702
50;2025-12-10;6;531.36
50;2025-12-10;7;1779.036
50;2025-12-10;8;2836.1
50;2025-12-10;9;2159.643
50;2025-12-10;10;1630.657
50;2025-12-10;11;1586.443
50;2025-12-10;12;1477.899
50;2025-12-10;13;1493.42
50;2025-12-10;14;1457.709
50;2025-12-10;15;1687.77
50;2025-12-10;16;1747.455
50;2025-12-10;17;2424.488
50;2025-12-10;18;2526.851
50;2025-12-10;19;1540.465
50;2025-12-10;20;883.257
50;2025-12-10;21;628.525
50;2025-12-10;22;279.432
50;2025-12-10;23;131.405
50;2025-12-11;0;39.109
50;2025-12-11;1;1.96
50;2025-12-11;2;0.0
50;2025-12-11;3;0.0
50;2025-12-11;4;2.138
50;2025-12-11;5;67.532
50;2025-12-11;6;524.594
50;2025-12-11;7;1756.12
50;2025-12-11;8;2651.947
50;2025-12-11;9;2122.824
50;2025-12-11;10;1643.663
50;2025-12-11;11;1563.395
50;2025-12-11;12;1450.255
50;2025-12-11;13;1398.546
50;2025-12-11;14;1375.995
50;2025-12-11;15;1607.009
50;2025-12-11;16;1716.988
50;2025-12-11;17;2363.448
50;2025-12-11;18;2491.698
50;2025-12-11;19;1438.219
50;2025-12-11;20;913.677
50;2025-12-11;21;655.026
50;2025-12-11;22;268.076
50;2025-12-11;23;146.186
50;2025-12-12;0;39.315
50;2025-12-12;1;2.691
50;2025-12-12;2;0.0
50;2025-12-12;3;0.0
50;2025-12-12;4;2.218
50;2025-12-12;5;64.504
50;2025-12-12;6;547.881
50;2025-12-12;7;1764.318
50;2025-12-12;8;2715.326
50;2025-12-12;9;2071.69
50;2025-12-12;10;1580.648
50;2025-12-12;11;1615.301
50;2025-12-12;12;1527.601
50;2025-12-12;13;1504.532
50;2025-12-12;14;1483.093
50;2025-12-12;15;1780.257
50;2025-12-12;16;2140.335
50;2025-12-12;17;2162.12
50;2025-12-12;18;1760.34
50;2025-12-12;19;1240.788
50;2025-12-12;20;800.363
50;2025-12-12;21;556.137
50;2025-12-12;22;289.926
50;2025-12-12;23;167.7
50;2025-12-13;0;71.807
50;2025-12-13;1;4.903
50;2025-12-13;2;0.0
50;2025-12-13;3;0.0
50;2025-12-13;4;0.997
50;2025-12-13;5;28.118
50;2025-12-13;6;174.957
50;2025-12-13;7;393.786
50;2025-12-13;8;618.316
50;2025-12-13;9;671.348
50;2025-12-13;10;649.192
50;2025-12-13;11;875.246
50;2025-12-13;12;930.442
50;2025-12-13;13;935.019
50;2025-12-13;14;966.271
50;2025-12-13;15;953.974
50;2025-12-13;16;901.78
50;2025-12-13;17;869.192
50;2025-12-13;18;745.029
50;2025-12-13;19;654.85
50;2025-12-13;20;485.258
50;2025-12-13;21;375.907
50;2025-12-13;22;229.08
50;2025-12-13;23;136.429
50;2025-12-14;0;53.431
50;2025-12-14;1;5.413
50;2025-12-14;2;0.0
50;2025-12-14;3;0.0
50;2025-12-14;4;0.0
50;2025-12-14;5;20.714
50;2025-12-14;6;111.226
50;2025-12-14;7;213.011
50;2025-12-14;8;353.654
50;2025-12-14;9;452.357
50;2025-12-14;10;525.917
50;2025-12-14;11;664.048
50;2025-12-14;12;767.298
50;2025-12-14;13;837.958
50;2025-12-14;14;904.012
50;2025-12-14;15;782.671
50;2025-12-14;16;823.81
50;2025-12-14;17;803.078
50;2025-12-14;18;706.884
50;2025-12-14;19;577.242
50;2025-12-14;20;470.502
50;2025-12-14;21;369.353
50;2025-12-14;22;214.63
50;2025-12-14;23;107.576
50;2025-12-15;0;27.843
50;2025-12-15;1;3.113
50;2025-12-15;2;0.0
50;2025-12-15;3;0.0
50;2025-12-15;4;2.958
50;2025-12-15;5;67.379
50;2025-12-15;6;531.715
50;2025-12-15;7;1780.826
50;2025-12-15;8;2775.999
50;2025-12-15;9;2179.49
50;2025-12-15;10;1628.466
50;2025-12-15;11;1531.178
50;2025-12-15;12;1373.034
50;2025-12-15;13;1446.294
50;2025-12-15;14;1366.062
50;2025-12-15;15;1640.451
50;2025-12-15;16;1637.036
50;2025-12-15;17;2318.641
50;2025-12-15;18;2549.569
50;2025-12-15;19;1454.051
50;2025-12-15;20;873.568
50;2025-12-15;21;593.17
50;2025-12-15;22;243.372
50;2025-12-15;23;115.139
50;2025-12-16;0;33.985
50;2025-12-16;1;2.095
50;2025-12-16;2;0.0
50;2025-12-16;3;0.0
50;2025-12-16;4;2.07
50;2025-12-16;5;64.731
50;2025-12-16;6;583.585
50;2025-12-16;7;1877.414
50;2025-12-16;8;2878.44
50;2025-12-16;9;2219.045
50;2025-12-16;10;1701.511
50;2025-12-16;11;1565.072
50;2025-12-16;12;1504.963
50;2025-12-16;13;1521.165
50;2025-12-16;14;1438.715
50;2025-12-16;15;1716.887
50;2025-12-16;16;1707.009
50;2025-12-16;17;2468.548
50;2025-12-16;18;2604.698
50;2025-12-16;19;1490.735
50;2025-12-16;20;920.28
50;2025-12-16;21;605.858
50;2025-12-16;22;258.117
50;2025-12-16;23;130.133
50;2025-12-17;0;34.781
50;2025-12-17;1;3.966
50;2025-12-17;2;0.0
50;2025-12-17;3;0.0
50;2025-12-17;4;2.764
50;2025-12-17;5;69.663
50;2025-12-17;6;531.218
50;2025-12-17;7;1779.444
50;2025-12-17;8;2836.625
50;2025-12-17;9;2159.622
50;2025-12-17;10;1630.5
50;2025-12-17;11;1586.242
50;2025-12-17;12;1477.938
50;2025-12-17;13;1493.467
50;2025-12-17;14;1457.899
50;2025-12-17;15;1688.208
50;2025-12-17;16;1747.934
50;2025-12-17;17;2425.035
50;2025-12-17;18;2527.308
50;2025-12-17;19;1539.966
50;2025-12-17;20;882.498
50;2025-12-17;21;627.938
50;2025-12-17;22;278.9
50;2025-12-17;23;131.21
50;2025-12-18;0;39.108
50;2025-12-18;1;1.96
50;2025-12-18;2;0.0
50;2025-12-18;3;0.0
50;2025-12-18;4;2.138
50;2025-12-18;5;67.499
50;2025-12-18;6;524.473
50;2025-12-18;7;1756.477
50;2025-12-18;8;2652.385
50;2025-12-18;9;2122.814
50;2025-12-18;10;1643.531
50;2025-12-18;11;1563.227
50;2025-12-18;12;1450.293
50;2025-12-18;13;1398.589
50;2025-12-18;14;1376.154
50;2025-12-18;15;1607.375
50;2025-12-18;16;1717.404
50;2025-12-18;17;2363.919
50;2025-12-18;18;2492.095
50;2025-12-18;19;1437.826
50;2025-12-18;20;913.005
50;2025-12-18;21;654.499
50;2025-12-18;22;267.635
50;2025-12-18;23;145.997
50;2025-12-19;0;39.314
50;2025-12-19;1;2.691
50;2025-12-19;2;0.0
50;2025-12-19;3;0.0
50;2025-12-19;4;2.218
50;2025-12-19;5;64.477
50;2025-12-19;6;547.773
50;2025-12-19;7;1764.608
50;2025-12-19;8;2715.689
50;2025-12-19;9;2071.671
50;2025-12-19;10;1580.532
50;2025-12-19;11;1615.146
50;2025-12-19;12;1527.628
50;2025-12-19;13;1504.564
50;2025-12-19;14;1483.232
50;2025-12-19;15;1780.593
50;2025-12-19;16;2140.758
50;2025-12-19;17;2162.475
50;2025-12-19;18;1760.571
50;2025-12-19;19;1240.491
50;2025-12-19;20;799.864
50;2025-12-19;21;555.752
50;2025-12-19;22;289.519
50;2025-12-19;23;167.514
50;2025-12-20;0;71.765
50;2025-12-20;1;4.903
50;2025-12-20;2;0.0
50;2025-12-20;3;0.0
50;2025-12-20;4;0.997
50;2025-12-20;5;28.07
50;2025-12-20;6;174.841
50;2025-12-20;7;393.624
50;2025-12-20;8;618.078
50;2025-12-20;9;671.155
50;2025-12-20;10;649.039
50;2025-12-20;11;875.432
50;2025-12-20;12;930.794
50;2025-12-20;13;935.383
50;2025-12-20;14;966.713
50;2025-12-20;15;954.412
50;2025-12-20;16;902.205
50;2025-12-20;17;869.518
50;2025-12-20;18;744.969
50;2025-12-20;19;654.477
50;2025-12-20;20;484.82
50;2025-12-20;21;375.532
50;2025-12-20;22;228.837
50;2025-12-20;23;136.338
50;2025-12-21;0;53.406
50;2025-12-21;1;5.413
50;2025-12-21;2;0.0
50;2025-12-21;3;0.0
50;2025-12-21;4;0.0
50;2025-12-21;5;20.686
50;2025-12-21;6;111.167
50;2025-12-21;7;212.94
50;2025-12-21;8;353.543
50;2025-12-21;9;452.25
50;2025-12-21;10;525.815
50;2025-12-21;11;664.152
50;2025-12-21;12;767.519
50;2025-12-21;13;838.206
50;2025-12-21;14;904.328
50;2025-12-21;15;782.946
50;2025-12-21;16;824.108
50;2025-12-21;17;803.307
50;2025-12-21;18;706.833
50;2025-12-21;19;576.977
50;2025-12-21;20;470.162
50;2025-12-21;21;369.06
50;2025-12-21;22;214.449
50;2025-12-21;23;107.519
50;2025-12-22;0;27.843
50;2025-12-22;1;3.113
50;2025-12-22;2;0.0
50;2025-12-22;3;0.0
50;2025-12-22;4;2.958
50;2025-12-22;5;67.366
50;2025-12-22;6;531.665
50;2025-12-22;7;1780.966
50;2025-12-22;8;2776.176
50;2025-12-22;9;2179.481
50;2025-12-22;10;1628.41
50;2025-12-22;11;1531.108
50;2025-12-22;12;1373.045
50;2025-12-22;13;1446.309
50;2025-12-22;14;1366.123
50;2025-12-22;15;1640.598
50;2025-12-22;16;1637.19
50;2025-12-22;17;2318.82
50;2025-12-22;18;2549.726
50;2025-12-22;19;1453.885
50;2025-12-22;20;873.307
50;2025-12-22;21;592.978
50;2025-12-22;22;243.209
50;2025-12-22;23;115.078
50;2025-12-23;0;33.985
50;2025-12-23;1;2.095
50;2025-12-23;2;0.0
50;2025-12-23;3;0.0
50;2025-12-23;4;2.07
50;2025-12-23;5;64.723
50;2025-12-23;6;583.55
50;2025-12-23;7;1877.506
50;2025-12-23;8;2878.554
50;2025-12-23;9;2219.039
50;2025-12-23;10;1701.474
50;2025-12-23;11;1565.028
50;2025-12-23;12;1504.971
50;2025-12-23;13;1521.175
50;2025-12-23;14;1438.755
50;2025-12-23;15;1716.983
50;2025-12-23;16;1707.109
50;2025-12-23;17;2468.668
50;2025-12-23;18;2604.799
50;2025-12-23;19;1490.63
50;2025-12-23;20;920.109
50;2025-12-23;21;605.733
50;2025-12-23;22;258.01
50;2025-12-23;23;130.091
50;2025-12-24;0;34.781
50;2025-12-24;1;3.966
50;2025-12-24;2;0.0
50;2025-12-24;3;0.0
50;2025-12-24;4;2.764
50;2025-12-24;5;69.66
50;2025-12-24;6;531.206
50;2025-12-24;7;1779.48
50;2025-12-24;8;2836.671
50;2025-12-24;9;2159.62
50;2025-12-24;10;1630.486
50;2025-12-24;11;1586.225
50;2025-12-24;12;1477.942
50;2025-12-24;13;1493.471
50;2025-12-24;14;1457.916
50;2025-12-24;15;1688.247
50;2025-12-24;16;1747.977
50;2025-12-24;17;2425.084
50;2025-12-24;18;2527.348
50;2025-12-24;19;1539.922
50;2025-12-24;20;882.431
50;2025-12-24;21;627.886
50;2025-12-24;22;278.853
50;2025-12-24;23;131.193
50;2025-12-25;0;39.108
50;2025-12-25;1;1.96
50;2025-12-25;2;0.0
50;2025-12-25;3;0.0
50;2025-12-25;4;2.138
50;2025-12-25;5;67.501
50;2025-12-25;6;524.479
50;2025-12-25;7;1756.461
50;2025-12-25;8;2652.364
50;2025-12-25;9;2122.815
50;2025-12-25;10;1643.537
50;2025-12-25;11;1563.235
50;2025-12-25;12;1450.291
50;2025-12-25;13;1398.587
50;2025-12-25;14;1376.146
50;2025-12-25;15;1607.358
50;2025-12-25;16;1717.384
50;2025-12-25;17;2363.897
50;2025-12-25;18;2492.076
50;2025-12-25;19;1437.844
50;2025-12-25;20;913.037
50;2025-12-25;21;654.524
50;2025-12-25;22;267.656
50;2025-12-25;23;146.006
50;2025-12-26;0;39.314
50;2025-12-26;1;2.691
50;2025-12-26;2;0.0
50;2025-12-26;3;0.0
50;2025-12-26;4;2.218
50;2025-12-26;5;64.483
50;2025-12-26;6;547.798
50;2025-12-26;7;1764.541
50;2025-12-26;8;2715.605
50;2025-12-26;9;2071.676
50;2025-12-26;10;1580.559
50;2025-12-26;11;1615.182
50;2025-12-26;12;1527.622
50;2025-12-26;13;1504.556
50;2025-12-26;14;1483.2
50;2025-12-26;15;1780.515
50;2025-12-26;16;2140.66
50;2025-12-26;17;2162.392
50;2025-12-26;18;1760.517
50;2025-12-26;19;1240.56
50;2025-12-26;20;799.979
50;2025-12-26;21;555.841
50;2025-12-26;22;289.614
50;2025-12-26;23;167.557
50;2025-12-27;0;64.729
50;2025-12-27;1;4.421
50;2025-12-27;2;0.0
50;2025-12-27;3;0.0
50;2025-12-27;4;0.899
50;2025-12-27;5;25.332
50;2025-12-27;6;157.706
50;2025-12-27;7;355.003
50;2025-12-27;8;557.427
50;2025-12-27;9;605.267
50;2025-12-27;10;585.307
50;2025-12-27;11;789.294
50;2025-12-27;12;839.14
50;2025-12-27;13;843.273
50;2025-12-27;14;871.488
50;2025-12-27;15;860.398
50;2025-12-27;16;813.329
50;2025-12-27;17;783.899
50;2025-12-27;18;671.765
50;2025-12-27;19;590.308
50;2025-12-27;20;437.357
50;2025-12-27;21;338.785
50;2025-12-27;22;206.451
50;2025-12-27;23;122.976
50;2025-12-28;0;48.176
50;2025-12-28;1;4.881
50;2025-12-28;2;0.0
50;2025-12-28;3;0.0
50;2025-12-28;4;0.0
50;2025-12-28;5;18.676
50;2025-12-28;6;100.287
50;2025-12-28;7;192.066
50;2025-12-28;8;318.879
50;2025-12-28;9;407.881
50;2025-12-28;10;474.21
50;2025-12-28;11;598.782
50;2025-12-28;12;691.893
50;2025-12-28;13;755.61
50;2025-12-28;14;815.177
50;2025-12-28;15;705.76
50;2025-12-28;16;742.857
50;2025-12-28;17;724.157
50;2025-12-28;18;637.393
50;2025-12-28;19;520.475
50;2025-12-28;20;424.22
50;2025-12-28;21;333.019
50;2025-12-28;22;193.515
50;2025-12-28;23;96.996
50;2025-12-29;0;25.0
50;2025-12-29;1;2.795
50;2025-12-29;2;0.0
50;2025-12-29;3;0.0
50;2025-12-29;4;2.656
50;2025-12-29;5;60.507
50;2025-12-29;6;477.453
50;2025-12-29;7;1598.928
50;2025-12-29;8;2492.474
50;2025-12-29;9;1956.969
50;2025-12-29;10;1462.23
50;2025-12-29;11;1374.882
50;2025-12-29;12;1232.841
50;2025-12-29;13;1298.62
50;2025-12-29;14;1226.555
50;2025-12-29;15;1472.882
50;2025-12-29;16;1469.812
50;2025-12-29;17;2081.811
50;2025-12-29;18;2289.173
50;2025-12-29;19;1305.682
50;2025-12-29;20;784.517
50;2025-12-29;21;532.711
50;2025-12-29;22;218.611
50;2025-12-29;23;103.416
50;2025-12-30;0;30.516
50;2025-12-30;1;1.881
50;2025-12-30;2;0.0
50;2025-12-30;3;0.0
50;2025-12-30;4;1.858
50;2025-12-30;5;58.137
50;2025-12-30;6;524.067
50;2025-12-30;7;1685.553
50;2025-12-30;8;2584.332
50;2025-12-30;9;1992.493
50;2025-12-30;10;1527.857
50;2025-12-30;11;1405.364
50;2025-12-30;12;1351.291
50;2025-12-30;13;1365.836
50;2025-12-30;14;1291.745
50;2025-12-30;15;1541.409
50;2025-12-30;16;1532.532
50;2025-12-30;17;2216.281
50;2025-12-30;18;2338.567
50;2025-12-30;19;1338.732
50;2025-12-30;20;826.646
50;2025-12-30;21;544.239
50;2025-12-30;22;231.97
50;2025-12-30;23;116.927
50;2025-12-31;0;50.143
50;2025-12-31;1;4.885
50;2025-12-31;2;0.0
50;2025-12-31;3;0.0
50;2025-12-31;4;0.0
50;2025-12-31;5;20.359
50;2025-12-31;6;103.728
50;2025-12-31;7;199.929
50;2025-12-31;8;330.699
50;2025-12-31;9;416.551
50;2025-12-31;10;481.928
50;2025-12-31;11;589.72
50;2025-12-31;12;677.46
50;2025-12-31;13;740.343
50;2025-12-31;14;802.6
50;2025-12-31;15;699.168
50;2025-12-31;16;740.163
50;2025-12-31;17;722.287
50;2025-12-31;18;651.654
50;2025-12-31;19;536.771
50;2025-12-31;20;436.986
50;2025-12-31;21;343.436
50;2025-12-31;22;194.158
50;2025-12-31;23;95.387
