route;date;hour;prediction
1;2025-11-01;0;5.808
1;2025-11-01;1;0.003
1;2025-11-01;2;0.006
1;2025-11-01;3;0.02
1;2025-11-01;4;5.416
1;2025-11-01;5;110.041
1;2025-11-01;6;460.338
1;2025-11-01;7;1279.405
1;2025-11-01;8;1583.957
1;2025-11-01;9;1441.928
1;2025-11-01;10;1385.356
1;2025-11-01;11;1441.539
1;2025-11-01;12;1574.647
1;2025-11-01;13;1636.036
1;2025-11-01;14;1532.783
1;2025-11-01;15;1584.239
1;2025-11-01;16;1614.236
1;2025-11-01;17;1710.356
1;2025-11-01;18;1478.54
1;2025-11-01;19;1149.09
1;2025-11-01;20;796.326
1;2025-11-01;21;533.628
1;2025-11-01;22;246.672
1;2025-11-01;23;61.007
1;2025-11-02;0;0.049
1;2025-11-02;1;0.002
1;2025-11-02;2;0.002
1;2025-11-02;3;0.008
1;2025-11-02;4;0.002
1;2025-11-02;5;21.515
1;2025-11-02;6;121.532
1;2025-11-02;7;244.721
1;2025-11-02;8;343.774
1;2025-11-02;9;606.55
1;2025-11-02;10;675.427
1;2025-11-02;11;685.869
1;2025-11-02;12;856.492
1;2025-11-02;13;883.663
1;2025-11-02;14;792.464
1;2025-11-02;15;716.955
1;2025-11-02;16;648.384
1;2025-11-02;17;614.732
1;2025-11-02;18;533.126
1;2025-11-02;19;434.734
1;2025-11-02;20;335.236
1;2025-11-02;21;264.578
1;2025-11-02;22;104.875
1;2025-11-02;23;32.255
1;2025-11-03;0;0.03
1;2025-11-03;1;0.002
1;2025-11-03;2;0.003
1;2025-11-03;3;0.01
1;2025-11-03;4;2.556
1;2025-11-03;5;24.783
1;2025-11-03;6;133.423
1;2025-11-03;7;254.729
1;2025-11-03;8;358.993
1;2025-11-03;9;630.225
1;2025-11-03;10;678.775
1;2025-11-03;11;667.977
1;2025-11-03;12;832.793
1;2025-11-03;13;851.288
1;2025-11-03;14;780.764
1;2025-11-03;15;704.21
1;2025-11-03;16;652.257
1;2025-11-03;17;626.863
1;2025-11-03;18;563.748
1;2025-11-03;19;463.718
1;2025-11-03;20;344.067
1;2025-11-03;21;274.319
1;2025-11-03;22;106.339
1;2025-11-03;23;32.794
1;2025-11-04;0;0.509
1;2025-11-04;1;0.002
1;2025-11-04;2;0.003
1;2025-11-04;3;0.009
1;2025-11-04;4;2.583
1;2025-11-04;5;24.923
1;2025-11-04;6;134.039
1;2025-11-04;7;251.485
1;2025-11-04;8;354.176
1;2025-11-04;9;629.758
1;2025-11-04;10;683.338
1;2025-11-04;11;666.841
1;2025-11-04;12;826.359
1;2025-11-04;13;847.386
1;2025-11-04;14;759.663
1;2025-11-04;15;683.992
1;2025-11-04;16;637.579
1;2025-11-04;17;613.878
1;2025-11-04;18;552.906
1;2025-11-04;19;458.998
1;2025-11-04;20;338.444
1;2025-11-04;21;270.953
1;2025-11-04;22;104.126
1;2025-11-04;23;32.781
1;2025-11-05;0;3.759
1;2025-11-05;1;0.001
1;2025-11-05;2;0.002
1;2025-11-05;3;0.006
1;2025-11-05;4;8.862
1;2025-11-05;5;136.773
1;2025-11-05;6;546.685
1;2025-11-05;7;1517.799
1;2025-11-05;8;1939.973
1;2025-11-05;9;1462.081
1;2025-11-05;10;1342.897
1;2025-11-05;11;1355.14
1;2025-11-05;12;1390.136
1;2025-11-05;13;1460.905
1;2025-11-05;14;1377.81
1;2025-11-05;15;1516.477
1;2025-11-05;16;1523.333
1;2025-11-05;17;1800.912
1;2025-11-05;18;1810.83
1;2025-11-05;19;1376.899
1;2025-11-05;20;896.991
1;2025-11-05;21;485.298
1;2025-11-05;22;228.977
1;2025-11-05;23;41.77
1;2025-11-06;0;4.958
1;2025-11-06;1;0.001
1;2025-11-06;2;0.002
1;2025-11-06;3;0.007
1;2025-11-06;4;8.413
1;2025-11-06;5;130.83
1;2025-11-06;6;522.636
1;2025-11-06;7;1506.58
1;2025-11-06;8;1979.183
1;2025-11-06;9;1487.003
1;2025-11-06;10;1355.939
1;2025-11-06;11;1366.559
1;2025-11-06;12;1422.459
1;2025-11-06;13;1454.752
1;2025-11-06;14;1418.485
1;2025-11-06;15;1546.848
1;2025-11-06;16;1568.011
1;2025-11-06;17;1816.946
1;2025-11-06;18;1822.694
1;2025-11-06;19;1371.763
1;2025-11-06;20;888.961
1;2025-11-06;21;488.708
1;2025-11-06;22;220.719
1;2025-11-06;23;47.157
1;2025-11-07;0;4.659
1;2025-11-07;1;0.001
1;2025-11-07;2;0.001
1;2025-11-07;3;0.004
1;2025-11-07;4;7.463
1;2025-11-07;5;135.971
1;2025-11-07;6;514.153
1;2025-11-07;7;1509.753
1;2025-11-07;8;1871.95
1;2025-11-07;9;1440.387
1;2025-11-07;10;1325.38
1;2025-11-07;11;1399.202
1;2025-11-07;12;1384.849
1;2025-11-07;13;1441.544
1;2025-11-07;14;1375.546
1;2025-11-07;15;1537.416
1;2025-11-07;16;1615.15
1;2025-11-07;17;1792.021
1;2025-11-07;18;1597.945
1;2025-11-07;19;1206.547
1;2025-11-07;20;812.408
1;2025-11-07;21;493.983
1;2025-11-07;22;230.324
1;2025-11-07;23;50.529
1;2025-11-08;0;5.493
1;2025-11-08;1;0.001
1;2025-11-08;2;0.002
1;2025-11-08;3;0.006
1;2025-11-08;4;0.045
1;2025-11-08;5;31.927
1;2025-11-08;6;168.534
1;2025-11-08;7;338.607
1;2025-11-08;8;478.836
1;2025-11-08;9;742.465
1;2025-11-08;10;871.674
1;2025-11-08;11;836.099
1;2025-11-08;12;1029.654
1;2025-11-08;13;1076.693
1;2025-11-08;14;976.087
1;2025-11-08;15;857.227
1;2025-11-08;16;785.498
1;2025-11-08;17;729.303
1;2025-11-08;18;649.133
1;2025-11-08;19;587.224
1;2025-11-08;20;423.573
1;2025-11-08;21;305.304
1;2025-11-08;22;132.721
1;2025-11-08;23;33.913
1;2025-11-09;0;0.027
1;2025-11-09;1;0.001
1;2025-11-09;2;0.002
1;2025-11-09;3;0.006
1;2025-11-09;4;0.007
1;2025-11-09;5;23.548
1;2025-11-09;6;125.057
1;2025-11-09;7;252.386
1;2025-11-09;8;355.662
1;2025-11-09;9;600.03
1;2025-11-09;10;677.13
1;2025-11-09;11;694.071
1;2025-11-09;12;853.065
1;2025-11-09;13;884.38
1;2025-11-09;14;781.512
1;2025-11-09;15;708.7
1;2025-11-09;16;650.464
1;2025-11-09;17;609.918
1;2025-11-09;18;545.511
1;2025-11-09;19;440.687
1;2025-11-09;20;341.117
1;2025-11-09;21;260.679
1;2025-11-09;22;101.16
1;2025-11-09;23;30.319
1;2025-11-10;0;0.034
1;2025-11-10;1;0.001
1;2025-11-10;2;0.002
1;2025-11-10;3;0.007
1;2025-11-10;4;9.227
1;2025-11-10;5;136.161
1;2025-11-10;6;545.379
1;2025-11-10;7;1511.081
1;2025-11-10;8;1938.36
1;2025-11-10;9;1463.355
1;2025-11-10;10;1281.874
1;2025-11-10;11;1334.315
1;2025-11-10;12;1386.495
1;2025-11-10;13;1410.397
1;2025-11-10;14;1378.395
1;2025-11-10;15;1527.792
1;2025-11-10;16;1592.296
1;2025-11-10;17;1847.149
1;2025-11-10;18;1926.629
1;2025-11-10;19;1432.587
1;2025-11-10;20;900.938
1;2025-11-10;21;485.652
1;2025-11-10;22;204.282
1;2025-11-10;23;39.614
1;2025-11-11;0;2.862
1;2025-11-11;1;0.001
1;2025-11-11;2;0.002
1;2025-11-11;3;0.007
1;2025-11-11;4;7.929
1;2025-11-11;5;131.75
1;2025-11-11;6;544.73
1;2025-11-11;7;1554.965
1;2025-11-11;8;1916.201
1;2025-11-11;9;1503.026
1;2025-11-11;10;1339.839
1;2025-11-11;11;1351.108
1;2025-11-11;12;1387.95
1;2025-11-11;13;1421.819
1;2025-11-11;14;1340.048
1;2025-11-11;15;1465.984
1;2025-11-11;16;1485.039
1;2025-11-11;17;1760.376
1;2025-11-11;18;1796.614
1;2025-11-11;19;1403.503
1;2025-11-11;20;887.704
1;2025-11-11;21;478.303
1;2025-11-11;22;216.133
1;2025-11-11;23;40.456
1;2025-11-12;0;3.88
1;2025-11-12;1;0.001
1;2025-11-12;2;0.001
1;2025-11-12;3;0.006
1;2025-11-12;4;8.863
1;2025-11-12;5;135.419
1;2025-11-12;6;547.022
1;2025-11-12;7;1526.613
1;2025-11-12;8;1947.134
1;2025-11-12;9;1469.435
1;2025-11-12;10;1341.199
1;2025-11-12;11;1357.65
1;2025-11-12;12;1400.622
1;2025-11-12;13;1467.35
1;2025-11-12;14;1390.674
1;2025-11-12;15;1522.621
1;2025-11-12;16;1532.774
1;2025-11-12;17;1808.311
1;2025-11-12;18;1812.821
1;2025-11-12;19;1378.473
1;2025-11-12;20;897.834
1;2025-11-12;21;486.051
1;2025-11-12;22;227.387
1;2025-11-12;23;42.073
1;2025-11-13;0;4.973
1;2025-11-13;1;0.001
1;2025-11-13;2;0.002
1;2025-11-13;3;0.004
1;2025-11-13;4;8.391
1;2025-11-13;5;129.365
1;2025-11-13;6;523.795
1;2025-11-13;7;1517.544
1;2025-11-13;8;1990.139
1;2025-11-13;9;1495.648
1;2025-11-13;10;1363.891
1;2025-11-13;11;1375.313
1;2025-11-13;12;1436.058
1;2025-11-13;13;1464.698
1;2025-11-13;14;1434.476
1;2025-11-13;15;1555.26
1;2025-11-13;16;1580.771
1;2025-11-13;17;1826.64
1;2025-11-13;18;1823.104
1;2025-11-13;19;1373.494
1;2025-11-13;20;889.445
1;2025-11-13;21;490.649
1;2025-11-13;22;219.27
1;2025-11-13;23;47.573
1;2025-11-14;0;4.682
1;2025-11-14;1;0.001
1;2025-11-14;2;0.001
1;2025-11-14;3;0.004
1;2025-11-14;4;7.453
1;2025-11-14;5;135.602
1;2025-11-14;6;517.893
1;2025-11-14;7;1525.069
1;2025-11-14;8;1885.473
1;2025-11-14;9;1451.388
1;2025-11-14;10;1341.998
1;2025-11-14;11;1410.468
1;2025-11-14;12;1398.192
1;2025-11-14;13;1454.697
1;2025-11-14;14;1391.161
1;2025-11-14;15;1551.355
1;2025-11-14;16;1628.639
1;2025-11-14;17;1801.983
1;2025-11-14;18;1609.606
1;2025-11-14;19;1212.745
1;2025-11-14;20;818.473
1;2025-11-14;21;496.538
1;2025-11-14;22;228.613
1;2025-11-14;23;50.926
1;2025-11-15;0;5.504
1;2025-11-15;1;0.001
1;2025-11-15;2;0.002
1;2025-11-15;3;0.006
1;2025-11-15;4;0.052
1;2025-11-15;5;31.924
1;2025-11-15;6;173.526
1;2025-11-15;7;356.442
1;2025-11-15;8;494.963
1;2025-11-15;9;747.302
1;2025-11-15;10;897.976
1;2025-11-15;11;854.512
1;2025-11-15;12;1044.547
1;2025-11-15;13;1096.456
1;2025-11-15;14;1009.178
1;2025-11-15;15;890.297
1;2025-11-15;16;812.621
1;2025-11-15;17;746.705
1;2025-11-15;18;662.63
1;2025-11-15;19;594.192
1;2025-11-15;20;432.712
1;2025-11-15;21;306.033
1;2025-11-15;22;133.041
1;2025-11-15;23;34.299
1;2025-11-16;0;0.033
1;2025-11-16;1;0.001
1;2025-11-16;2;0.001
1;2025-11-16;3;0.005
1;2025-11-16;4;0.017
1;2025-11-16;5;23.754
1;2025-11-16;6;125.953
1;2025-11-16;7;258.666
1;2025-11-16;8;360.611
1;2025-11-16;9;599.836
1;2025-11-16;10;701.189
1;2025-11-16;11;708.631
1;2025-11-16;12;868.317
1;2025-11-16;13;896.978
1;2025-11-16;14;796.58
1;2025-11-16;15;726.158
1;2025-11-16;16;660.267
1;2025-11-16;17;614.169
1;2025-11-16;18;548.183
1;2025-11-16;19;438.37
1;2025-11-16;20;339.541
1;2025-11-16;21;260.625
1;2025-11-16;22;100.099
1;2025-11-16;23;30.177
1;2025-11-17;0;0.031
1;2025-11-17;1;0.001
1;2025-11-17;2;0.001
1;2025-11-17;3;0.004
1;2025-11-17;4;9.228
1;2025-11-17;5;136.268
1;2025-11-17;6;546.367
1;2025-11-17;7;1521.588
1;2025-11-17;8;1950.753
1;2025-11-17;9;1467.912
1;2025-11-17;10;1287.772
1;2025-11-17;11;1341.38
1;2025-11-17;12;1388.022
1;2025-11-17;13;1409.481
1;2025-11-17;14;1381.319
1;2025-11-17;15;1531.152
1;2025-11-17;16;1595.783
1;2025-11-17;17;1848.951
1;2025-11-17;18;1928.453
1;2025-11-17;19;1434.181
1;2025-11-17;20;894.322
1;2025-11-17;21;484.619
1;2025-11-17;22;201.804
1;2025-11-17;23;39.34
1;2025-11-18;0;2.873
1;2025-11-18;1;0.001
1;2025-11-18;2;0.001
1;2025-11-18;3;0.004
1;2025-11-18;4;7.952
1;2025-11-18;5;132.118
1;2025-11-18;6;546.669
1;2025-11-18;7;1567.754
1;2025-11-18;8;1930.434
1;2025-11-18;9;1503.963
1;2025-11-18;10;1338.303
1;2025-11-18;11;1357.606
1;2025-11-18;12;1392.873
1;2025-11-18;13;1422.988
1;2025-11-18;14;1345.281
1;2025-11-18;15;1473.046
1;2025-11-18;16;1487.314
1;2025-11-18;17;1762.355
1;2025-11-18;18;1797.361
1;2025-11-18;19;1399.64
1;2025-11-18;20;881.009
1;2025-11-18;21;476.995
1;2025-11-18;22;214.876
1;2025-11-18;23;40.417
1;2025-11-19;0;3.822
1;2025-11-19;1;0.001
1;2025-11-19;2;0.001
1;2025-11-19;3;0.005
1;2025-11-19;4;8.872
1;2025-11-19;5;135.92
1;2025-11-19;6;549.182
1;2025-11-19;7;1536.971
1;2025-11-19;8;1959.355
1;2025-11-19;9;1468.187
1;2025-11-19;10;1336.36
1;2025-11-19;11;1362.462
1;2025-11-19;12;1406.22
1;2025-11-19;13;1471.643
1;2025-11-19;14;1397.243
1;2025-11-19;15;1529.461
1;2025-11-19;16;1538.316
1;2025-11-19;17;1810.224
1;2025-11-19;18;1819.487
1;2025-11-19;19;1377.978
1;2025-11-19;20;893.293
1;2025-11-19;21;486.398
1;2025-11-19;22;224.775
1;2025-11-19;23;42.07
1;2025-11-20;0;4.906
1;2025-11-20;1;0.001
1;2025-11-20;2;0.001
1;2025-11-20;3;0.004
1;2025-11-20;4;8.453
1;2025-11-20;5;130.072
1;2025-11-20;6;525.218
1;2025-11-20;7;1525.538
1;2025-11-20;8;1998.675
1;2025-11-20;9;1494.182
1;2025-11-20;10;1352.329
1;2025-11-20;11;1375.571
1;2025-11-20;12;1438.248
1;2025-11-20;13;1464.799
1;2025-11-20;14;1434.809
1;2025-11-20;15;1560.376
1;2025-11-20;16;1584.852
1;2025-11-20;17;1827.035
1;2025-11-20;18;1829.524
1;2025-11-20;19;1371.051
1;2025-11-20;20;884.192
1;2025-11-20;21;489.365
1;2025-11-20;22;216.212
1;2025-11-20;23;47.314
1;2025-11-21;0;4.726
1;2025-11-21;1;0.001
1;2025-11-21;2;0.001
1;2025-11-21;3;0.005
1;2025-11-21;4;7.419
1;2025-11-21;5;135.69
1;2025-11-21;6;518.484
1;2025-11-21;7;1527.761
1;2025-11-21;8;1883.739
1;2025-11-21;9;1448.084
1;2025-11-21;10;1326.03
1;2025-11-21;11;1407.736
1;2025-11-21;12;1399.292
1;2025-11-21;13;1450.101
1;2025-11-21;14;1386.826
1;2025-11-21;15;1549.953
1;2025-11-21;16;1629.074
1;2025-11-21;17;1798.538
1;2025-11-21;18;1596.839
1;2025-11-21;19;1199.538
1;2025-11-21;20;807.612
1;2025-11-21;21;494.183
1;2025-11-21;22;225.206
1;2025-11-21;23;50.615
1;2025-11-22;0;5.574
1;2025-11-22;1;0.001
1;2025-11-22;2;0.002
1;2025-11-22;3;0.006
1;2025-11-22;4;0.078
1;2025-11-22;5;32.313
1;2025-11-22;6;172.77
1;2025-11-22;7;353.72
1;2025-11-22;8;490.174
1;2025-11-22;9;759.371
1;2025-11-22;10;891.76
1;2025-11-22;11;855.706
1;2025-11-22;12;1057.778
1;2025-11-22;13;1100.7
1;2025-11-22;14;1018.144
1;2025-11-22;15;884.254
1;2025-11-22;16;809.709
1;2025-11-22;17;748.134
1;2025-11-22;18;663.109
1;2025-11-22;19;596.091
1;2025-11-22;20;430.362
1;2025-11-22;21;309.187
1;2025-11-22;22;133.378
1;2025-11-22;23;34.802
1;2025-11-23;0;0.037
1;2025-11-23;1;0.001
1;2025-11-23;2;0.001
1;2025-11-23;3;0.004
1;2025-11-23;4;0.0
1;2025-11-23;5;23.813
1;2025-11-23;6;125.764
1;2025-11-23;7;259.669
1;2025-11-23;8;361.289
1;2025-11-23;9;615.999
1;2025-11-23;10;706.006
1;2025-11-23;11;729.193
1;2025-11-23;12;886.972
1;2025-11-23;13;914.832
1;2025-11-23;14;816.389
1;2025-11-23;15;740.576
1;2025-11-23;16;676.33
1;2025-11-23;17;629.84
1;2025-11-23;18;559.962
1;2025-11-23;19;447.842
1;2025-11-23;20;347.005
1;2025-11-23;21;264.438
1;2025-11-23;22;101.754
1;2025-11-23;23;30.87
1;2025-11-24;0;0.033
1;2025-11-24;1;0.001
1;2025-11-24;2;0.001
1;2025-11-24;3;0.006
1;2025-11-24;4;9.289
1;2025-11-24;5;135.013
1;2025-11-24;6;543.966
1;2025-11-24;7;1513.404
1;2025-11-24;8;1939.072
1;2025-11-24;9;1460.951
1;2025-11-24;10;1282.94
1;2025-11-24;11;1336.061
1;2025-11-24;12;1387.606
1;2025-11-24;13;1406.318
1;2025-11-24;14;1378.163
1;2025-11-24;15;1526.894
1;2025-11-24;16;1589.575
1;2025-11-24;17;1846.298
1;2025-11-24;18;1921.899
1;2025-11-24;19;1427.609
1;2025-11-24;20;889.472
1;2025-11-24;21;483.273
1;2025-11-24;22;200.25
1;2025-11-24;23;39.361
1;2025-11-25;0;2.923
1;2025-11-25;1;0.001
1;2025-11-25;2;0.002
1;2025-11-25;3;0.007
1;2025-11-25;4;8.018
1;2025-11-25;5;131.03
1;2025-11-25;6;545.23
1;2025-11-25;7;1567.041
1;2025-11-25;8;1925.077
1;2025-11-25;9;1505.087
1;2025-11-25;10;1338.458
1;2025-11-25;11;1357.236
1;2025-11-25;12;1394.64
1;2025-11-25;13;1422.536
1;2025-11-25;14;1345.088
1;2025-11-25;15;1471.915
1;2025-11-25;16;1486.613
1;2025-11-25;17;1761.205
1;2025-11-25;18;1793.557
1;2025-11-25;19;1396.641
1;2025-11-25;20;877.893
1;2025-11-25;21;476.559
1;2025-11-25;22;212.822
1;2025-11-25;23;40.386
1;2025-11-26;0;3.808
1;2025-11-26;1;0.001
1;2025-11-26;2;0.001
1;2025-11-26;3;0.005
1;2025-11-26;4;8.952
1;2025-11-26;5;135.168
1;2025-11-26;6;548.879
1;2025-11-26;7;1538.923
1;2025-11-26;8;1960.504
1;2025-11-26;9;1469.731
1;2025-11-26;10;1337.903
1;2025-11-26;11;1362.782
1;2025-11-26;12;1408.454
1;2025-11-26;13;1470.537
1;2025-11-26;14;1396.596
1;2025-11-26;15;1529.637
1;2025-11-26;16;1537.687
1;2025-11-26;17;1811.364
1;2025-11-26;18;1814.517
1;2025-11-26;19;1374.56
1;2025-11-26;20;890.658
1;2025-11-26;21;485.629
1;2025-11-26;22;223.008
1;2025-11-26;23;42.003
1;2025-11-27;0;4.794
1;2025-11-27;1;0.001
1;2025-11-27;2;0.001
1;2025-11-27;3;0.006
1;2025-11-27;4;8.466
1;2025-11-27;5;129.413
1;2025-11-27;6;525.002
1;2025-11-27;7;1525.278
1;2025-11-27;8;1999.402
1;2025-11-27;9;1491.903
1;2025-11-27;10;1350.603
1;2025-11-27;11;1374.542
1;2025-11-27;12;1438.24
1;2025-11-27;13;1461.853
1;2025-11-27;14;1433.846
1;2025-11-27;15;1559.8
1;2025-11-27;16;1583.654
1;2025-11-27;17;1826.641
1;2025-11-27;18;1825.735
1;2025-11-27;19;1366.56
1;2025-11-27;20;881.4
1;2025-11-27;21;488.538
1;2025-11-27;22;214.113
1;2025-11-27;23;47.054
1;2025-11-28;0;4.731
1;2025-11-28;1;0.001
1;2025-11-28;2;0.001
1;2025-11-28;3;0.005
1;2025-11-28;4;7.561
1;2025-11-28;5;134.903
1;2025-11-28;6;517.344
1;2025-11-28;7;1526.237
1;2025-11-28;8;1884.368
1;2025-11-28;9;1443.608
1;2025-11-28;10;1323.855
1;2025-11-28;11;1405.309
1;2025-11-28;12;1393.919
1;2025-11-28;13;1446.624
1;2025-11-28;14;1385.182
1;2025-11-28;15;1549.244
1;2025-11-28;16;1628.385
1;2025-11-28;17;1797.626
1;2025-11-28;18;1594.247
1;2025-11-28;19;1197.667
1;2025-11-28;20;805.792
1;2025-11-28;21;493.425
1;2025-11-28;22;223.117
1;2025-11-28;23;50.222
1;2025-11-29;0;5.519
1;2025-11-29;1;0.002
1;2025-11-29;2;0.001
1;2025-11-29;3;0.005
1;2025-11-29;4;0.08
1;2025-11-29;5;31.819
1;2025-11-29;6;171.813
1;2025-11-29;7;353.19
1;2025-11-29;8;488.02
1;2025-11-29;9;756.841
1;2025-11-29;10;893.581
1;2025-11-29;11;853.365
1;2025-11-29;12;1049.569
1;2025-11-29;13;1100.199
1;2025-11-29;14;1014.823
1;2025-11-29;15;881.324
1;2025-11-29;16;806.504
1;2025-11-29;17;744.952
1;2025-11-29;18;659.724
1;2025-11-29;19;589.972
1;2025-11-29;20;426.321
1;2025-11-29;21;306.813
1;2025-11-29;22;132.781
1;2025-11-29;23;34.672
1;2025-11-30;0;0.029
1;2025-11-30;1;0.001
1;2025-11-30;2;0.001
1;2025-11-30;3;0.004
1;2025-11-30;4;0.0
1;2025-11-30;5;23.724
1;2025-11-30;6;124.633
1;2025-11-30;7;261.395
1;2025-11-30;8;364.249
1;2025-11-30;9;610.776
1;2025-11-30;10;703.714
1;2025-11-30;11;724.558
1;2025-11-30;12;880.82
1;2025-11-30;13;911.414
1;2025-11-30;14;815.641
1;2025-11-30;15;739.954
1;2025-11-30;16;675.547
1;2025-11-30;17;628.778
1;2025-11-30;18;558.323
1;2025-11-30;19;443.286
1;2025-11-30;20;346.011
1;2025-11-30;21;263.08
1;2025-11-30;22;101.482
1;2025-11-30;23;30.681
1;2025-12-01;0;0.024
1;2025-12-01;1;0.001
1;2025-12-01;2;0.002
1;2025-12-01;3;0.006
1;2025-12-01;4;9.317
1;2025-12-01;5;135.603
1;2025-12-01;6;544.065
1;2025-12-01;7;1515.251
1;2025-12-01;8;1936.9
1;2025-12-01;9;1462.394
1;2025-12-01;10;1279.114
1;2025-12-01;11;1337.281
1;2025-12-01;12;1385.334
1;2025-12-01;13;1405.272
1;2025-12-01;14;1378.888
1;2025-12-01;15;1527.736
1;2025-12-01;16;1591.867
1;2025-12-01;17;1844.88
1;2025-12-01;18;1922.937
1;2025-12-01;19;1427.861
1;2025-12-01;20;889.339
1;2025-12-01;21;481.745
1;2025-12-01;22;200.177
1;2025-12-01;23;39.164
1;2025-12-02;0;2.933
1;2025-12-02;1;0.001
1;2025-12-02;2;0.002
1;2025-12-02;3;0.007
1;2025-12-02;4;8.038
1;2025-12-02;5;131.502
1;2025-12-02;6;545.163
1;2025-12-02;7;1566.411
1;2025-12-02;8;1922.901
1;2025-12-02;9;1503.536
1;2025-12-02;10;1334.202
1;2025-12-02;11;1357.022
1;2025-12-02;12;1391.888
1;2025-12-02;13;1418.907
1;2025-12-02;14;1341.278
1;2025-12-02;15;1469.64
1;2025-12-02;16;1485.857
1;2025-12-02;17;1760.441
1;2025-12-02;18;1794.359
1;2025-12-02;19;1397.515
1;2025-12-02;20;877.257
1;2025-12-02;21;475.427
1;2025-12-02;22;212.861
1;2025-12-02;23;40.208
1;2025-12-03;0;3.78
1;2025-12-03;1;0.001
1;2025-12-03;2;0.001
1;2025-12-03;3;0.005
1;2025-12-03;4;8.921
1;2025-12-03;5;135.469
1;2025-12-03;6;548.855
1;2025-12-03;7;1529.273
1;2025-12-03;8;1953.479
1;2025-12-03;9;1471.974
1;2025-12-03;10;1334.15
1;2025-12-03;11;1366.397
1;2025-12-03;12;1409.907
1;2025-12-03;13;1472.369
1;2025-12-03;14;1393.85
1;2025-12-03;15;1526.131
1;2025-12-03;16;1533.006
1;2025-12-03;17;1807.289
1;2025-12-03;18;1812.442
1;2025-12-03;19;1374.45
1;2025-12-03;20;889.257
1;2025-12-03;21;485.124
1;2025-12-03;22;222.559
1;2025-12-03;23;41.504
1;2025-12-04;0;4.8
1;2025-12-04;1;0.001
1;2025-12-04;2;0.001
1;2025-12-04;3;0.004
1;2025-12-04;4;8.495
1;2025-12-04;5;129.555
1;2025-12-04;6;525.044
1;2025-12-04;7;1518.215
1;2025-12-04;8;1989.412
1;2025-12-04;9;1496.438
1;2025-12-04;10;1352.495
1;2025-12-04;11;1380.47
1;2025-12-04;12;1442.928
1;2025-12-04;13;1463.305
1;2025-12-04;14;1435.271
1;2025-12-04;15;1555.522
1;2025-12-04;16;1578.948
1;2025-12-04;17;1821.686
1;2025-12-04;18;1820.348
1;2025-12-04;19;1365.825
1;2025-12-04;20;879.368
1;2025-12-04;21;487.914
1;2025-12-04;22;213.515
1;2025-12-04;23;46.704
1;2025-12-05;0;4.665
1;2025-12-05;1;0.001
1;2025-12-05;2;0.001
1;2025-12-05;3;0.005
1;2025-12-05;4;7.643
1;2025-12-05;5;134.94
1;2025-12-05;6;517.258
1;2025-12-05;7;1519.025
1;2025-12-05;8;1879.904
1;2025-12-05;9;1449.195
1;2025-12-05;10;1326.792
1;2025-12-05;11;1414.525
1;2025-12-05;12;1400.718
1;2025-12-05;13;1450.103
1;2025-12-05;14;1390.268
1;2025-12-05;15;1547.133
1;2025-12-05;16;1627.134
1;2025-12-05;17;1796.411
1;2025-12-05;18;1599.94
1;2025-12-05;19;1202.204
1;2025-12-05;20;806.197
1;2025-12-05;21;494.001
1;2025-12-05;22;223.532
1;2025-12-05;23;50.078
1;2025-12-06;0;5.657
1;2025-12-06;1;0.002
1;2025-12-06;2;0.001
1;2025-12-06;3;0.004
1;2025-12-06;4;0.071
1;2025-12-06;5;31.545
1;2025-12-06;6;171.157
1;2025-12-06;7;353.893
1;2025-12-06;8;490.383
1;2025-12-06;9;762.163
1;2025-12-06;10;891.67
1;2025-12-06;11;861.908
1;2025-12-06;12;1059.524
1;2025-12-06;13;1104.904
1;2025-12-06;14;1022.226
1;2025-12-06;15;893.177
1;2025-12-06;16;815.53
1;2025-12-06;17;753.453
1;2025-12-06;18;665.151
1;2025-12-06;19;595.823
1;2025-12-06;20;427.195
1;2025-12-06;21;309.019
1;2025-12-06;22;133.747
1;2025-12-06;23;34.635
1;2025-12-07;0;0.048
1;2025-12-07;1;0.001
1;2025-12-07;2;0.001
1;2025-12-07;3;0.005
1;2025-12-07;4;0.0
1;2025-12-07;5;22.97
1;2025-12-07;6;124.027
1;2025-12-07;7;257.5
1;2025-12-07;8;358.328
1;2025-12-07;9;611.754
1;2025-12-07;10;707.789
1;2025-12-07;11;731.798
1;2025-12-07;12;888.767
1;2025-12-07;13;914.657
1;2025-12-07;14;820.489
1;2025-12-07;15;741.407
1;2025-12-07;16;674.93
1;2025-12-07;17;626.797
1;2025-12-07;18;554.027
1;2025-12-07;19;442.714
1;2025-12-07;20;341.465
1;2025-12-07;21;261.637
1;2025-12-07;22;101.606
1;2025-12-07;23;30.673
1;2025-12-08;0;0.051
1;2025-12-08;1;0.001
1;2025-12-08;2;0.002
1;2025-12-08;3;0.006
1;2025-12-08;4;9.392
1;2025-12-08;5;134.566
1;2025-12-08;6;543.172
1;2025-12-08;7;1505.471
1;2025-12-08;8;1929.464
1;2025-12-08;9;1459.074
1;2025-12-08;10;1277.887
1;2025-12-08;11;1334.444
1;2025-12-08;12;1389.597
1;2025-12-08;13;1405.007
1;2025-12-08;14;1374.932
1;2025-12-08;15;1523.47
1;2025-12-08;16;1586.563
1;2025-12-08;17;1837.23
1;2025-12-08;18;1917.798
1;2025-12-08;19;1421.159
1;2025-12-08;20;885.874
1;2025-12-08;21;480.536
1;2025-12-08;22;197.969
1;2025-12-08;23;38.959
1;2025-12-09;0;2.847
1;2025-12-09;1;0.001
1;2025-12-09;2;0.001
1;2025-12-09;3;0.004
1;2025-12-09;4;8.039
1;2025-12-09;5;130.614
1;2025-12-09;6;545.1
1;2025-12-09;7;1560.642
1;2025-12-09;8;1918.786
1;2025-12-09;9;1504.74
1;2025-12-09;10;1336.657
1;2025-12-09;11;1360.06
1;2025-12-09;12;1397.492
1;2025-12-09;13;1421.256
1;2025-12-09;14;1343.083
1;2025-12-09;15;1470.798
1;2025-12-09;16;1482.538
1;2025-12-09;17;1755.833
1;2025-12-09;18;1791.061
1;2025-12-09;19;1393.262
1;2025-12-09;20;875.592
1;2025-12-09;21;474.818
1;2025-12-09;22;211.25
1;2025-12-09;23;40.027
1;2025-12-10;0;3.862
1;2025-12-10;1;0.002
1;2025-12-10;2;0.002
1;2025-12-10;3;0.006
1;2025-12-10;4;8.991
1;2025-12-10;5;135.225
1;2025-12-10;6;549.57
1;2025-12-10;7;1533.77
1;2025-12-10;8;1957.451
1;2025-12-10;9;1474.163
1;2025-12-10;10;1339.374
1;2025-12-10;11;1369.31
1;2025-12-10;12;1413.93
1;2025-12-10;13;1473.109
1;2025-12-10;14;1394.758
1;2025-12-10;15;1532.234
1;2025-12-10;16;1534.838
1;2025-12-10;17;1809.829
1;2025-12-10;18;1816.266
1;2025-12-10;19;1375.102
1;2025-12-10;20;889.985
1;2025-12-10;21;485.362
1;2025-12-10;22;221.333
1;2025-12-10;23;41.651
1;2025-12-11;0;4.855
1;2025-12-11;1;0.001
1;2025-12-11;2;0.002
1;2025-12-11;3;0.006
1;2025-12-11;4;8.582
1;2025-12-11;5;129.403
1;2025-12-11;6;525.41
1;2025-12-11;7;1520.849
1;2025-12-11;8;1994.603
1;2025-12-11;9;1496.104
1;2025-12-11;10;1351.978
1;2025-12-11;11;1379.783
1;2025-12-11;12;1442.452
1;2025-12-11;13;1463.158
1;2025-12-11;14;1434.445
1;2025-12-11;15;1559.566
1;2025-12-11;16;1579.742
1;2025-12-11;17;1822.646
1;2025-12-11;18;1826.368
1;2025-12-11;19;1367.841
1;2025-12-11;20;880.314
1;2025-12-11;21;487.669
1;2025-12-11;22;212.672
1;2025-12-11;23;46.928
1;2025-12-12;0;4.737
1;2025-12-12;1;0.002
1;2025-12-12;2;0.001
1;2025-12-12;3;0.006
1;2025-12-12;4;7.65
1;2025-12-12;5;135.032
1;2025-12-12;6;516.228
1;2025-12-12;7;1519.004
1;2025-12-12;8;1878.453
1;2025-12-12;9;1445.032
1;2025-12-12;10;1322.77
1;2025-12-12;11;1409.723
1;2025-12-12;12;1399.098
1;2025-12-12;13;1448.265
1;2025-12-12;14;1386.558
1;2025-12-12;15;1546.934
1;2025-12-12;16;1624.32
1;2025-12-12;17;1789.852
1;2025-12-12;18;1596.648
1;2025-12-12;19;1199.149
1;2025-12-12;20;804.368
1;2025-12-12;21;492.703
1;2025-12-12;22;223.095
1;2025-12-12;23;50.273
1;2025-12-13;0;5.593
1;2025-12-13;1;0.002
1;2025-12-13;2;0.002
1;2025-12-13;3;0.008
1;2025-12-13;4;0.044
1;2025-12-13;5;31.127
1;2025-12-13;6;169.416
1;2025-12-13;7;349.379
1;2025-12-13;8;484.545
1;2025-12-13;9;750.653
1;2025-12-13;10;888.164
1;2025-12-13;11;856.8
1;2025-12-13;12;1058.056
1;2025-12-13;13;1100.627
1;2025-12-13;14;1017.592
1;2025-12-13;15;883.486
1;2025-12-13;16;808.496
1;2025-12-13;17;745.379
1;2025-12-13;18;657.578
1;2025-12-13;19;589.027
1;2025-12-13;20;422.965
1;2025-12-13;21;307.69
1;2025-12-13;22;133.235
1;2025-12-13;23;34.84
1;2025-12-14;0;0.042
1;2025-12-14;1;0.001
1;2025-12-14;2;0.001
1;2025-12-14;3;0.005
1;2025-12-14;4;0.0
1;2025-12-14;5;23.538
1;2025-12-14;6;125.206
1;2025-12-14;7;260.585
1;2025-12-14;8;364.071
1;2025-12-14;9;613.404
1;2025-12-14;10;706.045
1;2025-12-14;11;731.438
1;2025-12-14;12;889.986
1;2025-12-14;13;912.204
1;2025-12-14;14;818.566
1;2025-12-14;15;742.428
1;2025-12-14;16;676.448
1;2025-12-14;17;630.855
1;2025-12-14;18;555.987
1;2025-12-14;19;444.818
1;2025-12-14;20;342.49
1;2025-12-14;21;262.248
1;2025-12-14;22;100.947
1;2025-12-14;23;30.775
1;2025-12-15;0;0.056
1;2025-12-15;1;0.002
1;2025-12-15;2;0.002
1;2025-12-15;3;0.004
1;2025-12-15;4;9.452
1;2025-12-15;5;135.258
1;2025-12-15;6;544.998
1;2025-12-15;7;1509.439
1;2025-12-15;8;1935.251
1;2025-12-15;9;1464.407
1;2025-12-15;10;1279.474
1;2025-12-15;11;1338.386
1;2025-12-15;12;1396.571
1;2025-12-15;13;1408.283
1;2025-12-15;14;1376.479
1;2025-12-15;15;1525.954
1;2025-12-15;16;1589.213
1;2025-12-15;17;1842.937
1;2025-12-15;18;1926.44
1;2025-12-15;19;1427.268
1;2025-12-15;20;889.011
1;2025-12-15;21;481.548
1;2025-12-15;22;197.786
1;2025-12-15;23;39.131
1;2025-12-16;0;2.798
1;2025-12-16;1;0.002
1;2025-12-16;2;0.002
1;2025-12-16;3;0.006
1;2025-12-16;4;8.113
1;2025-12-16;5;130.64
1;2025-12-16;6;544.962
1;2025-12-16;7;1556.377
1;2025-12-16;8;1915.573
1;2025-12-16;9;1506.556
1;2025-12-16;10;1336.732
1;2025-12-16;11;1359.718
1;2025-12-16;12;1399.465
1;2025-12-16;13;1419.973
1;2025-12-16;14;1339.38
1;2025-12-16;15;1465.312
1;2025-12-16;16;1482.01
1;2025-12-16;17;1753.996
1;2025-12-16;18;1795.14
1;2025-12-16;19;1393.605
1;2025-12-16;20;876.681
1;2025-12-16;21;475.098
1;2025-12-16;22;210.248
1;2025-12-16;23;40.304
1;2025-12-17;0;3.76
1;2025-12-17;1;0.001
1;2025-12-17;2;0.002
1;2025-12-17;3;0.007
1;2025-12-17;4;9.009
1;2025-12-17;5;135.176
1;2025-12-17;6;548.701
1;2025-12-17;7;1528.289
1;2025-12-17;8;1954.47
1;2025-12-17;9;1474.204
1;2025-12-17;10;1336.949
1;2025-12-17;11;1366.329
1;2025-12-17;12;1412.102
1;2025-12-17;13;1469.254
1;2025-12-17;14;1390.963
1;2025-12-17;15;1525.243
1;2025-12-17;16;1533.864
1;2025-12-17;17;1807.158
1;2025-12-17;18;1817.521
1;2025-12-17;19;1375.896
1;2025-12-17;20;888.995
1;2025-12-17;21;484.325
1;2025-12-17;22;220.24
1;2025-12-17;23;41.907
1;2025-12-18;0;4.898
1;2025-12-18;1;0.001
1;2025-12-18;2;0.002
1;2025-12-18;3;0.005
1;2025-12-18;4;8.625
1;2025-12-18;5;129.003
1;2025-12-18;6;525.294
1;2025-12-18;7;1517.608
1;2025-12-18;8;1996.154
1;2025-12-18;9;1500.164
1;2025-12-18;10;1353.715
1;2025-12-18;11;1379.235
1;2025-12-18;12;1442.503
1;2025-12-18;13;1462.795
1;2025-12-18;14;1429.123
1;2025-12-18;15;1556.389
1;2025-12-18;16;1578.238
1;2025-12-18;17;1825.768
1;2025-12-18;18;1827.167
1;2025-12-18;19;1368.548
1;2025-12-18;20;880.36
1;2025-12-18;21;486.87
1;2025-12-18;22;212.464
1;2025-12-18;23;47.17
1;2025-12-19;0;4.725
1;2025-12-19;1;0.001
1;2025-12-19;2;0.002
1;2025-12-19;3;0.006
1;2025-12-19;4;7.69
1;2025-12-19;5;135.097
1;2025-12-19;6;517.692
1;2025-12-19;7;1509.384
1;2025-12-19;8;1870.852
1;2025-12-19;9;1448.648
1;2025-12-19;10;1327.948
1;2025-12-19;11;1409.507
1;2025-12-19;12;1398.113
1;2025-12-19;13;1447.506
1;2025-12-19;14;1378.838
1;2025-12-19;15;1540.653
1;2025-12-19;16;1620.221
1;2025-12-19;17;1788.872
1;2025-12-19;18;1598.727
1;2025-12-19;19;1199.664
1;2025-12-19;20;804.311
1;2025-12-19;21;493.572
1;2025-12-19;22;222.683
1;2025-12-19;23;50.698
1;2025-12-20;0;5.593
1;2025-12-20;1;0.001
1;2025-12-20;2;0.001
1;2025-12-20;3;0.005
1;2025-12-20;4;0.047
1;2025-12-20;5;32.337
1;2025-12-20;6;175.47
1;2025-12-20;7;365.688
1;2025-12-20;8;502.026
1;2025-12-20;9;765.724
1;2025-12-20;10;902.567
1;2025-12-20;11;864.145
1;2025-12-20;12;1065.44
1;2025-12-20;13;1113.774
1;2025-12-20;14;1024.439
1;2025-12-20;15;895.871
1;2025-12-20;16;828.092
1;2025-12-20;17;764.751
1;2025-12-20;18;670.532
1;2025-12-20;19;598.531
1;2025-12-20;20;429.853
1;2025-12-20;21;308.648
1;2025-12-20;22;133.887
1;2025-12-20;23;35.516
1;2025-12-21;0;0.053
1;2025-12-21;1;0.001
1;2025-12-21;2;0.001
1;2025-12-21;3;0.004
1;2025-12-21;4;0.0
1;2025-12-21;5;23.255
1;2025-12-21;6;126.228
1;2025-12-21;7;258.566
1;2025-12-21;8;360.78
1;2025-12-21;9;608.178
1;2025-12-21;10;697.065
1;2025-12-21;11;717.605
1;2025-12-21;12;871.736
1;2025-12-21;13;901.497
1;2025-12-21;14;805.431
1;2025-12-21;15;732.159
1;2025-12-21;16;672.42
1;2025-12-21;17;630.436
1;2025-12-21;18;553.718
1;2025-12-21;19;441.734
1;2025-12-21;20;339.972
1;2025-12-21;21;258.644
1;2025-12-21;22;100.606
1;2025-12-21;23;30.804
1;2025-12-22;0;0.063
1;2025-12-22;1;0.001
1;2025-12-22;2;0.001
1;2025-12-22;3;0.004
1;2025-12-22;4;9.408
1;2025-12-22;5;135.064
1;2025-12-22;6;542.843
1;2025-12-22;7;1501.255
1;2025-12-22;8;1927.803
1;2025-12-22;9;1462.769
1;2025-12-22;10;1283.716
1;2025-12-22;11;1338.314
1;2025-12-22;12;1389.363
1;2025-12-22;13;1406.239
1;2025-12-22;14;1370.949
1;2025-12-22;15;1520.011
1;2025-12-22;16;1584.157
1;2025-12-22;17;1834.153
1;2025-12-22;18;1916.259
1;2025-12-22;19;1420.483
1;2025-12-22;20;885.616
1;2025-12-22;21;481.548
1;2025-12-22;22;197.288
1;2025-12-22;23;39.365
1;2025-12-23;0;2.762
1;2025-12-23;1;0.001
1;2025-12-23;2;0.002
1;2025-12-23;3;0.007
1;2025-12-23;4;8.147
1;2025-12-23;5;130.755
1;2025-12-23;6;542.581
1;2025-12-23;7;1547.439
1;2025-12-23;8;1908.771
1;2025-12-23;9;1503.119
1;2025-12-23;10;1334.44
1;2025-12-23;11;1355.845
1;2025-12-23;12;1391.202
1;2025-12-23;13;1417.619
1;2025-12-23;14;1333.685
1;2025-12-23;15;1460.6
1;2025-12-23;16;1475.294
1;2025-12-23;17;1748.219
1;2025-12-23;18;1790.741
1;2025-12-23;19;1389.331
1;2025-12-23;20;873.557
1;2025-12-23;21;473.454
1;2025-12-23;22;210.673
1;2025-12-23;23;40.221
1;2025-12-24;0;3.815
1;2025-12-24;1;0.001
1;2025-12-24;2;0.002
1;2025-12-24;3;0.008
1;2025-12-24;4;9.083
1;2025-12-24;5;135.679
1;2025-12-24;6;546.982
1;2025-12-24;7;1520.582
1;2025-12-24;8;1944.22
1;2025-12-24;9;1471.783
1;2025-12-24;10;1333.891
1;2025-12-24;11;1363.668
1;2025-12-24;12;1405.696
1;2025-12-24;13;1465.512
1;2025-12-24;14;1382.102
1;2025-12-24;15;1516.917
1;2025-12-24;16;1525.402
1;2025-12-24;17;1798.878
1;2025-12-24;18;1813.076
1;2025-12-24;19;1368.97
1;2025-12-24;20;887.334
1;2025-12-24;21;483.139
1;2025-12-24;22;221.459
1;2025-12-24;23;41.799
1;2025-12-25;0;4.796
1;2025-12-25;1;0.001
1;2025-12-25;2;0.002
1;2025-12-25;3;0.005
1;2025-12-25;4;8.605
1;2025-12-25;5;129.123
1;2025-12-25;6;522.617
1;2025-12-25;7;1504.979
1;2025-12-25;8;1978.171
1;2025-12-25;9;1490.715
1;2025-12-25;10;1346.678
1;2025-12-25;11;1372.475
1;2025-12-25;12;1432.529
1;2025-12-25;13;1454.14
1;2025-12-25;14;1415.813
1;2025-12-25;15;1542.496
1;2025-12-25;16;1566.348
1;2025-12-25;17;1809.487
1;2025-12-25;18;1819.272
1;2025-12-25;19;1360.819
1;2025-12-25;20;875.177
1;2025-12-25;21;485.725
1;2025-12-25;22;212.946
1;2025-12-25;23;47.204
1;2025-12-26;0;4.555
1;2025-12-26;1;0.001
1;2025-12-26;2;0.002
1;2025-12-26;3;0.006
1;2025-12-26;4;7.644
1;2025-12-26;5;135.048
1;2025-12-26;6;515.351
1;2025-12-26;7;1499.827
1;2025-12-26;8;1866.02
1;2025-12-26;9;1447.755
1;2025-12-26;10;1322.989
1;2025-12-26;11;1405.165
1;2025-12-26;12;1394.489
1;2025-12-26;13;1437.893
1;2025-12-26;14;1366.668
1;2025-12-26;15;1526.842
1;2025-12-26;16;1607.814
1;2025-12-26;17;1781.111
1;2025-12-26;18;1594.108
1;2025-12-26;19;1198.356
1;2025-12-26;20;801.103
1;2025-12-26;21;492.601
1;2025-12-26;22;222.269
1;2025-12-26;23;50.207
1;2025-12-27;0;4.891
1;2025-12-27;1;0.001
1;2025-12-27;2;0.002
1;2025-12-27;3;0.006
1;2025-12-27;4;0.047
1;2025-12-27;5;29.014
1;2025-12-27;6;157.327
1;2025-12-27;7;325.087
1;2025-12-27;8;445.336
1;2025-12-27;9;685.041
1;2025-12-27;10;807.426
1;2025-12-27;11;769.911
1;2025-12-27;12;952.008
1;2025-12-27;13;989.836
1;2025-12-27;14;906.605
1;2025-12-27;15;792.34
1;2025-12-27;16;736.616
1;2025-12-27;17;682.653
1;2025-12-27;18;597.991
1;2025-12-27;19;534.928
1;2025-12-27;20;384.391
1;2025-12-27;21;275.958
1;2025-12-27;22;118.879
1;2025-12-27;23;31.039
1;2025-12-28;0;0.049
1;2025-12-28;1;0.001
1;2025-12-28;2;0.001
1;2025-12-28;3;0.006
1;2025-12-28;4;0.0
1;2025-12-28;5;21.446
1;2025-12-28;6;115.818
1;2025-12-28;7;236.878
1;2025-12-28;8;328.402
1;2025-12-28;9;553.343
1;2025-12-28;10;634.327
1;2025-12-28;11;653.699
1;2025-12-28;12;799.133
1;2025-12-28;13;820.198
1;2025-12-28;14;733.729
1;2025-12-28;15;662.406
1;2025-12-28;16;609.228
1;2025-12-28;17;573.41
1;2025-12-28;18;503.651
1;2025-12-28;19;401.459
1;2025-12-28;20;310.046
1;2025-12-28;21;236.242
1;2025-12-28;22;91.63
1;2025-12-28;23;27.504
1;2025-12-29;0;0.038
1;2025-12-29;1;0.001
1;2025-12-29;2;0.002
1;2025-12-29;3;0.007
1;2025-12-29;4;8.69
1;2025-12-29;5;124.961
1;2025-12-29;6;501.511
1;2025-12-29;7;1387.292
1;2025-12-29;8;1780.268
1;2025-12-29;9;1354.097
1;2025-12-29;10;1186.157
1;2025-12-29;11;1237.518
1;2025-12-29;12;1279.655
1;2025-12-29;13;1299.423
1;2025-12-29;14;1264.391
1;2025-12-29;15;1400.69
1;2025-12-29;16;1462.114
1;2025-12-29;17;1697.064
1;2025-12-29;18;1771.681
1;2025-12-29;19;1311.923
1;2025-12-29;20;819.289
1;2025-12-29;21;443.145
1;2025-12-29;22;183.206
1;2025-12-29;23;35.933
1;2025-12-30;0;2.522
1;2025-12-30;1;0.001
1;2025-12-30;2;0.002
1;2025-12-30;3;0.006
1;2025-12-30;4;7.529
1;2025-12-30;5;121.476
1;2025-12-30;6;502.626
1;2025-12-30;7;1434.49
1;2025-12-30;8;1769.405
1;2025-12-30;9;1393.885
1;2025-12-30;10;1235.68
1;2025-12-30;11;1254.276
1;2025-12-30;12;1285.707
1;2025-12-30;13;1309.979
1;2025-12-30;14;1228.8
1;2025-12-30;15;1348.328
1;2025-12-30;16;1366.336
1;2025-12-30;17;1622.005
1;2025-12-30;18;1656.476
1;2025-12-30;19;1285.91
1;2025-12-30;20;809.089
1;2025-12-30;21;437.532
1;2025-12-30;22;194.907
1;2025-12-30;23;36.808
1;2025-12-31;0;0.29
1;2025-12-31;1;0.001
1;2025-12-31;2;0.002
1;2025-12-31;3;0.006
1;2025-12-31;4;2.195
1;2025-12-31;5;24.577
1;2025-12-31;6;130.871
1;2025-12-31;7;257.864
1;2025-12-31;8;423.706
1;2025-12-31;9;652.98
1;2025-12-31;10;691.834
1;2025-12-31;11;674.242
1;2025-12-31;12;817.086
1;2025-12-31;13;824.586
1;2025-12-31;14;747.911
1;2025-12-31;15;672.812
1;2025-12-31;16;614.3
1;2025-12-31;17;621.212
1;2025-12-31;18;595.743
1;2025-12-31;19;464.985
1;2025-12-31;20;328.538
1;2025-12-31;21;258.928
1;2025-12-31;22;100.291
1;2025-12-31;23;30.016
5;2025-11-01;0;0.0
5;2025-11-01;1;0.0
5;2025-11-01;2;0.0
5;2025-11-01;3;0.0
5;2025-11-01;4;0.0
5;2025-11-01;5;0.0
5;2025-11-01;6;0.0
5;2025-11-01;7;0.0
5;2025-11-01;8;0.0
5;2025-11-01;9;0.0
5;2025-11-01;10;0.0
5;2025-11-01;11;0.0
5;2025-11-01;12;0.0
5;2025-11-01;13;0.0
5;2025-11-01;14;0.0
5;2025-11-01;15;0.0
5;2025-11-01;16;0.0
5;2025-11-01;17;0.0
5;2025-11-01;18;0.0
5;2025-11-01;19;0.0
5;2025-11-01;20;0.0
5;2025-11-01;21;0.0
5;2025-11-01;22;0.0
5;2025-11-01;23;0.0
5;2025-11-02;0;0.0
5;2025-11-02;1;0.0
5;2025-11-02;2;0.0
5;2025-11-02;3;0.0
5;2025-11-02;4;0.0
5;2025-11-02;5;0.0
5;2025-11-02;6;0.0
5;2025-11-02;7;0.0
5;2025-11-02;8;0.0
5;2025-11-02;9;0.0
5;2025-11-02;10;0.0
5;2025-11-02;11;0.0
5;2025-11-02;12;0.0
5;2025-11-02;13;0.0
5;2025-11-02;14;0.0
5;2025-11-02;15;0.0
5;2025-11-02;16;0.0
5;2025-11-02;17;0.0
5;2025-11-02;18;0.0
5;2025-11-02;19;0.0
5;2025-11-02;20;0.0
5;2025-11-02;21;0.0
5;2025-11-02;22;0.0
5;2025-11-02;23;0.0
5;2025-11-03;0;0.0
5;2025-11-03;1;0.0
5;2025-11-03;2;0.0
5;2025-11-03;3;0.0
5;2025-11-03;4;0.0
5;2025-11-03;5;0.0
5;2025-11-03;6;0.0
5;2025-11-03;7;0.0
5;2025-11-03;8;0.0
5;2025-11-03;9;0.0
5;2025-11-03;10;0.0
5;2025-11-03;11;0.0
5;2025-11-03;12;0.0
5;2025-11-03;13;0.0
5;2025-11-03;14;0.0
5;2025-11-03;15;0.0
5;2025-11-03;16;0.0
5;2025-11-03;17;0.0
5;2025-11-03;18;0.0
5;2025-11-03;19;0.0
5;2025-11-03;20;0.0
5;2025-11-03;21;0.0
5;2025-11-03;22;0.0
5;2025-11-03;23;0.0
5;2025-11-04;0;0.0
5;2025-11-04;1;0.0
5;2025-11-04;2;0.0
5;2025-11-04;3;0.0
5;2025-11-04;4;0.0
5;2025-11-04;5;0.0
5;2025-11-04;6;0.0
5;2025-11-04;7;0.0
5;2025-11-04;8;0.0
5;2025-11-04;9;0.0
5;2025-11-04;10;0.0
5;2025-11-04;11;0.0
5;2025-11-04;12;0.0
5;2025-11-04;13;0.0
5;2025-11-04;14;0.0
5;2025-11-04;15;0.0
5;2025-11-04;16;0.0
5;2025-11-04;17;0.0
5;2025-11-04;18;0.0
5;2025-11-04;19;0.0
5;2025-11-04;20;0.0
5;2025-11-04;21;0.0
5;2025-11-04;22;0.0
5;2025-11-04;23;0.0
5;2025-11-05;0;0.0
5;2025-11-05;1;0.0
5;2025-11-05;2;0.0
5;2025-11-05;3;0.0
5;2025-11-05;4;0.0
5;2025-11-05;5;0.0
5;2025-11-05;6;0.0
5;2025-11-05;7;0.0
5;2025-11-05;8;0.0
5;2025-11-05;9;0.0
5;2025-11-05;10;0.0
5;2025-11-05;11;0.0
5;2025-11-05;12;0.0
5;2025-11-05;13;0.0
5;2025-11-05;14;0.0
5;2025-11-05;15;0.0
5;2025-11-05;16;0.0
5;2025-11-05;17;0.0
5;2025-11-05;18;0.0
5;2025-11-05;19;0.0
5;2025-11-05;20;0.0
5;2025-11-05;21;0.0
5;2025-11-05;22;0.0
5;2025-11-05;23;0.0
5;2025-11-06;0;0.0
5;2025-11-06;1;0.0
5;2025-11-06;2;0.0
5;2025-11-06;3;0.0
5;2025-11-06;4;0.0
5;2025-11-06;5;0.0
5;2025-11-06;6;0.0
5;2025-11-06;7;0.0
5;2025-11-06;8;0.0
5;2025-11-06;9;0.0
5;2025-11-06;10;0.0
5;2025-11-06;11;0.0
5;2025-11-06;12;0.0
5;2025-11-06;13;0.0
5;2025-11-06;14;0.0
5;2025-11-06;15;0.0
5;2025-11-06;16;0.0
5;2025-11-06;17;0.0
5;2025-11-06;18;0.0
5;2025-11-06;19;0.0
5;2025-11-06;20;0.0
5;2025-11-06;21;0.0
5;2025-11-06;22;0.0
5;2025-11-06;23;0.0
5;2025-11-07;0;0.0
5;2025-11-07;1;0.0
5;2025-11-07;2;0.0
5;2025-11-07;3;0.0
5;2025-11-07;4;0.0
5;2025-11-07;5;0.0
5;2025-11-07;6;0.0
5;2025-11-07;7;0.0
5;2025-11-07;8;0.0
5;2025-11-07;9;0.0
5;2025-11-07;10;0.0
5;2025-11-07;11;0.0
5;2025-11-07;12;0.0
5;2025-11-07;13;0.0
5;2025-11-07;14;0.0
5;2025-11-07;15;0.0
5;2025-11-07;16;0.0
5;2025-11-07;17;0.0
5;2025-11-07;18;0.0
5;2025-11-07;19;0.0
5;2025-11-07;20;0.0
5;2025-11-07;21;0.0
5;2025-11-07;22;0.0
5;2025-11-07;23;0.0
5;2025-11-08;0;0.0
5;2025-11-08;1;0.0
5;2025-11-08;2;0.0
5;2025-11-08;3;0.0
5;2025-11-08;4;0.0
5;2025-11-08;5;0.0
5;2025-11-08;6;0.0
5;2025-11-08;7;0.0
5;2025-11-08;8;0.0
5;2025-11-08;9;0.0
5;2025-11-08;10;0.0
5;2025-11-08;11;0.0
5;2025-11-08;12;0.0
5;2025-11-08;13;0.0
5;2025-11-08;14;0.0
5;2025-11-08;15;0.0
5;2025-11-08;16;0.0
5;2025-11-08;17;0.0
5;2025-11-08;18;0.0
5;2025-11-08;19;0.0
5;2025-11-08;20;0.0
5;2025-11-08;21;0.0
5;2025-11-08;22;0.0
5;2025-11-08;23;0.0
5;2025-11-09;0;0.0
5;2025-11-09;1;0.0
5;2025-11-09;2;0.0
5;2025-11-09;3;0.0
5;2025-11-09;4;0.0
5;2025-11-09;5;0.0
5;2025-11-09;6;0.0
5;2025-11-09;7;0.0
5;2025-11-09;8;0.0
5;2025-11-09;9;0.0
5;2025-11-09;10;0.0
5;2025-11-09;11;0.0
5;2025-11-09;12;0.0
5;2025-11-09;13;0.0
5;2025-11-09;14;0.0
5;2025-11-09;15;0.0
5;2025-11-09;16;0.0
5;2025-11-09;17;0.0
5;2025-11-09;18;0.0
5;2025-11-09;19;0.0
5;2025-11-09;20;0.0
5;2025-11-09;21;0.0
5;2025-11-09;22;0.0
5;2025-11-09;23;0.0
5;2025-11-10;0;0.0
5;2025-11-10;1;0.0
5;2025-11-10;2;0.0
5;2025-11-10;3;0.0
5;2025-11-10;4;0.0
5;2025-11-10;5;0.0
5;2025-11-10;6;0.0
5;2025-11-10;7;0.0
5;2025-11-10;8;0.0
5;2025-11-10;9;0.0
5;2025-11-10;10;0.0
5;2025-11-10;11;0.0
5;2025-11-10;12;0.0
5;2025-11-10;13;0.0
5;2025-11-10;14;0.0
5;2025-11-10;15;0.0
5;2025-11-10;16;0.0
5;2025-11-10;17;0.0
5;2025-11-10;18;0.0
5;2025-11-10;19;0.0
5;2025-11-10;20;0.0
5;2025-11-10;21;0.0
5;2025-11-10;22;0.0
5;2025-11-10;23;0.0
5;2025-11-11;0;0.0
5;2025-11-11;1;0.0
5;2025-11-11;2;0.0
5;2025-11-11;3;0.0
5;2025-11-11;4;0.0
5;2025-11-11;5;0.0
5;2025-11-11;6;0.0
5;2025-11-11;7;0.0
5;2025-11-11;8;0.0
5;2025-11-11;9;0.0
5;2025-11-11;10;0.0
5;2025-11-11;11;0.0
5;2025-11-11;12;0.0
5;2025-11-11;13;0.0
5;2025-11-11;14;0.0
5;2025-11-11;15;0.0
5;2025-11-11;16;0.0
5;2025-11-11;17;0.0
5;2025-11-11;18;0.0
5;2025-11-11;19;0.0
5;2025-11-11;20;0.0
5;2025-11-11;21;0.0
5;2025-11-11;22;0.0
5;2025-11-11;23;0.0
5;2025-11-12;0;0.0
5;2025-11-12;1;0.0
5;2025-11-12;2;0.0
5;2025-11-12;3;0.0
5;2025-11-12;4;0.0
5;2025-11-12;5;0.0
5;2025-11-12;6;0.0
5;2025-11-12;7;0.0
5;2025-11-12;8;0.0
5;2025-11-12;9;0.0
5;2025-11-12;10;0.0
5;2025-11-12;11;0.0
5;2025-11-12;12;0.0
5;2025-11-12;13;0.0
5;2025-11-12;14;0.0
5;2025-11-12;15;0.0
5;2025-11-12;16;0.0
5;2025-11-12;17;0.0
5;2025-11-12;18;0.0
5;2025-11-12;19;0.0
5;2025-11-12;20;0.0
5;2025-11-12;21;0.0
5;2025-11-12;22;0.0
5;2025-11-12;23;0.0
5;2025-11-13;0;0.0
5;2025-11-13;1;0.0
5;2025-11-13;2;0.0
5;2025-11-13;3;0.0
5;2025-11-13;4;0.0
5;2025-11-13;5;0.0
5;2025-11-13;6;0.0
5;2025-11-13;7;0.0
5;2025-11-13;8;0.0
5;2025-11-13;9;0.0
5;2025-11-13;10;0.0
5;2025-11-13;11;0.0
5;2025-11-13;12;0.0
5;2025-11-13;13;0.0
5;2025-11-13;14;0.0
5;2025-11-13;15;0.0
5;2025-11-13;16;0.0
5;2025-11-13;17;0.0
5;2025-11-13;18;0.0
5;2025-11-13;19;0.0
5;2025-11-13;20;0.0
5;2025-11-13;21;0.0
5;2025-11-13;22;0.0
5;2025-11-13;23;0.0
5;2025-11-14;0;0.0
5;2025-11-14;1;0.0
5;2025-11-14;2;0.0
5;2025-11-14;3;0.0
5;2025-11-14;4;0.0
5;2025-11-14;5;0.0
5;2025-11-14;6;0.0
5;2025-11-14;7;0.0
5;2025-11-14;8;0.0
5;2025-11-14;9;0.0
5;2025-11-14;10;0.0
5;2025-11-14;11;0.0
5;2025-11-14;12;0.0
5;2025-11-14;13;0.0
5;2025-11-14;14;0.0
5;2025-11-14;15;0.0
5;2025-11-14;16;0.0
5;2025-11-14;17;0.0
5;2025-11-14;18;0.0
5;2025-11-14;19;0.0
5;2025-11-14;20;0.0
5;2025-11-14;21;0.0
5;2025-11-14;22;0.0
5;2025-11-14;23;0.0
5;2025-11-15;0;0.0
5;2025-11-15;1;0.0
5;2025-11-15;2;0.0
5;2025-11-15;3;0.0
5;2025-11-15;4;0.0
5;2025-11-15;5;0.0
5;2025-11-15;6;0.0
5;2025-11-15;7;0.0
5;2025-11-15;8;0.0
5;2025-11-15;9;0.0
5;2025-11-15;10;0.0
5;2025-11-15;11;0.0
5;2025-11-15;12;0.0
5;2025-11-15;13;0.0
5;2025-11-15;14;0.0
5;2025-11-15;15;0.0
5;2025-11-15;16;0.0
5;2025-11-15;17;0.0
5;2025-11-15;18;0.0
5;2025-11-15;19;0.0
5;2025-11-15;20;0.0
5;2025-11-15;21;0.0
5;2025-11-15;22;0.0
5;2025-11-15;23;0.0
5;2025-11-16;0;0.0
5;2025-11-16;1;0.0
5;2025-11-16;2;0.0
5;2025-11-16;3;0.0
5;2025-11-16;4;0.0
5;2025-11-16;5;0.0
5;2025-11-16;6;0.0
5;2025-11-16;7;0.0
5;2025-11-16;8;0.0
5;2025-11-16;9;0.0
5;2025-11-16;10;0.0
5;2025-11-16;11;0.0
5;2025-11-16;12;0.0
5;2025-11-16;13;0.0
5;2025-11-16;14;0.0
5;2025-11-16;15;0.0
5;2025-11-16;16;0.0
5;2025-11-16;17;0.0
5;2025-11-16;18;0.0
5;2025-11-16;19;0.0
5;2025-11-16;20;0.0
5;2025-11-16;21;0.0
5;2025-11-16;22;0.0
5;2025-11-16;23;0.0
5;2025-11-17;0;0.0
5;2025-11-17;1;0.0
5;2025-11-17;2;0.0
5;2025-11-17;3;0.0
5;2025-11-17;4;0.0
5;2025-11-17;5;0.0
5;2025-11-17;6;0.0
5;2025-11-17;7;0.0
5;2025-11-17;8;0.0
5;2025-11-17;9;0.0
5;2025-11-17;10;0.0
5;2025-11-17;11;0.0
5;2025-11-17;12;0.0
5;2025-11-17;13;0.0
5;2025-11-17;14;0.0
5;2025-11-17;15;0.0
5;2025-11-17;16;0.0
5;2025-11-17;17;0.0
5;2025-11-17;18;0.0
5;2025-11-17;19;0.0
5;2025-11-17;20;0.0
5;2025-11-17;21;0.0
5;2025-11-17;22;0.0
5;2025-11-17;23;0.0
5;2025-11-18;0;0.0
5;2025-11-18;1;0.0
5;2025-11-18;2;0.0
5;2025-11-18;3;0.0
5;2025-11-18;4;0.0
5;2025-11-18;5;0.0
5;2025-11-18;6;0.0
5;2025-11-18;7;0.0
5;2025-11-18;8;0.0
5;2025-11-18;9;0.0
5;2025-11-18;10;0.0
5;2025-11-18;11;0.0
5;2025-11-18;12;0.0
5;2025-11-18;13;0.0
5;2025-11-18;14;0.0
5;2025-11-18;15;0.0
5;2025-11-18;16;0.0
5;2025-11-18;17;0.0
5;2025-11-18;18;0.0
5;2025-11-18;19;0.0
5;2025-11-18;20;0.0
5;2025-11-18;21;0.0
5;2025-11-18;22;0.0
5;2025-11-18;23;0.0
5;2025-11-19;0;0.0
5;2025-11-19;1;0.0
5;2025-11-19;2;0.0
5;2025-11-19;3;0.0
5;2025-11-19;4;0.0
5;2025-11-19;5;0.0
5;2025-11-19;6;0.0
5;2025-11-19;7;0.0
5;2025-11-19;8;0.0
5;2025-11-19;9;0.0
5;2025-11-19;10;0.0
5;2025-11-19;11;0.0
5;2025-11-19;12;0.0
5;2025-11-19;13;0.0
5;2025-11-19;14;0.0
5;2025-11-19;15;0.0
5;2025-11-19;16;0.0
5;2025-11-19;17;0.0
5;2025-11-19;18;0.0
5;2025-11-19;19;0.0
5;2025-11-19;20;0.0
5;2025-11-19;21;0.0
5;2025-11-19;22;0.0
5;2025-11-19;23;0.0
5;2025-11-20;0;0.0
5;2025-11-20;1;0.0
5;2025-11-20;2;0.0
5;2025-11-20;3;0.0
5;2025-11-20;4;0.0
5;2025-11-20;5;0.0
5;2025-11-20;6;0.0
5;2025-11-20;7;0.0
5;2025-11-20;8;0.0
5;2025-11-20;9;0.0
5;2025-11-20;10;0.0
5;2025-11-20;11;0.0
5;2025-11-20;12;0.0
5;2025-11-20;13;0.0
5;2025-11-20;14;0.0
5;2025-11-20;15;0.0
5;2025-11-20;16;0.0
5;2025-11-20;17;0.0
5;2025-11-20;18;0.0
5;2025-11-20;19;0.0
5;2025-11-20;20;0.0
5;2025-11-20;21;0.0
5;2025-11-20;22;0.0
5;2025-11-20;23;0.0
5;2025-11-21;0;0.0
5;2025-11-21;1;0.0
5;2025-11-21;2;0.0
5;2025-11-21;3;0.0
5;2025-11-21;4;0.0
5;2025-11-21;5;0.0
5;2025-11-21;6;0.0
5;2025-11-21;7;0.0
5;2025-11-21;8;0.0
5;2025-11-21;9;0.0
5;2025-11-21;10;0.0
5;2025-11-21;11;0.0
5;2025-11-21;12;0.0
5;2025-11-21;13;0.0
5;2025-11-21;14;0.0
5;2025-11-21;15;0.0
5;2025-11-21;16;0.0
5;2025-11-21;17;0.0
5;2025-11-21;18;0.0
5;2025-11-21;19;0.0
5;2025-11-21;20;0.0
5;2025-11-21;21;0.0
5;2025-11-21;22;0.0
5;2025-11-21;23;0.0
5;2025-11-22;0;0.0
5;2025-11-22;1;0.0
5;2025-11-22;2;0.0
5;2025-11-22;3;0.0
5;2025-11-22;4;0.0
5;2025-11-22;5;0.0
5;2025-11-22;6;0.0
5;2025-11-22;7;0.0
5;2025-11-22;8;0.0
5;2025-11-22;9;0.0
5;2025-11-22;10;0.0
5;2025-11-22;11;0.0
5;2025-11-22;12;0.0
5;2025-11-22;13;0.0
5;2025-11-22;14;0.0
5;2025-11-22;15;0.0
5;2025-11-22;16;0.0
5;2025-11-22;17;0.0
5;2025-11-22;18;0.0
5;2025-11-22;19;0.0
5;2025-11-22;20;0.0
5;2025-11-22;21;0.0
5;2025-11-22;22;0.0
5;2025-11-22;23;0.0
5;2025-11-23;0;0.0
5;2025-11-23;1;0.0
5;2025-11-23;2;0.0
5;2025-11-23;3;0.0
5;2025-11-23;4;0.0
5;2025-11-23;5;0.0
5;2025-11-23;6;0.0
5;2025-11-23;7;0.0
5;2025-11-23;8;0.0
5;2025-11-23;9;0.0
5;2025-11-23;10;0.0
5;2025-11-23;11;0.0
5;2025-11-23;12;0.0
5;2025-11-23;13;0.0
5;2025-11-23;14;0.0
5;2025-11-23;15;0.0
5;2025-11-23;16;0.0
5;2025-11-23;17;0.0
5;2025-11-23;18;0.0
5;2025-11-23;19;0.0
5;2025-11-23;20;0.0
5;2025-11-23;21;0.0
5;2025-11-23;22;0.0
5;2025-11-23;23;0.0
5;2025-11-24;0;0.0
5;2025-11-24;1;0.0
5;2025-11-24;2;0.0
5;2025-11-24;3;0.0
5;2025-11-24;4;0.0
5;2025-11-24;5;0.0
5;2025-11-24;6;0.0
5;2025-11-24;7;0.0
5;2025-11-24;8;0.0
5;2025-11-24;9;0.0
5;2025-11-24;10;0.0
5;2025-11-24;11;0.0
5;2025-11-24;12;0.0
5;2025-11-24;13;0.0
5;2025-11-24;14;0.0
5;2025-11-24;15;0.0
5;2025-11-24;16;0.0
5;2025-11-24;17;0.0
5;2025-11-24;18;0.0
5;2025-11-24;19;0.0
5;2025-11-24;20;0.0
5;2025-11-24;21;0.0
5;2025-11-24;22;0.0
5;2025-11-24;23;0.0
5;2025-11-25;0;0.0
5;2025-11-25;1;0.0
5;2025-11-25;2;0.0
5;2025-11-25;3;0.0
5;2025-11-25;4;0.0
5;2025-11-25;5;0.0
5;2025-11-25;6;0.0
5;2025-11-25;7;0.0
5;2025-11-25;8;0.0
5;2025-11-25;9;0.0
5;2025-11-25;10;0.0
5;2025-11-25;11;0.0
5;2025-11-25;12;0.0
5;2025-11-25;13;0.0
5;2025-11-25;14;0.0
5;2025-11-25;15;0.0
5;2025-11-25;16;0.0
5;2025-11-25;17;0.0
5;2025-11-25;18;0.0
5;2025-11-25;19;0.0
5;2025-11-25;20;0.0
5;2025-11-25;21;0.0
5;2025-11-25;22;0.0
5;2025-11-25;23;0.0
5;2025-11-26;0;0.0
5;2025-11-26;1;0.0
5;2025-11-26;2;0.0
5;2025-11-26;3;0.0
5;2025-11-26;4;0.0
5;2025-11-26;5;0.0
5;2025-11-26;6;0.0
5;2025-11-26;7;0.0
5;2025-11-26;8;0.0
5;2025-11-26;9;0.0
5;2025-11-26;10;0.0
5;2025-11-26;11;0.0
5;2025-11-26;12;0.0
5;2025-11-26;13;0.0
5;2025-11-26;14;0.0
5;2025-11-26;15;0.0
5;2025-11-26;16;0.0
5;2025-11-26;17;0.0
5;2025-11-26;18;0.0
5;2025-11-26;19;0.0
5;2025-11-26;20;0.0
5;2025-11-26;21;0.0
5;2025-11-26;22;0.0
5;2025-11-26;23;0.0
5;2025-11-27;0;0.0
5;2025-11-27;1;0.0
5;2025-11-27;2;0.0
5;2025-11-27;3;0.0
5;2025-11-27;4;0.0
5;2025-11-27;5;0.0
5;2025-11-27;6;0.0
5;2025-11-27;7;0.0
5;2025-11-27;8;0.0
5;2025-11-27;9;0.0
5;2025-11-27;10;0.0
5;2025-11-27;11;0.0
5;2025-11-27;12;0.0
5;2025-11-27;13;0.0
5;2025-11-27;14;0.0
5;2025-11-27;15;0.0
5;2025-11-27;16;0.0
5;2025-11-27;17;0.0
5;2025-11-27;18;0.0
5;2025-11-27;19;0.0
5;2025-11-27;20;0.0
5;2025-11-27;21;0.0
5;2025-11-27;22;0.0
5;2025-11-27;23;0.0
5;2025-11-28;0;0.0
5;2025-11-28;1;0.0
5;2025-11-28;2;0.0
5;2025-11-28;3;0.0
5;2025-11-28;4;0.0
5;2025-11-28;5;0.0
5;2025-11-28;6;0.0
5;2025-11-28;7;0.0
5;2025-11-28;8;0.0
5;2025-11-28;9;0.0
5;2025-11-28;10;0.0
5;2025-11-28;11;0.0
5;2025-11-28;12;0.0
5;2025-11-28;13;0.0
5;2025-11-28;14;0.0
5;2025-11-28;15;0.0
5;2025-11-28;16;0.0
5;2025-11-28;17;0.0
5;2025-11-28;18;0.0
5;2025-11-28;19;0.0
5;2025-11-28;20;0.0
5;2025-11-28;21;0.0
5;2025-11-28;22;0.0
5;2025-11-28;23;0.0
5;2025-11-29;0;0.0
5;2025-11-29;1;0.0
5;2025-11-29;2;0.0
5;2025-11-29;3;0.0
5;2025-11-29;4;0.0
5;2025-11-29;5;0.0
5;2025-11-29;6;0.0
5;2025-11-29;7;0.0
5;2025-11-29;8;0.0
5;2025-11-29;9;0.0
5;2025-11-29;10;0.0
5;2025-11-29;11;0.0
5;2025-11-29;12;0.0
5;2025-11-29;13;0.0
5;2025-11-29;14;0.0
5;2025-11-29;15;0.0
5;2025-11-29;16;0.0
5;2025-11-29;17;0.0
5;2025-11-29;18;0.0
5;2025-11-29;19;0.0
5;2025-11-29;20;0.0
5;2025-11-29;21;0.0
5;2025-11-29;22;0.0
5;2025-11-29;23;0.0
5;2025-11-30;0;0.0
5;2025-11-30;1;0.0
5;2025-11-30;2;0.0
5;2025-11-30;3;0.0
5;2025-11-30;4;0.0
5;2025-11-30;5;0.0
5;2025-11-30;6;0.0
5;2025-11-30;7;0.0
5;2025-11-30;8;0.0
5;2025-11-30;9;0.0
5;2025-11-30;10;0.0
5;2025-11-30;11;0.0
5;2025-11-30;12;0.0
5;2025-11-30;13;0.0
5;2025-11-30;14;0.0
5;2025-11-30;15;0.0
5;2025-11-30;16;0.0
5;2025-11-30;17;0.0
5;2025-11-30;18;0.0
5;2025-11-30;19;0.0
5;2025-11-30;20;0.0
5;2025-11-30;21;0.0
5;2025-11-30;22;0.0
5;2025-11-30;23;0.0
5;2025-12-01;0;0.0
5;2025-12-01;1;0.0
5;2025-12-01;2;0.0
5;2025-12-01;3;0.0
5;2025-12-01;4;0.0
5;2025-12-01;5;0.0
5;2025-12-01;6;0.0
5;2025-12-01;7;0.0
5;2025-12-01;8;0.0
5;2025-12-01;9;0.0
5;2025-12-01;10;0.0
5;2025-12-01;11;0.0
5;2025-12-01;12;0.0
5;2025-12-01;13;0.0
5;2025-12-01;14;0.0
5;2025-12-01;15;0.0
5;2025-12-01;16;0.0
5;2025-12-01;17;0.0
5;2025-12-01;18;0.0
5;2025-12-01;19;0.0
5;2025-12-01;20;0.0
5;2025-12-01;21;0.0
5;2025-12-01;22;0.0
5;2025-12-01;23;0.0
5;2025-12-02;0;0.0
5;2025-12-02;1;0.0
5;2025-12-02;2;0.0
5;2025-12-02;3;0.0
5;2025-12-02;4;0.0
5;2025-12-02;5;0.0
5;2025-12-02;6;0.0
5;2025-12-02;7;0.0
5;2025-12-02;8;0.0
5;2025-12-02;9;0.0
5;2025-12-02;10;0.0
5;2025-12-02;11;0.0
5;2025-12-02;12;0.0
5;2025-12-02;13;0.0
5;2025-12-02;14;0.0
5;2025-12-02;15;0.0
5;2025-12-02;16;0.0
5;2025-12-02;17;0.0
5;2025-12-02;18;0.0
5;2025-12-02;19;0.0
5;2025-12-02;20;0.0
5;2025-12-02;21;0.0
5;2025-12-02;22;0.0
5;2025-12-02;23;0.0
5;2025-12-03;0;0.0
5;2025-12-03;1;0.0
5;2025-12-03;2;0.0
5;2025-12-03;3;0.0
5;2025-12-03;4;0.0
5;2025-12-03;5;0.0
5;2025-12-03;6;0.0
5;2025-12-03;7;0.0
5;2025-12-03;8;0.0
5;2025-12-03;9;0.0
5;2025-12-03;10;0.0
5;2025-12-03;11;0.0
5;2025-12-03;12;0.0
5;2025-12-03;13;0.0
5;2025-12-03;14;0.0
5;2025-12-03;15;0.0
5;2025-12-03;16;0.0
5;2025-12-03;17;0.0
5;2025-12-03;18;0.0
5;2025-12-03;19;0.0
5;2025-12-03;20;0.0
5;2025-12-03;21;0.0
5;2025-12-03;22;0.0
5;2025-12-03;23;0.0
5;2025-12-04;0;0.0
5;2025-12-04;1;0.0
5;2025-12-04;2;0.0
5;2025-12-04;3;0.0
5;2025-12-04;4;0.0
5;2025-12-04;5;0.0
5;2025-12-04;6;0.0
5;2025-12-04;7;0.0
5;2025-12-04;8;0.0
5;2025-12-04;9;0.0
5;2025-12-04;10;0.0
5;2025-12-04;11;0.0
5;2025-12-04;12;0.0
5;2025-12-04;13;0.0
5;2025-12-04;14;0.0
5;2025-12-04;15;0.0
5;2025-12-04;16;0.0
5;2025-12-04;17;0.0
5;2025-12-04;18;0.0
5;2025-12-04;19;0.0
5;2025-12-04;20;0.0
5;2025-12-04;21;0.0
5;2025-12-04;22;0.0
5;2025-12-04;23;0.0
5;2025-12-05;0;0.0
5;2025-12-05;1;0.0
5;2025-12-05;2;0.0
5;2025-12-05;3;0.0
5;2025-12-05;4;0.0
5;2025-12-05;5;0.0
5;2025-12-05;6;0.0
5;2025-12-05;7;0.0
5;2025-12-05;8;0.0
5;2025-12-05;9;0.0
5;2025-12-05;10;0.0
5;2025-12-05;11;0.0
5;2025-12-05;12;0.0
5;2025-12-05;13;0.0
5;2025-12-05;14;0.0
5;2025-12-05;15;0.0
5;2025-12-05;16;0.0
5;2025-12-05;17;0.0
5;2025-12-05;18;0.0
5;2025-12-05;19;0.0
5;2025-12-05;20;0.0
5;2025-12-05;21;0.0
5;2025-12-05;22;0.0
5;2025-12-05;23;0.0
5;2025-12-06;0;0.0
5;2025-12-06;1;0.0
5;2025-12-06;2;0.0
5;2025-12-06;3;0.0
5;2025-12-06;4;0.0
5;2025-12-06;5;0.0
5;2025-12-06;6;0.0
5;2025-12-06;7;0.0
5;2025-12-06;8;0.0
5;2025-12-06;9;0.0
5;2025-12-06;10;0.0
5;2025-12-06;11;0.0
5;2025-12-06;12;0.0
5;2025-12-06;13;0.0
5;2025-12-06;14;0.0
5;2025-12-06;15;0.0
5;2025-12-06;16;0.0
5;2025-12-06;17;0.0
5;2025-12-06;18;0.0
5;2025-12-06;19;0.0
5;2025-12-06;20;0.0
5;2025-12-06;21;0.0
5;2025-12-06;22;0.0
5;2025-12-06;23;0.0
5;2025-12-07;0;0.0
5;2025-12-07;1;0.0
5;2025-12-07;2;0.0
5;2025-12-07;3;0.0
5;2025-12-07;4;0.0
5;2025-12-07;5;0.0
5;2025-12-07;6;0.0
5;2025-12-07;7;0.0
5;2025-12-07;8;0.0
5;2025-12-07;9;0.0
5;2025-12-07;10;0.0
5;2025-12-07;11;0.0
5;2025-12-07;12;0.0
5;2025-12-07;13;0.0
5;2025-12-07;14;0.0
5;2025-12-07;15;0.0
5;2025-12-07;16;0.0
5;2025-12-07;17;0.0
5;2025-12-07;18;0.0
5;2025-12-07;19;0.0
5;2025-12-07;20;0.0
5;2025-12-07;21;0.0
5;2025-12-07;22;0.0
5;2025-12-07;23;0.0
5;2025-12-08;0;0.0
5;2025-12-08;1;0.0
5;2025-12-08;2;0.0
5;2025-12-08;3;0.0
5;2025-12-08;4;0.0
5;2025-12-08;5;0.0
5;2025-12-08;6;0.0
5;2025-12-08;7;0.0
5;2025-12-08;8;0.0
5;2025-12-08;9;0.0
5;2025-12-08;10;0.0
5;2025-12-08;11;0.0
5;2025-12-08;12;0.0
5;2025-12-08;13;0.0
5;2025-12-08;14;0.0
5;2025-12-08;15;0.0
5;2025-12-08;16;0.0
5;2025-12-08;17;0.0
5;2025-12-08;18;0.0
5;2025-12-08;19;0.0
5;2025-12-08;20;0.0
5;2025-12-08;21;0.0
5;2025-12-08;22;0.0
5;2025-12-08;23;0.0
5;2025-12-09;0;0.0
5;2025-12-09;1;0.0
5;2025-12-09;2;0.0
5;2025-12-09;3;0.0
5;2025-12-09;4;0.0
5;2025-12-09;5;0.0
5;2025-12-09;6;0.0
5;2025-12-09;7;0.0
5;2025-12-09;8;0.0
5;2025-12-09;9;0.0
5;2025-12-09;10;0.0
5;2025-12-09;11;0.0
5;2025-12-09;12;0.0
5;2025-12-09;13;0.0
5;2025-12-09;14;0.0
5;2025-12-09;15;0.0
5;2025-12-09;16;0.0
5;2025-12-09;17;0.0
5;2025-12-09;18;0.0
5;2025-12-09;19;0.0
5;2025-12-09;20;0.0
5;2025-12-09;21;0.0
5;2025-12-09;22;0.0
5;2025-12-09;23;0.0
5;2025-12-10;0;0.0
5;2025-12-10;1;0.0
5;2025-12-10;2;0.0
5;2025-12-10;3;0.0
5;2025-12-10;4;0.0
5;2025-12-10;5;0.0
5;2025-12-10;6;0.0
5;2025-12-10;7;0.0
5;2025-12-10;8;0.0
5;2025-12-10;9;0.0
5;2025-12-10;10;0.0
5;2025-12-10;11;0.0
5;2025-12-10;12;0.0
5;2025-12-10;13;0.0
5;2025-12-10;14;0.0
5;2025-12-10;15;0.0
5;2025-12-10;16;0.0
5;2025-12-10;17;0.0
5;2025-12-10;18;0.0
5;2025-12-10;19;0.0
5;2025-12-10;20;0.0
5;2025-12-10;21;0.0
5;2025-12-10;22;0.0
5;2025-12-10;23;0.0
5;2025-12-11;0;0.0
5;2025-12-11;1;0.0
5;2025-12-11;2;0.0
5;2025-12-11;3;0.0
5;2025-12-11;4;0.0
5;2025-12-11;5;0.0
5;2025-12-11;6;0.0
5;2025-12-11;7;0.0
5;2025-12-11;8;0.0
5;2025-12-11;9;0.0
5;2025-12-11;10;0.0
5;2025-12-11;11;0.0
5;2025-12-11;12;0.0
5;2025-12-11;13;0.0
5;2025-12-11;14;0.0
5;2025-12-11;15;0.0
5;2025-12-11;16;0.0
5;2025-12-11;17;0.0
5;2025-12-11;18;0.0
5;2025-12-11;19;0.0
5;2025-12-11;20;0.0
5;2025-12-11;21;0.0
5;2025-12-11;22;0.0
5;2025-12-11;23;0.0
5;2025-12-12;0;0.0
5;2025-12-12;1;0.0
5;2025-12-12;2;0.0
5;2025-12-12;3;0.0
5;2025-12-12;4;0.0
5;2025-12-12;5;0.0
5;2025-12-12;6;0.0
5;2025-12-12;7;0.0
5;2025-12-12;8;0.0
5;2025-12-12;9;0.0
5;2025-12-12;10;0.0
5;2025-12-12;11;0.0
5;2025-12-12;12;0.0
5;2025-12-12;13;0.0
5;2025-12-12;14;0.0
5;2025-12-12;15;0.0
5;2025-12-12;16;0.0
5;2025-12-12;17;0.0
5;2025-12-12;18;0.0
5;2025-12-12;19;0.0
5;2025-12-12;20;0.0
5;2025-12-12;21;0.0
5;2025-12-12;22;0.0
5;2025-12-12;23;0.0
5;2025-12-13;0;0.0
5;2025-12-13;1;0.0
5;2025-12-13;2;0.0
5;2025-12-13;3;0.0
5;2025-12-13;4;0.0
5;2025-12-13;5;0.0
5;2025-12-13;6;0.0
5;2025-12-13;7;0.0
5;2025-12-13;8;0.0
5;2025-12-13;9;0.0
5;2025-12-13;10;0.0
5;2025-12-13;11;0.0
5;2025-12-13;12;0.0
5;2025-12-13;13;0.0
5;2025-12-13;14;0.0
5;2025-12-13;15;0.0
5;2025-12-13;16;0.0
5;2025-12-13;17;0.0
5;2025-12-13;18;0.0
5;2025-12-13;19;0.0
5;2025-12-13;20;0.0
5;2025-12-13;21;0.0
5;2025-12-13;22;0.0
5;2025-12-13;23;0.0
5;2025-12-14;0;0.0
5;2025-12-14;1;0.0
5;2025-12-14;2;0.0
5;2025-12-14;3;0.0
5;2025-12-14;4;0.0
5;2025-12-14;5;0.0
5;2025-12-14;6;0.0
5;2025-12-14;7;0.0
5;2025-12-14;8;0.0
5;2025-12-14;9;0.0
5;2025-12-14;10;0.0
5;2025-12-14;11;0.0
5;2025-12-14;12;0.0
5;2025-12-14;13;0.0
5;2025-12-14;14;0.0
5;2025-12-14;15;0.0
5;2025-12-14;16;0.0
5;2025-12-14;17;0.0
5;2025-12-14;18;0.0
5;2025-12-14;19;0.0
5;2025-12-14;20;0.0
5;2025-12-14;21;0.0
5;2025-12-14;22;0.0
5;2025-12-14;23;0.0
5;2025-12-15;0;0.0
5;2025-12-15;1;0.0
5;2025-12-15;2;0.0
5;2025-12-15;3;0.0
5;2025-12-15;4;0.0
5;2025-12-15;5;0.0
5;2025-12-15;6;0.0
5;2025-12-15;7;0.0
5;2025-12-15;8;0.0
5;2025-12-15;9;0.0
5;2025-12-15;10;0.0
5;2025-12-15;11;0.0
5;2025-12-15;12;0.0
5;2025-12-15;13;0.0
5;2025-12-15;14;0.0
5;2025-12-15;15;0.0
5;2025-12-15;16;0.0
5;2025-12-15;17;0.0
5;2025-12-15;18;0.0
5;2025-12-15;19;0.0
5;2025-12-15;20;0.0
5;2025-12-15;21;0.0
5;2025-12-15;22;0.0
5;2025-12-15;23;0.0
5;2025-12-16;0;0.0
5;2025-12-16;1;0.0
5;2025-12-16;2;0.0
5;2025-12-16;3;0.0
5;2025-12-16;4;0.0
5;2025-12-16;5;0.0
5;2025-12-16;6;0.0
5;2025-12-16;7;0.0
5;2025-12-16;8;0.0
5;2025-12-16;9;0.0
5;2025-12-16;10;0.0
5;2025-12-16;11;0.0
5;2025-12-16;12;0.0
5;2025-12-16;13;0.0
5;2025-12-16;14;0.0
5;2025-12-16;15;0.0
5;2025-12-16;16;0.0
5;2025-12-16;17;0.0
5;2025-12-16;18;558.091
5;2025-12-16;19;375.32
5;2025-12-16;20;230.03
5;2025-12-16;21;143.781
5;2025-12-16;22;77.602
5;2025-12-16;23;4.672
5;2025-12-17;0;0.0
5;2025-12-17;1;0.0
5;2025-12-17;2;0.0
5;2025-12-17;3;0.0
5;2025-12-17;4;0.0
5;2025-12-17;5;4.394
5;2025-12-17;6;130.616
5;2025-12-17;7;417.695
5;2025-12-17;8;697.064
5;2025-12-17;9;363.33
5;2025-12-17;10;276.45
5;2025-12-17;11;321.361
5;2025-12-17;12;325.149
5;2025-12-17;13;412.331
5;2025-12-17;14;345.803
5;2025-12-17;15;410.652
5;2025-12-17;16;515.563
5;2025-12-17;17;596.858
5;2025-12-17;18;638.565
5;2025-12-17;19;398.889
5;2025-12-17;20;254.847
5;2025-12-17;21;161.762
5;2025-12-17;22;83.684
5;2025-12-17;23;4.648
5;2025-12-18;0;0.142
5;2025-12-18;1;0.0
5;2025-12-18;2;0.0
5;2025-12-18;3;0.0
5;2025-12-18;4;0.0
5;2025-12-18;5;5.256
5;2025-12-18;6;126.04
5;2025-12-18;7;406.759
5;2025-12-18;8;702.365
5;2025-12-18;9;349.278
5;2025-12-18;10;287.348
5;2025-12-18;11;300.422
5;2025-12-18;12;301.711
5;2025-12-18;13;387.034
5;2025-12-18;14;365.63
5;2025-12-18;15;406.549
5;2025-12-18;16;510.143
5;2025-12-18;17;564.155
5;2025-12-18;18;588.158
5;2025-12-18;19;385.841
5;2025-12-18;20;223.626
5;2025-12-18;21;149.685
5;2025-12-18;22;86.213
5;2025-12-18;23;4.327
5;2025-12-19;0;0.0
5;2025-12-19;1;0.0
5;2025-12-19;2;0.0
5;2025-12-19;3;0.0
5;2025-12-19;4;0.0
5;2025-12-19;5;2.797
5;2025-12-19;6;125.756
5;2025-12-19;7;400.757
5;2025-12-19;8;636.071
5;2025-12-19;9;327.098
5;2025-12-19;10;268.933
5;2025-12-19;11;312.873
5;2025-12-19;12;314.218
5;2025-12-19;13;387.625
5;2025-12-19;14;363.418
5;2025-12-19;15;445.158
5;2025-12-19;16;562.828
5;2025-12-19;17;564.955
5;2025-12-19;18;499.039
5;2025-12-19;19;342.527
5;2025-12-19;20;221.475
5;2025-12-19;21;153.141
5;2025-12-19;22;92.927
5;2025-12-19;23;5.968
5;2025-12-20;0;0.0
5;2025-12-20;1;0.0
5;2025-12-20;2;0.0
5;2025-12-20;3;0.0
5;2025-12-20;4;0.0
5;2025-12-20;5;2.161
5;2025-12-20;6;49.329
5;2025-12-20;7;107.543
5;2025-12-20;8;242.645
5;2025-12-20;9;228.631
5;2025-12-20;10;229.908
5;2025-12-20;11;313.042
5;2025-12-20;12;327.722
5;2025-12-20;13;453.186
5;2025-12-20;14;461.74
5;2025-12-20;15;537.449
5;2025-12-20;16;475.604
5;2025-12-20;17;413.162
5;2025-12-20;18;376.012
5;2025-12-20;19;321.596
5;2025-12-20;20;200.284
5;2025-12-20;21;164.432
5;2025-12-20;22;101.627
5;2025-12-20;23;39.433
5;2025-12-21;0;12.474
5;2025-12-21;1;0.0
5;2025-12-21;2;0.0
5;2025-12-21;3;0.0
5;2025-12-21;4;0.0
5;2025-12-21;5;2.17
5;2025-12-21;6;38.987
5;2025-12-21;7;69.535
5;2025-12-21;8;145.96
5;2025-12-21;9;163.895
5;2025-12-21;10;166.808
5;2025-12-21;11;230.785
5;2025-12-21;12;275.797
5;2025-12-21;13;351.008
5;2025-12-21;14;370.855
5;2025-12-21;15;453.716
5;2025-12-21;16;391.868
5;2025-12-21;17;358.979
5;2025-12-21;18;313.155
5;2025-12-21;19;248.659
5;2025-12-21;20;164.517
5;2025-12-21;21;132.226
5;2025-12-21;22;80.805
5;2025-12-21;23;28.951
5;2025-12-22;0;6.424
5;2025-12-22;1;0.0
5;2025-12-22;2;0.0
5;2025-12-22;3;0.0
5;2025-12-22;4;0.0
5;2025-12-22;5;3.515
5;2025-12-22;6;128.499
5;2025-12-22;7;402.43
5;2025-12-22;8;706.694
5;2025-12-22;9;356.948
5;2025-12-22;10;245.655
5;2025-12-22;11;278.743
5;2025-12-22;12;280.066
5;2025-12-22;13;381.298
5;2025-12-22;14;311.656
5;2025-12-22;15;372.947
5;2025-12-22;16;501.378
5;2025-12-22;17;529.816
5;2025-12-22;18;606.463
5;2025-12-22;19;371.119
5;2025-12-22;20;216.29
5;2025-12-22;21;142.411
5;2025-12-22;22;70.21
5;2025-12-22;23;4.382
5;2025-12-23;0;0.0
5;2025-12-23;1;0.0
5;2025-12-23;2;0.0
5;2025-12-23;3;0.0
5;2025-12-23;4;0.0
5;2025-12-23;5;3.512
5;2025-12-23;6;124.955
5;2025-12-23;7;406.223
5;2025-12-23;8;666.262
5;2025-12-23;9;358.073
5;2025-12-23;10;268.382
5;2025-12-23;11;314.968
5;2025-12-23;12;284.142
5;2025-12-23;13;342.349
5;2025-12-23;14;318.049
5;2025-12-23;15;388.599
5;2025-12-23;16;492.652
5;2025-12-23;17;525.075
5;2025-12-23;18;558.112
5;2025-12-23;19;375.293
5;2025-12-23;20;229.987
5;2025-12-23;21;143.752
5;2025-12-23;22;77.569
5;2025-12-23;23;4.67
5;2025-12-24;0;0.0
5;2025-12-24;1;0.0
5;2025-12-24;2;0.0
5;2025-12-24;3;0.0
5;2025-12-24;4;0.0
5;2025-12-24;5;4.394
5;2025-12-24;6;130.613
5;2025-12-24;7;417.704
5;2025-12-24;8;697.076
5;2025-12-24;9;363.33
5;2025-12-24;10;276.448
5;2025-12-24;11;321.358
5;2025-12-24;12;325.149
5;2025-12-24;13;412.332
5;2025-12-24;14;345.807
5;2025-12-24;15;410.661
5;2025-12-24;16;515.576
5;2025-12-24;17;596.87
5;2025-12-24;18;638.575
5;2025-12-24;19;398.877
5;2025-12-24;20;254.827
5;2025-12-24;21;161.749
5;2025-12-24;22;83.67
5;2025-12-24;23;4.648
5;2025-12-25;0;0.142
5;2025-12-25;1;0.0
5;2025-12-25;2;0.0
5;2025-12-25;3;0.0
5;2025-12-25;4;0.0
5;2025-12-25;5;5.256
5;2025-12-25;6;126.042
5;2025-12-25;7;406.756
5;2025-12-25;8;702.36
5;2025-12-25;9;349.278
5;2025-12-25;10;287.349
5;2025-12-25;11;300.423
5;2025-12-25;12;301.711
5;2025-12-25;13;387.034
5;2025-12-25;14;365.628
5;2025-12-25;15;406.545
5;2025-12-25;16;510.138
5;2025-12-25;17;564.15
5;2025-12-25;18;588.154
5;2025-12-25;19;385.846
5;2025-12-25;20;223.634
5;2025-12-25;21;149.691
5;2025-12-25;22;86.219
5;2025-12-25;23;4.327
5;2025-12-26;0;0.0
5;2025-12-26;1;0.0
5;2025-12-26;2;0.0
5;2025-12-26;3;0.0
5;2025-12-26;4;0.0
5;2025-12-26;5;2.797
5;2025-12-26;6;125.762
5;2025-12-26;7;400.741
5;2025-12-26;8;636.051
5;2025-12-26;9;327.099
5;2025-12-26;10;268.937
5;2025-12-26;11;312.88
5;2025-12-26;12;314.217
5;2025-12-26;13;387.623
5;2025-12-26;14;363.41
5;2025-12-26;15;445.139
5;2025-12-26;16;562.803
5;2025-12-26;17;564.934
5;2025-12-26;18;499.025
5;2025-12-26;19;342.545
5;2025-12-26;20;221.508
5;2025-12-26;21;153.165
5;2025-12-26;22;92.957
5;2025-12-26;23;5.969
5;2025-12-27;0;0.0
5;2025-12-27;1;0.0
5;2025-12-27;2;0.0
5;2025-12-27;3;0.0
5;2025-12-27;4;0.0
5;2025-12-27;5;1.95
5;2025-12-27;6;44.493
5;2025-12-27;7;96.992
5;2025-12-27;8;218.835
5;2025-12-27;9;206.187
5;2025-12-27;10;207.334
5;2025-12-27;11;282.248
5;2025-12-27;12;295.462
5;2025-12-27;13;408.575
5;2025-12-27;14;416.274
5;2025-12-27;15;484.528
5;2025-12-27;16;428.77
5;2025-12-27;17;372.493
5;2025-12-27;18;339.068
5;2025-12-27;19;290.062
5;2025-12-27;20;180.673
5;2025-12-27;21;148.338
5;2025-12-27;22;91.683
5;2025-12-27;23;35.568
5;2025-12-28;0;11.252
5;2025-12-28;1;0.0
5;2025-12-28;2;0.0
5;2025-12-28;3;0.0
5;2025-12-28;4;0.0
5;2025-12-28;5;1.959
5;2025-12-28;6;35.169
5;2025-12-28;7;62.718
5;2025-12-28;8;131.649
5;2025-12-28;9;147.817
5;2025-12-28;10;150.439
5;2025-12-28;11;208.078
5;2025-12-28;12;248.635
5;2025-12-28;13;316.437
5;2025-12-28;14;334.316
5;2025-12-28;15;409.012
5;2025-12-28;16;353.253
5;2025-12-28;17;323.625
5;2025-12-28;18;282.397
5;2025-12-28;19;224.306
5;2025-12-28;20;148.434
5;2025-12-28;21;119.31
5;2025-12-28;22;72.914
5;2025-12-28;23;26.117
5;2025-12-29;0;5.768
5;2025-12-29;1;0.0
5;2025-12-29;2;0.0
5;2025-12-29;3;0.0
5;2025-12-29;4;0.0
5;2025-12-29;5;3.157
5;2025-12-29;6;115.397
5;2025-12-29;7;361.298
5;2025-12-29;8;634.479
5;2025-12-29;9;320.508
5;2025-12-29;10;220.587
5;2025-12-29;11;250.302
5;2025-12-29;12;251.469
5;2025-12-29;13;342.364
5;2025-12-29;14;279.818
5;2025-12-29;15;334.823
5;2025-12-29;16;450.122
5;2025-12-29;17;475.665
5;2025-12-29;18;544.492
5;2025-12-29;19;333.289
5;2025-12-29;20;194.3
5;2025-12-29;21;127.939
5;2025-12-29;22;63.109
5;2025-12-29;23;3.938
5;2025-12-30;0;0.0
5;2025-12-30;1;0.0
5;2025-12-30;2;0.0
5;2025-12-30;3;0.0
5;2025-12-30;4;0.0
5;2025-12-30;5;3.154
5;2025-12-30;6;112.216
5;2025-12-30;7;364.692
5;2025-12-30;8;598.162
5;2025-12-30;9;321.517
5;2025-12-30;10;240.997
5;2025-12-30;11;282.835
5;2025-12-30;12;255.127
5;2025-12-30;13;307.389
5;2025-12-30;14;285.551
5;2025-12-30;15;348.863
5;2025-12-30;16;442.27
5;2025-12-30;17;471.393
5;2025-12-30;18;501.068
5;2025-12-30;19;337.05
5;2025-12-30;20;206.627
5;2025-12-30;21;129.158
5;2025-12-30;22;69.742
5;2025-12-30;23;4.198
5;2025-12-31;0;12.981
5;2025-12-31;1;0.0
5;2025-12-31;2;0.0
5;2025-12-31;3;0.0
5;2025-12-31;4;0.0
5;2025-12-31;5;2.309
5;2025-12-31;6;40.174
5;2025-12-31;7;72.308
5;2025-12-31;8;151.324
5;2025-12-31;9;167.558
5;2025-12-31;10;169.379
5;2025-12-31;11;227.699
5;2025-12-31;12;271.009
5;2025-12-31;13;344.801
5;2025-12-31;14;364.267
5;2025-12-31;15;447.968
5;2025-12-31;16;386.774
5;2025-12-31;17;355.783
5;2025-12-31;18;318.635
5;2025-12-31;19;255.274
5;2025-12-31;20;168.436
5;2025-12-31;21;135.776
5;2025-12-31;22;80.196
5;2025-12-31;23;28.497
7;2025-11-01;0;103.194
7;2025-11-01;1;19.42
7;2025-11-01;2;0.014
7;2025-11-01;3;0.014
7;2025-11-01;4;0.936
7;2025-11-01;5;139.774
7;2025-11-01;6;572.797
7;2025-11-01;7;1215.115
7;2025-11-01;8;1852.516
7;2025-11-01;9;1560.38
7;2025-11-01;10;1428.254
7;2025-11-01;11;1461.999
7;2025-11-01;12;1625.006
7;2025-11-01;13;1660.589
7;2025-11-01;14;1689.594
7;2025-11-01;15;1772.882
7;2025-11-01;16;1902.117
7;2025-11-01;17;1974.146
7;2025-11-01;18;1858.363
7;2025-11-01;19;1372.642
7;2025-11-01;20;1012.143
7;2025-11-01;21;627.908
7;2025-11-01;22;358.64
7;2025-11-01;23;255.582
7;2025-11-02;0;71.899
7;2025-11-02;1;15.307
7;2025-11-02;2;0.007
7;2025-11-02;3;0.005
7;2025-11-02;4;0.083
7;2025-11-02;5;18.404
7;2025-11-02;6;123.357
7;2025-11-02;7;160.069
7;2025-11-02;8;302.343
7;2025-11-02;9;407.232
7;2025-11-02;10;438.922
7;2025-11-02;11;577.249
7;2025-11-02;12;654.848
7;2025-11-02;13;657.698
7;2025-11-02;14;707.675
7;2025-11-02;15;679.64
7;2025-11-02;16;626.028
7;2025-11-02;17;609.73
7;2025-11-02;18;563.614
7;2025-11-02;19;463.619
7;2025-11-02;20;401.266
7;2025-11-02;21;294.992
7;2025-11-02;22;161.765
7;2025-11-02;23;102.515
7;2025-11-03;0;112.084
7;2025-11-03;1;24.059
7;2025-11-03;2;0.009
7;2025-11-03;3;0.01
7;2025-11-03;4;0.319
7;2025-11-03;5;54.351
7;2025-11-03;6;243.502
7;2025-11-03;7;307.536
7;2025-11-03;8;555.433
7;2025-11-03;9;759.321
7;2025-11-03;10;789.887
7;2025-11-03;11;1018.885
7;2025-11-03;12;1145.931
7;2025-11-03;13;1157.172
7;2025-11-03;14;1188.833
7;2025-11-03;15;1150.636
7;2025-11-03;16;1072.8
7;2025-11-03;17;1051.756
7;2025-11-03;18;999.756
7;2025-11-03;19;905.926
7;2025-11-03;20;730.278
7;2025-11-03;21;518.074
7;2025-11-03;22;288.296
7;2025-11-03;23;168.0
7;2025-11-04;0;105.208
7;2025-11-04;1;22.995
7;2025-11-04;2;0.008
7;2025-11-04;3;0.009
7;2025-11-04;4;0.415
7;2025-11-04;5;55.226
7;2025-11-04;6;243.402
7;2025-11-04;7;312.945
7;2025-11-04;8;550.584
7;2025-11-04;9;731.468
7;2025-11-04;10;768.154
7;2025-11-04;11;1023.115
7;2025-11-04;12;1138.803
7;2025-11-04;13;1125.626
7;2025-11-04;14;1155.981
7;2025-11-04;15;1127.542
7;2025-11-04;16;1048.531
7;2025-11-04;17;1031.301
7;2025-11-04;18;990.219
7;2025-11-04;19;889.292
7;2025-11-04;20;723.298
7;2025-11-04;21;522.13
7;2025-11-04;22;289.419
7;2025-11-04;23;168.327
7;2025-11-05;0;59.318
7;2025-11-05;1;9.478
7;2025-11-05;2;0.006
7;2025-11-05;3;0.005
7;2025-11-05;4;1.8
7;2025-11-05;5;199.526
7;2025-11-05;6;658.442
7;2025-11-05;7;1582.184
7;2025-11-05;8;2514.131
7;2025-11-05;9;1883.673
7;2025-11-05;10;1660.472
7;2025-11-05;11;1465.477
7;2025-11-05;12;1581.559
7;2025-11-05;13;1538.734
7;2025-11-05;14;1623.441
7;2025-11-05;15;1782.906
7;2025-11-05;16;1866.744
7;2025-11-05;17;2384.733
7;2025-11-05;18;2553.248
7;2025-11-05;19;1714.78
7;2025-11-05;20;1086.942
7;2025-11-05;21;632.557
7;2025-11-05;22;316.858
7;2025-11-05;23;188.334
7;2025-11-06;0;63.539
7;2025-11-06;1;12.861
7;2025-11-06;2;0.005
7;2025-11-06;3;0.005
7;2025-11-06;4;1.331
7;2025-11-06;5;193.928
7;2025-11-06;6;698.697
7;2025-11-06;7;1605.409
7;2025-11-06;8;2483.377
7;2025-11-06;9;1837.269
7;2025-11-06;10;1580.637
7;2025-11-06;11;1484.199
7;2025-11-06;12;1557.245
7;2025-11-06;13;1538.353
7;2025-11-06;14;1652.624
7;2025-11-06;15;1721.83
7;2025-11-06;16;1832.645
7;2025-11-06;17;2320.674
7;2025-11-06;18;2660.518
7;2025-11-06;19;1666.417
7;2025-11-06;20;1068.446
7;2025-11-06;21;641.728
7;2025-11-06;22;302.073
7;2025-11-06;23;191.15
7;2025-11-07;0;66.096
7;2025-11-07;1;12.399
7;2025-11-07;2;0.043
7;2025-11-07;3;0.003
7;2025-11-07;4;1.012
7;2025-11-07;5;181.445
7;2025-11-07;6;645.885
7;2025-11-07;7;1536.551
7;2025-11-07;8;2297.043
7;2025-11-07;9;1755.763
7;2025-11-07;10;1562.904
7;2025-11-07;11;1500.391
7;2025-11-07;12;1587.77
7;2025-11-07;13;1653.396
7;2025-11-07;14;1701.475
7;2025-11-07;15;1827.543
7;2025-11-07;16;2038.344
7;2025-11-07;17;2246.711
7;2025-11-07;18;2095.101
7;2025-11-07;19;1463.612
7;2025-11-07;20;1015.194
7;2025-11-07;21;610.741
7;2025-11-07;22;335.159
7;2025-11-07;23;223.813
7;2025-11-08;0;78.433
7;2025-11-08;1;18.347
7;2025-11-08;2;0.006
7;2025-11-08;3;0.005
7;2025-11-08;4;0.112
7;2025-11-08;5;37.629
7;2025-11-08;6;217.361
7;2025-11-08;7;313.98
7;2025-11-08;8;550.912
7;2025-11-08;9;626.065
7;2025-11-08;10;642.246
7;2025-11-08;11;776.862
7;2025-11-08;12;926.456
7;2025-11-08;13;885.693
7;2025-11-08;14;945.887
7;2025-11-08;15;885.303
7;2025-11-08;16;848.927
7;2025-11-08;17;817.656
7;2025-11-08;18;767.973
7;2025-11-08;19;698.176
7;2025-11-08;20;518.283
7;2025-11-08;21;393.495
7;2025-11-08;22;201.86
7;2025-11-08;23;150.343
7;2025-11-09;0;69.973
7;2025-11-09;1;15.276
7;2025-11-09;2;0.004
7;2025-11-09;3;0.004
7;2025-11-09;4;0.072
7;2025-11-09;5;20.952
7;2025-11-09;6;131.894
7;2025-11-09;7;187.248
7;2025-11-09;8;338.171
7;2025-11-09;9;437.546
7;2025-11-09;10;465.721
7;2025-11-09;11;599.169
7;2025-11-09;12;677.524
7;2025-11-09;13;681.749
7;2025-11-09;14;734.939
7;2025-11-09;15;711.717
7;2025-11-09;16;665.039
7;2025-11-09;17;664.117
7;2025-11-09;18;620.56
7;2025-11-09;19;501.899
7;2025-11-09;20;407.135
7;2025-11-09;21;313.025
7;2025-11-09;22;164.678
7;2025-11-09;23;103.347
7;2025-11-10;0;67.318
7;2025-11-10;1;12.408
7;2025-11-10;2;0.005
7;2025-11-10;3;0.005
7;2025-11-10;4;0.977
7;2025-11-10;5;196.044
7;2025-11-10;6;699.847
7;2025-11-10;7;1645.426
7;2025-11-10;8;2486.18
7;2025-11-10;9;1850.996
7;2025-11-10;10;1593.617
7;2025-11-10;11;1420.108
7;2025-11-10;12;1518.417
7;2025-11-10;13;1528.334
7;2025-11-10;14;1549.268
7;2025-11-10;15;1738.752
7;2025-11-10;16;1833.66
7;2025-11-10;17;2344.174
7;2025-11-10;18;2593.334
7;2025-11-10;19;1734.449
7;2025-11-10;20;1087.631
7;2025-11-10;21;575.661
7;2025-11-10;22;291.255
7;2025-11-10;23;155.181
7;2025-11-11;0;53.89
7;2025-11-11;1;11.198
7;2025-11-11;2;0.005
7;2025-11-11;3;0.005
7;2025-11-11;4;1.777
7;2025-11-11;5;203.286
7;2025-11-11;6;690.729
7;2025-11-11;7;1688.983
7;2025-11-11;8;2532.232
7;2025-11-11;9;1887.568
7;2025-11-11;10;1661.664
7;2025-11-11;11;1531.325
7;2025-11-11;12;1601.803
7;2025-11-11;13;1602.841
7;2025-11-11;14;1628.867
7;2025-11-11;15;1833.926
7;2025-11-11;16;1869.021
7;2025-11-11;17;2415.377
7;2025-11-11;18;2646.395
7;2025-11-11;19;1809.198
7;2025-11-11;20;1101.684
7;2025-11-11;21;648.335
7;2025-11-11;22;302.105
7;2025-11-11;23;176.384
7;2025-11-12;0;59.06
7;2025-11-12;1;9.297
7;2025-11-12;2;0.005
7;2025-11-12;3;0.006
7;2025-11-12;4;1.801
7;2025-11-12;5;199.059
7;2025-11-12;6;657.9
7;2025-11-12;7;1582.037
7;2025-11-12;8;2519.356
7;2025-11-12;9;1889.034
7;2025-11-12;10;1664.682
7;2025-11-12;11;1458.812
7;2025-11-12;12;1580.561
7;2025-11-12;13;1535.688
7;2025-11-12;14;1620.696
7;2025-11-12;15;1784.532
7;2025-11-12;16;1863.509
7;2025-11-12;17;2382.102
7;2025-11-12;18;2545.432
7;2025-11-12;19;1713.736
7;2025-11-12;20;1082.77
7;2025-11-12;21;630.057
7;2025-11-12;22;313.507
7;2025-11-12;23;186.643
7;2025-11-13;0;63.316
7;2025-11-13;1;12.843
7;2025-11-13;2;0.006
7;2025-11-13;3;0.004
7;2025-11-13;4;1.322
7;2025-11-13;5;193.607
7;2025-11-13;6;697.552
7;2025-11-13;7;1610.63
7;2025-11-13;8;2487.839
7;2025-11-13;9;1840.308
7;2025-11-13;10;1584.527
7;2025-11-13;11;1477.959
7;2025-11-13;12;1554.737
7;2025-11-13;13;1533.281
7;2025-11-13;14;1652.371
7;2025-11-13;15;1723.656
7;2025-11-13;16;1835.383
7;2025-11-13;17;2315.348
7;2025-11-13;18;2662.186
7;2025-11-13;19;1665.151
7;2025-11-13;20;1064.072
7;2025-11-13;21;642.741
7;2025-11-13;22;299.756
7;2025-11-13;23;190.263
7;2025-11-14;0;65.913
7;2025-11-14;1;12.469
7;2025-11-14;2;0.044
7;2025-11-14;3;0.003
7;2025-11-14;4;0.999
7;2025-11-14;5;181.774
7;2025-11-14;6;647.846
7;2025-11-14;7;1543.556
7;2025-11-14;8;2302.691
7;2025-11-14;9;1762.836
7;2025-11-14;10;1573.498
7;2025-11-14;11;1500.291
7;2025-11-14;12;1588.244
7;2025-11-14;13;1654.181
7;2025-11-14;14;1704.782
7;2025-11-14;15;1831.518
7;2025-11-14;16;2046.708
7;2025-11-14;17;2246.274
7;2025-11-14;18;2094.901
7;2025-11-14;19;1466.209
7;2025-11-14;20;1016.1
7;2025-11-14;21;612.82
7;2025-11-14;22;335.047
7;2025-11-14;23;223.01
7;2025-11-15;0;105.937
7;2025-11-15;1;25.485
7;2025-11-15;2;0.006
7;2025-11-15;3;0.004
7;2025-11-15;4;0.115
7;2025-11-15;5;56.654
7;2025-11-15;6;314.331
7;2025-11-15;7;489.48
7;2025-11-15;8;831.215
7;2025-11-15;9;902.525
7;2025-11-15;10;956.673
7;2025-11-15;11;1128.988
7;2025-11-15;12;1331.851
7;2025-11-15;13;1288.432
7;2025-11-15;14;1379.64
7;2025-11-15;15;1289.511
7;2025-11-15;16;1250.969
7;2025-11-15;17;1202.854
7;2025-11-15;18;1122.858
7;2025-11-15;19;1047.797
7;2025-11-15;20;757.647
7;2025-11-15;21;577.675
7;2025-11-15;22;310.51
7;2025-11-15;23;213.149
7;2025-11-16;0;110.521
7;2025-11-16;1;24.844
7;2025-11-16;2;0.006
7;2025-11-16;3;0.004
7;2025-11-16;4;0.082
7;2025-11-16;5;36.01
7;2025-11-16;6;218.478
7;2025-11-16;7;321.321
7;2025-11-16;8;564.781
7;2025-11-16;9;713.933
7;2025-11-16;10;777.866
7;2025-11-16;11;991.211
7;2025-11-16;12;1111.735
7;2025-11-16;13;1125.863
7;2025-11-16;14;1218.519
7;2025-11-16;15;1173.164
7;2025-11-16;16;1113.094
7;2025-11-16;17;1124.449
7;2025-11-16;18;1038.053
7;2025-11-16;19;858.177
7;2025-11-16;20;679.265
7;2025-11-16;21;533.28
7;2025-11-16;22;289.952
7;2025-11-16;23;166.789
7;2025-11-17;0;66.564
7;2025-11-17;1;12.16
7;2025-11-17;2;0.003
7;2025-11-17;3;0.003
7;2025-11-17;4;0.969
7;2025-11-17;5;196.361
7;2025-11-17;6;699.255
7;2025-11-17;7;1648.411
7;2025-11-17;8;2492.72
7;2025-11-17;9;1853.61
7;2025-11-17;10;1593.237
7;2025-11-17;11;1418.228
7;2025-11-17;12;1509.664
7;2025-11-17;13;1522.769
7;2025-11-17;14;1550.381
7;2025-11-17;15;1733.762
7;2025-11-17;16;1828.654
7;2025-11-17;17;2340.702
7;2025-11-17;18;2602.268
7;2025-11-17;19;1731.81
7;2025-11-17;20;1083.755
7;2025-11-17;21;570.919
7;2025-11-17;22;284.3
7;2025-11-17;23;152.698
7;2025-11-18;0;53.598
7;2025-11-18;1;11.09
7;2025-11-18;2;0.003
7;2025-11-18;3;0.002
7;2025-11-18;4;1.766
7;2025-11-18;5;204.119
7;2025-11-18;6;693.591
7;2025-11-18;7;1696.734
7;2025-11-18;8;2544.533
7;2025-11-18;9;1895.567
7;2025-11-18;10;1667.361
7;2025-11-18;11;1533.596
7;2025-11-18;12;1602.387
7;2025-11-18;13;1605.044
7;2025-11-18;14;1634.068
7;2025-11-18;15;1839.644
7;2025-11-18;16;1873.191
7;2025-11-18;17;2424.845
7;2025-11-18;18;2665.662
7;2025-11-18;19;1811.667
7;2025-11-18;20;1101.573
7;2025-11-18;21;647.925
7;2025-11-18;22;299.867
7;2025-11-18;23;176.113
7;2025-11-19;0;59.605
7;2025-11-19;1;9.532
7;2025-11-19;2;0.003
7;2025-11-19;3;0.004
7;2025-11-19;4;1.776
7;2025-11-19;5;199.493
7;2025-11-19;6;660.193
7;2025-11-19;7;1591.368
7;2025-11-19;8;2533.174
7;2025-11-19;9;1897.726
7;2025-11-19;10;1665.905
7;2025-11-19;11;1461.239
7;2025-11-19;12;1577.895
7;2025-11-19;13;1539.273
7;2025-11-19;14;1622.878
7;2025-11-19;15;1790.818
7;2025-11-19;16;1872.413
7;2025-11-19;17;2390.614
7;2025-11-19;18;2568.783
7;2025-11-19;19;1720.464
7;2025-11-19;20;1082.974
7;2025-11-19;21;629.064
7;2025-11-19;22;309.939
7;2025-11-19;23;185.996
7;2025-11-20;0;63.589
7;2025-11-20;1;13.016
7;2025-11-20;2;0.003
7;2025-11-20;3;0.004
7;2025-11-20;4;1.307
7;2025-11-20;5;193.404
7;2025-11-20;6;698.66
7;2025-11-20;7;1613.579
7;2025-11-20;8;2498.685
7;2025-11-20;9;1842.386
7;2025-11-20;10;1581.916
7;2025-11-20;11;1477.689
7;2025-11-20;12;1549.489
7;2025-11-20;13;1531.965
7;2025-11-20;14;1643.398
7;2025-11-20;15;1725.424
7;2025-11-20;16;1838.344
7;2025-11-20;17;2321.741
7;2025-11-20;18;2674.407
7;2025-11-20;19;1673.303
7;2025-11-20;20;1062.655
7;2025-11-20;21;638.958
7;2025-11-20;22;294.379
7;2025-11-20;23;189.692
7;2025-11-21;0;65.99
7;2025-11-21;1;12.481
7;2025-11-21;2;0.041
7;2025-11-21;3;0.003
7;2025-11-21;4;0.987
7;2025-11-21;5;181.521
7;2025-11-21;6;641.555
7;2025-11-21;7;1540.165
7;2025-11-21;8;2304.002
7;2025-11-21;9;1758.613
7;2025-11-21;10;1562.168
7;2025-11-21;11;1499.646
7;2025-11-21;12;1580.65
7;2025-11-21;13;1649.581
7;2025-11-21;14;1698.615
7;2025-11-21;15;1826.867
7;2025-11-21;16;2046.452
7;2025-11-21;17;2245.077
7;2025-11-21;18;2094.134
7;2025-11-21;19;1457.061
7;2025-11-21;20;1005.683
7;2025-11-21;21;609.143
7;2025-11-21;22;328.642
7;2025-11-21;23;220.707
7;2025-11-22;0;108.495
7;2025-11-22;1;26.041
7;2025-11-22;2;0.004
7;2025-11-22;3;0.004
7;2025-11-22;4;0.105
7;2025-11-22;5;54.809
7;2025-11-22;6;306.546
7;2025-11-22;7;464.467
7;2025-11-22;8;806.978
7;2025-11-22;9;904.35
7;2025-11-22;10;950.204
7;2025-11-22;11;1137.91
7;2025-11-22;12;1344.392
7;2025-11-22;13;1303.27
7;2025-11-22;14;1396.486
7;2025-11-22;15;1313.26
7;2025-11-22;16;1259.543
7;2025-11-22;17;1212.694
7;2025-11-22;18;1134.605
7;2025-11-22;19;1045.583
7;2025-11-22;20;761.949
7;2025-11-22;21;591.059
7;2025-11-22;22;304.719
7;2025-11-22;23;215.544
7;2025-11-23;0;112.162
7;2025-11-23;1;24.748
7;2025-11-23;2;0.004
7;2025-11-23;3;0.002
7;2025-11-23;4;0.07
7;2025-11-23;5;35.072
7;2025-11-23;6;220.572
7;2025-11-23;7;323.964
7;2025-11-23;8;571.783
7;2025-11-23;9;728.234
7;2025-11-23;10;788.972
7;2025-11-23;11;1000.195
7;2025-11-23;12;1128.912
7;2025-11-23;13;1140.486
7;2025-11-23;14;1231.962
7;2025-11-23;15;1206.231
7;2025-11-23;16;1129.192
7;2025-11-23;17;1138.89
7;2025-11-23;18;1052.559
7;2025-11-23;19;852.019
7;2025-11-23;20;681.104
7;2025-11-23;21;540.288
7;2025-11-23;22;284.69
7;2025-11-23;23;168.369
7;2025-11-24;0;67.346
7;2025-11-24;1;12.045
7;2025-11-24;2;0.004
7;2025-11-24;3;0.003
7;2025-11-24;4;0.949
7;2025-11-24;5;196.049
7;2025-11-24;6;697.954
7;2025-11-24;7;1640.352
7;2025-11-24;8;2479.843
7;2025-11-24;9;1847.442
7;2025-11-24;10;1587.727
7;2025-11-24;11;1411.788
7;2025-11-24;12;1506.802
7;2025-11-24;13;1519.441
7;2025-11-24;14;1541.323
7;2025-11-24;15;1729.64
7;2025-11-24;16;1825.543
7;2025-11-24;17;2333.996
7;2025-11-24;18;2584.677
7;2025-11-24;19;1726.76
7;2025-11-24;20;1081.062
7;2025-11-24;21;573.093
7;2025-11-24;22;283.907
7;2025-11-24;23;154.2
7;2025-11-25;0;53.842
7;2025-11-25;1;11.042
7;2025-11-25;2;0.003
7;2025-11-25;3;0.003
7;2025-11-25;4;1.763
7;2025-11-25;5;203.575
7;2025-11-25;6;692.533
7;2025-11-25;7;1694.561
7;2025-11-25;8;2540.558
7;2025-11-25;9;1895.592
7;2025-11-25;10;1666.932
7;2025-11-25;11;1532.449
7;2025-11-25;12;1599.047
7;2025-11-25;13;1604.21
7;2025-11-25;14;1629.285
7;2025-11-25;15;1836.307
7;2025-11-25;16;1873.373
7;2025-11-25;17;2423.871
7;2025-11-25;18;2659.898
7;2025-11-25;19;1811.81
7;2025-11-25;20;1099.183
7;2025-11-25;21;646.558
7;2025-11-25;22;297.943
7;2025-11-25;23;176.063
7;2025-11-26;0;59.565
7;2025-11-26;1;9.545
7;2025-11-26;2;0.003
7;2025-11-26;3;0.002
7;2025-11-26;4;1.783
7;2025-11-26;5;199.299
7;2025-11-26;6;661.903
7;2025-11-26;7;1592.843
7;2025-11-26;8;2534.947
7;2025-11-26;9;1898.857
7;2025-11-26;10;1670.737
7;2025-11-26;11;1463.423
7;2025-11-26;12;1581.053
7;2025-11-26;13;1541.974
7;2025-11-26;14;1622.671
7;2025-11-26;15;1793.038
7;2025-11-26;16;1874.762
7;2025-11-26;17;2391.24
7;2025-11-26;18;2569.915
7;2025-11-26;19;1724.712
7;2025-11-26;20;1082.484
7;2025-11-26;21;629.393
7;2025-11-26;22;308.103
7;2025-11-26;23;185.402
7;2025-11-27;0;63.474
7;2025-11-27;1;13.051
7;2025-11-27;2;0.004
7;2025-11-27;3;0.003
7;2025-11-27;4;1.306
7;2025-11-27;5;193.069
7;2025-11-27;6;698.406
7;2025-11-27;7;1616.535
7;2025-11-27;8;2499.279
7;2025-11-27;9;1843.717
7;2025-11-27;10;1585.128
7;2025-11-27;11;1479.841
7;2025-11-27;12;1551.673
7;2025-11-27;13;1535.085
7;2025-11-27;14;1644.652
7;2025-11-27;15;1727.545
7;2025-11-27;16;1842.88
7;2025-11-27;17;2324.158
7;2025-11-27;18;2679.551
7;2025-11-27;19;1675.389
7;2025-11-27;20;1062.646
7;2025-11-27;21;639.501
7;2025-11-27;22;293.823
7;2025-11-27;23;189.703
7;2025-11-28;0;66.204
7;2025-11-28;1;12.661
7;2025-11-28;2;0.041
7;2025-11-28;3;0.004
7;2025-11-28;4;0.974
7;2025-11-28;5;180.809
7;2025-11-28;6;643.005
7;2025-11-28;7;1539.409
7;2025-11-28;8;2302.056
7;2025-11-28;9;1757.304
7;2025-11-28;10;1564.433
7;2025-11-28;11;1500.893
7;2025-11-28;12;1579.349
7;2025-11-28;13;1654.526
7;2025-11-28;14;1702.254
7;2025-11-28;15;1830.138
7;2025-11-28;16;2049.022
7;2025-11-28;17;2249.632
7;2025-11-28;18;2098.407
7;2025-11-28;19;1470.458
7;2025-11-28;20;1010.37
7;2025-11-28;21;611.74
7;2025-11-28;22;329.623
7;2025-11-28;23;221.528
7;2025-11-29;0;107.948
7;2025-11-29;1;25.933
7;2025-11-29;2;0.005
7;2025-11-29;3;0.003
7;2025-11-29;4;0.078
7;2025-11-29;5;54.619
7;2025-11-29;6;308.759
7;2025-11-29;7;467.738
7;2025-11-29;8;813.657
7;2025-11-29;9;909.924
7;2025-11-29;10;955.505
7;2025-11-29;11;1147.003
7;2025-11-29;12;1354.484
7;2025-11-29;13;1306.896
7;2025-11-29;14;1402.261
7;2025-11-29;15;1319.702
7;2025-11-29;16;1268.163
7;2025-11-29;17;1217.664
7;2025-11-29;18;1135.472
7;2025-11-29;19;1053.554
7;2025-11-29;20;763.5
7;2025-11-29;21;589.651
7;2025-11-29;22;304.262
7;2025-11-29;23;213.381
7;2025-11-30;0;112.706
7;2025-11-30;1;24.733
7;2025-11-30;2;0.005
7;2025-11-30;3;0.003
7;2025-11-30;4;0.074
7;2025-11-30;5;35.162
7;2025-11-30;6;222.622
7;2025-11-30;7;331.508
7;2025-11-30;8;580.423
7;2025-11-30;9;729.747
7;2025-11-30;10;791.179
7;2025-11-30;11;1010.149
7;2025-11-30;12;1138.731
7;2025-11-30;13;1152.857
7;2025-11-30;14;1243.152
7;2025-11-30;15;1219.712
7;2025-11-30;16;1143.984
7;2025-11-30;17;1151.459
7;2025-11-30;18;1061.764
7;2025-11-30;19;859.112
7;2025-11-30;20;684.2
7;2025-11-30;21;540.361
7;2025-11-30;22;284.197
7;2025-11-30;23;167.442
7;2025-12-01;0;67.252
7;2025-12-01;1;12.096
7;2025-12-01;2;0.003
7;2025-12-01;3;0.003
7;2025-12-01;4;0.959
7;2025-12-01;5;195.97
7;2025-12-01;6;700.373
7;2025-12-01;7;1645.318
7;2025-12-01;8;2479.722
7;2025-12-01;9;1856.393
7;2025-12-01;10;1595.973
7;2025-12-01;11;1420.99
7;2025-12-01;12;1514.064
7;2025-12-01;13;1527.119
7;2025-12-01;14;1546.658
7;2025-12-01;15;1732.434
7;2025-12-01;16;1828.953
7;2025-12-01;17;2340.146
7;2025-12-01;18;2593.544
7;2025-12-01;19;1734.807
7;2025-12-01;20;1083.64
7;2025-12-01;21;571.999
7;2025-12-01;22;282.237
7;2025-12-01;23;154.077
7;2025-12-02;0;53.383
7;2025-12-02;1;11.092
7;2025-12-02;2;0.004
7;2025-12-02;3;0.004
7;2025-12-02;4;1.775
7;2025-12-02;5;203.506
7;2025-12-02;6;693.312
7;2025-12-02;7;1692.489
7;2025-12-02;8;2539.863
7;2025-12-02;9;1900.754
7;2025-12-02;10;1671.244
7;2025-12-02;11;1530.826
7;2025-12-02;12;1598.294
7;2025-12-02;13;1599.71
7;2025-12-02;14;1620.603
7;2025-12-02;15;1833.375
7;2025-12-02;16;1864.389
7;2025-12-02;17;2423.338
7;2025-12-02;18;2659.173
7;2025-12-02;19;1812.588
7;2025-12-02;20;1097.647
7;2025-12-02;21;645.071
7;2025-12-02;22;296.326
7;2025-12-02;23;175.822
7;2025-12-03;0;59.402
7;2025-12-03;1;9.438
7;2025-12-03;2;0.005
7;2025-12-03;3;0.003
7;2025-12-03;4;1.77
7;2025-12-03;5;199.223
7;2025-12-03;6;657.036
7;2025-12-03;7;1579.974
7;2025-12-03;8;2519.646
7;2025-12-03;9;1902.383
7;2025-12-03;10;1673.441
7;2025-12-03;11;1465.315
7;2025-12-03;12;1586.252
7;2025-12-03;13;1542.243
7;2025-12-03;14;1625.798
7;2025-12-03;15;1791.419
7;2025-12-03;16;1874.61
7;2025-12-03;17;2393.683
7;2025-12-03;18;2568.218
7;2025-12-03;19;1723.51
7;2025-12-03;20;1081.981
7;2025-12-03;21;629.142
7;2025-12-03;22;307.326
7;2025-12-03;23;184.619
7;2025-12-04;0;63.55
7;2025-12-04;1;13.17
7;2025-12-04;2;0.005
7;2025-12-04;3;0.002
7;2025-12-04;4;1.298
7;2025-12-04;5;193.103
7;2025-12-04;6;696.194
7;2025-12-04;7;1604.593
7;2025-12-04;8;2486.495
7;2025-12-04;9;1846.105
7;2025-12-04;10;1588.274
7;2025-12-04;11;1479.281
7;2025-12-04;12;1554.697
7;2025-12-04;13;1532.55
7;2025-12-04;14;1647.731
7;2025-12-04;15;1726.406
7;2025-12-04;16;1840.825
7;2025-12-04;17;2321.765
7;2025-12-04;18;2672.249
7;2025-12-04;19;1670.676
7;2025-12-04;20;1060.6
7;2025-12-04;21;637.546
7;2025-12-04;22;291.197
7;2025-12-04;23;186.6
7;2025-12-05;0;66.144
7;2025-12-05;1;12.511
7;2025-12-05;2;0.043
7;2025-12-05;3;0.004
7;2025-12-05;4;0.982
7;2025-12-05;5;181.533
7;2025-12-05;6;642.55
7;2025-12-05;7;1538.096
7;2025-12-05;8;2303.979
7;2025-12-05;9;1767.43
7;2025-12-05;10;1568.724
7;2025-12-05;11;1499.397
7;2025-12-05;12;1582.818
7;2025-12-05;13;1648.298
7;2025-12-05;14;1699.142
7;2025-12-05;15;1825.354
7;2025-12-05;16;2045.906
7;2025-12-05;17;2247.856
7;2025-12-05;18;2090.467
7;2025-12-05;19;1467.586
7;2025-12-05;20;1010.682
7;2025-12-05;21;611.582
7;2025-12-05;22;326.761
7;2025-12-05;23;220.009
7;2025-12-06;0;107.126
7;2025-12-06;1;25.663
7;2025-12-06;2;0.006
7;2025-12-06;3;0.004
7;2025-12-06;4;0.101
7;2025-12-06;5;53.654
7;2025-12-06;6;308.085
7;2025-12-06;7;464.937
7;2025-12-06;8;808.143
7;2025-12-06;9;904.526
7;2025-12-06;10;951.865
7;2025-12-06;11;1141.059
7;2025-12-06;12;1351.753
7;2025-12-06;13;1309.168
7;2025-12-06;14;1406.01
7;2025-12-06;15;1321.966
7;2025-12-06;16;1271.712
7;2025-12-06;17;1229.338
7;2025-12-06;18;1121.061
7;2025-12-06;19;1042.47
7;2025-12-06;20;756.777
7;2025-12-06;21;589.722
7;2025-12-06;22;302.932
7;2025-12-06;23;212.036
7;2025-12-07;0;111.159
7;2025-12-07;1;24.454
7;2025-12-07;2;0.006
7;2025-12-07;3;0.003
7;2025-12-07;4;0.073
7;2025-12-07;5;34.063
7;2025-12-07;6;216.508
7;2025-12-07;7;325.547
7;2025-12-07;8;569.373
7;2025-12-07;9;724.935
7;2025-12-07;10;783.914
7;2025-12-07;11;1009.665
7;2025-12-07;12;1139.985
7;2025-12-07;13;1151.495
7;2025-12-07;14;1247.326
7;2025-12-07;15;1217.283
7;2025-12-07;16;1139.429
7;2025-12-07;17;1143.528
7;2025-12-07;18;1036.139
7;2025-12-07;19;844.634
7;2025-12-07;20;674.109
7;2025-12-07;21;543.188
7;2025-12-07;22;282.624
7;2025-12-07;23;167.292
7;2025-12-08;0;67.302
7;2025-12-08;1;12.002
7;2025-12-08;2;0.004
7;2025-12-08;3;0.004
7;2025-12-08;4;0.956
7;2025-12-08;5;195.6
7;2025-12-08;6;697.997
7;2025-12-08;7;1637.216
7;2025-12-08;8;2474.48
7;2025-12-08;9;1856.39
7;2025-12-08;10;1593.055
7;2025-12-08;11;1419.362
7;2025-12-08;12;1509.807
7;2025-12-08;13;1525.65
7;2025-12-08;14;1543.438
7;2025-12-08;15;1729.796
7;2025-12-08;16;1830.553
7;2025-12-08;17;2345.696
7;2025-12-08;18;2592.997
7;2025-12-08;19;1735.019
7;2025-12-08;20;1079.903
7;2025-12-08;21;572.625
7;2025-12-08;22;283.355
7;2025-12-08;23;152.96
7;2025-12-09;0;53.376
7;2025-12-09;1;11.128
7;2025-12-09;2;0.005
7;2025-12-09;3;0.003
7;2025-12-09;4;1.766
7;2025-12-09;5;203.035
7;2025-12-09;6;691.384
7;2025-12-09;7;1690.578
7;2025-12-09;8;2530.917
7;2025-12-09;9;1900.335
7;2025-12-09;10;1673.559
7;2025-12-09;11;1536.084
7;2025-12-09;12;1602.307
7;2025-12-09;13;1609.184
7;2025-12-09;14;1636.859
7;2025-12-09;15;1841.016
7;2025-12-09;16;1880.248
7;2025-12-09;17;2434.452
7;2025-12-09;18;2661.046
7;2025-12-09;19;1814.469
7;2025-12-09;20;1096.667
7;2025-12-09;21;647.132
7;2025-12-09;22;296.499
7;2025-12-09;23;176.214
7;2025-12-10;0;59.533
7;2025-12-10;1;9.568
7;2025-12-10;2;0.005
7;2025-12-10;3;0.004
7;2025-12-10;4;1.77
7;2025-12-10;5;199.44
7;2025-12-10;6;660.051
7;2025-12-10;7;1587.158
7;2025-12-10;8;2524.433
7;2025-12-10;9;1903.08
7;2025-12-10;10;1676.54
7;2025-12-10;11;1465.716
7;2025-12-10;12;1583.292
7;2025-12-10;13;1542.185
7;2025-12-10;14;1626.221
7;2025-12-10;15;1794.538
7;2025-12-10;16;1875.382
7;2025-12-10;17;2403.911
7;2025-12-10;18;2572.442
7;2025-12-10;19;1726.828
7;2025-12-10;20;1081.732
7;2025-12-10;21;630.926
7;2025-12-10;22;306.079
7;2025-12-10;23;183.742
7;2025-12-11;0;63.671
7;2025-12-11;1;13.137
7;2025-12-11;2;0.004
7;2025-12-11;3;0.004
7;2025-12-11;4;1.29
7;2025-12-11;5;192.965
7;2025-12-11;6;696.199
7;2025-12-11;7;1607.529
7;2025-12-11;8;2486.437
7;2025-12-11;9;1844.688
7;2025-12-11;10;1588.676
7;2025-12-11;11;1479.428
7;2025-12-11;12;1551.958
7;2025-12-11;13;1534.466
7;2025-12-11;14;1650.028
7;2025-12-11;15;1728.936
7;2025-12-11;16;1844.116
7;2025-12-11;17;2333.034
7;2025-12-11;18;2682.387
7;2025-12-11;19;1673.079
7;2025-12-11;20;1058.981
7;2025-12-11;21;640.387
7;2025-12-11;22;291.351
7;2025-12-11;23;187.76
7;2025-12-12;0;66.262
7;2025-12-12;1;12.411
7;2025-12-12;2;0.043
7;2025-12-12;3;0.003
7;2025-12-12;4;0.983
7;2025-12-12;5;181.023
7;2025-12-12;6;643.273
7;2025-12-12;7;1533.015
7;2025-12-12;8;2292.254
7;2025-12-12;9;1759.847
7;2025-12-12;10;1564.31
7;2025-12-12;11;1496.293
7;2025-12-12;12;1579.24
7;2025-12-12;13;1653.205
7;2025-12-12;14;1705.279
7;2025-12-12;15;1829.549
7;2025-12-12;16;2050.958
7;2025-12-12;17;2248.743
7;2025-12-12;18;2099.709
7;2025-12-12;19;1475.202
7;2025-12-12;20;1011.094
7;2025-12-12;21;614.214
7;2025-12-12;22;327.356
7;2025-12-12;23;219.935
7;2025-12-13;0;107.454
7;2025-12-13;1;25.776
7;2025-12-13;2;0.005
7;2025-12-13;3;0.005
7;2025-12-13;4;0.099
7;2025-12-13;5;52.914
7;2025-12-13;6;307.908
7;2025-12-13;7;461.579
7;2025-12-13;8;796.355
7;2025-12-13;9;896.858
7;2025-12-13;10;953.67
7;2025-12-13;11;1149.302
7;2025-12-13;12;1357.917
7;2025-12-13;13;1311.545
7;2025-12-13;14;1413.358
7;2025-12-13;15;1328.256
7;2025-12-13;16;1272.167
7;2025-12-13;17;1221.84
7;2025-12-13;18;1113.429
7;2025-12-13;19;1040.623
7;2025-12-13;20;757.571
7;2025-12-13;21;592.482
7;2025-12-13;22;304.968
7;2025-12-13;23;212.486
7;2025-12-14;0;111.813
7;2025-12-14;1;24.468
7;2025-12-14;2;0.006
7;2025-12-14;3;0.005
7;2025-12-14;4;0.069
7;2025-12-14;5;34.487
7;2025-12-14;6;219.835
7;2025-12-14;7;329.598
7;2025-12-14;8;573.599
7;2025-12-14;9;730.395
7;2025-12-14;10;792.714
7;2025-12-14;11;1013.939
7;2025-12-14;12;1147.02
7;2025-12-14;13;1160.528
7;2025-12-14;14;1256.496
7;2025-12-14;15;1225.112
7;2025-12-14;16;1153.572
7;2025-12-14;17;1153.707
7;2025-12-14;18;1041.636
7;2025-12-14;19;849.828
7;2025-12-14;20;679.016
7;2025-12-14;21;547.57
7;2025-12-14;22;282.765
7;2025-12-14;23;167.484
7;2025-12-15;0;67.149
7;2025-12-15;1;11.997
7;2025-12-15;2;0.005
7;2025-12-15;3;0.004
7;2025-12-15;4;0.959
7;2025-12-15;5;196.392
7;2025-12-15;6;698.931
7;2025-12-15;7;1637.905
7;2025-12-15;8;2472.958
7;2025-12-15;9;1860.548
7;2025-12-15;10;1601.989
7;2025-12-15;11;1423.755
7;2025-12-15;12;1512.765
7;2025-12-15;13;1525.718
7;2025-12-15;14;1545.285
7;2025-12-15;15;1732.005
7;2025-12-15;16;1827.894
7;2025-12-15;17;2352.552
7;2025-12-15;18;2601.441
7;2025-12-15;19;1737.8
7;2025-12-15;20;1082.705
7;2025-12-15;21;575.522
7;2025-12-15;22;281.876
7;2025-12-15;23;152.747
7;2025-12-16;0;53.475
7;2025-12-16;1;11.151
7;2025-12-16;2;0.005
7;2025-12-16;3;0.004
7;2025-12-16;4;1.768
7;2025-12-16;5;203.21
7;2025-12-16;6;692.072
7;2025-12-16;7;1685.6
7;2025-12-16;8;2522.089
7;2025-12-16;9;1899.666
7;2025-12-16;10;1674.539
7;2025-12-16;11;1534.478
7;2025-12-16;12;1597.362
7;2025-12-16;13;1601.632
7;2025-12-16;14;1630.153
7;2025-12-16;15;1834.48
7;2025-12-16;16;1867.471
7;2025-12-16;17;2429.88
7;2025-12-16;18;2665.12
7;2025-12-16;19;1816.733
7;2025-12-16;20;1096.63
7;2025-12-16;21;648.972
7;2025-12-16;22;296.547
7;2025-12-16;23;175.268
7;2025-12-17;0;59.444
7;2025-12-17;1;9.56
7;2025-12-17;2;0.004
7;2025-12-17;3;0.004
7;2025-12-17;4;1.778
7;2025-12-17;5;199.135
7;2025-12-17;6;657.995
7;2025-12-17;7;1576.389
7;2025-12-17;8;2515.018
7;2025-12-17;9;1900.947
7;2025-12-17;10;1675.778
7;2025-12-17;11;1464.243
7;2025-12-17;12;1579.103
7;2025-12-17;13;1535.942
7;2025-12-17;14;1616.984
7;2025-12-17;15;1789.17
7;2025-12-17;16;1869.107
7;2025-12-17;17;2399.949
7;2025-12-17;18;2571.576
7;2025-12-17;19;1725.325
7;2025-12-17;20;1081.789
7;2025-12-17;21;632.157
7;2025-12-17;22;306.407
7;2025-12-17;23;183.681
7;2025-12-18;0;63.445
7;2025-12-18;1;13.204
7;2025-12-18;2;0.005
7;2025-12-18;3;0.004
7;2025-12-18;4;1.292
7;2025-12-18;5;193.213
7;2025-12-18;6;695.281
7;2025-12-18;7;1601.665
7;2025-12-18;8;2477.448
7;2025-12-18;9;1841.665
7;2025-12-18;10;1593.035
7;2025-12-18;11;1474.512
7;2025-12-18;12;1549.093
7;2025-12-18;13;1530.194
7;2025-12-18;14;1646.609
7;2025-12-18;15;1720.146
7;2025-12-18;16;1836.121
7;2025-12-18;17;2329.704
7;2025-12-18;18;2673.101
7;2025-12-18;19;1668.166
7;2025-12-18;20;1059.883
7;2025-12-18;21;640.754
7;2025-12-18;22;293.326
7;2025-12-18;23;188.613
7;2025-12-19;0;66.841
7;2025-12-19;1;12.606
7;2025-12-19;2;0.041
7;2025-12-19;3;0.003
7;2025-12-19;4;1.02
7;2025-12-19;5;181.875
7;2025-12-19;6;645.262
7;2025-12-19;7;1533.513
7;2025-12-19;8;2290.334
7;2025-12-19;9;1775.239
7;2025-12-19;10;1571.705
7;2025-12-19;11;1502.543
7;2025-12-19;12;1589.013
7;2025-12-19;13;1658.009
7;2025-12-19;14;1706.533
7;2025-12-19;15;1833.574
7;2025-12-19;16;2057.89
7;2025-12-19;17;2260.03
7;2025-12-19;18;2112.468
7;2025-12-19;19;1477.541
7;2025-12-19;20;1016.047
7;2025-12-19;21;616.054
7;2025-12-19;22;329.502
7;2025-12-19;23;219.873
7;2025-12-20;0;107.76
7;2025-12-20;1;25.763
7;2025-12-20;2;0.004
7;2025-12-20;3;0.002
7;2025-12-20;4;0.104
7;2025-12-20;5;55.364
7;2025-12-20;6;312.836
7;2025-12-20;7;478.883
7;2025-12-20;8;815.897
7;2025-12-20;9;914.57
7;2025-12-20;10;968.168
7;2025-12-20;11;1181.079
7;2025-12-20;12;1385.386
7;2025-12-20;13;1345.046
7;2025-12-20;14;1441.324
7;2025-12-20;15;1348.763
7;2025-12-20;16;1299.985
7;2025-12-20;17;1261.443
7;2025-12-20;18;1139.509
7;2025-12-20;19;1065.526
7;2025-12-20;20;777.576
7;2025-12-20;21;603.206
7;2025-12-20;22;310.682
7;2025-12-20;23;216.596
7;2025-12-21;0;110.646
7;2025-12-21;1;24.568
7;2025-12-21;2;0.004
7;2025-12-21;3;0.004
7;2025-12-21;4;0.069
7;2025-12-21;5;35.47
7;2025-12-21;6;219.425
7;2025-12-21;7;329.695
7;2025-12-21;8;572.1
7;2025-12-21;9;728.359
7;2025-12-21;10;792.487
7;2025-12-21;11;1015.18
7;2025-12-21;12;1147.274
7;2025-12-21;13;1164.001
7;2025-12-21;14;1260.425
7;2025-12-21;15;1217.581
7;2025-12-21;16;1147.207
7;2025-12-21;17;1157.573
7;2025-12-21;18;1047.235
7;2025-12-21;19;861.042
7;2025-12-21;20;683.047
7;2025-12-21;21;544.958
7;2025-12-21;22;285.656
7;2025-12-21;23;167.407
7;2025-12-22;0;67.107
7;2025-12-22;1;12.28
7;2025-12-22;2;0.004
7;2025-12-22;3;0.004
7;2025-12-22;4;0.96
7;2025-12-22;5;195.749
7;2025-12-22;6;700.312
7;2025-12-22;7;1632.692
7;2025-12-22;8;2466.308
7;2025-12-22;9;1859.855
7;2025-12-22;10;1593.98
7;2025-12-22;11;1416.526
7;2025-12-22;12;1511.532
7;2025-12-22;13;1527.829
7;2025-12-22;14;1551.053
7;2025-12-22;15;1737.581
7;2025-12-22;16;1841.236
7;2025-12-22;17;2349.736
7;2025-12-22;18;2607.397
7;2025-12-22;19;1736.014
7;2025-12-22;20;1079.677
7;2025-12-22;21;574.012
7;2025-12-22;22;283.898
7;2025-12-22;23;153.459
7;2025-12-23;0;53.17
7;2025-12-23;1;11.055
7;2025-12-23;2;0.003
7;2025-12-23;3;0.004
7;2025-12-23;4;1.76
7;2025-12-23;5;202.649
7;2025-12-23;6;690.48
7;2025-12-23;7;1678.647
7;2025-12-23;8;2512.746
7;2025-12-23;9;1897.206
7;2025-12-23;10;1667.623
7;2025-12-23;11;1529.271
7;2025-12-23;12;1595.16
7;2025-12-23;13;1605.556
7;2025-12-23;14;1633.106
7;2025-12-23;15;1838.455
7;2025-12-23;16;1880.374
7;2025-12-23;17;2432.046
7;2025-12-23;18;2665.808
7;2025-12-23;19;1808.719
7;2025-12-23;20;1092.457
7;2025-12-23;21;647.053
7;2025-12-23;22;296.809
7;2025-12-23;23;175.181
7;2025-12-24;0;59.761
7;2025-12-24;1;9.493
7;2025-12-24;2;0.003
7;2025-12-24;3;0.005
7;2025-12-24;4;1.774
7;2025-12-24;5;199.025
7;2025-12-24;6;659.229
7;2025-12-24;7;1576.159
7;2025-12-24;8;2506.795
7;2025-12-24;9;1900.936
7;2025-12-24;10;1671.854
7;2025-12-24;11;1461.308
7;2025-12-24;12;1577.167
7;2025-12-24;13;1544.166
7;2025-12-24;14;1626.759
7;2025-12-24;15;1792.41
7;2025-12-24;16;1879.303
7;2025-12-24;17;2403.343
7;2025-12-24;18;2574.641
7;2025-12-24;19;1723.206
7;2025-12-24;20;1078.385
7;2025-12-24;21;630.837
7;2025-12-24;22;308.628
7;2025-12-24;23;183.524
7;2025-12-25;0;63.592
7;2025-12-25;1;13.039
7;2025-12-25;2;0.003
7;2025-12-25;3;0.002
7;2025-12-25;4;1.297
7;2025-12-25;5;192.056
7;2025-12-25;6;694.688
7;2025-12-25;7;1590.844
7;2025-12-25;8;2462.385
7;2025-12-25;9;1837.183
7;2025-12-25;10;1579.769
7;2025-12-25;11;1472.611
7;2025-12-25;12;1540.209
7;2025-12-25;13;1530.178
7;2025-12-25;14;1641.112
7;2025-12-25;15;1717.469
7;2025-12-25;16;1835.452
7;2025-12-25;17;2322.246
7;2025-12-25;18;2670.517
7;2025-12-25;19;1668.174
7;2025-12-25;20;1055.774
7;2025-12-25;21;637.936
7;2025-12-25;22;292.661
7;2025-12-25;23;186.589
7;2025-12-26;0;66.509
7;2025-12-26;1;12.601
7;2025-12-26;2;0.041
7;2025-12-26;3;0.004
7;2025-12-26;4;0.981
7;2025-12-26;5;180.716
7;2025-12-26;6;644.189
7;2025-12-26;7;1519.41
7;2025-12-26;8;2268.615
7;2025-12-26;9;1760.027
7;2025-12-26;10;1559.402
7;2025-12-26;11;1491.286
7;2025-12-26;12;1572.41
7;2025-12-26;13;1644.726
7;2025-12-26;14;1694.74
7;2025-12-26;15;1818.582
7;2025-12-26;16;2039.636
7;2025-12-26;17;2244.792
7;2025-12-26;18;2104.938
7;2025-12-26;19;1473.281
7;2025-12-26;20;1009.121
7;2025-12-26;21;613.757
7;2025-12-26;22;328.917
7;2025-12-26;23;218.778
7;2025-12-27;0;95.731
7;2025-12-27;1;23.224
7;2025-12-27;2;0.002
7;2025-12-27;3;0.003
7;2025-12-27;4;0.078
7;2025-12-27;5;50.953
7;2025-12-27;6;285.564
7;2025-12-27;7;444.6
7;2025-12-27;8;743.949
7;2025-12-27;9;835.95
7;2025-12-27;10;885.69
7;2025-12-27;11;1063.068
7;2025-12-27;12;1247.913
7;2025-12-27;13;1210.956
7;2025-12-27;14;1302.758
7;2025-12-27;15;1219.365
7;2025-12-27;16;1169.136
7;2025-12-27;17;1134.087
7;2025-12-27;18;1042.74
7;2025-12-27;19;966.267
7;2025-12-27;20;701.811
7;2025-12-27;21;538.787
7;2025-12-27;22;278.139
7;2025-12-27;23;193.113
7;2025-12-28;0;100.174
7;2025-12-28;1;22.167
7;2025-12-28;2;0.003
7;2025-12-28;3;0.004
7;2025-12-28;4;0.069
7;2025-12-28;5;32.718
7;2025-12-28;6;198.903
7;2025-12-28;7;299.304
7;2025-12-28;8;519.885
7;2025-12-28;9;664.466
7;2025-12-28;10;734.907
7;2025-12-28;11;934.392
7;2025-12-28;12;1049.913
7;2025-12-28;13;1069.261
7;2025-12-28;14;1158.297
7;2025-12-28;15;1118.023
7;2025-12-28;16;1053.414
7;2025-12-28;17;1057.577
7;2025-12-28;18;957.916
7;2025-12-28;19;785.526
7;2025-12-28;20;628.617
7;2025-12-28;21;499.16
7;2025-12-28;22;261.248
7;2025-12-28;23;153.029
7;2025-12-29;0;62.403
7;2025-12-29;1;11.261
7;2025-12-29;2;0.003
7;2025-12-29;3;0.004
7;2025-12-29;4;0.905
7;2025-12-29;5;181.607
7;2025-12-29;6;650.284
7;2025-12-29;7;1517.301
7;2025-12-29;8;2290.926
7;2025-12-29;9;1728.204
7;2025-12-29;10;1485.246
7;2025-12-29;11;1320.775
7;2025-12-29;12;1408.347
7;2025-12-29;13;1421.077
7;2025-12-29;14;1440.697
7;2025-12-29;15;1617.001
7;2025-12-29;16;1712.545
7;2025-12-29;17;2184.435
7;2025-12-29;18;2420.462
7;2025-12-29;19;1614.837
7;2025-12-29;20;1002.945
7;2025-12-29;21;534.714
7;2025-12-29;22;264.293
7;2025-12-29;23;143.826
7;2025-12-30;0;49.363
7;2025-12-30;1;10.175
7;2025-12-30;2;0.003
7;2025-12-30;3;0.004
7;2025-12-30;4;1.644
7;2025-12-30;5;188.181
7;2025-12-30;6;642.009
7;2025-12-30;7;1559.626
7;2025-12-30;8;2333.975
7;2025-12-30;9;1763.236
7;2025-12-30;10;1548.482
7;2025-12-30;11;1422.03
7;2025-12-30;12;1481.333
7;2025-12-30;13;1491.041
7;2025-12-30;14;1515.867
7;2025-12-30;15;1707.993
7;2025-12-30;16;1747.824
7;2025-12-30;17;2253.272
7;2025-12-30;18;2467.936
7;2025-12-30;19;1683.498
7;2025-12-30;20;1014.921
7;2025-12-30;21;600.072
7;2025-12-30;22;276.503
7;2025-12-30;23;161.731
7;2025-12-31;0;99.975
7;2025-12-31;1;21.669
7;2025-12-31;2;0.004
7;2025-12-31;3;0.004
7;2025-12-31;4;0.341
7;2025-12-31;5;33.271
7;2025-12-31;6;228.464
7;2025-12-31;7;308.06
7;2025-12-31;8;568.521
7;2025-12-31;9;693.283
7;2025-12-31;10;761.664
7;2025-12-31;11;957.646
7;2025-12-31;12;1074.723
7;2025-12-31;13;1073.54
7;2025-12-31;14;1138.378
7;2025-12-31;15;1121.559
7;2025-12-31;16;1045.451
7;2025-12-31;17;1069.094
7;2025-12-31;18;1021.628
7;2025-12-31;19;849.968
7;2025-12-31;20;671.566
7;2025-12-31;21;515.978
7;2025-12-31;22;272.404
7;2025-12-31;23;158.439
11;2025-11-01;0;92.737
11;2025-11-01;1;1.176
11;2025-11-01;2;0.005
11;2025-11-01;3;0.008
11;2025-11-01;4;0.015
11;2025-11-01;5;265.804
11;2025-11-01;6;1216.604
11;2025-11-01;7;1848.65
11;2025-11-01;8;2486.914
11;2025-11-01;9;2031.296
11;2025-11-01;10;1763.624
11;2025-11-01;11;1938.931
11;2025-11-01;12;2117.965
11;2025-11-01;13;2067.093
11;2025-11-01;14;2192.78
11;2025-11-01;15;2252.133
11;2025-11-01;16;2400.928
11;2025-11-01;17;2678.038
11;2025-11-01;18;2282.132
11;2025-11-01;19;1932.378
11;2025-11-01;20;1349.435
11;2025-11-01;21;901.91
11;2025-11-01;22;485.618
11;2025-11-01;23;338.744
11;2025-11-02;0;110.049
11;2025-11-02;1;14.86
11;2025-11-02;2;0.005
11;2025-11-02;3;0.005
11;2025-11-02;4;1.248
11;2025-11-02;5;107.183
11;2025-11-02;6;461.004
11;2025-11-02;7;470.273
11;2025-11-02;8;609.432
11;2025-11-02;9;881.884
11;2025-11-02;10;960.929
11;2025-11-02;11;1414.346
11;2025-11-02;12;1592.724
11;2025-11-02;13;1527.456
11;2025-11-02;14;1648.765
11;2025-11-02;15;1605.422
11;2025-11-02;16;1533.376
11;2025-11-02;17;1584.93
11;2025-11-02;18;1238.233
11;2025-11-02;19;1047.29
11;2025-11-02;20;816.065
11;2025-11-02;21;626.477
11;2025-11-02;22;347.915
11;2025-11-02;23;246.99
11;2025-11-03;0;102.374
11;2025-11-03;1;12.218
11;2025-11-03;2;0.004
11;2025-11-03;3;0.006
11;2025-11-03;4;1.456
11;2025-11-03;5;147.21
11;2025-11-03;6;592.351
11;2025-11-03;7;588.246
11;2025-11-03;8;754.459
11;2025-11-03;9;942.957
11;2025-11-03;10;979.518
11;2025-11-03;11;1388.281
11;2025-11-03;12;1534.478
11;2025-11-03;13;1490.718
11;2025-11-03;14;1626.934
11;2025-11-03;15;1553.258
11;2025-11-03;16;1531.033
11;2025-11-03;17;1595.631
11;2025-11-03;18;1318.748
11;2025-11-03;19;1185.71
11;2025-11-03;20;911.192
11;2025-11-03;21;660.133
11;2025-11-03;22;349.446
11;2025-11-03;23;237.785
11;2025-11-04;0;97.167
11;2025-11-04;1;8.445
11;2025-11-04;2;0.004
11;2025-11-04;3;0.006
11;2025-11-04;4;1.27
11;2025-11-04;5;143.401
11;2025-11-04;6;581.259
11;2025-11-04;7;604.101
11;2025-11-04;8;779.603
11;2025-11-04;9;954.354
11;2025-11-04;10;975.701
11;2025-11-04;11;1366.666
11;2025-11-04;12;1529.487
11;2025-11-04;13;1480.336
11;2025-11-04;14;1625.118
11;2025-11-04;15;1527.347
11;2025-11-04;16;1504.19
11;2025-11-04;17;1574.707
11;2025-11-04;18;1303.018
11;2025-11-04;19;1173.169
11;2025-11-04;20;910.253
11;2025-11-04;21;654.513
11;2025-11-04;22;347.733
11;2025-11-04;23;235.778
11;2025-11-05;0;62.939
11;2025-11-05;1;0.072
11;2025-11-05;2;0.003
11;2025-11-05;3;0.004
11;2025-11-05;4;0.006
11;2025-11-05;5;276.349
11;2025-11-05;6;1260.451
11;2025-11-05;7;2425.71
11;2025-11-05;8;3154.296
11;2025-11-05;9;2338.579
11;2025-11-05;10;1871.411
11;2025-11-05;11;1868.299
11;2025-11-05;12;1884.661
11;2025-11-05;13;1990.985
11;2025-11-05;14;1972.35
11;2025-11-05;15;1989.078
11;2025-11-05;16;2161.498
11;2025-11-05;17;2808.781
11;2025-11-05;18;3020.455
11;2025-11-05;19;2254.432
11;2025-11-05;20;1448.256
11;2025-11-05;21;839.143
11;2025-11-05;22;398.385
11;2025-11-05;23;224.967
11;2025-11-06;0;65.429
11;2025-11-06;1;0.684
11;2025-11-06;2;0.003
11;2025-11-06;3;0.004
11;2025-11-06;4;0.008
11;2025-11-06;5;293.941
11;2025-11-06;6;1321.59
11;2025-11-06;7;2443.473
11;2025-11-06;8;3147.159
11;2025-11-06;9;2503.991
11;2025-11-06;10;1978.83
11;2025-11-06;11;1863.648
11;2025-11-06;12;1966.498
11;2025-11-06;13;2091.509
11;2025-11-06;14;2036.35
11;2025-11-06;15;2058.563
11;2025-11-06;16;2320.697
11;2025-11-06;17;2859.251
11;2025-11-06;18;3134.498
11;2025-11-06;19;2306.511
11;2025-11-06;20;1453.712
11;2025-11-06;21;879.918
11;2025-11-06;22;424.15
11;2025-11-06;23;240.163
11;2025-11-07;0;71.099
11;2025-11-07;1;0.783
11;2025-11-07;2;0.002
11;2025-11-07;3;0.002
11;2025-11-07;4;0.005
11;2025-11-07;5;271.25
11;2025-11-07;6;1285.935
11;2025-11-07;7;2284.178
11;2025-11-07;8;3073.884
11;2025-11-07;9;2307.822
11;2025-11-07;10;1873.043
11;2025-11-07;11;1805.352
11;2025-11-07;12;1897.406
11;2025-11-07;13;1913.022
11;2025-11-07;14;2004.184
11;2025-11-07;15;2148.495
11;2025-11-07;16;2399.111
11;2025-11-07;17;2826.037
11;2025-11-07;18;2528.742
11;2025-11-07;19;2010.311
11;2025-11-07;20;1353.415
11;2025-11-07;21;835.283
11;2025-11-07;22;434.214
11;2025-11-07;23;285.955
11;2025-11-08;0;105.059
11;2025-11-08;1;1.642
11;2025-11-08;2;0.002
11;2025-11-08;3;0.004
11;2025-11-08;4;3.049
11;2025-11-08;5;195.697
11;2025-11-08;6;806.881
11;2025-11-08;7;764.754
11;2025-11-08;8;1066.348
11;2025-11-08;9;1188.696
11;2025-11-08;10;1329.083
11;2025-11-08;11;1752.273
11;2025-11-08;12;1949.239
11;2025-11-08;13;1874.786
11;2025-11-08;14;1948.323
11;2025-11-08;15;1859.251
11;2025-11-08;16;1889.202
11;2025-11-08;17;1925.135
11;2025-11-08;18;1603.034
11;2025-11-08;19;1495.859
11;2025-11-08;20;1067.17
11;2025-11-08;21;746.62
11;2025-11-08;22;429.68
11;2025-11-08;23;304.096
11;2025-11-09;0;105.969
11;2025-11-09;1;12.83
11;2025-11-09;2;0.002
11;2025-11-09;3;0.004
11;2025-11-09;4;1.257
11;2025-11-09;5;107.717
11;2025-11-09;6;473.339
11;2025-11-09;7;508.432
11;2025-11-09;8;670.151
11;2025-11-09;9;935.87
11;2025-11-09;10;1012.771
11;2025-11-09;11;1456.463
11;2025-11-09;12;1620.979
11;2025-11-09;13;1555.301
11;2025-11-09;14;1650.085
11;2025-11-09;15;1629.664
11;2025-11-09;16;1574.421
11;2025-11-09;17;1670.749
11;2025-11-09;18;1320.964
11;2025-11-09;19;1076.084
11;2025-11-09;20;813.564
11;2025-11-09;21;607.595
11;2025-11-09;22;335.876
11;2025-11-09;23;236.539
11;2025-11-10;0;73.07
11;2025-11-10;1;7.455
11;2025-11-10;2;0.003
11;2025-11-10;3;0.004
11;2025-11-10;4;0.306
11;2025-11-10;5;268.856
11;2025-11-10;6;1315.002
11;2025-11-10;7;2319.967
11;2025-11-10;8;3076.337
11;2025-11-10;9;2325.441
11;2025-11-10;10;1747.34
11;2025-11-10;11;1770.076
11;2025-11-10;12;1738.12
11;2025-11-10;13;1862.786
11;2025-11-10;14;1866.048
11;2025-11-10;15;1991.256
11;2025-11-10;16;2210.32
11;2025-11-10;17;2738.218
11;2025-11-10;18;3018.637
11;2025-11-10;19;2250.841
11;2025-11-10;20;1381.51
11;2025-11-10;21;797.889
11;2025-11-10;22;374.742
11;2025-11-10;23;203.544
11;2025-11-11;0;61.822
11;2025-11-11;1;0.797
11;2025-11-11;2;0.003
11;2025-11-11;3;0.005
11;2025-11-11;4;0.01
11;2025-11-11;5;265.797
11;2025-11-11;6;1342.455
11;2025-11-11;7;2422.772
11;2025-11-11;8;3270.853
11;2025-11-11;9;2450.407
11;2025-11-11;10;1866.201
11;2025-11-11;11;1811.914
11;2025-11-11;12;1841.369
11;2025-11-11;13;2002.413
11;2025-11-11;14;2015.283
11;2025-11-11;15;2051.538
11;2025-11-11;16;2287.481
11;2025-11-11;17;2843.899
11;2025-11-11;18;3095.02
11;2025-11-11;19;2311.842
11;2025-11-11;20;1457.225
11;2025-11-11;21;829.948
11;2025-11-11;22;399.077
11;2025-11-11;23;212.0
11;2025-11-12;0;63.134
11;2025-11-12;1;0.087
11;2025-11-12;2;0.003
11;2025-11-12;3;0.004
11;2025-11-12;4;0.004
11;2025-11-12;5;276.273
11;2025-11-12;6;1254.375
11;2025-11-12;7;2422.703
11;2025-11-12;8;3150.642
11;2025-11-12;9;2330.514
11;2025-11-12;10;1863.814
11;2025-11-12;11;1867.121
11;2025-11-12;12;1886.04
11;2025-11-12;13;1996.653
11;2025-11-12;14;1981.387
11;2025-11-12;15;1989.645
11;2025-11-12;16;2163.041
11;2025-11-12;17;2811.155
11;2025-11-12;18;3011.88
11;2025-11-12;19;2244.717
11;2025-11-12;20;1443.099
11;2025-11-12;21;832.476
11;2025-11-12;22;395.973
11;2025-11-12;23;223.811
11;2025-11-13;0;65.805
11;2025-11-13;1;0.663
11;2025-11-13;2;0.002
11;2025-11-13;3;0.003
11;2025-11-13;4;0.01
11;2025-11-13;5;294.293
11;2025-11-13;6;1316.824
11;2025-11-13;7;2439.538
11;2025-11-13;8;3140.606
11;2025-11-13;9;2499.96
11;2025-11-13;10;1982.167
11;2025-11-13;11;1866.341
11;2025-11-13;12;1971.379
11;2025-11-13;13;2097.125
11;2025-11-13;14;2046.224
11;2025-11-13;15;2063.038
11;2025-11-13;16;2325.422
11;2025-11-13;17;2864.679
11;2025-11-13;18;3127.777
11;2025-11-13;19;2298.876
11;2025-11-13;20;1447.889
11;2025-11-13;21;872.681
11;2025-11-13;22;420.937
11;2025-11-13;23;238.653
11;2025-11-14;0;71.29
11;2025-11-14;1;0.832
11;2025-11-14;2;0.002
11;2025-11-14;3;0.002
11;2025-11-14;4;0.003
11;2025-11-14;5;272.013
11;2025-11-14;6;1285.995
11;2025-11-14;7;2293.583
11;2025-11-14;8;3082.265
11;2025-11-14;9;2315.34
11;2025-11-14;10;1884.393
11;2025-11-14;11;1811.477
11;2025-11-14;12;1906.584
11;2025-11-14;13;1922.134
11;2025-11-14;14;2020.034
11;2025-11-14;15;2164.559
11;2025-11-14;16;2412.819
11;2025-11-14;17;2841.497
11;2025-11-14;18;2534.644
11;2025-11-14;19;2005.385
11;2025-11-14;20;1350.381
11;2025-11-14;21;831.007
11;2025-11-14;22;431.125
11;2025-11-14;23;285.699
11;2025-11-15;0;105.045
11;2025-11-15;1;1.694
11;2025-11-15;2;0.002
11;2025-11-15;3;0.004
11;2025-11-15;4;3.075
11;2025-11-15;5;196.371
11;2025-11-15;6;803.653
11;2025-11-15;7;780.11
11;2025-11-15;8;1085.006
11;2025-11-15;9;1209.29
11;2025-11-15;10;1359.62
11;2025-11-15;11;1764.778
11;2025-11-15;12;1967.61
11;2025-11-15;13;1894.691
11;2025-11-15;14;1968.519
11;2025-11-15;15;1880.055
11;2025-11-15;16;1902.182
11;2025-11-15;17;1942.654
11;2025-11-15;18;1628.058
11;2025-11-15;19;1506.731
11;2025-11-15;20;1065.804
11;2025-11-15;21;740.779
11;2025-11-15;22;428.238
11;2025-11-15;23;304.361
11;2025-11-16;0;106.335
11;2025-11-16;1;12.961
11;2025-11-16;2;0.001
11;2025-11-16;3;0.003
11;2025-11-16;4;1.275
11;2025-11-16;5;110.34
11;2025-11-16;6;479.75
11;2025-11-16;7;511.451
11;2025-11-16;8;683.989
11;2025-11-16;9;949.24
11;2025-11-16;10;1039.406
11;2025-11-16;11;1470.713
11;2025-11-16;12;1641.731
11;2025-11-16;13;1575.259
11;2025-11-16;14;1675.16
11;2025-11-16;15;1658.888
11;2025-11-16;16;1597.801
11;2025-11-16;17;1689.387
11;2025-11-16;18;1341.658
11;2025-11-16;19;1086.638
11;2025-11-16;20;817.385
11;2025-11-16;21;602.903
11;2025-11-16;22;334.926
11;2025-11-16;23;236.723
11;2025-11-17;0;71.992
11;2025-11-17;1;7.183
11;2025-11-17;2;0.003
11;2025-11-17;3;0.003
11;2025-11-17;4;0.17
11;2025-11-17;5;267.859
11;2025-11-17;6;1308.904
11;2025-11-17;7;2329.761
11;2025-11-17;8;3095.339
11;2025-11-17;9;2334.246
11;2025-11-17;10;1760.242
11;2025-11-17;11;1765.64
11;2025-11-17;12;1725.984
11;2025-11-17;13;1860.095
11;2025-11-17;14;1869.137
11;2025-11-17;15;1998.946
11;2025-11-17;16;2204.661
11;2025-11-17;17;2748.692
11;2025-11-17;18;3021.995
11;2025-11-17;19;2246.71
11;2025-11-17;20;1371.711
11;2025-11-17;21;787.863
11;2025-11-17;22;368.033
11;2025-11-17;23;199.569
11;2025-11-18;0;61.067
11;2025-11-18;1;0.663
11;2025-11-18;2;0.002
11;2025-11-18;3;0.002
11;2025-11-18;4;0.013
11;2025-11-18;5;265.697
11;2025-11-18;6;1339.186
11;2025-11-18;7;2437.423
11;2025-11-18;8;3291.328
11;2025-11-18;9;2458.528
11;2025-11-18;10;1874.339
11;2025-11-18;11;1811.006
11;2025-11-18;12;1838.027
11;2025-11-18;13;2004.667
11;2025-11-18;14;2024.5
11;2025-11-18;15;2061.581
11;2025-11-18;16;2287.991
11;2025-11-18;17;2859.964
11;2025-11-18;18;3104.554
11;2025-11-18;19;2310.25
11;2025-11-18;20;1447.821
11;2025-11-18;21;823.058
11;2025-11-18;22;393.399
11;2025-11-18;23;208.491
11;2025-11-19;0;62.839
11;2025-11-19;1;0.0
11;2025-11-19;2;0.002
11;2025-11-19;3;0.003
11;2025-11-19;4;0.003
11;2025-11-19;5;276.229
11;2025-11-19;6;1252.394
11;2025-11-19;7;2436.203
11;2025-11-19;8;3167.717
11;2025-11-19;9;2339.055
11;2025-11-19;10;1870.54
11;2025-11-19;11;1871.812
11;2025-11-19;12;1895.11
11;2025-11-19;13;2003.309
11;2025-11-19;14;1986.951
11;2025-11-19;15;2002.613
11;2025-11-19;16;2162.512
11;2025-11-19;17;2830.714
11;2025-11-19;18;3030.896
11;2025-11-19;19;2243.326
11;2025-11-19;20;1434.062
11;2025-11-19;21;827.25
11;2025-11-19;22;391.386
11;2025-11-19;23;220.912
11;2025-11-20;0;65.435
11;2025-11-20;1;0.624
11;2025-11-20;2;0.002
11;2025-11-20;3;0.003
11;2025-11-20;4;0.001
11;2025-11-20;5;293.962
11;2025-11-20;6;1313.81
11;2025-11-20;7;2453.41
11;2025-11-20;8;3156.705
11;2025-11-20;9;2505.338
11;2025-11-20;10;1983.295
11;2025-11-20;11;1862.653
11;2025-11-20;12;1972.028
11;2025-11-20;13;2098.561
11;2025-11-20;14;2045.146
11;2025-11-20;15;2062.257
11;2025-11-20;16;2318.888
11;2025-11-20;17;2881.01
11;2025-11-20;18;3144.527
11;2025-11-20;19;2291.129
11;2025-11-20;20;1433.714
11;2025-11-20;21;865.045
11;2025-11-20;22;415.91
11;2025-11-20;23;237.385
11;2025-11-21;0;71.366
11;2025-11-21;1;0.748
11;2025-11-21;2;0.003
11;2025-11-21;3;0.003
11;2025-11-21;4;0.0
11;2025-11-21;5;270.711
11;2025-11-21;6;1275.895
11;2025-11-21;7;2294.012
11;2025-11-21;8;3082.122
11;2025-11-21;9;2307.381
11;2025-11-21;10;1868.615
11;2025-11-21;11;1802.032
11;2025-11-21;12;1900.095
11;2025-11-21;13;1913.341
11;2025-11-21;14;2013.095
11;2025-11-21;15;2157.479
11;2025-11-21;16;2403.296
11;2025-11-21;17;2844.168
11;2025-11-21;18;2517.993
11;2025-11-21;19;1991.689
11;2025-11-21;20;1335.867
11;2025-11-21;21;821.71
11;2025-11-21;22;425.458
11;2025-11-21;23;283.403
11;2025-11-22;0;106.221
11;2025-11-22;1;1.55
11;2025-11-22;2;0.003
11;2025-11-22;3;0.004
11;2025-11-22;4;3.075
11;2025-11-22;5;194.072
11;2025-11-22;6;801.816
11;2025-11-22;7;761.179
11;2025-11-22;8;1057.663
11;2025-11-22;9;1186.616
11;2025-11-22;10;1347.338
11;2025-11-22;11;1767.962
11;2025-11-22;12;1987.243
11;2025-11-22;13;1898.851
11;2025-11-22;14;1978.635
11;2025-11-22;15;1888.2
11;2025-11-22;16;1911.125
11;2025-11-22;17;1949.787
11;2025-11-22;18;1617.855
11;2025-11-22;19;1501.34
11;2025-11-22;20;1068.024
11;2025-11-22;21;742.896
11;2025-11-22;22;428.588
11;2025-11-22;23;307.691
11;2025-11-23;0;106.738
11;2025-11-23;1;13.119
11;2025-11-23;2;0.002
11;2025-11-23;3;0.002
11;2025-11-23;4;1.285
11;2025-11-23;5;108.746
11;2025-11-23;6;472.299
11;2025-11-23;7;511.701
11;2025-11-23;8;687.262
11;2025-11-23;9;952.895
11;2025-11-23;10;1037.325
11;2025-11-23;11;1473.97
11;2025-11-23;12;1640.816
11;2025-11-23;13;1577.735
11;2025-11-23;14;1682.318
11;2025-11-23;15;1666.401
11;2025-11-23;16;1609.114
11;2025-11-23;17;1709.018
11;2025-11-23;18;1347.471
11;2025-11-23;19;1091.329
11;2025-11-23;20;822.523
11;2025-11-23;21;605.221
11;2025-11-23;22;334.25
11;2025-11-23;23;237.351
11;2025-11-24;0;72.56
11;2025-11-24;1;7.272
11;2025-11-24;2;0.002
11;2025-11-24;3;0.003
11;2025-11-24;4;0.258
11;2025-11-24;5;268.152
11;2025-11-24;6;1308.064
11;2025-11-24;7;2323.567
11;2025-11-24;8;3090.944
11;2025-11-24;9;2330.211
11;2025-11-24;10;1755.711
11;2025-11-24;11;1764.535
11;2025-11-24;12;1725.776
11;2025-11-24;13;1859.498
11;2025-11-24;14;1870.659
11;2025-11-24;15;1998.062
11;2025-11-24;16;2209.015
11;2025-11-24;17;2750.518
11;2025-11-24;18;3023.093
11;2025-11-24;19;2246.218
11;2025-11-24;20;1368.761
11;2025-11-24;21;786.924
11;2025-11-24;22;366.022
11;2025-11-24;23;198.747
11;2025-11-25;0;61.209
11;2025-11-25;1;0.714
11;2025-11-25;2;0.003
11;2025-11-25;3;0.003
11;2025-11-25;4;0.005
11;2025-11-25;5;265.402
11;2025-11-25;6;1338.924
11;2025-11-25;7;2434.47
11;2025-11-25;8;3290.894
11;2025-11-25;9;2457.147
11;2025-11-25;10;1875.109
11;2025-11-25;11;1811.824
11;2025-11-25;12;1840.226
11;2025-11-25;13;2004.882
11;2025-11-25;14;2026.388
11;2025-11-25;15;2063.053
11;2025-11-25;16;2290.844
11;2025-11-25;17;2859.376
11;2025-11-25;18;3104.196
11;2025-11-25;19;2308.573
11;2025-11-25;20;1447.772
11;2025-11-25;21;821.088
11;2025-11-25;22;390.974
11;2025-11-25;23;208.597
11;2025-11-26;0;62.697
11;2025-11-26;1;0.025
11;2025-11-26;2;0.003
11;2025-11-26;3;0.003
11;2025-11-26;4;0.004
11;2025-11-26;5;275.579
11;2025-11-26;6;1250.14
11;2025-11-26;7;2436.955
11;2025-11-26;8;3169.365
11;2025-11-26;9;2338.773
11;2025-11-26;10;1870.246
11;2025-11-26;11;1870.887
11;2025-11-26;12;1894.033
11;2025-11-26;13;2004.049
11;2025-11-26;14;1988.941
11;2025-11-26;15;2001.787
11;2025-11-26;16;2165.08
11;2025-11-26;17;2831.016
11;2025-11-26;18;3028.651
11;2025-11-26;19;2244.176
11;2025-11-26;20;1434.895
11;2025-11-26;21;823.226
11;2025-11-26;22;389.08
11;2025-11-26;23;220.289
11;2025-11-27;0;65.284
11;2025-11-27;1;0.628
11;2025-11-27;2;0.003
11;2025-11-27;3;0.004
11;2025-11-27;4;0.003
11;2025-11-27;5;293.391
11;2025-11-27;6;1312.582
11;2025-11-27;7;2453.56
11;2025-11-27;8;3161.547
11;2025-11-27;9;2507.753
11;2025-11-27;10;1984.666
11;2025-11-27;11;1860.059
11;2025-11-27;12;1971.019
11;2025-11-27;13;2099.473
11;2025-11-27;14;2046.137
11;2025-11-27;15;2063.807
11;2025-11-27;16;2320.118
11;2025-11-27;17;2880.927
11;2025-11-27;18;3145.91
11;2025-11-27;19;2292.902
11;2025-11-27;20;1435.623
11;2025-11-27;21;860.13
11;2025-11-27;22;412.883
11;2025-11-27;23;236.407
11;2025-11-28;0;71.436
11;2025-11-28;1;0.774
11;2025-11-28;2;0.003
11;2025-11-28;3;0.003
11;2025-11-28;4;0.004
11;2025-11-28;5;270.69
11;2025-11-28;6;1278.351
11;2025-11-28;7;2295.642
11;2025-11-28;8;3084.267
11;2025-11-28;9;2313.142
11;2025-11-28;10;1872.551
11;2025-11-28;11;1804.193
11;2025-11-28;12;1904.039
11;2025-11-28;13;1919.413
11;2025-11-28;14;2017.997
11;2025-11-28;15;2168.919
11;2025-11-28;16;2411.648
11;2025-11-28;17;2852.887
11;2025-11-28;18;2517.804
11;2025-11-28;19;1996.394
11;2025-11-28;20;1336.417
11;2025-11-28;21;818.245
11;2025-11-28;22;422.675
11;2025-11-28;23;283.51
11;2025-11-29;0;106.328
11;2025-11-29;1;1.689
11;2025-11-29;2;0.002
11;2025-11-29;3;0.003
11;2025-11-29;4;3.075
11;2025-11-29;5;191.709
11;2025-11-29;6;796.978
11;2025-11-29;7;760.728
11;2025-11-29;8;1054.351
11;2025-11-29;9;1186.811
11;2025-11-29;10;1345.778
11;2025-11-29;11;1770.162
11;2025-11-29;12;1993.515
11;2025-11-29;13;1903.296
11;2025-11-29;14;1982.179
11;2025-11-29;15;1886.961
11;2025-11-29;16;1913.515
11;2025-11-29;17;1945.077
11;2025-11-29;18;1608.384
11;2025-11-29;19;1499.015
11;2025-11-29;20;1062.207
11;2025-11-29;21;739.572
11;2025-11-29;22;425.373
11;2025-11-29;23;307.927
11;2025-11-30;0;106.644
11;2025-11-30;1;13.046
11;2025-11-30;2;0.002
11;2025-11-30;3;0.003
11;2025-11-30;4;1.293
11;2025-11-30;5;108.489
11;2025-11-30;6;471.795
11;2025-11-30;7;515.731
11;2025-11-30;8;690.66
11;2025-11-30;9;957.62
11;2025-11-30;10;1040.382
11;2025-11-30;11;1472.867
11;2025-11-30;12;1645.12
11;2025-11-30;13;1576.867
11;2025-11-30;14;1686.32
11;2025-11-30;15;1667.63
11;2025-11-30;16;1613.986
11;2025-11-30;17;1712.739
11;2025-11-30;18;1345.945
11;2025-11-30;19;1089.337
11;2025-11-30;20;819.352
11;2025-11-30;21;604.595
11;2025-11-30;22;331.945
11;2025-11-30;23;237.048
11;2025-12-01;0;72.491
11;2025-12-01;1;7.493
11;2025-12-01;2;0.003
11;2025-12-01;3;0.003
11;2025-12-01;4;0.144
11;2025-12-01;5;268.018
11;2025-12-01;6;1311.594
11;2025-12-01;7;2330.505
11;2025-12-01;8;3099.753
11;2025-12-01;9;2338.57
11;2025-12-01;10;1759.734
11;2025-12-01;11;1767.505
11;2025-12-01;12;1726.572
11;2025-12-01;13;1860.627
11;2025-12-01;14;1870.38
11;2025-12-01;15;1999.562
11;2025-12-01;16;2213.448
11;2025-12-01;17;2756.793
11;2025-12-01;18;3033.921
11;2025-12-01;19;2253.555
11;2025-12-01;20;1367.433
11;2025-12-01;21;784.711
11;2025-12-01;22;363.689
11;2025-12-01;23;197.878
11;2025-12-02;0;61.551
11;2025-12-02;1;0.689
11;2025-12-02;2;0.002
11;2025-12-02;3;0.003
11;2025-12-02;4;0.015
11;2025-12-02;5;264.715
11;2025-12-02;6;1336.629
11;2025-12-02;7;2436.061
11;2025-12-02;8;3296.709
11;2025-12-02;9;2459.893
11;2025-12-02;10;1868.063
11;2025-12-02;11;1806.604
11;2025-12-02;12;1840.416
11;2025-12-02;13;2003.201
11;2025-12-02;14;2020.345
11;2025-12-02;15;2058.632
11;2025-12-02;16;2287.37
11;2025-12-02;17;2857.254
11;2025-12-02;18;3107.808
11;2025-12-02;19;2304.777
11;2025-12-02;20;1440.407
11;2025-12-02;21;817.063
11;2025-12-02;22;387.883
11;2025-12-02;23;207.656
11;2025-12-03;0;63.387
11;2025-12-03;1;0.032
11;2025-12-03;2;0.002
11;2025-12-03;3;0.003
11;2025-12-03;4;0.002
11;2025-12-03;5;274.139
11;2025-12-03;6;1249.36
11;2025-12-03;7;2438.464
11;2025-12-03;8;3176.387
11;2025-12-03;9;2342.752
11;2025-12-03;10;1862.516
11;2025-12-03;11;1871.333
11;2025-12-03;12;1897.021
11;2025-12-03;13;2002.517
11;2025-12-03;14;1986.489
11;2025-12-03;15;1997.913
11;2025-12-03;16;2159.021
11;2025-12-03;17;2832.219
11;2025-12-03;18;3032.335
11;2025-12-03;19;2244.522
11;2025-12-03;20;1432.768
11;2025-12-03;21;820.736
11;2025-12-03;22;386.752
11;2025-12-03;23;219.92
11;2025-12-04;0;65.794
11;2025-12-04;1;0.638
11;2025-12-04;2;0.002
11;2025-12-04;3;0.002
11;2025-12-04;4;0.005
11;2025-12-04;5;290.981
11;2025-12-04;6;1311.245
11;2025-12-04;7;2452.143
11;2025-12-04;8;3161.658
11;2025-12-04;9;2506.821
11;2025-12-04;10;1984.714
11;2025-12-04;11;1862.221
11;2025-12-04;12;1974.356
11;2025-12-04;13;2098.911
11;2025-12-04;14;2044.93
11;2025-12-04;15;2061.019
11;2025-12-04;16;2317.004
11;2025-12-04;17;2881.684
11;2025-12-04;18;3150.578
11;2025-12-04;19;2296.158
11;2025-12-04;20;1433.984
11;2025-12-04;21;860.193
11;2025-12-04;22;410.55
11;2025-12-04;23;235.656
11;2025-12-05;0;71.259
11;2025-12-05;1;0.734
11;2025-12-05;2;0.002
11;2025-12-05;3;0.003
11;2025-12-05;4;0.005
11;2025-12-05;5;269.112
11;2025-12-05;6;1276.901
11;2025-12-05;7;2294.105
11;2025-12-05;8;3089.626
11;2025-12-05;9;2313.914
11;2025-12-05;10;1875.591
11;2025-12-05;11;1803.7
11;2025-12-05;12;1906.609
11;2025-12-05;13;1916.237
11;2025-12-05;14;2018.264
11;2025-12-05;15;2167.862
11;2025-12-05;16;2412.173
11;2025-12-05;17;2852.156
11;2025-12-05;18;2519.922
11;2025-12-05;19;1999.309
11;2025-12-05;20;1339.069
11;2025-12-05;21;819.17
11;2025-12-05;22;420.702
11;2025-12-05;23;280.425
11;2025-12-06;0;105.558
11;2025-12-06;1;1.622
11;2025-12-06;2;0.003
11;2025-12-06;3;0.003
11;2025-12-06;4;3.074
11;2025-12-06;5;190.433
11;2025-12-06;6;788.904
11;2025-12-06;7;756.981
11;2025-12-06;8;1049.114
11;2025-12-06;9;1181.904
11;2025-12-06;10;1334.627
11;2025-12-06;11;1769.785
11;2025-12-06;12;1993.375
11;2025-12-06;13;1904.228
11;2025-12-06;14;1981.47
11;2025-12-06;15;1895.943
11;2025-12-06;16;1916.169
11;2025-12-06;17;1951.753
11;2025-12-06;18;1620.071
11;2025-12-06;19;1501.013
11;2025-12-06;20;1063.648
11;2025-12-06;21;737.79
11;2025-12-06;22;423.879
11;2025-12-06;23;306.702
11;2025-12-07;0;107.085
11;2025-12-07;1;13.338
11;2025-12-07;2;0.003
11;2025-12-07;3;0.003
11;2025-12-07;4;1.294
11;2025-12-07;5;106.817
11;2025-12-07;6;475.225
11;2025-12-07;7;516.539
11;2025-12-07;8;679.011
11;2025-12-07;9;956.468
11;2025-12-07;10;1043.522
11;2025-12-07;11;1480.485
11;2025-12-07;12;1653.658
11;2025-12-07;13;1590.289
11;2025-12-07;14;1694.003
11;2025-12-07;15;1676.071
11;2025-12-07;16;1622.165
11;2025-12-07;17;1714.456
11;2025-12-07;18;1355.552
11;2025-12-07;19;1092.94
11;2025-12-07;20;820.424
11;2025-12-07;21;606.526
11;2025-12-07;22;331.022
11;2025-12-07;23;238.632
11;2025-12-08;0;72.519
11;2025-12-08;1;7.153
11;2025-12-08;2;0.003
11;2025-12-08;3;0.004
11;2025-12-08;4;0.111
11;2025-12-08;5;266.449
11;2025-12-08;6;1309.153
11;2025-12-08;7;2331.618
11;2025-12-08;8;3101.952
11;2025-12-08;9;2336.247
11;2025-12-08;10;1755.3
11;2025-12-08;11;1765.794
11;2025-12-08;12;1732.238
11;2025-12-08;13;1863.093
11;2025-12-08;14;1875.582
11;2025-12-08;15;2005.054
11;2025-12-08;16;2212.505
11;2025-12-08;17;2754.008
11;2025-12-08;18;3033.365
11;2025-12-08;19;2252.496
11;2025-12-08;20;1370.094
11;2025-12-08;21;786.776
11;2025-12-08;22;361.7
11;2025-12-08;23;197.407
11;2025-12-09;0;61.572
11;2025-12-09;1;0.67
11;2025-12-09;2;0.003
11;2025-12-09;3;0.002
11;2025-12-09;4;0.008
11;2025-12-09;5;263.299
11;2025-12-09;6;1337.577
11;2025-12-09;7;2441.509
11;2025-12-09;8;3305.432
11;2025-12-09;9;2466.39
11;2025-12-09;10;1878.831
11;2025-12-09;11;1811.042
11;2025-12-09;12;1844.767
11;2025-12-09;13;2011.032
11;2025-12-09;14;2029.693
11;2025-12-09;15;2070.384
11;2025-12-09;16;2293.434
11;2025-12-09;17;2864.754
11;2025-12-09;18;3119.589
11;2025-12-09;19;2318.802
11;2025-12-09;20;1447.25
11;2025-12-09;21;820.741
11;2025-12-09;22;387.62
11;2025-12-09;23;207.068
11;2025-12-10;0;63.263
11;2025-12-10;1;0.001
11;2025-12-10;2;0.002
11;2025-12-10;3;0.003
11;2025-12-10;4;0.006
11;2025-12-10;5;274.568
11;2025-12-10;6;1253.435
11;2025-12-10;7;2441.835
11;2025-12-10;8;3186.477
11;2025-12-10;9;2348.295
11;2025-12-10;10;1872.668
11;2025-12-10;11;1873.538
11;2025-12-10;12;1899.312
11;2025-12-10;13;2007.459
11;2025-12-10;14;1994.216
11;2025-12-10;15;2007.93
11;2025-12-10;16;2164.127
11;2025-12-10;17;2839.811
11;2025-12-10;18;3048.303
11;2025-12-10;19;2255.346
11;2025-12-10;20;1435.461
11;2025-12-10;21;825.625
11;2025-12-10;22;386.249
11;2025-12-10;23;220.243
11;2025-12-11;0;65.75
11;2025-12-11;1;0.631
11;2025-12-11;2;0.003
11;2025-12-11;3;0.003
11;2025-12-11;4;0.005
11;2025-12-11;5;291.875
11;2025-12-11;6;1313.275
11;2025-12-11;7;2454.894
11;2025-12-11;8;3164.565
11;2025-12-11;9;2512.264
11;2025-12-11;10;1990.633
11;2025-12-11;11;1862.749
11;2025-12-11;12;1978.11
11;2025-12-11;13;2100.036
11;2025-12-11;14;2050.414
11;2025-12-11;15;2070.208
11;2025-12-11;16;2324.715
11;2025-12-11;17;2887.883
11;2025-12-11;18;3155.918
11;2025-12-11;19;2302.062
11;2025-12-11;20;1438.429
11;2025-12-11;21;865.488
11;2025-12-11;22;409.261
11;2025-12-11;23;234.706
11;2025-12-12;0;71.173
11;2025-12-12;1;0.747
11;2025-12-12;2;0.003
11;2025-12-12;3;0.003
11;2025-12-12;4;0.012
11;2025-12-12;5;269.542
11;2025-12-12;6;1277.927
11;2025-12-12;7;2286.176
11;2025-12-12;8;3081.196
11;2025-12-12;9;2309.743
11;2025-12-12;10;1875.472
11;2025-12-12;11;1805.896
11;2025-12-12;12;1911.2
11;2025-12-12;13;1918.608
11;2025-12-12;14;2022.462
11;2025-12-12;15;2176.885
11;2025-12-12;16;2416.077
11;2025-12-12;17;2853.902
11;2025-12-12;18;2523.725
11;2025-12-12;19;1999.157
11;2025-12-12;20;1337.114
11;2025-12-12;21;823.752
11;2025-12-12;22;419.909
11;2025-12-12;23;281.074
11;2025-12-13;0;105.851
11;2025-12-13;1;1.71
11;2025-12-13;2;0.003
11;2025-12-13;3;0.004
11;2025-12-13;4;3.075
11;2025-12-13;5;188.616
11;2025-12-13;6;791.306
11;2025-12-13;7;750.305
11;2025-12-13;8;1037.859
11;2025-12-13;9;1176.789
11;2025-12-13;10;1336.255
11;2025-12-13;11;1771.014
11;2025-12-13;12;1998.853
11;2025-12-13;13;1907.732
11;2025-12-13;14;1985.987
11;2025-12-13;15;1899.539
11;2025-12-13;16;1921.578
11;2025-12-13;17;1948.135
11;2025-12-13;18;1615.886
11;2025-12-13;19;1499.922
11;2025-12-13;20;1060.709
11;2025-12-13;21;740.59
11;2025-12-13;22;423.512
11;2025-12-13;23;306.791
11;2025-12-14;0;107.285
11;2025-12-14;1;13.362
11;2025-12-14;2;0.003
11;2025-12-14;3;0.003
11;2025-12-14;4;1.331
11;2025-12-14;5;106.677
11;2025-12-14;6;477.606
11;2025-12-14;7;521.103
11;2025-12-14;8;684.785
11;2025-12-14;9;958.057
11;2025-12-14;10;1046.047
11;2025-12-14;11;1480.56
11;2025-12-14;12;1650.957
11;2025-12-14;13;1587.304
11;2025-12-14;14;1694.244
11;2025-12-14;15;1679.58
11;2025-12-14;16;1623.798
11;2025-12-14;17;1717.937
11;2025-12-14;18;1358.007
11;2025-12-14;19;1093.097
11;2025-12-14;20;820.661
11;2025-12-14;21;607.752
11;2025-12-14;22;329.512
11;2025-12-14;23;238.324
11;2025-12-15;0;72.623
11;2025-12-15;1;7.253
11;2025-12-15;2;0.003
11;2025-12-15;3;0.003
11;2025-12-15;4;0.136
11;2025-12-15;5;266.227
11;2025-12-15;6;1309.388
11;2025-12-15;7;2334.666
11;2025-12-15;8;3104.339
11;2025-12-15;9;2337.925
11;2025-12-15;10;1757.002
11;2025-12-15;11;1770.256
11;2025-12-15;12;1731.629
11;2025-12-15;13;1862.106
11;2025-12-15;14;1876.736
11;2025-12-15;15;2006.203
11;2025-12-15;16;2211.078
11;2025-12-15;17;2758.097
11;2025-12-15;18;3038.642
11;2025-12-15;19;2258.782
11;2025-12-15;20;1370.154
11;2025-12-15;21;791.011
11;2025-12-15;22;361.581
11;2025-12-15;23;197.631
11;2025-12-16;0;61.651
11;2025-12-16;1;0.672
11;2025-12-16;2;0.002
11;2025-12-16;3;0.003
11;2025-12-16;4;0.008
11;2025-12-16;5;262.873
11;2025-12-16;6;1338.635
11;2025-12-16;7;2437.022
11;2025-12-16;8;3296.534
11;2025-12-16;9;2462.03
11;2025-12-16;10;1870.91
11;2025-12-16;11;1811.64
11;2025-12-16;12;1846.347
11;2025-12-16;13;2010.001
11;2025-12-16;14;2026.314
11;2025-12-16;15;2070.097
11;2025-12-16;16;2291.745
11;2025-12-16;17;2862.508
11;2025-12-16;18;3123.171
11;2025-12-16;19;2317.7
11;2025-12-16;20;1445.435
11;2025-12-16;21;823.656
11;2025-12-16;22;386.772
11;2025-12-16;23;207.007
11;2025-12-17;0;63.337
11;2025-12-17;1;0.01
11;2025-12-17;2;0.003
11;2025-12-17;3;0.004
11;2025-12-17;4;0.0
11;2025-12-17;5;274.15
11;2025-12-17;6;1252.832
11;2025-12-17;7;2441.606
11;2025-12-17;8;3177.158
11;2025-12-17;9;2343.168
11;2025-12-17;10;1868.943
11;2025-12-17;11;1873.501
11;2025-12-17;12;1899.59
11;2025-12-17;13;2006.187
11;2025-12-17;14;1992.269
11;2025-12-17;15;2007.106
11;2025-12-17;16;2165.266
11;2025-12-17;17;2839.778
11;2025-12-17;18;3049.897
11;2025-12-17;19;2254.067
11;2025-12-17;20;1434.133
11;2025-12-17;21;827.775
11;2025-12-17;22;384.806
11;2025-12-17;23;219.687
11;2025-12-18;0;66.044
11;2025-12-18;1;0.61
11;2025-12-18;2;0.002
11;2025-12-18;3;0.003
11;2025-12-18;4;0.0
11;2025-12-18;5;291.586
11;2025-12-18;6;1315.54
11;2025-12-18;7;2461.325
11;2025-12-18;8;3168.324
11;2025-12-18;9;2516.545
11;2025-12-18;10;1991.61
11;2025-12-18;11;1865.395
11;2025-12-18;12;1978.275
11;2025-12-18;13;2104.136
11;2025-12-18;14;2050.626
11;2025-12-18;15;2070.75
11;2025-12-18;16;2328.718
11;2025-12-18;17;2888.77
11;2025-12-18;18;3156.783
11;2025-12-18;19;2304.403
11;2025-12-18;20;1438.202
11;2025-12-18;21;867.738
11;2025-12-18;22;407.744
11;2025-12-18;23;235.927
11;2025-12-19;0;71.616
11;2025-12-19;1;0.762
11;2025-12-19;2;0.002
11;2025-12-19;3;0.004
11;2025-12-19;4;0.002
11;2025-12-19;5;270.154
11;2025-12-19;6;1282.883
11;2025-12-19;7;2287.615
11;2025-12-19;8;3078.86
11;2025-12-19;9;2307.502
11;2025-12-19;10;1876.508
11;2025-12-19;11;1813.431
11;2025-12-19;12;1914.746
11;2025-12-19;13;1923.369
11;2025-12-19;14;2027.357
11;2025-12-19;15;2174.208
11;2025-12-19;16;2416.546
11;2025-12-19;17;2853.884
11;2025-12-19;18;2524.283
11;2025-12-19;19;2002.698
11;2025-12-19;20;1339.741
11;2025-12-19;21;823.197
11;2025-12-19;22;418.099
11;2025-12-19;23;281.558
11;2025-12-20;0;105.192
11;2025-12-20;1;1.808
11;2025-12-20;2;0.002
11;2025-12-20;3;0.003
11;2025-12-20;4;3.108
11;2025-12-20;5;190.266
11;2025-12-20;6;797.453
11;2025-12-20;7;774.763
11;2025-12-20;8;1074.682
11;2025-12-20;9;1197.39
11;2025-12-20;10;1344.164
11;2025-12-20;11;1778.199
11;2025-12-20;12;2000.389
11;2025-12-20;13;1916.532
11;2025-12-20;14;1990.887
11;2025-12-20;15;1901.468
11;2025-12-20;16;1924.149
11;2025-12-20;17;1952.497
11;2025-12-20;18;1622.432
11;2025-12-20;19;1503.494
11;2025-12-20;20;1059.851
11;2025-12-20;21;741.262
11;2025-12-20;22;422.012
11;2025-12-20;23;306.676
11;2025-12-21;0;106.736
11;2025-12-21;1;13.883
11;2025-12-21;2;0.001
11;2025-12-21;3;0.003
11;2025-12-21;4;1.324
11;2025-12-21;5;105.051
11;2025-12-21;6;471.169
11;2025-12-21;7;521.783
11;2025-12-21;8;691.599
11;2025-12-21;9;953.874
11;2025-12-21;10;1032.31
11;2025-12-21;11;1473.318
11;2025-12-21;12;1646.702
11;2025-12-21;13;1587.541
11;2025-12-21;14;1689.702
11;2025-12-21;15;1672.488
11;2025-12-21;16;1618.309
11;2025-12-21;17;1702.91
11;2025-12-21;18;1349.077
11;2025-12-21;19;1094.385
11;2025-12-21;20;816.698
11;2025-12-21;21;604.26
11;2025-12-21;22;328.849
11;2025-12-21;23;236.537
11;2025-12-22;0;72.734
11;2025-12-22;1;7.218
11;2025-12-22;2;0.002
11;2025-12-22;3;0.004
11;2025-12-22;4;0.105
11;2025-12-22;5;267.373
11;2025-12-22;6;1309.753
11;2025-12-22;7;2328.514
11;2025-12-22;8;3094.63
11;2025-12-22;9;2336.258
11;2025-12-22;10;1763.833
11;2025-12-22;11;1774.509
11;2025-12-22;12;1740.06
11;2025-12-22;13;1878.026
11;2025-12-22;14;1882.448
11;2025-12-22;15;2012.547
11;2025-12-22;16;2225.162
11;2025-12-22;17;2758.462
11;2025-12-22;18;3041.627
11;2025-12-22;19;2259.573
11;2025-12-22;20;1371.513
11;2025-12-22;21;788.686
11;2025-12-22;22;361.079
11;2025-12-22;23;197.396
11;2025-12-23;0;61.614
11;2025-12-23;1;0.661
11;2025-12-23;2;0.003
11;2025-12-23;3;0.004
11;2025-12-23;4;0.008
11;2025-12-23;5;263.5
11;2025-12-23;6;1337.936
11;2025-12-23;7;2430.349
11;2025-12-23;8;3292.246
11;2025-12-23;9;2454.886
11;2025-12-23;10;1873.523
11;2025-12-23;11;1814.539
11;2025-12-23;12;1848.178
11;2025-12-23;13;2012.12
11;2025-12-23;14;2031.847
11;2025-12-23;15;2072.665
11;2025-12-23;16;2302.164
11;2025-12-23;17;2858.498
11;2025-12-23;18;3116.156
11;2025-12-23;19;2316.947
11;2025-12-23;20;1443.151
11;2025-12-23;21;822.28
11;2025-12-23;22;385.724
11;2025-12-23;23;206.745
11;2025-12-24;0;63.582
11;2025-12-24;1;0.006
11;2025-12-24;2;0.002
11;2025-12-24;3;0.005
11;2025-12-24;4;0.003
11;2025-12-24;5;275.274
11;2025-12-24;6;1256.061
11;2025-12-24;7;2436.07
11;2025-12-24;8;3175.935
11;2025-12-24;9;2340.091
11;2025-12-24;10;1873.174
11;2025-12-24;11;1876.952
11;2025-12-24;12;1903.95
11;2025-12-24;13;2010.519
11;2025-12-24;14;1997.491
11;2025-12-24;15;2017.104
11;2025-12-24;16;2180.489
11;2025-12-24;17;2838.042
11;2025-12-24;18;3042.479
11;2025-12-24;19;2258.481
11;2025-12-24;20;1432.281
11;2025-12-24;21;827.741
11;2025-12-24;22;385.705
11;2025-12-24;23;220.341
11;2025-12-25;0;65.948
11;2025-12-25;1;0.602
11;2025-12-25;2;0.002
11;2025-12-25;3;0.003
11;2025-12-25;4;0.004
11;2025-12-25;5;291.876
11;2025-12-25;6;1313.941
11;2025-12-25;7;2444.688
11;2025-12-25;8;3154.073
11;2025-12-25;9;2500.628
11;2025-12-25;10;1980.957
11;2025-12-25;11;1866.562
11;2025-12-25;12;1979.477
11;2025-12-25;13;2104.618
11;2025-12-25;14;2048.783
11;2025-12-25;15;2074.794
11;2025-12-25;16;2328.367
11;2025-12-25;17;2880.724
11;2025-12-25;18;3154.395
11;2025-12-25;19;2300.655
11;2025-12-25;20;1434.01
11;2025-12-25;21;864.198
11;2025-12-25;22;408.165
11;2025-12-25;23;236.147
11;2025-12-26;0;72.104
11;2025-12-26;1;0.781
11;2025-12-26;2;0.001
11;2025-12-26;3;0.004
11;2025-12-26;4;0.0
11;2025-12-26;5;271.086
11;2025-12-26;6;1281.587
11;2025-12-26;7;2279.021
11;2025-12-26;8;3072.013
11;2025-12-26;9;2304.948
11;2025-12-26;10;1873.114
11;2025-12-26;11;1813.857
11;2025-12-26;12;1917.343
11;2025-12-26;13;1929.02
11;2025-12-26;14;2023.759
11;2025-12-26;15;2169.667
11;2025-12-26;16;2412.036
11;2025-12-26;17;2848.329
11;2025-12-26;18;2518.216
11;2025-12-26;19;1996.756
11;2025-12-26;20;1335.72
11;2025-12-26;21;822.885
11;2025-12-26;22;418.607
11;2025-12-26;23;282.133
11;2025-12-27;0;96.205
11;2025-12-27;1;1.604
11;2025-12-27;2;0.001
11;2025-12-27;3;0.003
11;2025-12-27;4;2.831
11;2025-12-27;5;174.167
11;2025-12-27;6;731.256
11;2025-12-27;7;722.352
11;2025-12-27;8;990.132
11;2025-12-27;9;1108.658
11;2025-12-27;10;1233.975
11;2025-12-27;11;1621.569
11;2025-12-27;12;1823.301
11;2025-12-27;13;1749.251
11;2025-12-27;14;1810.826
11;2025-12-27;15;1728.115
11;2025-12-27;16;1757.197
11;2025-12-27;17;1791.012
11;2025-12-27;18;1495.275
11;2025-12-27;19;1378.506
11;2025-12-27;20;972.292
11;2025-12-27;21;671.059
11;2025-12-27;22;383.999
11;2025-12-27;23;278.333
11;2025-12-28;0;98.331
11;2025-12-28;1;12.194
11;2025-12-28;2;0.002
11;2025-12-28;3;0.003
11;2025-12-28;4;1.217
11;2025-12-28;5;99.141
11;2025-12-28;6;439.888
11;2025-12-28;7;476.961
11;2025-12-28;8;633.176
11;2025-12-28;9;876.456
11;2025-12-28;10;956.519
11;2025-12-28;11;1362.351
11;2025-12-28;12;1522.03
11;2025-12-28;13;1465.371
11;2025-12-28;14;1556.796
11;2025-12-28;15;1546.954
11;2025-12-28;16;1495.1
11;2025-12-28;17;1578.972
11;2025-12-28;18;1247.407
11;2025-12-28;19;1004.67
11;2025-12-28;20;753.213
11;2025-12-28;21;555.644
11;2025-12-28;22;303.096
11;2025-12-28;23;218.356
11;2025-12-29;0;67.33
11;2025-12-29;1;6.902
11;2025-12-29;2;0.001
11;2025-12-29;3;0.004
11;2025-12-29;4;0.115
11;2025-12-29;5;247.948
11;2025-12-29;6;1212.977
11;2025-12-29;7;2147.61
11;2025-12-29;8;2859.747
11;2025-12-29;9;2158.381
11;2025-12-29;10;1624.746
11;2025-12-29;11;1640.092
11;2025-12-29;12;1607.596
11;2025-12-29;13;1732.785
11;2025-12-29;14;1734.675
11;2025-12-29;15;1859.252
11;2025-12-29;16;2053.063
11;2025-12-29;17;2549.259
11;2025-12-29;18;2807.868
11;2025-12-29;19;2091.684
11;2025-12-29;20;1266.171
11;2025-12-29;21;726.485
11;2025-12-29;22;333.777
11;2025-12-29;23;182.619
11;2025-12-30;0;56.6
11;2025-12-30;1;0.649
11;2025-12-30;2;0.002
11;2025-12-30;3;0.004
11;2025-12-30;4;0.003
11;2025-12-30;5;245.163
11;2025-12-30;6;1241.067
11;2025-12-30;7;2243.161
11;2025-12-30;8;3046.144
11;2025-12-30;9;2269.003
11;2025-12-30;10;1732.01
11;2025-12-30;11;1676.115
11;2025-12-30;12;1706.412
11;2025-12-30;13;1863.593
11;2025-12-30;14;1872.524
11;2025-12-30;15;1916.477
11;2025-12-30;16;2127.689
11;2025-12-30;17;2647.403
11;2025-12-30;18;2880.194
11;2025-12-30;19;2146.853
11;2025-12-30;20;1336.63
11;2025-12-30;21;756.438
11;2025-12-30;22;355.81
11;2025-12-30;23;191.513
11;2025-12-31;0;97.227
11;2025-12-31;1;8.418
11;2025-12-31;2;0.002
11;2025-12-31;3;0.004
11;2025-12-31;4;1.278
11;2025-12-31;5;141.878
11;2025-12-31;6;530.162
11;2025-12-31;7;544.582
11;2025-12-31;8;740.006
11;2025-12-31;9;945.598
11;2025-12-31;10;1041.807
11;2025-12-31;11;1432.097
11;2025-12-31;12;1610.214
11;2025-12-31;13;1530.269
11;2025-12-31;14;1664.977
11;2025-12-31;15;1581.375
11;2025-12-31;16;1544.183
11;2025-12-31;17;1643.237
11;2025-12-31;18;1334.678
11;2025-12-31;19;1161.063
11;2025-12-31;20;879.134
11;2025-12-31;21;636.978
11;2025-12-31;22;330.504
11;2025-12-31;23;229.961
12;2025-11-01;0;79.256
12;2025-11-01;1;2.736
12;2025-11-01;2;0.001
12;2025-11-01;3;0.0
12;2025-11-01;4;3.912
12;2025-11-01;5;328.13
12;2025-11-01;6;1328.333
12;2025-11-01;7;2178.198
12;2025-11-01;8;2734.351
12;2025-11-01;9;2170.505
12;2025-11-01;10;1985.938
12;2025-11-01;11;2052.424
12;2025-11-01;12;2104.589
12;2025-11-01;13;2273.451
12;2025-11-01;14;2208.816
12;2025-11-01;15;2393.465
12;2025-11-01;16;2820.631
12;2025-11-01;17;2745.599
12;2025-11-01;18;2407.086
12;2025-11-01;19;2059.654
12;2025-11-01;20;1403.459
12;2025-11-01;21;979.85
12;2025-11-01;22;516.949
12;2025-11-01;23;333.721
12;2025-11-02;0;91.64
12;2025-11-02;1;6.461
12;2025-11-02;2;0.0
12;2025-11-02;3;0.0
12;2025-11-02;4;1.718
12;2025-11-02;5;141.44
12;2025-11-02;6;514.883
12;2025-11-02;7;608.185
12;2025-11-02;8;677.911
12;2025-11-02;9;933.236
12;2025-11-02;10;1143.339
12;2025-11-02;11;1274.268
12;2025-11-02;12;1372.137
12;2025-11-02;13;1635.841
12;2025-11-02;14;1505.261
12;2025-11-02;15;1442.205
12;2025-11-02;16;1473.21
12;2025-11-02;17;1459.546
12;2025-11-02;18;1219.197
12;2025-11-02;19;964.672
12;2025-11-02;20;757.7
12;2025-11-02;21;586.583
12;2025-11-02;22;365.848
12;2025-11-02;23;210.09
12;2025-11-03;0;87.268
12;2025-11-03;1;5.761
12;2025-11-03;2;0.001
12;2025-11-03;3;0.0
12;2025-11-03;4;1.958
12;2025-11-03;5;179.127
12;2025-11-03;6;566.54
12;2025-11-03;7;664.719
12;2025-11-03;8;741.547
12;2025-11-03;9;970.436
12;2025-11-03;10;1167.663
12;2025-11-03;11;1254.838
12;2025-11-03;12;1350.274
12;2025-11-03;13;1606.12
12;2025-11-03;14;1415.723
12;2025-11-03;15;1411.378
12;2025-11-03;16;1456.744
12;2025-11-03;17;1452.927
12;2025-11-03;18;1272.48
12;2025-11-03;19;1082.602
12;2025-11-03;20;805.203
12;2025-11-03;21;621.575
12;2025-11-03;22;342.429
12;2025-11-03;23;208.759
12;2025-11-04;0;81.884
12;2025-11-04;1;5.166
12;2025-11-04;2;0.001
12;2025-11-04;3;0.0
12;2025-11-04;4;2.133
12;2025-11-04;5;181.742
12;2025-11-04;6;572.714
12;2025-11-04;7;667.714
12;2025-11-04;8;750.705
12;2025-11-04;9;966.408
12;2025-11-04;10;1164.51
12;2025-11-04;11;1251.907
12;2025-11-04;12;1330.777
12;2025-11-04;13;1598.743
12;2025-11-04;14;1419.698
12;2025-11-04;15;1385.335
12;2025-11-04;16;1446.01
12;2025-11-04;17;1449.611
12;2025-11-04;18;1264.563
12;2025-11-04;19;1082.157
12;2025-11-04;20;790.351
12;2025-11-04;21;611.412
12;2025-11-04;22;334.231
12;2025-11-04;23;207.403
12;2025-11-05;0;57.651
12;2025-11-05;1;1.632
12;2025-11-05;2;0.0
12;2025-11-05;3;0.0
12;2025-11-05;4;6.162
12;2025-11-05;5;330.163
12;2025-11-05;6;1419.09
12;2025-11-05;7;2700.875
12;2025-11-05;8;3531.922
12;2025-11-05;9;2523.729
12;2025-11-05;10;2116.758
12;2025-11-05;11;2037.478
12;2025-11-05;12;2078.283
12;2025-11-05;13;2072.515
12;2025-11-05;14;2034.391
12;2025-11-05;15;2296.705
12;2025-11-05;16;2767.6
12;2025-11-05;17;3060.204
12;2025-11-05;18;3210.272
12;2025-11-05;19;2475.745
12;2025-11-05;20;1509.911
12;2025-11-05;21;971.436
12;2025-11-05;22;487.545
12;2025-11-05;23;254.043
12;2025-11-06;0;50.205
12;2025-11-06;1;2.251
12;2025-11-06;2;0.0
12;2025-11-06;3;0.0
12;2025-11-06;4;5.933
12;2025-11-06;5;314.485
12;2025-11-06;6;1374.624
12;2025-11-06;7;2713.374
12;2025-11-06;8;3521.503
12;2025-11-06;9;2426.734
12;2025-11-06;10;2033.169
12;2025-11-06;11;1996.049
12;2025-11-06;12;2083.521
12;2025-11-06;13;2038.206
12;2025-11-06;14;2008.67
12;2025-11-06;15;2297.653
12;2025-11-06;16;2771.275
12;2025-11-06;17;3086.84
12;2025-11-06;18;3150.915
12;2025-11-06;19;2457.515
12;2025-11-06;20;1527.568
12;2025-11-06;21;922.613
12;2025-11-06;22;466.146
12;2025-11-06;23;253.928
12;2025-11-07;0;54.957
12;2025-11-07;1;1.875
12;2025-11-07;2;0.0
12;2025-11-07;3;0.0
12;2025-11-07;4;4.756
12;2025-11-07;5;311.351
12;2025-11-07;6;1340.545
12;2025-11-07;7;2577.769
12;2025-11-07;8;3317.932
12;2025-11-07;9;2344.375
12;2025-11-07;10;1905.697
12;2025-11-07;11;1941.191
12;2025-11-07;12;1978.099
12;2025-11-07;13;1989.144
12;2025-11-07;14;2013.748
12;2025-11-07;15;2340.457
12;2025-11-07;16;2899.101
12;2025-11-07;17;2929.131
12;2025-11-07;18;2567.817
12;2025-11-07;19;2146.92
12;2025-11-07;20;1395.018
12;2025-11-07;21;930.994
12;2025-11-07;22;474.804
12;2025-11-07;23;278.053
12;2025-11-08;0;77.204
12;2025-11-08;1;4.105
12;2025-11-08;2;0.0
12;2025-11-08;3;0.0
12;2025-11-08;4;2.598
12;2025-11-08;5;219.202
12;2025-11-08;6;798.57
12;2025-11-08;7;925.318
12;2025-11-08;8;1020.336
12;2025-11-08;9;1225.291
12;2025-11-08;10;1424.33
12;2025-11-08;11;1509.607
12;2025-11-08;12;1525.109
12;2025-11-08;13;1748.533
12;2025-11-08;14;1626.535
12;2025-11-08;15;1586.071
12;2025-11-08;16;1674.755
12;2025-11-08;17;1584.331
12;2025-11-08;18;1484.382
12;2025-11-08;19;1369.819
12;2025-11-08;20;948.806
12;2025-11-08;21;694.295
12;2025-11-08;22;405.825
12;2025-11-08;23;277.47
12;2025-11-09;0;85.441
12;2025-11-09;1;6.024
12;2025-11-09;2;0.0
12;2025-11-09;3;0.0
12;2025-11-09;4;2.055
12;2025-11-09;5;141.125
12;2025-11-09;6;509.29
12;2025-11-09;7;643.876
12;2025-11-09;8;727.637
12;2025-11-09;9;949.034
12;2025-11-09;10;1162.096
12;2025-11-09;11;1288.633
12;2025-11-09;12;1367.433
12;2025-11-09;13;1591.463
12;2025-11-09;14;1492.215
12;2025-11-09;15;1449.197
12;2025-11-09;16;1524.591
12;2025-11-09;17;1524.948
12;2025-11-09;18;1277.504
12;2025-11-09;19;993.995
12;2025-11-09;20;755.609
12;2025-11-09;21;576.928
12;2025-11-09;22;373.397
12;2025-11-09;23;202.829
12;2025-11-10;0;60.972
12;2025-11-10;1;2.522
12;2025-11-10;2;0.0
12;2025-11-10;3;0.0
12;2025-11-10;4;5.31
12;2025-11-10;5;314.945
12;2025-11-10;6;1380.06
12;2025-11-10;7;2663.963
12;2025-11-10;8;3516.911
12;2025-11-10;9;2442.028
12;2025-11-10;10;1943.166
12;2025-11-10;11;1875.766
12;2025-11-10;12;2003.298
12;2025-11-10;13;1937.143
12;2025-11-10;14;1910.811
12;2025-11-10;15;2246.249
12;2025-11-10;16;2697.491
12;2025-11-10;17;3001.927
12;2025-11-10;18;3178.503
12;2025-11-10;19;2411.619
12;2025-11-10;20;1521.15
12;2025-11-10;21;886.296
12;2025-11-10;22;431.33
12;2025-11-10;23;226.9
12;2025-11-11;0;47.422
12;2025-11-11;1;0.946
12;2025-11-11;2;0.0
12;2025-11-11;3;0.0
12;2025-11-11;4;5.491
12;2025-11-11;5;334.989
12;2025-11-11;6;1407.719
12;2025-11-11;7;2786.389
12;2025-11-11;8;3665.674
12;2025-11-11;9;2519.324
12;2025-11-11;10;2060.619
12;2025-11-11;11;2037.633
12;2025-11-11;12;2063.181
12;2025-11-11;13;2066.719
12;2025-11-11;14;2013.244
12;2025-11-11;15;2284.051
12;2025-11-11;16;2734.42
12;2025-11-11;17;3090.194
12;2025-11-11;18;3271.812
12;2025-11-11;19;2492.764
12;2025-11-11;20;1508.544
12;2025-11-11;21;905.282
12;2025-11-11;22;460.767
12;2025-11-11;23;236.651
12;2025-11-12;0;57.738
12;2025-11-12;1;1.614
12;2025-11-12;2;0.0
12;2025-11-12;3;0.0
12;2025-11-12;4;6.242
12;2025-11-12;5;330.563
12;2025-11-12;6;1420.992
12;2025-11-12;7;2716.805
12;2025-11-12;8;3552.324
12;2025-11-12;9;2537.567
12;2025-11-12;10;2136.385
12;2025-11-12;11;2047.956
12;2025-11-12;12;2089.099
12;2025-11-12;13;2082.706
12;2025-11-12;14;2034.262
12;2025-11-12;15;2300.13
12;2025-11-12;16;2778.175
12;2025-11-12;17;3073.931
12;2025-11-12;18;3228.557
12;2025-11-12;19;2479.465
12;2025-11-12;20;1507.353
12;2025-11-12;21;971.669
12;2025-11-12;22;486.382
12;2025-11-12;23;256.44
12;2025-11-13;0;50.737
12;2025-11-13;1;2.26
12;2025-11-13;2;0.0
12;2025-11-13;3;0.0
12;2025-11-13;4;5.903
12;2025-11-13;5;314.774
12;2025-11-13;6;1374.347
12;2025-11-13;7;2725.697
12;2025-11-13;8;3536.59
12;2025-11-13;9;2434.463
12;2025-11-13;10;2050.295
12;2025-11-13;11;2007.977
12;2025-11-13;12;2094.875
12;2025-11-13;13;2049.746
12;2025-11-13;14;2017.955
12;2025-11-13;15;2307.846
12;2025-11-13;16;2775.584
12;2025-11-13;17;3101.582
12;2025-11-13;18;3172.666
12;2025-11-13;19;2464.323
12;2025-11-13;20;1527.051
12;2025-11-13;21;923.969
12;2025-11-13;22;467.44
12;2025-11-13;23;256.628
12;2025-11-14;0;55.449
12;2025-11-14;1;1.899
12;2025-11-14;2;0.0
12;2025-11-14;3;0.0
12;2025-11-14;4;4.763
12;2025-11-14;5;312.389
12;2025-11-14;6;1344.531
12;2025-11-14;7;2594.078
12;2025-11-14;8;3341.326
12;2025-11-14;9;2359.192
12;2025-11-14;10;1919.626
12;2025-11-14;11;1951.87
12;2025-11-14;12;1989.573
12;2025-11-14;13;1999.415
12;2025-11-14;14;2026.531
12;2025-11-14;15;2356.624
12;2025-11-14;16;2918.227
12;2025-11-14;17;2952.035
12;2025-11-14;18;2609.692
12;2025-11-14;19;2157.564
12;2025-11-14;20;1399.725
12;2025-11-14;21;932.545
12;2025-11-14;22;474.835
12;2025-11-14;23;279.035
12;2025-11-15;0;78.046
12;2025-11-15;1;4.264
12;2025-11-15;2;0.0
12;2025-11-15;3;0.0
12;2025-11-15;4;2.616
12;2025-11-15;5;219.864
12;2025-11-15;6;808.231
12;2025-11-15;7;934.492
12;2025-11-15;8;1032.805
12;2025-11-15;9;1246.412
12;2025-11-15;10;1443.012
12;2025-11-15;11;1535.602
12;2025-11-15;12;1544.529
12;2025-11-15;13;1775.132
12;2025-11-15;14;1657.299
12;2025-11-15;15;1618.687
12;2025-11-15;16;1703.05
12;2025-11-15;17;1617.819
12;2025-11-15;18;1507.763
12;2025-11-15;19;1376.61
12;2025-11-15;20;955.074
12;2025-11-15;21;700.237
12;2025-11-15;22;409.376
12;2025-11-15;23;280.983
12;2025-11-16;0;85.958
12;2025-11-16;1;6.15
12;2025-11-16;2;0.0
12;2025-11-16;3;0.0
12;2025-11-16;4;2.107
12;2025-11-16;5;143.238
12;2025-11-16;6;519.551
12;2025-11-16;7;655.996
12;2025-11-16;8;738.669
12;2025-11-16;9;953.71
12;2025-11-16;10;1165.481
12;2025-11-16;11;1305.315
12;2025-11-16;12;1380.184
12;2025-11-16;13;1619.18
12;2025-11-16;14;1516.738
12;2025-11-16;15;1470.018
12;2025-11-16;16;1544.758
12;2025-11-16;17;1543.831
12;2025-11-16;18;1296.439
12;2025-11-16;19;1002.17
12;2025-11-16;20;757.906
12;2025-11-16;21;578.621
12;2025-11-16;22;371.001
12;2025-11-16;23;202.738
12;2025-11-17;0;60.584
12;2025-11-17;1;2.49
12;2025-11-17;2;0.0
12;2025-11-17;3;0.0
12;2025-11-17;4;5.455
12;2025-11-17;5;313.891
12;2025-11-17;6;1381.061
12;2025-11-17;7;2673.699
12;2025-11-17;8;3534.724
12;2025-11-17;9;2440.959
12;2025-11-17;10;1933.672
12;2025-11-17;11;1867.554
12;2025-11-17;12;2001.055
12;2025-11-17;13;1934.751
12;2025-11-17;14;1906.467
12;2025-11-17;15;2237.593
12;2025-11-17;16;2696.213
12;2025-11-17;17;3007.576
12;2025-11-17;18;3185.913
12;2025-11-17;19;2411.91
12;2025-11-17;20;1514.059
12;2025-11-17;21;886.989
12;2025-11-17;22;425.444
12;2025-11-17;23;222.891
12;2025-11-18;0;47.298
12;2025-11-18;1;0.905
12;2025-11-18;2;0.0
12;2025-11-18;3;0.0
12;2025-11-18;4;5.583
12;2025-11-18;5;334.724
12;2025-11-18;6;1405.912
12;2025-11-18;7;2796.679
12;2025-11-18;8;3689.837
12;2025-11-18;9;2521.408
12;2025-11-18;10;2059.183
12;2025-11-18;11;2036.066
12;2025-11-18;12;2067.269
12;2025-11-18;13;2073.997
12;2025-11-18;14;2018.215
12;2025-11-18;15;2278.028
12;2025-11-18;16;2735.65
12;2025-11-18;17;3097.059
12;2025-11-18;18;3286.472
12;2025-11-18;19;2493.414
12;2025-11-18;20;1502.841
12;2025-11-18;21;902.991
12;2025-11-18;22;455.388
12;2025-11-18;23;235.059
12;2025-11-19;0;57.925
12;2025-11-19;1;1.612
12;2025-11-19;2;0.0
12;2025-11-19;3;0.0
12;2025-11-19;4;6.273
12;2025-11-19;5;329.263
12;2025-11-19;6;1417.227
12;2025-11-19;7;2715.34
12;2025-11-19;8;3562.137
12;2025-11-19;9;2533.479
12;2025-11-19;10;2130.583
12;2025-11-19;11;2043.071
12;2025-11-19;12;2091.029
12;2025-11-19;13;2086.532
12;2025-11-19;14;2034.885
12;2025-11-19;15;2291.212
12;2025-11-19;16;2776.669
12;2025-11-19;17;3076.33
12;2025-11-19;18;3240.156
12;2025-11-19;19;2479.152
12;2025-11-19;20;1501.845
12;2025-11-19;21;970.6
12;2025-11-19;22;482.374
12;2025-11-19;23;254.942
12;2025-11-20;0;50.435
12;2025-11-20;1;2.255
12;2025-11-20;2;0.0
12;2025-11-20;3;0.0
12;2025-11-20;4;5.952
12;2025-11-20;5;312.874
12;2025-11-20;6;1370.879
12;2025-11-20;7;2723.271
12;2025-11-20;8;3544.755
12;2025-11-20;9;2431.05
12;2025-11-20;10;2044.434
12;2025-11-20;11;1999.054
12;2025-11-20;12;2093.497
12;2025-11-20;13;2046.474
12;2025-11-20;14;2007.087
12;2025-11-20;15;2289.792
12;2025-11-20;16;2770.528
12;2025-11-20;17;3099.047
12;2025-11-20;18;3170.533
12;2025-11-20;19;2456.846
12;2025-11-20;20;1517.663
12;2025-11-20;21;918.978
12;2025-11-20;22;462.956
12;2025-11-20;23;254.88
12;2025-11-21;0;54.95
12;2025-11-21;1;1.874
12;2025-11-21;2;0.0
12;2025-11-21;3;0.0
12;2025-11-21;4;4.787
12;2025-11-21;5;309.367
12;2025-11-21;6;1329.773
12;2025-11-21;7;2579.611
12;2025-11-21;8;3331.952
12;2025-11-21;9;2351.529
12;2025-11-21;10;1908.741
12;2025-11-21;11;1935.431
12;2025-11-21;12;1980.667
12;2025-11-21;13;1991.631
12;2025-11-21;14;2008.386
12;2025-11-21;15;2332.261
12;2025-11-21;16;2907.424
12;2025-11-21;17;2938.735
12;2025-11-21;18;2575.12
12;2025-11-21;19;2137.807
12;2025-11-21;20;1384.902
12;2025-11-21;21;927.8
12;2025-11-21;22;470.567
12;2025-11-21;23;279.939
12;2025-11-22;0;78.921
12;2025-11-22;1;4.239
12;2025-11-22;2;0.0
12;2025-11-22;3;0.0
12;2025-11-22;4;2.748
12;2025-11-22;5;221.389
12;2025-11-22;6;798.401
12;2025-11-22;7;910.814
12;2025-11-22;8;1012.154
12;2025-11-22;9;1227.29
12;2025-11-22;10;1447.181
12;2025-11-22;11;1547.665
12;2025-11-22;12;1565.12
12;2025-11-22;13;1807.69
12;2025-11-22;14;1673.489
12;2025-11-22;15;1617.934
12;2025-11-22;16;1696.131
12;2025-11-22;17;1620.496
12;2025-11-22;18;1507.767
12;2025-11-22;19;1387.373
12;2025-11-22;20;959.201
12;2025-11-22;21;703.001
12;2025-11-22;22;410.665
12;2025-11-22;23;286.889
12;2025-11-23;0;87.245
12;2025-11-23;1;6.268
12;2025-11-23;2;0.0
12;2025-11-23;3;0.0
12;2025-11-23;4;2.168
12;2025-11-23;5;144.753
12;2025-11-23;6;514.366
12;2025-11-23;7;651.463
12;2025-11-23;8;738.968
12;2025-11-23;9;966.925
12;2025-11-23;10;1184.401
12;2025-11-23;11;1327.749
12;2025-11-23;12;1404.624
12;2025-11-23;13;1649.925
12;2025-11-23;14;1533.995
12;2025-11-23;15;1483.384
12;2025-11-23;16;1555.626
12;2025-11-23;17;1564.316
12;2025-11-23;18;1308.847
12;2025-11-23;19;1012.39
12;2025-11-23;20;766.301
12;2025-11-23;21;584.665
12;2025-11-23;22;375.965
12;2025-11-23;23;205.376
12;2025-11-24;0;60.592
12;2025-11-24;1;2.44
12;2025-11-24;2;0.0
12;2025-11-24;3;0.0
12;2025-11-24;4;5.374
12;2025-11-24;5;313.307
12;2025-11-24;6;1376.243
12;2025-11-24;7;2659.781
12;2025-11-24;8;3521.198
12;2025-11-24;9;2433.985
12;2025-11-24;10;1927.911
12;2025-11-24;11;1866.473
12;2025-11-24;12;2001.653
12;2025-11-24;13;1941.247
12;2025-11-24;14;1904.335
12;2025-11-24;15;2230.882
12;2025-11-24;16;2685.401
12;2025-11-24;17;2998.199
12;2025-11-24;18;3168.137
12;2025-11-24;19;2401.738
12;2025-11-24;20;1507.21
12;2025-11-24;21;883.206
12;2025-11-24;22;422.501
12;2025-11-24;23;222.815
12;2025-11-25;0;47.375
12;2025-11-25;1;0.898
12;2025-11-25;2;0.0
12;2025-11-25;3;0.0
12;2025-11-25;4;5.5
12;2025-11-25;5;334.5
12;2025-11-25;6;1403.145
12;2025-11-25;7;2793.033
12;2025-11-25;8;3686.989
12;2025-11-25;9;2520.984
12;2025-11-25;10;2058.246
12;2025-11-25;11;2037.285
12;2025-11-25;12;2068.196
12;2025-11-25;13;2077.163
12;2025-11-25;14;2022.201
12;2025-11-25;15;2278.646
12;2025-11-25;16;2731.975
12;2025-11-25;17;3095.152
12;2025-11-25;18;3282.877
12;2025-11-25;19;2486.497
12;2025-11-25;20;1497.279
12;2025-11-25;21;903.11
12;2025-11-25;22;455.275
12;2025-11-25;23;234.185
12;2025-11-26;0;58.211
12;2025-11-26;1;1.644
12;2025-11-26;2;0.0
12;2025-11-26;3;0.0
12;2025-11-26;4;6.208
12;2025-11-26;5;329.16
12;2025-11-26;6;1416.656
12;2025-11-26;7;2716.017
12;2025-11-26;8;3562.617
12;2025-11-26;9;2535.676
12;2025-11-26;10;2132.774
12;2025-11-26;11;2047.16
12;2025-11-26;12;2094.859
12;2025-11-26;13;2090.455
12;2025-11-26;14;2040.857
12;2025-11-26;15;2292.505
12;2025-11-26;16;2772.973
12;2025-11-26;17;3080.258
12;2025-11-26;18;3241.079
12;2025-11-26;19;2478.872
12;2025-11-26;20;1499.849
12;2025-11-26;21;970.065
12;2025-11-26;22;480.346
12;2025-11-26;23;254.114
12;2025-11-27;0;50.438
12;2025-11-27;1;2.27
12;2025-11-27;2;0.0
12;2025-11-27;3;0.0
12;2025-11-27;4;5.841
12;2025-11-27;5;311.943
12;2025-11-27;6;1369.08
12;2025-11-27;7;2720.983
12;2025-11-27;8;3542.102
12;2025-11-27;9;2427.213
12;2025-11-27;10;2042.044
12;2025-11-27;11;1997.315
12;2025-11-27;12;2094.395
12;2025-11-27;13;2048.19
12;2025-11-27;14;2008.44
12;2025-11-27;15;2293.171
12;2025-11-27;16;2767.942
12;2025-11-27;17;3103.598
12;2025-11-27;18;3167.278
12;2025-11-27;19;2455.024
12;2025-11-27;20;1514.939
12;2025-11-27;21;917.076
12;2025-11-27;22;460.449
12;2025-11-27;23;253.048
12;2025-11-28;0;54.743
12;2025-11-28;1;1.853
12;2025-11-28;2;0.0
12;2025-11-28;3;0.0
12;2025-11-28;4;4.695
12;2025-11-28;5;308.28
12;2025-11-28;6;1331.369
12;2025-11-28;7;2576.828
12;2025-11-28;8;3323.31
12;2025-11-28;9;2346.645
12;2025-11-28;10;1904.593
12;2025-11-28;11;1934.447
12;2025-11-28;12;1981.248
12;2025-11-28;13;1996.349
12;2025-11-28;14;2013.065
12;2025-11-28;15;2335.502
12;2025-11-28;16;2911.227
12;2025-11-28;17;2940.762
12;2025-11-28;18;2575.803
12;2025-11-28;19;2131.389
12;2025-11-28;20;1382.885
12;2025-11-28;21;927.57
12;2025-11-28;22;468.278
12;2025-11-28;23;278.675
12;2025-11-29;0;78.684
12;2025-11-29;1;4.244
12;2025-11-29;2;0.0
12;2025-11-29;3;0.0
12;2025-11-29;4;2.636
12;2025-11-29;5;217.686
12;2025-11-29;6;798.391
12;2025-11-29;7;904.402
12;2025-11-29;8;1008.623
12;2025-11-29;9;1231.884
12;2025-11-29;10;1448.055
12;2025-11-29;11;1552.499
12;2025-11-29;12;1568.1
12;2025-11-29;13;1812.949
12;2025-11-29;14;1679.422
12;2025-11-29;15;1625.432
12;2025-11-29;16;1694.863
12;2025-11-29;17;1619.076
12;2025-11-29;18;1500.909
12;2025-11-29;19;1385.849
12;2025-11-29;20;953.225
12;2025-11-29;21;701.522
12;2025-11-29;22;407.938
12;2025-11-29;23;286.807
12;2025-11-30;0;87.148
12;2025-11-30;1;6.21
12;2025-11-30;2;0.0
12;2025-11-30;3;0.0
12;2025-11-30;4;2.084
12;2025-11-30;5;142.712
12;2025-11-30;6;511.962
12;2025-11-30;7;650.063
12;2025-11-30;8;742.98
12;2025-11-30;9;963.116
12;2025-11-30;10;1177.986
12;2025-11-30;11;1332.554
12;2025-11-30;12;1410.51
12;2025-11-30;13;1653.48
12;2025-11-30;14;1539.88
12;2025-11-30;15;1494.578
12;2025-11-30;16;1563.856
12;2025-11-30;17;1567.174
12;2025-11-30;18;1305.883
12;2025-11-30;19;1016.35
12;2025-11-30;20;764.136
12;2025-11-30;21;585.28
12;2025-11-30;22;373.342
12;2025-11-30;23;204.27
12;2025-12-01;0;60.718
12;2025-12-01;1;2.455
12;2025-12-01;2;0.0
12;2025-12-01;3;0.0
12;2025-12-01;4;5.287
12;2025-12-01;5;313.029
12;2025-12-01;6;1376.846
12;2025-12-01;7;2662.25
12;2025-12-01;8;3528.73
12;2025-12-01;9;2437.079
12;2025-12-01;10;1927.415
12;2025-12-01;11;1861.31
12;2025-12-01;12;2002.983
12;2025-12-01;13;1940.207
12;2025-12-01;14;1902.543
12;2025-12-01;15;2235.449
12;2025-12-01;16;2693.308
12;2025-12-01;17;3005.128
12;2025-12-01;18;3171.32
12;2025-12-01;19;2401.965
12;2025-12-01;20;1504.952
12;2025-12-01;21;880.167
12;2025-12-01;22;419.325
12;2025-12-01;23;221.758
12;2025-12-02;0;47.503
12;2025-12-02;1;0.899
12;2025-12-02;2;0.0
12;2025-12-02;3;0.0
12;2025-12-02;4;5.378
12;2025-12-02;5;333.8
12;2025-12-02;6;1403.698
12;2025-12-02;7;2796.609
12;2025-12-02;8;3693.794
12;2025-12-02;9;2522.617
12;2025-12-02;10;2062.041
12;2025-12-02;11;2035.712
12;2025-12-02;12;2067.708
12;2025-12-02;13;2079.76
12;2025-12-02;14;2021.577
12;2025-12-02;15;2278.042
12;2025-12-02;16;2736.225
12;2025-12-02;17;3101.468
12;2025-12-02;18;3284.703
12;2025-12-02;19;2479.721
12;2025-12-02;20;1494.548
12;2025-12-02;21;899.288
12;2025-12-02;22;452.348
12;2025-12-02;23;234.189
12;2025-12-03;0;58.131
12;2025-12-03;1;1.626
12;2025-12-03;2;0.0
12;2025-12-03;3;0.0
12;2025-12-03;4;6.102
12;2025-12-03;5;328.222
12;2025-12-03;6;1413.775
12;2025-12-03;7;2705.04
12;2025-12-03;8;3553.134
12;2025-12-03;9;2540.198
12;2025-12-03;10;2136.673
12;2025-12-03;11;2042.47
12;2025-12-03;12;2096.836
12;2025-12-03;13;2089.143
12;2025-12-03;14;2032.871
12;2025-12-03;15;2289.447
12;2025-12-03;16;2772.062
12;2025-12-03;17;3082.293
12;2025-12-03;18;3232.643
12;2025-12-03;19;2470.729
12;2025-12-03;20;1496.122
12;2025-12-03;21;966.966
12;2025-12-03;22;479.935
12;2025-12-03;23;252.669
12;2025-12-04;0;50.451
12;2025-12-04;1;2.262
12;2025-12-04;2;0.0
12;2025-12-04;3;0.0
12;2025-12-04;4;5.756
12;2025-12-04;5;312.311
12;2025-12-04;6;1366.481
12;2025-12-04;7;2709.574
12;2025-12-04;8;3533.184
12;2025-12-04;9;2429.618
12;2025-12-04;10;2045.243
12;2025-12-04;11;1998.788
12;2025-12-04;12;2096.658
12;2025-12-04;13;2048.985
12;2025-12-04;14;2010.339
12;2025-12-04;15;2291.332
12;2025-12-04;16;2771.094
12;2025-12-04;17;3103.354
12;2025-12-04;18;3171.282
12;2025-12-04;19;2453.908
12;2025-12-04;20;1512.281
12;2025-12-04;21;917.854
12;2025-12-04;22;458.486
12;2025-12-04;23;252.905
12;2025-12-05;0;54.853
12;2025-12-05;1;1.868
12;2025-12-05;2;0.0
12;2025-12-05;3;0.0
12;2025-12-05;4;4.65
12;2025-12-05;5;310.223
12;2025-12-05;6;1335.173
12;2025-12-05;7;2572.756
12;2025-12-05;8;3325.331
12;2025-12-05;9;2356.312
12;2025-12-05;10;1911.194
12;2025-12-05;11;1939.335
12;2025-12-05;12;1985.87
12;2025-12-05;13;2001.284
12;2025-12-05;14;2021.538
12;2025-12-05;15;2344.255
12;2025-12-05;16;2920.134
12;2025-12-05;17;2947.662
12;2025-12-05;18;2569.981
12;2025-12-05;19;2137.891
12;2025-12-05;20;1382.566
12;2025-12-05;21;929.739
12;2025-12-05;22;467.101
12;2025-12-05;23;279.015
12;2025-12-06;0;79.191
12;2025-12-06;1;4.266
12;2025-12-06;2;0.0
12;2025-12-06;3;0.0
12;2025-12-06;4;2.587
12;2025-12-06;5;219.528
12;2025-12-06;6;801.519
12;2025-12-06;7;907.429
12;2025-12-06;8;1009.504
12;2025-12-06;9;1233.867
12;2025-12-06;10;1445.222
12;2025-12-06;11;1546.397
12;2025-12-06;12;1568.826
12;2025-12-06;13;1812.659
12;2025-12-06;14;1680.62
12;2025-12-06;15;1623.013
12;2025-12-06;16;1701.304
12;2025-12-06;17;1621.67
12;2025-12-06;18;1507.076
12;2025-12-06;19;1385.081
12;2025-12-06;20;950.14
12;2025-12-06;21;702.618
12;2025-12-06;22;407.084
12;2025-12-06;23;286.624
12;2025-12-07;0;87.215
12;2025-12-07;1;6.307
12;2025-12-07;2;0.0
12;2025-12-07;3;0.0
12;2025-12-07;4;2.02
12;2025-12-07;5;143.852
12;2025-12-07;6;513.031
12;2025-12-07;7;643.87
12;2025-12-07;8;735.498
12;2025-12-07;9;959.295
12;2025-12-07;10;1184.565
12;2025-12-07;11;1332.812
12;2025-12-07;12;1413.807
12;2025-12-07;13;1655.52
12;2025-12-07;14;1542.51
12;2025-12-07;15;1490.778
12;2025-12-07;16;1562.689
12;2025-12-07;17;1567.083
12;2025-12-07;18;1309.207
12;2025-12-07;19;1010.344
12;2025-12-07;20;763.469
12;2025-12-07;21;583.321
12;2025-12-07;22;373.522
12;2025-12-07;23;206.168
12;2025-12-08;0;60.822
12;2025-12-08;1;2.461
12;2025-12-08;2;0.0
12;2025-12-08;3;0.0
12;2025-12-08;4;5.163
12;2025-12-08;5;312.847
12;2025-12-08;6;1374.449
12;2025-12-08;7;2656.715
12;2025-12-08;8;3526.693
12;2025-12-08;9;2437.945
12;2025-12-08;10;1939.525
12;2025-12-08;11;1869.778
12;2025-12-08;12;2009.076
12;2025-12-08;13;1946.292
12;2025-12-08;14;1910.544
12;2025-12-08;15;2239.446
12;2025-12-08;16;2691.324
12;2025-12-08;17;3009.432
12;2025-12-08;18;3178.957
12;2025-12-08;19;2395.5
12;2025-12-08;20;1505.402
12;2025-12-08;21;879.616
12;2025-12-08;22;418.36
12;2025-12-08;23;221.002
12;2025-12-09;0;47.399
12;2025-12-09;1;0.916
12;2025-12-09;2;0.0
12;2025-12-09;3;0.0
12;2025-12-09;4;5.295
12;2025-12-09;5;334.274
12;2025-12-09;6;1403.535
12;2025-12-09;7;2790.396
12;2025-12-09;8;3685.779
12;2025-12-09;9;2516.653
12;2025-12-09;10;2060.361
12;2025-12-09;11;2040.897
12;2025-12-09;12;2073.125
12;2025-12-09;13;2082.431
12;2025-12-09;14;2021.818
12;2025-12-09;15;2280.304
12;2025-12-09;16;2739.186
12;2025-12-09;17;3105.761
12;2025-12-09;18;3284.938
12;2025-12-09;19;2485.66
12;2025-12-09;20;1495.475
12;2025-12-09;21;898.558
12;2025-12-09;22;449.336
12;2025-12-09;23;232.221
12;2025-12-10;0;58.525
12;2025-12-10;1;1.658
12;2025-12-10;2;0.0
12;2025-12-10;3;0.0
12;2025-12-10;4;6.052
12;2025-12-10;5;330.181
12;2025-12-10;6;1418.573
12;2025-12-10;7;2716.289
12;2025-12-10;8;3564.703
12;2025-12-10;9;2540.956
12;2025-12-10;10;2137.309
12;2025-12-10;11;2050.187
12;2025-12-10;12;2097.13
12;2025-12-10;13;2095.075
12;2025-12-10;14;2040.016
12;2025-12-10;15;2296.358
12;2025-12-10;16;2781.928
12;2025-12-10;17;3092.394
12;2025-12-10;18;3245.152
12;2025-12-10;19;2478.827
12;2025-12-10;20;1498.43
12;2025-12-10;21;967.913
12;2025-12-10;22;477.404
12;2025-12-10;23;252.956
12;2025-12-11;0;50.666
12;2025-12-11;1;2.251
12;2025-12-11;2;0.0
12;2025-12-11;3;0.0
12;2025-12-11;4;5.713
12;2025-12-11;5;313.103
12;2025-12-11;6;1368.744
12;2025-12-11;7;2716.959
12;2025-12-11;8;3543.665
12;2025-12-11;9;2429.374
12;2025-12-11;10;2046.034
12;2025-12-11;11;2002.925
12;2025-12-11;12;2095.935
12;2025-12-11;13;2052.253
12;2025-12-11;14;2014.908
12;2025-12-11;15;2296.338
12;2025-12-11;16;2779.686
12;2025-12-11;17;3111.473
12;2025-12-11;18;3174.227
12;2025-12-11;19;2458.549
12;2025-12-11;20;1511.89
12;2025-12-11;21;915.284
12;2025-12-11;22;457.319
12;2025-12-11;23;252.66
12;2025-12-12;0;54.62
12;2025-12-12;1;1.859
12;2025-12-12;2;0.0
12;2025-12-12;3;0.0
12;2025-12-12;4;4.647
12;2025-12-12;5;309.414
12;2025-12-12;6;1331.53
12;2025-12-12;7;2566.56
12;2025-12-12;8;3316.998
12;2025-12-12;9;2343.794
12;2025-12-12;10;1906.928
12;2025-12-12;11;1933.789
12;2025-12-12;12;1981.041
12;2025-12-12;13;1998.355
12;2025-12-12;14;2019.74
12;2025-12-12;15;2342.377
12;2025-12-12;16;2923.51
12;2025-12-12;17;2946.008
12;2025-12-12;18;2571.003
12;2025-12-12;19;2135.277
12;2025-12-12;20;1378.339
12;2025-12-12;21;925.854
12;2025-12-12;22;465.068
12;2025-12-12;23;278.547
12;2025-12-13;0;78.537
12;2025-12-13;1;4.196
12;2025-12-13;2;0.0
12;2025-12-13;3;0.0
12;2025-12-13;4;2.578
12;2025-12-13;5;216.211
12;2025-12-13;6;797.873
12;2025-12-13;7;899.765
12;2025-12-13;8;999.47
12;2025-12-13;9;1219.925
12;2025-12-13;10;1436.819
12;2025-12-13;11;1539.903
12;2025-12-13;12;1560.464
12;2025-12-13;13;1807.069
12;2025-12-13;14;1675.927
12;2025-12-13;15;1613.923
12;2025-12-13;16;1699.213
12;2025-12-13;17;1614.451
12;2025-12-13;18;1488.629
12;2025-12-13;19;1371.853
12;2025-12-13;20;941.944
12;2025-12-13;21;695.331
12;2025-12-13;22;405.141
12;2025-12-13;23;285.456
12;2025-12-14;0;87.302
12;2025-12-14;1;6.241
12;2025-12-14;2;0.0
12;2025-12-14;3;0.0
12;2025-12-14;4;2.062
12;2025-12-14;5;143.447
12;2025-12-14;6;515.997
12;2025-12-14;7;652.812
12;2025-12-14;8;742.407
12;2025-12-14;9;967.238
12;2025-12-14;10;1182.628
12;2025-12-14;11;1332.148
12;2025-12-14;12;1412.956
12;2025-12-14;13;1661.863
12;2025-12-14;14;1542.579
12;2025-12-14;15;1491.657
12;2025-12-14;16;1571.119
12;2025-12-14;17;1575.043
12;2025-12-14;18;1309.095
12;2025-12-14;19;1013.8
12;2025-12-14;20;762.866
12;2025-12-14;21;581.241
12;2025-12-14;22;372.51
12;2025-12-14;23;206.157
12;2025-12-15;0;60.771
12;2025-12-15;1;2.453
12;2025-12-15;2;0.0
12;2025-12-15;3;0.0
12;2025-12-15;4;5.224
12;2025-12-15;5;313.27
12;2025-12-15;6;1375.624
12;2025-12-15;7;2653.898
12;2025-12-15;8;3528.201
12;2025-12-15;9;2443.684
12;2025-12-15;10;1940.194
12;2025-12-15;11;1867.466
12;2025-12-15;12;2008.062
12;2025-12-15;13;1948.96
12;2025-12-15;14;1904.923
12;2025-12-15;15;2240.186
12;2025-12-15;16;2694.005
12;2025-12-15;17;3017.232
12;2025-12-15;18;3182.516
12;2025-12-15;19;2395.546
12;2025-12-15;20;1502.99
12;2025-12-15;21;873.866
12;2025-12-15;22;415.357
12;2025-12-15;23;221.5
12;2025-12-16;0;47.222
12;2025-12-16;1;0.927
12;2025-12-16;2;0.0
12;2025-12-16;3;0.0
12;2025-12-16;4;5.353
12;2025-12-16;5;333.983
12;2025-12-16;6;1402.611
12;2025-12-16;7;2786.261
12;2025-12-16;8;3680.111
12;2025-12-16;9;2521.136
12;2025-12-16;10;2064.721
12;2025-12-16;11;2040.547
12;2025-12-16;12;2072.461
12;2025-12-16;13;2081.114
12;2025-12-16;14;2018.223
12;2025-12-16;15;2276.219
12;2025-12-16;16;2739.198
12;2025-12-16;17;3105.157
12;2025-12-16;18;3285.619
12;2025-12-16;19;2485.545
12;2025-12-16;20;1492.905
12;2025-12-16;21;894.477
12;2025-12-16;22;448.101
12;2025-12-16;23;232.09
12;2025-12-17;0;58.306
12;2025-12-17;1;1.653
12;2025-12-17;2;0.0
12;2025-12-17;3;0.0
12;2025-12-17;4;6.087
12;2025-12-17;5;329.088
12;2025-12-17;6;1418.236
12;2025-12-17;7;2711.492
12;2025-12-17;8;3559.002
12;2025-12-17;9;2539.123
12;2025-12-17;10;2139.692
12;2025-12-17;11;2047.981
12;2025-12-17;12;2095.272
12;2025-12-17;13;2093.725
12;2025-12-17;14;2037.762
12;2025-12-17;15;2294.286
12;2025-12-17;16;2781.098
12;2025-12-17;17;3091.372
12;2025-12-17;18;3240.046
12;2025-12-17;19;2475.138
12;2025-12-17;20;1495.597
12;2025-12-17;21;963.205
12;2025-12-17;22;474.644
12;2025-12-17;23;251.26
12;2025-12-18;0;50.463
12;2025-12-18;1;2.261
12;2025-12-18;2;0.0
12;2025-12-18;3;0.0
12;2025-12-18;4;5.818
12;2025-12-18;5;312.951
12;2025-12-18;6;1370.605
12;2025-12-18;7;2721.221
12;2025-12-18;8;3545.761
12;2025-12-18;9;2436.914
12;2025-12-18;10;2047.535
12;2025-12-18;11;1997.849
12;2025-12-18;12;2094.21
12;2025-12-18;13;2052.379
12;2025-12-18;14;2014.074
12;2025-12-18;15;2295.175
12;2025-12-18;16;2782.47
12;2025-12-18;17;3115.031
12;2025-12-18;18;3173.756
12;2025-12-18;19;2454.882
12;2025-12-18;20;1510.946
12;2025-12-18;21;914.695
12;2025-12-18;22;456.232
12;2025-12-18;23;252.35
12;2025-12-19;0;55.278
12;2025-12-19;1;1.89
12;2025-12-19;2;0.0
12;2025-12-19;3;0.0
12;2025-12-19;4;4.717
12;2025-12-19;5;311.574
12;2025-12-19;6;1336.147
12;2025-12-19;7;2574.988
12;2025-12-19;8;3326.608
12;2025-12-19;9;2354.023
12;2025-12-19;10;1917.887
12;2025-12-19;11;1945.626
12;2025-12-19;12;1983.951
12;2025-12-19;13;2006.933
12;2025-12-19;14;2029.837
12;2025-12-19;15;2359.38
12;2025-12-19;16;2934.508
12;2025-12-19;17;2958.557
12;2025-12-19;18;2578.299
12;2025-12-19;19;2147.005
12;2025-12-19;20;1388.351
12;2025-12-19;21;927.518
12;2025-12-19;22;464.685
12;2025-12-19;23;278.923
12;2025-12-20;0;78.592
12;2025-12-20;1;4.288
12;2025-12-20;2;0.0
12;2025-12-20;3;0.0
12;2025-12-20;4;2.647
12;2025-12-20;5;218.592
12;2025-12-20;6;806.537
12;2025-12-20;7;918.523
12;2025-12-20;8;1025.381
12;2025-12-20;9;1238.281
12;2025-12-20;10;1456.342
12;2025-12-20;11;1549.97
12;2025-12-20;12;1570.866
12;2025-12-20;13;1819.133
12;2025-12-20;14;1690.052
12;2025-12-20;15;1635.999
12;2025-12-20;16;1719.719
12;2025-12-20;17;1639.346
12;2025-12-20;18;1508.276
12;2025-12-20;19;1386.328
12;2025-12-20;20;955.858
12;2025-12-20;21;699.303
12;2025-12-20;22;407.456
12;2025-12-20;23;287.192
12;2025-12-21;0;86.312
12;2025-12-21;1;6.294
12;2025-12-21;2;0.0
12;2025-12-21;3;0.0
12;2025-12-21;4;2.043
12;2025-12-21;5;140.912
12;2025-12-21;6;507.799
12;2025-12-21;7;651.458
12;2025-12-21;8;736.384
12;2025-12-21;9;962.947
12;2025-12-21;10;1170.241
12;2025-12-21;11;1319.598
12;2025-12-21;12;1400.575
12;2025-12-21;13;1646.481
12;2025-12-21;14;1534.658
12;2025-12-21;15;1483.845
12;2025-12-21;16;1560.27
12;2025-12-21;17;1567.511
12;2025-12-21;18;1305.67
12;2025-12-21;19;1015.245
12;2025-12-21;20;763.512
12;2025-12-21;21;575.91
12;2025-12-21;22;371.383
12;2025-12-21;23;205.376
12;2025-12-22;0;60.874
12;2025-12-22;1;2.514
12;2025-12-22;2;0.0
12;2025-12-22;3;0.0
12;2025-12-22;4;5.377
12;2025-12-22;5;313.006
12;2025-12-22;6;1374.759
12;2025-12-22;7;2653.705
12;2025-12-22;8;3515.389
12;2025-12-22;9;2431.836
12;2025-12-22;10;1938.381
12;2025-12-22;11;1875.843
12;2025-12-22;12;2007.419
12;2025-12-22;13;1954.777
12;2025-12-22;14;1926.319
12;2025-12-22;15;2258.331
12;2025-12-22;16;2715.106
12;2025-12-22;17;3019.655
12;2025-12-22;18;3185.546
12;2025-12-22;19;2405.891
12;2025-12-22;20;1502.408
12;2025-12-22;21;879.654
12;2025-12-22;22;416.888
12;2025-12-22;23;221.565
12;2025-12-23;0;47.316
12;2025-12-23;1;0.915
12;2025-12-23;2;0.0
12;2025-12-23;3;0.0
12;2025-12-23;4;5.491
12;2025-12-23;5;333.821
12;2025-12-23;6;1401.273
12;2025-12-23;7;2778.35
12;2025-12-23;8;3674.528
12;2025-12-23;9;2512.102
12;2025-12-23;10;2056.085
12;2025-12-23;11;2034.24
12;2025-12-23;12;2064.353
12;2025-12-23;13;2082.76
12;2025-12-23;14;2023.621
12;2025-12-23;15;2294.157
12;2025-12-23;16;2750.036
12;2025-12-23;17;3104.661
12;2025-12-23;18;3275.945
12;2025-12-23;19;2480.381
12;2025-12-23;20;1488.94
12;2025-12-23;21;895.917
12;2025-12-23;22;446.732
12;2025-12-23;23;232.45
12;2025-12-24;0;58.125
12;2025-12-24;1;1.62
12;2025-12-24;2;0.0
12;2025-12-24;3;0.0
12;2025-12-24;4;6.188
12;2025-12-24;5;328.835
12;2025-12-24;6;1416.733
12;2025-12-24;7;2706.316
12;2025-12-24;8;3555.065
12;2025-12-24;9;2534.029
12;2025-12-24;10;2134.681
12;2025-12-24;11;2046.336
12;2025-12-24;12;2088.534
12;2025-12-24;13;2096.62
12;2025-12-24;14;2045.135
12;2025-12-24;15;2306.972
12;2025-12-24;16;2799.683
12;2025-12-24;17;3099.644
12;2025-12-24;18;3228.169
12;2025-12-24;19;2468.687
12;2025-12-24;20;1490.842
12;2025-12-24;21;962.073
12;2025-12-24;22;473.857
12;2025-12-24;23;252.231
12;2025-12-25;0;50.494
12;2025-12-25;1;2.242
12;2025-12-25;2;0.0
12;2025-12-25;3;0.0
12;2025-12-25;4;5.809
12;2025-12-25;5;311.664
12;2025-12-25;6;1367.393
12;2025-12-25;7;2710.591
12;2025-12-25;8;3530.701
12;2025-12-25;9;2423.614
12;2025-12-25;10;2046.076
12;2025-12-25;11;1998.38
12;2025-12-25;12;2086.58
12;2025-12-25;13;2051.611
12;2025-12-25;14;2011.888
12;2025-12-25;15;2300.667
12;2025-12-25;16;2787.77
12;2025-12-25;17;3112.357
12;2025-12-25;18;3163.998
12;2025-12-25;19;2449.928
12;2025-12-25;20;1507.503
12;2025-12-25;21;911.256
12;2025-12-25;22;453.983
12;2025-12-25;23;252.761
12;2025-12-26;0;55.038
12;2025-12-26;1;1.9
12;2025-12-26;2;0.0
12;2025-12-26;3;0.0
12;2025-12-26;4;4.724
12;2025-12-26;5;310.757
12;2025-12-26;6;1336.893
12;2025-12-26;7;2571.527
12;2025-12-26;8;3315.284
12;2025-12-26;9;2342.994
12;2025-12-26;10;1912.534
12;2025-12-26;11;1937.646
12;2025-12-26;12;1972.326
12;2025-12-26;13;2003.003
12;2025-12-26;14;2018.687
12;2025-12-26;15;2348.374
12;2025-12-26;16;2926.186
12;2025-12-26;17;2949.663
12;2025-12-26;18;2558.129
12;2025-12-26;19;2134.571
12;2025-12-26;20;1374.994
12;2025-12-26;21;923.88
12;2025-12-26;22;463.961
12;2025-12-26;23;279.702
12;2025-12-27;0;70.252
12;2025-12-27;1;3.815
12;2025-12-27;2;0.0
12;2025-12-27;3;0.0
12;2025-12-27;4;2.378
12;2025-12-27;5;196.08
12;2025-12-27;6;727.056
12;2025-12-27;7;834.461
12;2025-12-27;8;925.559
12;2025-12-27;9;1129.861
12;2025-12-27;10;1316.343
12;2025-12-27;11;1396.343
12;2025-12-27;12;1415.441
12;2025-12-27;13;1636.134
12;2025-12-27;14;1517.277
12;2025-12-27;15;1474.866
12;2025-12-27;16;1550.637
12;2025-12-27;17;1481.242
12;2025-12-27;18;1365.78
12;2025-12-27;19;1256.828
12;2025-12-27;20;860.615
12;2025-12-27;21;625.462
12;2025-12-27;22;365.979
12;2025-12-27;23;256.955
12;2025-12-28;0;78.679
12;2025-12-28;1;5.643
12;2025-12-28;2;0.0
12;2025-12-28;3;0.0
12;2025-12-28;4;1.903
12;2025-12-28;5;130.058
12;2025-12-28;6;468.493
12;2025-12-28;7;590.551
12;2025-12-28;8;674.16
12;2025-12-28;9;879.639
12;2025-12-28;10;1079.938
12;2025-12-28;11;1210.754
12;2025-12-28;12;1282.307
12;2025-12-28;13;1506.092
12;2025-12-28;14;1407.476
12;2025-12-28;15;1358.943
12;2025-12-28;16;1431.213
12;2025-12-28;17;1444.866
12;2025-12-28;18;1202.83
12;2025-12-28;19;922.411
12;2025-12-28;20;691.42
12;2025-12-28;21;521.621
12;2025-12-28;22;339.326
12;2025-12-28;23;187.281
12;2025-12-29;0;56.247
12;2025-12-29;1;2.298
12;2025-12-29;2;0.0
12;2025-12-29;3;0.0
12;2025-12-29;4;4.893
12;2025-12-29;5;289.249
12;2025-12-29;6;1276.838
12;2025-12-29;7;2457.944
12;2025-12-29;8;3262.025
12;2025-12-29;9;2255.102
12;2025-12-29;10;1795.953
12;2025-12-29;11;1731.654
12;2025-12-29;12;1854.419
12;2025-12-29;13;1803.42
12;2025-12-29;14;1780.42
12;2025-12-29;15;2091.252
12;2025-12-29;16;2507.405
12;2025-12-29;17;2796.082
12;2025-12-29;18;2932.027
12;2025-12-29;19;2221.456
12;2025-12-29;20;1383.638
12;2025-12-29;21;807.66
12;2025-12-29;22;385.684
12;2025-12-29;23;205.169
12;2025-12-30;0;43.398
12;2025-12-30;1;0.843
12;2025-12-30;2;0.0
12;2025-12-30;3;0.0
12;2025-12-30;4;4.958
12;2025-12-30;5;308.336
12;2025-12-30;6;1300.942
12;2025-12-30;7;2577.507
12;2025-12-30;8;3406.118
12;2025-12-30;9;2331.492
12;2025-12-30;10;1904.417
12;2025-12-30;11;1879.036
12;2025-12-30;12;1905.698
12;2025-12-30;13;1920.064
12;2025-12-30;14;1873.426
12;2025-12-30;15;2122.794
12;2025-12-30;16;2543.072
12;2025-12-30;17;2878.422
12;2025-12-30;18;3021.697
12;2025-12-30;19;2291.242
12;2025-12-30;20;1368.398
12;2025-12-30;21;824.902
12;2025-12-30;22;414.612
12;2025-12-30;23;213.856
12;2025-12-31;0;81.008
12;2025-12-31;1;5.153
12;2025-12-31;2;0.0
12;2025-12-31;3;0.0
12;2025-12-31;4;2.469
12;2025-12-31;5;175.068
12;2025-12-31;6;600.943
12;2025-12-31;7;699.668
12;2025-12-31;8;814.439
12;2025-12-31;9;956.347
12;2025-12-31;10;1165.701
12;2025-12-31;11;1243.712
12;2025-12-31;12;1303.051
12;2025-12-31;13;1552.538
12;2025-12-31;14;1431.744
12;2025-12-31;15;1388.49
12;2025-12-31;16;1482.855
12;2025-12-31;17;1462.853
12;2025-12-31;18;1242.509
12;2025-12-31;19;1039.922
12;2025-12-31;20;742.48
12;2025-12-31;21;599.439
12;2025-12-31;22;359.419
12;2025-12-31;23;205.148
17;2025-11-01;0;186.047
17;2025-11-01;1;21.195
17;2025-11-01;2;0.004
17;2025-11-01;3;0.003
17;2025-11-01;4;20.849
17;2025-11-01;5;267.583
17;2025-11-01;6;1303.079
17;2025-11-01;7;3381.63
17;2025-11-01;8;4424.833
17;2025-11-01;9;3490.198
17;2025-11-01;10;3043.647
17;2025-11-01;11;3344.861
17;2025-11-01;12;3506.404
17;2025-11-01;13;3736.435
17;2025-11-01;14;3796.522
17;2025-11-01;15;4065.038
17;2025-11-01;16;4551.847
17;2025-11-01;17;4699.52
17;2025-11-01;18;4223.292
17;2025-11-01;19;3181.866
17;2025-11-01;20;2421.387
17;2025-11-01;21;1673.823
17;2025-11-01;22;936.095
17;2025-11-01;23;517.079
17;2025-11-02;0;195.438
17;2025-11-02;1;27.616
17;2025-11-02;2;0.003
17;2025-11-02;3;0.002
17;2025-11-02;4;3.146
17;2025-11-02;5;98.082
17;2025-11-02;6;385.917
17;2025-11-02;7;718.566
17;2025-11-02;8;1109.831
17;2025-11-02;9;1605.564
17;2025-11-02;10;1889.884
17;2025-11-02;11;2474.598
17;2025-11-02;12;2955.118
17;2025-11-02;13;3267.506
17;2025-11-02;14;3347.125
17;2025-11-02;15;3290.016
17;2025-11-02;16;3257.353
17;2025-11-02;17;2955.36
17;2025-11-02;18;2424.445
17;2025-11-02;19;2013.688
17;2025-11-02;20;1589.47
17;2025-11-02;21;1152.191
17;2025-11-02;22;678.284
17;2025-11-02;23;331.733
17;2025-11-03;0;181.253
17;2025-11-03;1;25.056
17;2025-11-03;2;0.003
17;2025-11-03;3;0.003
17;2025-11-03;4;4.475
17;2025-11-03;5;108.891
17;2025-11-03;6;456.738
17;2025-11-03;7;900.207
17;2025-11-03;8;1239.153
17;2025-11-03;9;1670.506
17;2025-11-03;10;1919.609
17;2025-11-03;11;2401.699
17;2025-11-03;12;2893.646
17;2025-11-03;13;3222.18
17;2025-11-03;14;3306.696
17;2025-11-03;15;3287.322
17;2025-11-03;16;3316.684
17;2025-11-03;17;3061.497
17;2025-11-03;18;2593.684
17;2025-11-03;19;2169.734
17;2025-11-03;20;1723.203
17;2025-11-03;21;1225.958
17;2025-11-03;22;688.93
17;2025-11-03;23;333.3
17;2025-11-04;0;178.8
17;2025-11-04;1;24.107
17;2025-11-04;2;0.004
17;2025-11-04;3;0.003
17;2025-11-04;4;4.375
17;2025-11-04;5;107.577
17;2025-11-04;6;453.353
17;2025-11-04;7;910.545
17;2025-11-04;8;1240.36
17;2025-11-04;9;1674.019
17;2025-11-04;10;1912.008
17;2025-11-04;11;2366.795
17;2025-11-04;12;2890.01
17;2025-11-04;13;3203.913
17;2025-11-04;14;3301.529
17;2025-11-04;15;3255.902
17;2025-11-04;16;3256.571
17;2025-11-04;17;3018.678
17;2025-11-04;18;2562.668
17;2025-11-04;19;2171.46
17;2025-11-04;20;1725.881
17;2025-11-04;21;1222.436
17;2025-11-04;22;689.915
17;2025-11-04;23;332.86
17;2025-11-05;0;126.066
17;2025-11-05;1;10.338
17;2025-11-05;2;0.003
17;2025-11-05;3;0.002
17;2025-11-05;4;27.086
17;2025-11-05;5;324.21
17;2025-11-05;6;1550.0
17;2025-11-05;7;4103.31
17;2025-11-05;8;5403.417
17;2025-11-05;9;3850.015
17;2025-11-05;10;3063.322
17;2025-11-05;11;3026.541
17;2025-11-05;12;3075.222
17;2025-11-05;13;3142.171
17;2025-11-05;14;3227.521
17;2025-11-05;15;3358.261
17;2025-11-05;16;3743.068
17;2025-11-05;17;4555.814
17;2025-11-05;18;4933.842
17;2025-11-05;19;3476.837
17;2025-11-05;20;2377.626
17;2025-11-05;21;1491.383
17;2025-11-05;22;775.134
17;2025-11-05;23;383.059
17;2025-11-06;0;139.574
17;2025-11-06;1;10.772
17;2025-11-06;2;0.002
17;2025-11-06;3;0.002
17;2025-11-06;4;25.868
17;2025-11-06;5;322.233
17;2025-11-06;6;1551.318
17;2025-11-06;7;4069.672
17;2025-11-06;8;5407.325
17;2025-11-06;9;3861.054
17;2025-11-06;10;3059.052
17;2025-11-06;11;3023.175
17;2025-11-06;12;3117.215
17;2025-11-06;13;3165.648
17;2025-11-06;14;3227.73
17;2025-11-06;15;3348.9
17;2025-11-06;16;3807.259
17;2025-11-06;17;4588.752
17;2025-11-06;18;4920.59
17;2025-11-06;19;3470.704
17;2025-11-06;20;2412.73
17;2025-11-06;21;1512.334
17;2025-11-06;22;793.097
17;2025-11-06;23;391.663
17;2025-11-07;0;148.999
17;2025-11-07;1;15.578
17;2025-11-07;2;0.001
17;2025-11-07;3;0.001
17;2025-11-07;4;26.249
17;2025-11-07;5;318.263
17;2025-11-07;6;1558.963
17;2025-11-07;7;4148.355
17;2025-11-07;8;5387.655
17;2025-11-07;9;3834.656
17;2025-11-07;10;3076.244
17;2025-11-07;11;3110.19
17;2025-11-07;12;3159.067
17;2025-11-07;13;3251.183
17;2025-11-07;14;3335.369
17;2025-11-07;15;3675.819
17;2025-11-07;16;4290.091
17;2025-11-07;17;4743.154
17;2025-11-07;18;4511.594
17;2025-11-07;19;3273.285
17;2025-11-07;20;2376.966
17;2025-11-07;21;1575.311
17;2025-11-07;22;850.478
17;2025-11-07;23;457.379
17;2025-11-08;0;200.401
17;2025-11-08;1;24.138
17;2025-11-08;2;0.001
17;2025-11-08;3;0.001
17;2025-11-08;4;5.904
17;2025-11-08;5;129.931
17;2025-11-08;6;579.621
17;2025-11-08;7;1220.423
17;2025-11-08;8;1782.373
17;2025-11-08;9;2282.622
17;2025-11-08;10;2506.553
17;2025-11-08;11;3032.886
17;2025-11-08;12;3364.524
17;2025-11-08;13;3584.287
17;2025-11-08;14;3626.27
17;2025-11-08;15;3641.862
17;2025-11-08;16;3671.628
17;2025-11-08;17;3436.507
17;2025-11-08;18;3047.626
17;2025-11-08;19;2439.185
17;2025-11-08;20;1888.245
17;2025-11-08;21;1368.431
17;2025-11-08;22;848.219
17;2025-11-08;23;452.844
17;2025-11-09;0;186.155
17;2025-11-09;1;26.114
17;2025-11-09;2;0.002
17;2025-11-09;3;0.002
17;2025-11-09;4;3.915
17;2025-11-09;5;103.384
17;2025-11-09;6;418.937
17;2025-11-09;7;783.84
17;2025-11-09;8;1210.381
17;2025-11-09;9;1695.148
17;2025-11-09;10;2001.606
17;2025-11-09;11;2541.553
17;2025-11-09;12;2951.639
17;2025-11-09;13;3213.216
17;2025-11-09;14;3276.248
17;2025-11-09;15;3233.926
17;2025-11-09;16;3212.805
17;2025-11-09;17;3005.773
17;2025-11-09;18;2524.139
17;2025-11-09;19;2052.607
17;2025-11-09;20;1580.756
17;2025-11-09;21;1121.924
17;2025-11-09;22;664.213
17;2025-11-09;23;321.383
17;2025-11-10;0;106.592
17;2025-11-10;1;12.675
17;2025-11-10;2;0.002
17;2025-11-10;3;0.002
17;2025-11-10;4;26.097
17;2025-11-10;5;306.123
17;2025-11-10;6;1493.507
17;2025-11-10;7;3988.261
17;2025-11-10;8;5290.613
17;2025-11-10;9;3724.037
17;2025-11-10;10;2878.354
17;2025-11-10;11;2845.239
17;2025-11-10;12;2892.745
17;2025-11-10;13;2935.507
17;2025-11-10;14;2969.989
17;2025-11-10;15;3177.392
17;2025-11-10;16;3596.37
17;2025-11-10;17;4410.168
17;2025-11-10;18;4874.364
17;2025-11-10;19;3364.988
17;2025-11-10;20;2244.23
17;2025-11-10;21;1349.144
17;2025-11-10;22;689.914
17;2025-11-10;23;318.202
17;2025-11-11;0;112.045
17;2025-11-11;1;9.998
17;2025-11-11;2;0.003
17;2025-11-11;3;0.002
17;2025-11-11;4;27.078
17;2025-11-11;5;311.538
17;2025-11-11;6;1560.034
17;2025-11-11;7;4162.112
17;2025-11-11;8;5495.631
17;2025-11-11;9;3911.103
17;2025-11-11;10;3041.948
17;2025-11-11;11;2970.989
17;2025-11-11;12;3039.269
17;2025-11-11;13;3072.526
17;2025-11-11;14;3211.428
17;2025-11-11;15;3284.07
17;2025-11-11;16;3671.695
17;2025-11-11;17;4579.012
17;2025-11-11;18;4966.821
17;2025-11-11;19;3500.314
17;2025-11-11;20;2378.717
17;2025-11-11;21;1441.035
17;2025-11-11;22;729.633
17;2025-11-11;23;349.652
17;2025-11-12;0;126.751
17;2025-11-12;1;10.179
17;2025-11-12;2;0.003
17;2025-11-12;3;0.002
17;2025-11-12;4;27.023
17;2025-11-12;5;323.13
17;2025-11-12;6;1551.556
17;2025-11-12;7;4112.279
17;2025-11-12;8;5424.802
17;2025-11-12;9;3867.431
17;2025-11-12;10;3069.749
17;2025-11-12;11;3031.617
17;2025-11-12;12;3080.295
17;2025-11-12;13;3142.605
17;2025-11-12;14;3234.312
17;2025-11-12;15;3369.788
17;2025-11-12;16;3749.385
17;2025-11-12;17;4578.403
17;2025-11-12;18;4954.933
17;2025-11-12;19;3477.985
17;2025-11-12;20;2375.828
17;2025-11-12;21;1490.343
17;2025-11-12;22;773.586
17;2025-11-12;23;382.024
17;2025-11-13;0;140.232
17;2025-11-13;1;10.889
17;2025-11-13;2;0.001
17;2025-11-13;3;0.001
17;2025-11-13;4;25.822
17;2025-11-13;5;321.345
17;2025-11-13;6;1551.397
17;2025-11-13;7;4075.836
17;2025-11-13;8;5420.48
17;2025-11-13;9;3868.319
17;2025-11-13;10;3069.387
17;2025-11-13;11;3030.386
17;2025-11-13;12;3124.741
17;2025-11-13;13;3174.553
17;2025-11-13;14;3238.269
17;2025-11-13;15;3358.542
17;2025-11-13;16;3819.672
17;2025-11-13;17;4606.197
17;2025-11-13;18;4933.004
17;2025-11-13;19;3472.796
17;2025-11-13;20;2413.621
17;2025-11-13;21;1512.424
17;2025-11-13;22;793.145
17;2025-11-13;23;390.914
17;2025-11-14;0;150.008
17;2025-11-14;1;15.601
17;2025-11-14;2;0.0
17;2025-11-14;3;0.001
17;2025-11-14;4;26.283
17;2025-11-14;5;318.112
17;2025-11-14;6;1559.479
17;2025-11-14;7;4156.705
17;2025-11-14;8;5399.977
17;2025-11-14;9;3845.421
17;2025-11-14;10;3087.251
17;2025-11-14;11;3119.887
17;2025-11-14;12;3168.414
17;2025-11-14;13;3266.192
17;2025-11-14;14;3348.319
17;2025-11-14;15;3695.072
17;2025-11-14;16;4321.814
17;2025-11-14;17;4769.569
17;2025-11-14;18;4540.456
17;2025-11-14;19;3283.955
17;2025-11-14;20;2378.891
17;2025-11-14;21;1579.316
17;2025-11-14;22;851.213
17;2025-11-14;23;459.625
17;2025-11-15;0;202.853
17;2025-11-15;1;24.187
17;2025-11-15;2;0.001
17;2025-11-15;3;0.001
17;2025-11-15;4;5.866
17;2025-11-15;5;130.537
17;2025-11-15;6;578.602
17;2025-11-15;7;1217.913
17;2025-11-15;8;1792.543
17;2025-11-15;9;2304.324
17;2025-11-15;10;2529.703
17;2025-11-15;11;3050.904
17;2025-11-15;12;3389.587
17;2025-11-15;13;3616.905
17;2025-11-15;14;3657.986
17;2025-11-15;15;3670.88
17;2025-11-15;16;3703.263
17;2025-11-15;17;3480.586
17;2025-11-15;18;3094.67
17;2025-11-15;19;2452.827
17;2025-11-15;20;1886.167
17;2025-11-15;21;1368.127
17;2025-11-15;22;849.4
17;2025-11-15;23;454.181
17;2025-11-16;0;188.441
17;2025-11-16;1;26.421
17;2025-11-16;2;0.001
17;2025-11-16;3;0.001
17;2025-11-16;4;3.885
17;2025-11-16;5;103.511
17;2025-11-16;6;422.445
17;2025-11-16;7;781.974
17;2025-11-16;8;1224.13
17;2025-11-16;9;1717.951
17;2025-11-16;10;2023.681
17;2025-11-16;11;2566.274
17;2025-11-16;12;2976.54
17;2025-11-16;13;3237.044
17;2025-11-16;14;3309.177
17;2025-11-16;15;3252.359
17;2025-11-16;16;3245.566
17;2025-11-16;17;3047.33
17;2025-11-16;18;2558.229
17;2025-11-16;19;2068.198
17;2025-11-16;20;1584.605
17;2025-11-16;21;1120.812
17;2025-11-16;22;663.549
17;2025-11-16;23;319.762
17;2025-11-17;0;105.486
17;2025-11-17;1;12.373
17;2025-11-17;2;0.002
17;2025-11-17;3;0.001
17;2025-11-17;4;26.325
17;2025-11-17;5;306.833
17;2025-11-17;6;1499.383
17;2025-11-17;7;4023.085
17;2025-11-17;8;5344.112
17;2025-11-17;9;3743.673
17;2025-11-17;10;2885.201
17;2025-11-17;11;2844.662
17;2025-11-17;12;2881.186
17;2025-11-17;13;2926.236
17;2025-11-17;14;2953.681
17;2025-11-17;15;3175.875
17;2025-11-17;16;3599.695
17;2025-11-17;17;4432.329
17;2025-11-17;18;4905.747
17;2025-11-17;19;3376.052
17;2025-11-17;20;2247.283
17;2025-11-17;21;1342.669
17;2025-11-17;22;684.335
17;2025-11-17;23;312.984
17;2025-11-18;0;110.136
17;2025-11-18;1;9.634
17;2025-11-18;2;0.001
17;2025-11-18;3;0.0
17;2025-11-18;4;27.251
17;2025-11-18;5;312.791
17;2025-11-18;6;1565.316
17;2025-11-18;7;4196.366
17;2025-11-18;8;5547.266
17;2025-11-18;9;3933.186
17;2025-11-18;10;3053.272
17;2025-11-18;11;2976.026
17;2025-11-18;12;3040.395
17;2025-11-18;13;3061.437
17;2025-11-18;14;3198.981
17;2025-11-18;15;3279.091
17;2025-11-18;16;3674.392
17;2025-11-18;17;4605.999
17;2025-11-18;18;5002.741
17;2025-11-18;19;3514.108
17;2025-11-18;20;2379.037
17;2025-11-18;21;1436.38
17;2025-11-18;22;725.033
17;2025-11-18;23;345.814
17;2025-11-19;0;125.091
17;2025-11-19;1;10.002
17;2025-11-19;2;0.001
17;2025-11-19;3;0.001
17;2025-11-19;4;27.112
17;2025-11-19;5;324.747
17;2025-11-19;6;1553.502
17;2025-11-19;7;4138.685
17;2025-11-19;8;5464.563
17;2025-11-19;9;3882.166
17;2025-11-19;10;3082.968
17;2025-11-19;11;3038.487
17;2025-11-19;12;3085.263
17;2025-11-19;13;3142.855
17;2025-11-19;14;3231.19
17;2025-11-19;15;3372.062
17;2025-11-19;16;3762.707
17;2025-11-19;17;4605.452
17;2025-11-19;18;4996.531
17;2025-11-19;19;3486.392
17;2025-11-19;20;2374.799
17;2025-11-19;21;1486.839
17;2025-11-19;22;769.087
17;2025-11-19;23;380.324
17;2025-11-20;0;139.452
17;2025-11-20;1;10.591
17;2025-11-20;2;0.001
17;2025-11-20;3;0.001
17;2025-11-20;4;26.004
17;2025-11-20;5;322.777
17;2025-11-20;6;1557.325
17;2025-11-20;7;4102.902
17;2025-11-20;8;5468.731
17;2025-11-20;9;3892.329
17;2025-11-20;10;3079.775
17;2025-11-20;11;3031.5
17;2025-11-20;12;3122.917
17;2025-11-20;13;3164.376
17;2025-11-20;14;3223.948
17;2025-11-20;15;3358.531
17;2025-11-20;16;3824.981
17;2025-11-20;17;4631.724
17;2025-11-20;18;4966.864
17;2025-11-20;19;3477.482
17;2025-11-20;20;2406.08
17;2025-11-20;21;1506.404
17;2025-11-20;22;784.069
17;2025-11-20;23;389.51
17;2025-11-21;0;149.307
17;2025-11-21;1;15.601
17;2025-11-21;2;0.002
17;2025-11-21;3;0.001
17;2025-11-21;4;26.359
17;2025-11-21;5;318.08
17;2025-11-21;6;1560.679
17;2025-11-21;7;4166.492
17;2025-11-21;8;5431.063
17;2025-11-21;9;3851.124
17;2025-11-21;10;3084.663
17;2025-11-21;11;3113.31
17;2025-11-21;12;3163.015
17;2025-11-21;13;3247.852
17;2025-11-21;14;3337.481
17;2025-11-21;15;3696.454
17;2025-11-21;16;4317.477
17;2025-11-21;17;4778.385
17;2025-11-21;18;4521.693
17;2025-11-21;19;3262.318
17;2025-11-21;20;2366.263
17;2025-11-21;21;1570.824
17;2025-11-21;22;844.932
17;2025-11-21;23;455.427
17;2025-11-22;0;202.871
17;2025-11-22;1;24.325
17;2025-11-22;2;0.002
17;2025-11-22;3;0.001
17;2025-11-22;4;5.793
17;2025-11-22;5;127.576
17;2025-11-22;6;562.339
17;2025-11-22;7;1187.966
17;2025-11-22;8;1750.691
17;2025-11-22;9;2280.307
17;2025-11-22;10;2529.988
17;2025-11-22;11;3078.687
17;2025-11-22;12;3453.538
17;2025-11-22;13;3666.899
17;2025-11-22;14;3717.079
17;2025-11-22;15;3716.367
17;2025-11-22;16;3737.684
17;2025-11-22;17;3498.527
17;2025-11-22;18;3123.869
17;2025-11-22;19;2467.48
17;2025-11-22;20;1898.181
17;2025-11-22;21;1379.367
17;2025-11-22;22;855.558
17;2025-11-22;23;459.17
17;2025-11-23;0;188.186
17;2025-11-23;1;26.445
17;2025-11-23;2;0.001
17;2025-11-23;3;0.0
17;2025-11-23;4;3.982
17;2025-11-23;5;104.856
17;2025-11-23;6;424.593
17;2025-11-23;7;790.157
17;2025-11-23;8;1239.181
17;2025-11-23;9;1717.269
17;2025-11-23;10;2044.178
17;2025-11-23;11;2590.244
17;2025-11-23;12;3004.885
17;2025-11-23;13;3263.852
17;2025-11-23;14;3338.292
17;2025-11-23;15;3293.171
17;2025-11-23;16;3289.73
17;2025-11-23;17;3098.721
17;2025-11-23;18;2613.94
17;2025-11-23;19;2094.637
17;2025-11-23;20;1594.083
17;2025-11-23;21;1126.525
17;2025-11-23;22;671.004
17;2025-11-23;23;321.774
17;2025-11-24;0;105.621
17;2025-11-24;1;12.533
17;2025-11-24;2;0.001
17;2025-11-24;3;0.001
17;2025-11-24;4;26.157
17;2025-11-24;5;304.908
17;2025-11-24;6;1493.072
17;2025-11-24;7;4010.964
17;2025-11-24;8;5326.958
17;2025-11-24;9;3733.741
17;2025-11-24;10;2880.972
17;2025-11-24;11;2845.716
17;2025-11-24;12;2879.837
17;2025-11-24;13;2925.488
17;2025-11-24;14;2958.775
17;2025-11-24;15;3177.953
17;2025-11-24;16;3600.946
17;2025-11-24;17;4423.062
17;2025-11-24;18;4890.747
17;2025-11-24;19;3364.322
17;2025-11-24;20;2239.021
17;2025-11-24;21;1340.395
17;2025-11-24;22;681.764
17;2025-11-24;23;314.449
17;2025-11-25;0;110.749
17;2025-11-25;1;9.814
17;2025-11-25;2;0.002
17;2025-11-25;3;0.001
17;2025-11-25;4;27.148
17;2025-11-25;5;311.76
17;2025-11-25;6;1562.581
17;2025-11-25;7;4193.097
17;2025-11-25;8;5540.557
17;2025-11-25;9;3931.252
17;2025-11-25;10;3051.168
17;2025-11-25;11;2975.904
17;2025-11-25;12;3040.754
17;2025-11-25;13;3064.468
17;2025-11-25;14;3207.74
17;2025-11-25;15;3282.734
17;2025-11-25;16;3685.857
17;2025-11-25;17;4602.686
17;2025-11-25;18;4999.435
17;2025-11-25;19;3506.901
17;2025-11-25;20;2374.395
17;2025-11-25;21;1435.691
17;2025-11-25;22;720.871
17;2025-11-25;23;347.004
17;2025-11-26;0;125.401
17;2025-11-26;1;10.095
17;2025-11-26;2;0.002
17;2025-11-26;3;0.001
17;2025-11-26;4;27.08
17;2025-11-26;5;323.954
17;2025-11-26;6;1552.533
17;2025-11-26;7;4143.579
17;2025-11-26;8;5471.175
17;2025-11-26;9;3884.277
17;2025-11-26;10;3079.205
17;2025-11-26;11;3036.742
17;2025-11-26;12;3082.117
17;2025-11-26;13;3137.734
17;2025-11-26;14;3232.081
17;2025-11-26;15;3372.745
17;2025-11-26;16;3765.122
17;2025-11-26;17;4606.343
17;2025-11-26;18;4999.016
17;2025-11-26;19;3488.782
17;2025-11-26;20;2371.371
17;2025-11-26;21;1486.226
17;2025-11-26;22;765.036
17;2025-11-26;23;378.571
17;2025-11-27;0;139.471
17;2025-11-27;1;10.716
17;2025-11-27;2;0.002
17;2025-11-27;3;0.001
17;2025-11-27;4;25.966
17;2025-11-27;5;322.695
17;2025-11-27;6;1555.574
17;2025-11-27;7;4106.23
17;2025-11-27;8;5470.094
17;2025-11-27;9;3889.152
17;2025-11-27;10;3075.777
17;2025-11-27;11;3029.008
17;2025-11-27;12;3119.828
17;2025-11-27;13;3164.005
17;2025-11-27;14;3232.043
17;2025-11-27;15;3361.514
17;2025-11-27;16;3832.604
17;2025-11-27;17;4635.924
17;2025-11-27;18;4971.176
17;2025-11-27;19;3476.73
17;2025-11-27;20;2402.614
17;2025-11-27;21;1504.635
17;2025-11-27;22;782.876
17;2025-11-27;23;389.551
17;2025-11-28;0;149.58
17;2025-11-28;1;15.806
17;2025-11-28;2;0.002
17;2025-11-28;3;0.001
17;2025-11-28;4;26.279
17;2025-11-28;5;317.256
17;2025-11-28;6;1558.229
17;2025-11-28;7;4162.323
17;2025-11-28;8;5429.524
17;2025-11-28;9;3852.7
17;2025-11-28;10;3083.291
17;2025-11-28;11;3112.966
17;2025-11-28;12;3162.072
17;2025-11-28;13;3249.741
17;2025-11-28;14;3339.177
17;2025-11-28;15;3704.879
17;2025-11-28;16;4332.08
17;2025-11-28;17;4787.481
17;2025-11-28;18;4535.388
17;2025-11-28;19;3277.377
17;2025-11-28;20;2367.255
17;2025-11-28;21;1570.203
17;2025-11-28;22;846.478
17;2025-11-28;23;456.153
17;2025-11-29;0;203.074
17;2025-11-29;1;24.595
17;2025-11-29;2;0.0
17;2025-11-29;3;0.001
17;2025-11-29;4;5.733
17;2025-11-29;5;126.487
17;2025-11-29;6;565.463
17;2025-11-29;7;1185.141
17;2025-11-29;8;1751.906
17;2025-11-29;9;2295.673
17;2025-11-29;10;2530.593
17;2025-11-29;11;3076.549
17;2025-11-29;12;3456.977
17;2025-11-29;13;3672.337
17;2025-11-29;14;3730.433
17;2025-11-29;15;3720.075
17;2025-11-29;16;3743.46
17;2025-11-29;17;3502.514
17;2025-11-29;18;3111.775
17;2025-11-29;19;2463.607
17;2025-11-29;20;1888.055
17;2025-11-29;21;1371.382
17;2025-11-29;22;850.377
17;2025-11-29;23;456.744
17;2025-11-30;0;187.401
17;2025-11-30;1;26.594
17;2025-11-30;2;0.0
17;2025-11-30;3;0.001
17;2025-11-30;4;3.961
17;2025-11-30;5;104.814
17;2025-11-30;6;423.44
17;2025-11-30;7;791.824
17;2025-11-30;8;1244.791
17;2025-11-30;9;1724.583
17;2025-11-30;10;2041.855
17;2025-11-30;11;2591.326
17;2025-11-30;12;3008.114
17;2025-11-30;13;3266.56
17;2025-11-30;14;3350.027
17;2025-11-30;15;3294.595
17;2025-11-30;16;3290.42
17;2025-11-30;17;3111.732
17;2025-11-30;18;2624.403
17;2025-11-30;19;2107.013
17;2025-11-30;20;1593.592
17;2025-11-30;21;1125.394
17;2025-11-30;22;667.308
17;2025-11-30;23;318.956
17;2025-12-01;0;104.658
17;2025-12-01;1;12.579
17;2025-12-01;2;0.001
17;2025-12-01;3;0.001
17;2025-12-01;4;26.196
17;2025-12-01;5;305.49
17;2025-12-01;6;1496.616
17;2025-12-01;7;4016.626
17;2025-12-01;8;5345.668
17;2025-12-01;9;3745.097
17;2025-12-01;10;2885.256
17;2025-12-01;11;2842.563
17;2025-12-01;12;2878.43
17;2025-12-01;13;2928.345
17;2025-12-01;14;2961.519
17;2025-12-01;15;3183.582
17;2025-12-01;16;3605.784
17;2025-12-01;17;4433.382
17;2025-12-01;18;4908.169
17;2025-12-01;19;3374.359
17;2025-12-01;20;2244.187
17;2025-12-01;21;1338.121
17;2025-12-01;22;679.201
17;2025-12-01;23;312.864
17;2025-12-02;0;110.372
17;2025-12-02;1;9.889
17;2025-12-02;2;0.001
17;2025-12-02;3;0.001
17;2025-12-02;4;27.105
17;2025-12-02;5;311.127
17;2025-12-02;6;1561.853
17;2025-12-02;7;4190.281
17;2025-12-02;8;5545.408
17;2025-12-02;9;3932.693
17;2025-12-02;10;3054.453
17;2025-12-02;11;2973.115
17;2025-12-02;12;3040.974
17;2025-12-02;13;3076.033
17;2025-12-02;14;3219.9
17;2025-12-02;15;3288.919
17;2025-12-02;16;3688.245
17;2025-12-02;17;4607.734
17;2025-12-02;18;5011.179
17;2025-12-02;19;3510.773
17;2025-12-02;20;2369.283
17;2025-12-02;21;1431.909
17;2025-12-02;22;718.133
17;2025-12-02;23;345.1
17;2025-12-03;0;125.305
17;2025-12-03;1;10.191
17;2025-12-03;2;0.002
17;2025-12-03;3;0.001
17;2025-12-03;4;27.114
17;2025-12-03;5;323.467
17;2025-12-03;6;1552.105
17;2025-12-03;7;4132.101
17;2025-12-03;8;5466.806
17;2025-12-03;9;3889.209
17;2025-12-03;10;3086.68
17;2025-12-03;11;3036.511
17;2025-12-03;12;3084.94
17;2025-12-03;13;3141.984
17;2025-12-03;14;3240.415
17;2025-12-03;15;3383.643
17;2025-12-03;16;3766.379
17;2025-12-03;17;4612.488
17;2025-12-03;18;4990.102
17;2025-12-03;19;3486.608
17;2025-12-03;20;2368.467
17;2025-12-03;21;1481.877
17;2025-12-03;22;763.82
17;2025-12-03;23;378.952
17;2025-12-04;0;138.796
17;2025-12-04;1;10.801
17;2025-12-04;2;0.002
17;2025-12-04;3;0.001
17;2025-12-04;4;26.014
17;2025-12-04;5;321.567
17;2025-12-04;6;1554.358
17;2025-12-04;7;4097.397
17;2025-12-04;8;5463.822
17;2025-12-04;9;3893.406
17;2025-12-04;10;3082.719
17;2025-12-04;11;3031.93
17;2025-12-04;12;3128.239
17;2025-12-04;13;3166.578
17;2025-12-04;14;3233.949
17;2025-12-04;15;3368.504
17;2025-12-04;16;3826.322
17;2025-12-04;17;4635.931
17;2025-12-04;18;4963.81
17;2025-12-04;19;3476.583
17;2025-12-04;20;2400.099
17;2025-12-04;21;1501.142
17;2025-12-04;22;777.314
17;2025-12-04;23;386.338
17;2025-12-05;0;148.134
17;2025-12-05;1;15.571
17;2025-12-05;2;0.001
17;2025-12-05;3;0.001
17;2025-12-05;4;26.409
17;2025-12-05;5;318.077
17;2025-12-05;6;1561.503
17;2025-12-05;7;4164.859
17;2025-12-05;8;5437.775
17;2025-12-05;9;3864.239
17;2025-12-05;10;3095.881
17;2025-12-05;11;3119.25
17;2025-12-05;12;3172.306
17;2025-12-05;13;3253.503
17;2025-12-05;14;3347.888
17;2025-12-05;15;3711.097
17;2025-12-05;16;4339.514
17;2025-12-05;17;4794.486
17;2025-12-05;18;4535.627
17;2025-12-05;19;3273.664
17;2025-12-05;20;2367.718
17;2025-12-05;21;1572.306
17;2025-12-05;22;841.501
17;2025-12-05;23;455.508
17;2025-12-06;0;202.599
17;2025-12-06;1;24.652
17;2025-12-06;2;0.002
17;2025-12-06;3;0.001
17;2025-12-06;4;5.737
17;2025-12-06;5;126.11
17;2025-12-06;6;567.999
17;2025-12-06;7;1195.537
17;2025-12-06;8;1760.536
17;2025-12-06;9;2287.127
17;2025-12-06;10;2532.274
17;2025-12-06;11;3082.263
17;2025-12-06;12;3467.049
17;2025-12-06;13;3674.297
17;2025-12-06;14;3737.127
17;2025-12-06;15;3733.104
17;2025-12-06;16;3759.013
17;2025-12-06;17;3510.022
17;2025-12-06;18;3122.85
17;2025-12-06;19;2464.344
17;2025-12-06;20;1890.247
17;2025-12-06;21;1375.507
17;2025-12-06;22;854.733
17;2025-12-06;23;459.201
17;2025-12-07;0;189.297
17;2025-12-07;1;26.857
17;2025-12-07;2;0.003
17;2025-12-07;3;0.001
17;2025-12-07;4;3.89
17;2025-12-07;5;103.415
17;2025-12-07;6;421.797
17;2025-12-07;7;785.049
17;2025-12-07;8;1240.384
17;2025-12-07;9;1726.921
17;2025-12-07;10;2050.487
17;2025-12-07;11;2608.974
17;2025-12-07;12;3019.163
17;2025-12-07;13;3282.266
17;2025-12-07;14;3369.673
17;2025-12-07;15;3304.502
17;2025-12-07;16;3311.522
17;2025-12-07;17;3120.2
17;2025-12-07;18;2616.175
17;2025-12-07;19;2103.469
17;2025-12-07;20;1600.062
17;2025-12-07;21;1127.073
17;2025-12-07;22;666.15
17;2025-12-07;23;321.999
17;2025-12-08;0;105.58
17;2025-12-08;1;12.467
17;2025-12-08;2;0.002
17;2025-12-08;3;0.001
17;2025-12-08;4;26.195
17;2025-12-08;5;304.691
17;2025-12-08;6;1491.001
17;2025-12-08;7;4009.677
17;2025-12-08;8;5328.102
17;2025-12-08;9;3740.09
17;2025-12-08;10;2879.651
17;2025-12-08;11;2839.694
17;2025-12-08;12;2875.758
17;2025-12-08;13;2924.217
17;2025-12-08;14;2960.37
17;2025-12-08;15;3180.801
17;2025-12-08;16;3603.055
17;2025-12-08;17;4429.163
17;2025-12-08;18;4894.439
17;2025-12-08;19;3366.068
17;2025-12-08;20;2236.463
17;2025-12-08;21;1335.161
17;2025-12-08;22;675.272
17;2025-12-08;23;312.412
17;2025-12-09;0;110.595
17;2025-12-09;1;9.774
17;2025-12-09;2;0.001
17;2025-12-09;3;0.001
17;2025-12-09;4;27.145
17;2025-12-09;5;311.68
17;2025-12-09;6;1562.035
17;2025-12-09;7;4192.244
17;2025-12-09;8;5545.415
17;2025-12-09;9;3936.269
17;2025-12-09;10;3053.342
17;2025-12-09;11;2973.81
17;2025-12-09;12;3039.488
17;2025-12-09;13;3068.266
17;2025-12-09;14;3208.974
17;2025-12-09;15;3287.891
17;2025-12-09;16;3684.496
17;2025-12-09;17;4610.763
17;2025-12-09;18;5004.819
17;2025-12-09;19;3511.321
17;2025-12-09;20;2374.256
17;2025-12-09;21;1430.054
17;2025-12-09;22;715.977
17;2025-12-09;23;343.463
17;2025-12-10;0;125.389
17;2025-12-10;1;10.082
17;2025-12-10;2;0.002
17;2025-12-10;3;0.001
17;2025-12-10;4;27.11
17;2025-12-10;5;323.591
17;2025-12-10;6;1552.444
17;2025-12-10;7;4141.371
17;2025-12-10;8;5470.017
17;2025-12-10;9;3889.191
17;2025-12-10;10;3085.139
17;2025-12-10;11;3034.436
17;2025-12-10;12;3085.02
17;2025-12-10;13;3143.094
17;2025-12-10;14;3235.492
17;2025-12-10;15;3383.913
17;2025-12-10;16;3767.594
17;2025-12-10;17;4609.998
17;2025-12-10;18;4998.856
17;2025-12-10;19;3489.933
17;2025-12-10;20;2370.442
17;2025-12-10;21;1482.676
17;2025-12-10;22;761.659
17;2025-12-10;23;377.493
17;2025-12-11;0;139.325
17;2025-12-11;1;10.69
17;2025-12-11;2;0.002
17;2025-12-11;3;0.001
17;2025-12-11;4;25.97
17;2025-12-11;5;321.948
17;2025-12-11;6;1553.226
17;2025-12-11;7;4100.993
17;2025-12-11;8;5461.64
17;2025-12-11;9;3891.425
17;2025-12-11;10;3080.514
17;2025-12-11;11;3028.388
17;2025-12-11;12;3123.281
17;2025-12-11;13;3164.897
17;2025-12-11;14;3232.477
17;2025-12-11;15;3369.209
17;2025-12-11;16;3835.337
17;2025-12-11;17;4635.872
17;2025-12-11;18;4974.074
17;2025-12-11;19;3481.208
17;2025-12-11;20;2403.098
17;2025-12-11;21;1502.334
17;2025-12-11;22;779.873
17;2025-12-11;23;387.262
17;2025-12-12;0;148.811
17;2025-12-12;1;15.39
17;2025-12-12;2;0.002
17;2025-12-12;3;0.001
17;2025-12-12;4;26.313
17;2025-12-12;5;317.416
17;2025-12-12;6;1558.843
17;2025-12-12;7;4163.511
17;2025-12-12;8;5426.383
17;2025-12-12;9;3860.075
17;2025-12-12;10;3090.932
17;2025-12-12;11;3118.409
17;2025-12-12;12;3169.198
17;2025-12-12;13;3255.296
17;2025-12-12;14;3346.462
17;2025-12-12;15;3709.113
17;2025-12-12;16;4334.571
17;2025-12-12;17;4793.84
17;2025-12-12;18;4535.03
17;2025-12-12;19;3275.302
17;2025-12-12;20;2368.035
17;2025-12-12;21;1568.419
17;2025-12-12;22;840.571
17;2025-12-12;23;453.554
17;2025-12-13;0;201.864
17;2025-12-13;1;24.494
17;2025-12-13;2;0.002
17;2025-12-13;3;0.001
17;2025-12-13;4;5.656
17;2025-12-13;5;124.831
17;2025-12-13;6;555.17
17;2025-12-13;7;1172.606
17;2025-12-13;8;1730.345
17;2025-12-13;9;2275.208
17;2025-12-13;10;2521.305
17;2025-12-13;11;3076.61
17;2025-12-13;12;3461.968
17;2025-12-13;13;3683.646
17;2025-12-13;14;3737.932
17;2025-12-13;15;3728.082
17;2025-12-13;16;3751.548
17;2025-12-13;17;3498.766
17;2025-12-13;18;3093.055
17;2025-12-13;19;2449.378
17;2025-12-13;20;1883.61
17;2025-12-13;21;1371.813
17;2025-12-13;22;848.697
17;2025-12-13;23;454.653
17;2025-12-14;0;188.407
17;2025-12-14;1;26.511
17;2025-12-14;2;0.003
17;2025-12-14;3;0.001
17;2025-12-14;4;3.932
17;2025-12-14;5;103.762
17;2025-12-14;6;421.796
17;2025-12-14;7;791.705
17;2025-12-14;8;1240.467
17;2025-12-14;9;1734.073
17;2025-12-14;10;2048.189
17;2025-12-14;11;2598.241
17;2025-12-14;12;3016.974
17;2025-12-14;13;3277.065
17;2025-12-14;14;3356.998
17;2025-12-14;15;3301.196
17;2025-12-14;16;3299.247
17;2025-12-14;17;3114.925
17;2025-12-14;18;2620.815
17;2025-12-14;19;2109.456
17;2025-12-14;20;1602.913
17;2025-12-14;21;1124.875
17;2025-12-14;22;664.998
17;2025-12-14;23;321.186
17;2025-12-15;0;105.679
17;2025-12-15;1;12.366
17;2025-12-15;2;0.001
17;2025-12-15;3;0.001
17;2025-12-15;4;26.251
17;2025-12-15;5;305.441
17;2025-12-15;6;1492.407
17;2025-12-15;7;4007.461
17;2025-12-15;8;5331.207
17;2025-12-15;9;3744.243
17;2025-12-15;10;2887.756
17;2025-12-15;11;2840.354
17;2025-12-15;12;2880.406
17;2025-12-15;13;2931.686
17;2025-12-15;14;2962.408
17;2025-12-15;15;3181.075
17;2025-12-15;16;3599.142
17;2025-12-15;17;4426.782
17;2025-12-15;18;4901.661
17;2025-12-15;19;3371.084
17;2025-12-15;20;2239.193
17;2025-12-15;21;1333.467
17;2025-12-15;22;674.722
17;2025-12-15;23;312.904
17;2025-12-16;0;110.966
17;2025-12-16;1;9.657
17;2025-12-16;2;0.001
17;2025-12-16;3;0.001
17;2025-12-16;4;27.107
17;2025-12-16;5;310.93
17;2025-12-16;6;1559.257
17;2025-12-16;7;4180.186
17;2025-12-16;8;5534.749
17;2025-12-16;9;3934.272
17;2025-12-16;10;3054.896
17;2025-12-16;11;2971.698
17;2025-12-16;12;3037.539
17;2025-12-16;13;3071.11
17;2025-12-16;14;3210.929
17;2025-12-16;15;3286.709
17;2025-12-16;16;3680.809
17;2025-12-16;17;4600.7
17;2025-12-16;18;5003.342
17;2025-12-16;19;3509.183
17;2025-12-16;20;2370.704
17;2025-12-16;21;1427.805
17;2025-12-16;22;715.556
17;2025-12-16;23;343.972
17;2025-12-17;0;125.561
17;2025-12-17;1;9.94
17;2025-12-17;2;0.002
17;2025-12-17;3;0.001
17;2025-12-17;4;27.079
17;2025-12-17;5;323.218
17;2025-12-17;6;1550.991
17;2025-12-17;7;4128.474
17;2025-12-17;8;5460.731
17;2025-12-17;9;3887.472
17;2025-12-17;10;3085.537
17;2025-12-17;11;3035.206
17;2025-12-17;12;3082.754
17;2025-12-17;13;3140.859
17;2025-12-17;14;3234.726
17;2025-12-17;15;3380.777
17;2025-12-17;16;3766.537
17;2025-12-17;17;4601.265
17;2025-12-17;18;4991.874
17;2025-12-17;19;3483.934
17;2025-12-17;20;2365.984
17;2025-12-17;21;1480.817
17;2025-12-17;22;760.694
17;2025-12-17;23;376.262
17;2025-12-18;0;138.675
17;2025-12-18;1;10.609
17;2025-12-18;2;0.001
17;2025-12-18;3;0.001
17;2025-12-18;4;25.989
17;2025-12-18;5;322.33
17;2025-12-18;6;1553.793
17;2025-12-18;7;4093.596
17;2025-12-18;8;5459.823
17;2025-12-18;9;3891.785
17;2025-12-18;10;3087.09
17;2025-12-18;11;3029.851
17;2025-12-18;12;3126.207
17;2025-12-18;13;3162.256
17;2025-12-18;14;3228.715
17;2025-12-18;15;3365.143
17;2025-12-18;16;3834.107
17;2025-12-18;17;4632.641
17;2025-12-18;18;4969.366
17;2025-12-18;19;3479.724
17;2025-12-18;20;2407.899
17;2025-12-18;21;1503.321
17;2025-12-18;22;780.271
17;2025-12-18;23;386.365
17;2025-12-19;0;149.038
17;2025-12-19;1;15.573
17;2025-12-19;2;0.002
17;2025-12-19;3;0.001
17;2025-12-19;4;26.196
17;2025-12-19;5;317.296
17;2025-12-19;6;1557.48
17;2025-12-19;7;4148.27
17;2025-12-19;8;5425.721
17;2025-12-19;9;3858.414
17;2025-12-19;10;3097.273
17;2025-12-19;11;3121.762
17;2025-12-19;12;3174.012
17;2025-12-19;13;3261.878
17;2025-12-19;14;3350.689
17;2025-12-19;15;3709.125
17;2025-12-19;16;4341.164
17;2025-12-19;17;4788.321
17;2025-12-19;18;4526.97
17;2025-12-19;19;3279.538
17;2025-12-19;20;2367.483
17;2025-12-19;21;1567.17
17;2025-12-19;22;834.79
17;2025-12-19;23;455.448
17;2025-12-20;0;203.4
17;2025-12-20;1;24.739
17;2025-12-20;2;0.002
17;2025-12-20;3;0.001
17;2025-12-20;4;5.866
17;2025-12-20;5;127.144
17;2025-12-20;6;563.129
17;2025-12-20;7;1199.477
17;2025-12-20;8;1763.853
17;2025-12-20;9;2273.283
17;2025-12-20;10;2525.92
17;2025-12-20;11;3081.082
17;2025-12-20;12;3459.486
17;2025-12-20;13;3672.306
17;2025-12-20;14;3720.975
17;2025-12-20;15;3731.081
17;2025-12-20;16;3758.017
17;2025-12-20;17;3506.478
17;2025-12-20;18;3083.531
17;2025-12-20;19;2458.327
17;2025-12-20;20;1888.039
17;2025-12-20;21;1369.289
17;2025-12-20;22;848.936
17;2025-12-20;23;458.334
17;2025-12-21;0;188.161
17;2025-12-21;1;26.622
17;2025-12-21;2;0.001
17;2025-12-21;3;0.001
17;2025-12-21;4;4.0
17;2025-12-21;5;104.155
17;2025-12-21;6;417.783
17;2025-12-21;7;783.741
17;2025-12-21;8;1241.445
17;2025-12-21;9;1715.869
17;2025-12-21;10;2014.298
17;2025-12-21;11;2570.167
17;2025-12-21;12;2994.722
17;2025-12-21;13;3259.364
17;2025-12-21;14;3343.766
17;2025-12-21;15;3287.197
17;2025-12-21;16;3285.376
17;2025-12-21;17;3092.632
17;2025-12-21;18;2577.727
17;2025-12-21;19;2075.979
17;2025-12-21;20;1581.326
17;2025-12-21;21;1117.339
17;2025-12-21;22;660.702
17;2025-12-21;23;319.634
17;2025-12-22;0;105.615
17;2025-12-22;1;12.456
17;2025-12-22;2;0.002
17;2025-12-22;3;0.001
17;2025-12-22;4;26.065
17;2025-12-22;5;306.365
17;2025-12-22;6;1493.165
17;2025-12-22;7;4005.925
17;2025-12-22;8;5323.984
17;2025-12-22;9;3741.665
17;2025-12-22;10;2892.314
17;2025-12-22;11;2854.42
17;2025-12-22;12;2888.433
17;2025-12-22;13;2934.359
17;2025-12-22;14;2972.306
17;2025-12-22;15;3187.74
17;2025-12-22;16;3612.258
17;2025-12-22;17;4442.188
17;2025-12-22;18;4918.049
17;2025-12-22;19;3382.816
17;2025-12-22;20;2244.205
17;2025-12-22;21;1339.353
17;2025-12-22;22;673.548
17;2025-12-22;23;311.899
17;2025-12-23;0;109.811
17;2025-12-23;1;9.653
17;2025-12-23;2;0.003
17;2025-12-23;3;0.002
17;2025-12-23;4;26.981
17;2025-12-23;5;311.595
17;2025-12-23;6;1560.517
17;2025-12-23;7;4176.724
17;2025-12-23;8;5529.343
17;2025-12-23;9;3931.707
17;2025-12-23;10;3059.551
17;2025-12-23;11;2979.289
17;2025-12-23;12;3041.05
17;2025-12-23;13;3066.351
17;2025-12-23;14;3206.333
17;2025-12-23;15;3287.766
17;2025-12-23;16;3687.771
17;2025-12-23;17;4606.24
17;2025-12-23;18;5012.192
17;2025-12-23;19;3509.115
17;2025-12-23;20;2368.769
17;2025-12-23;21;1431.471
17;2025-12-23;22;714.31
17;2025-12-23;23;344.787
17;2025-12-24;0;125.42
17;2025-12-24;1;10.002
17;2025-12-24;2;0.002
17;2025-12-24;3;0.002
17;2025-12-24;4;26.867
17;2025-12-24;5;323.279
17;2025-12-24;6;1550.596
17;2025-12-24;7;4126.064
17;2025-12-24;8;5452.138
17;2025-12-24;9;3883.638
17;2025-12-24;10;3084.265
17;2025-12-24;11;3041.43
17;2025-12-24;12;3088.952
17;2025-12-24;13;3144.853
17;2025-12-24;14;3232.255
17;2025-12-24;15;3387.212
17;2025-12-24;16;3775.06
17;2025-12-24;17;4611.025
17;2025-12-24;18;4993.772
17;2025-12-24;19;3486.884
17;2025-12-24;20;2367.185
17;2025-12-24;21;1482.548
17;2025-12-24;22;762.229
17;2025-12-24;23;378.908
17;2025-12-25;0;138.961
17;2025-12-25;1;10.707
17;2025-12-25;2;0.002
17;2025-12-25;3;0.001
17;2025-12-25;4;25.697
17;2025-12-25;5;320.834
17;2025-12-25;6;1551.654
17;2025-12-25;7;4082.967
17;2025-12-25;8;5447.326
17;2025-12-25;9;3886.564
17;2025-12-25;10;3077.907
17;2025-12-25;11;3030.482
17;2025-12-25;12;3122.517
17;2025-12-25;13;3165.995
17;2025-12-25;14;3226.295
17;2025-12-25;15;3364.4
17;2025-12-25;16;3831.275
17;2025-12-25;17;4624.111
17;2025-12-25;18;4957.542
17;2025-12-25;19;3472.059
17;2025-12-25;20;2395.622
17;2025-12-25;21;1498.294
17;2025-12-25;22;776.555
17;2025-12-25;23;386.547
17;2025-12-26;0;148.735
17;2025-12-26;1;15.625
17;2025-12-26;2;0.002
17;2025-12-26;3;0.001
17;2025-12-26;4;25.97
17;2025-12-26;5;316.666
17;2025-12-26;6;1558.409
17;2025-12-26;7;4148.284
17;2025-12-26;8;5412.265
17;2025-12-26;9;3845.663
17;2025-12-26;10;3087.612
17;2025-12-26;11;3114.705
17;2025-12-26;12;3168.304
17;2025-12-26;13;3255.567
17;2025-12-26;14;3345.773
17;2025-12-26;15;3692.927
17;2025-12-26;16;4316.2
17;2025-12-26;17;4779.123
17;2025-12-26;18;4521.046
17;2025-12-26;19;3273.418
17;2025-12-26;20;2362.939
17;2025-12-26;21;1563.973
17;2025-12-26;22;835.638
17;2025-12-26;23;453.366
17;2025-12-27;0;184.727
17;2025-12-27;1;22.383
17;2025-12-27;2;0.002
17;2025-12-27;3;0.001
17;2025-12-27;4;5.285
17;2025-12-27;5;117.54
17;2025-12-27;6;521.251
17;2025-12-27;7;1116.713
17;2025-12-27;8;1632.2
17;2025-12-27;9;2109.91
17;2025-12-27;10;2312.988
17;2025-12-27;11;2813.801
17;2025-12-27;12;3150.3
17;2025-12-27;13;3347.42
17;2025-12-27;14;3385.696
17;2025-12-27;15;3393.272
17;2025-12-27;16;3415.01
17;2025-12-27;17;3212.309
17;2025-12-27;18;2835.366
17;2025-12-27;19;2252.244
17;2025-12-27;20;1724.605
17;2025-12-27;21;1246.602
17;2025-12-27;22;771.883
17;2025-12-27;23;414.893
17;2025-12-28;0;172.807
17;2025-12-28;1;24.4
17;2025-12-28;2;0.002
17;2025-12-28;3;0.001
17;2025-12-28;4;3.588
17;2025-12-28;5;95.109
17;2025-12-28;6;388.814
17;2025-12-28;7;722.74
17;2025-12-28;8;1135.218
17;2025-12-28;9;1584.55
17;2025-12-28;10;1875.289
17;2025-12-28;11;2382.61
17;2025-12-28;12;2771.401
17;2025-12-28;13;3008.979
17;2025-12-28;14;3076.561
17;2025-12-28;15;3036.25
17;2025-12-28;16;3024.665
17;2025-12-28;17;2857.187
17;2025-12-28;18;2396.393
17;2025-12-28;19;1925.503
17;2025-12-28;20;1458.117
17;2025-12-28;21;1030.798
17;2025-12-28;22;610.464
17;2025-12-28;23;295.541
17;2025-12-29;0;97.912
17;2025-12-29;1;11.389
17;2025-12-29;2;0.002
17;2025-12-29;3;0.001
17;2025-12-29;4;23.932
17;2025-12-29;5;283.082
17;2025-12-29;6;1383.731
17;2025-12-29;7;3706.762
17;2025-12-29;8;4925.669
17;2025-12-29;9;3452.856
17;2025-12-29;10;2674.1
17;2025-12-29;11;2639.747
17;2025-12-29;12;2679.977
17;2025-12-29;13;2723.583
17;2025-12-29;14;2751.901
17;2025-12-29;15;2954.911
17;2025-12-29;16;3343.274
17;2025-12-29;17;4111.126
17;2025-12-29;18;4542.631
17;2025-12-29;19;3120.969
17;2025-12-29;20;2074.591
17;2025-12-29;21;1240.558
17;2025-12-29;22;625.679
17;2025-12-29;23;290.039
17;2025-12-30;0;102.134
17;2025-12-30;1;8.889
17;2025-12-30;2;0.002
17;2025-12-30;3;0.002
17;2025-12-30;4;24.747
17;2025-12-30;5;288.323
17;2025-12-30;6;1447.318
17;2025-12-30;7;3869.808
17;2025-12-30;8;5120.717
17;2025-12-30;9;3633.982
17;2025-12-30;10;2830.949
17;2025-12-30;11;2757.316
17;2025-12-30;12;2814.887
17;2025-12-30;13;2841.062
17;2025-12-30;14;2971.107
17;2025-12-30;15;3044.633
17;2025-12-30;16;3416.162
17;2025-12-30;17;4267.685
17;2025-12-30;18;4631.209
17;2025-12-30;19;3249.262
17;2025-12-30;20;2195.75
17;2025-12-30;21;1327.693
17;2025-12-30;22;662.57
17;2025-12-30;23;319.691
17;2025-12-31;0;171.239
17;2025-12-31;1;22.684
17;2025-12-31;2;0.001
17;2025-12-31;3;0.002
17;2025-12-31;4;3.692
17;2025-12-31;5;107.505
17;2025-12-31;6;505.599
17;2025-12-31;7;947.874
17;2025-12-31;8;1409.516
17;2025-12-31;9;1681.18
17;2025-12-31;10;2027.973
17;2025-12-31;11;2427.355
17;2025-12-31;12;2806.938
17;2025-12-31;13;3034.521
17;2025-12-31;14;3124.75
17;2025-12-31;15;3096.046
17;2025-12-31;16;3132.728
17;2025-12-31;17;2959.219
17;2025-12-31;18;2563.237
17;2025-12-31;19;2115.276
17;2025-12-31;20;1616.683
17;2025-12-31;21;1145.01
17;2025-12-31;22;643.651
17;2025-12-31;23;311.578
25;2025-11-01;0;0.269
25;2025-11-01;1;0.001
25;2025-11-01;2;0.0
25;2025-11-01;3;0.0
25;2025-11-01;4;0.0
25;2025-11-01;5;8.586
25;2025-11-01;6;173.291
25;2025-11-01;7;448.501
25;2025-11-01;8;727.274
25;2025-11-01;9;418.954
25;2025-11-01;10;369.611
25;2025-11-01;11;449.028
25;2025-11-01;12;460.7
25;2025-11-01;13;592.55
25;2025-11-01;14;576.824
25;2025-11-01;15;700.986
25;2025-11-01;16;795.462
25;2025-11-01;17;761.622
25;2025-11-01;18;666.533
25;2025-11-01;19;525.164
25;2025-11-01;20;325.266
25;2025-11-01;21;232.352
25;2025-11-01;22;144.1
25;2025-11-01;23;25.295
25;2025-11-02;0;17.666
25;2025-11-02;1;0.007
25;2025-11-02;2;0.0
25;2025-11-02;3;0.0
25;2025-11-02;4;0.0
25;2025-11-02;5;6.398
25;2025-11-02;6;65.934
25;2025-11-02;7;93.189
25;2025-11-02;8;187.326
25;2025-11-02;9;211.204
25;2025-11-02;10;220.943
25;2025-11-02;11;298.672
25;2025-11-02;12;362.747
25;2025-11-02;13;466.906
25;2025-11-02;14;505.171
25;2025-11-02;15;616.991
25;2025-11-02;16;521.68
25;2025-11-02;17;477.71
25;2025-11-02;18;416.578
25;2025-11-02;19;352.997
25;2025-11-02;20;229.432
25;2025-11-02;21;187.077
25;2025-11-02;22;110.624
25;2025-11-02;23;42.203
25;2025-11-03;0;16.141
25;2025-11-03;1;0.004
25;2025-11-03;2;0.0
25;2025-11-03;3;0.0
25;2025-11-03;4;0.0
25;2025-11-03;5;7.904
25;2025-11-03;6;94.437
25;2025-11-03;7;126.56
25;2025-11-03;8;222.451
25;2025-11-03;9;221.322
25;2025-11-03;10;222.716
25;2025-11-03;11;295.351
25;2025-11-03;12;342.173
25;2025-11-03;13;446.111
25;2025-11-03;14;472.208
25;2025-11-03;15;568.536
25;2025-11-03;16;518.447
25;2025-11-03;17;484.013
25;2025-11-03;18;436.843
25;2025-11-03;19;388.203
25;2025-11-03;20;240.733
25;2025-11-03;21;187.659
25;2025-11-03;22;105.742
25;2025-11-03;23;36.165
25;2025-11-04;0;13.416
25;2025-11-04;1;0.0
25;2025-11-04;2;0.0
25;2025-11-04;3;0.0
25;2025-11-04;4;0.0
25;2025-11-04;5;7.997
25;2025-11-04;6;92.267
25;2025-11-04;7;125.573
25;2025-11-04;8;212.427
25;2025-11-04;9;218.46
25;2025-11-04;10;224.106
25;2025-11-04;11;294.895
25;2025-11-04;12;336.208
25;2025-11-04;13;433.996
25;2025-11-04;14;471.172
25;2025-11-04;15;568.653
25;2025-11-04;16;510.479
25;2025-11-04;17;470.716
25;2025-11-04;18;430.828
25;2025-11-04;19;391.859
25;2025-11-04;20;242.246
25;2025-11-04;21;186.473
25;2025-11-04;22;105.716
25;2025-11-04;23;35.39
25;2025-11-05;0;0.054
25;2025-11-05;1;0.0
25;2025-11-05;2;0.0
25;2025-11-05;3;0.0
25;2025-11-05;4;0.0
25;2025-11-05;5;10.452
25;2025-11-05;6;204.626
25;2025-11-05;7;573.321
25;2025-11-05;8;952.806
25;2025-11-05;9;496.99
25;2025-11-05;10;382.878
25;2025-11-05;11;447.017
25;2025-11-05;12;450.461
25;2025-11-05;13;572.927
25;2025-11-05;14;478.808
25;2025-11-05;15;576.564
25;2025-11-05;16;711.381
25;2025-11-05;17;819.64
25;2025-11-05;18;868.329
25;2025-11-05;19;570.326
25;2025-11-05;20;354.212
25;2025-11-05;21;225.734
25;2025-11-05;22;114.915
25;2025-11-05;23;6.263
25;2025-11-06;0;0.192
25;2025-11-06;1;0.0
25;2025-11-06;2;0.0
25;2025-11-06;3;0.0
25;2025-11-06;4;0.0
25;2025-11-06;5;11.221
25;2025-11-06;6;200.151
25;2025-11-06;7;563.021
25;2025-11-06;8;961.665
25;2025-11-06;9;483.595
25;2025-11-06;10;397.969
25;2025-11-06;11;427.008
25;2025-11-06;12;425.889
25;2025-11-06;13;543.755
25;2025-11-06;14;508.37
25;2025-11-06;15;579.271
25;2025-11-06;16;710.785
25;2025-11-06;17;787.093
25;2025-11-06;18;814.496
25;2025-11-06;19;557.711
25;2025-11-06;20;320.698
25;2025-11-06;21;213.905
25;2025-11-06;22;119.116
25;2025-11-06;23;6.113
25;2025-11-07;0;0.041
25;2025-11-07;1;0.0
25;2025-11-07;2;0.0
25;2025-11-07;3;0.0
25;2025-11-07;4;0.0
25;2025-11-07;5;8.146
25;2025-11-07;6;199.838
25;2025-11-07;7;555.983
25;2025-11-07;8;884.493
25;2025-11-07;9;459.823
25;2025-11-07;10;376.84
25;2025-11-07;11;440.545
25;2025-11-07;12;438.25
25;2025-11-07;13;547.174
25;2025-11-07;14;509.898
25;2025-11-07;15;626.322
25;2025-11-07;16;773.891
25;2025-11-07;17;787.555
25;2025-11-07;18;700.511
25;2025-11-07;19;503.877
25;2025-11-07;20;316.474
25;2025-11-07;21;216.924
25;2025-11-07;22;128.874
25;2025-11-07;23;8.364
25;2025-11-08;0;0.148
25;2025-11-08;1;0.001
25;2025-11-08;2;0.0
25;2025-11-08;3;0.0
25;2025-11-08;4;0.0
25;2025-11-08;5;6.152
25;2025-11-08;6;86.196
25;2025-11-08;7;151.909
25;2025-11-08;8;339.442
25;2025-11-08;9;320.185
25;2025-11-08;10;316.918
25;2025-11-08;11;430.016
25;2025-11-08;12;444.188
25;2025-11-08;13;610.272
25;2025-11-08;14;615.282
25;2025-11-08;15;726.37
25;2025-11-08;16;658.962
25;2025-11-08;17;578.675
25;2025-11-08;18;532.93
25;2025-11-08;19;463.112
25;2025-11-08;20;283.585
25;2025-11-08;21;228.593
25;2025-11-08;22;138.871
25;2025-11-08;23;54.677
25;2025-11-09;0;17.302
25;2025-11-09;1;0.006
25;2025-11-09;2;0.0
25;2025-11-09;3;0.0
25;2025-11-09;4;0.0
25;2025-11-09;5;5.904
25;2025-11-09;6;67.973
25;2025-11-09;7;103.067
25;2025-11-09;8;208.393
25;2025-11-09;9;230.531
25;2025-11-09;10;236.304
25;2025-11-09;11;323.482
25;2025-11-09;12;382.512
25;2025-11-09;13;488.396
25;2025-11-09;14;509.915
25;2025-11-09;15;625.572
25;2025-11-09;16;548.734
25;2025-11-09;17;507.042
25;2025-11-09;18;449.043
25;2025-11-09;19;359.006
25;2025-11-09;20;234.847
25;2025-11-09;21;189.725
25;2025-11-09;22;110.981
25;2025-11-09;23;40.428
25;2025-11-10;0;9.095
25;2025-11-10;1;0.005
25;2025-11-10;2;0.0
25;2025-11-10;3;0.0
25;2025-11-10;4;0.0
25;2025-11-10;5;8.833
25;2025-11-10;6;200.346
25;2025-11-10;7;557.564
25;2025-11-10;8;963.705
25;2025-11-10;9;491.521
25;2025-11-10;10;346.642
25;2025-11-10;11;397.177
25;2025-11-10;12;395.508
25;2025-11-10;13;533.036
25;2025-11-10;14;437.364
25;2025-11-10;15;526.596
25;2025-11-10;16;698.832
25;2025-11-10;17;744.678
25;2025-11-10;18;834.422
25;2025-11-10;19;531.16
25;2025-11-10;20;306.564
25;2025-11-10;21;202.177
25;2025-11-10;22;97.353
25;2025-11-10;23;6.111
25;2025-11-11;0;0.15
25;2025-11-11;1;0.0
25;2025-11-11;2;0.0
25;2025-11-11;3;0.0
25;2025-11-11;4;0.0
25;2025-11-11;5;9.058
25;2025-11-11;6;195.912
25;2025-11-11;7;561.364
25;2025-11-11;8;918.55
25;2025-11-11;9;490.817
25;2025-11-11;10;373.979
25;2025-11-11;11;438.822
25;2025-11-11;12;401.177
25;2025-11-11;13;488.421
25;2025-11-11;14;446.054
25;2025-11-11;15;547.045
25;2025-11-11;16;688.896
25;2025-11-11;17;737.263
25;2025-11-11;18;781.014
25;2025-11-11;19;542.32
25;2025-11-11;20;323.806
25;2025-11-11;21;203.968
25;2025-11-11;22;106.177
25;2025-11-11;23;6.351
25;2025-11-12;0;0.057
25;2025-11-12;1;0.0
25;2025-11-12;2;0.0
25;2025-11-12;3;0.0
25;2025-11-12;4;0.0
25;2025-11-12;5;10.18
25;2025-11-12;6;204.009
25;2025-11-12;7;573.906
25;2025-11-12;8;948.603
25;2025-11-12;9;494.305
25;2025-11-12;10;382.24
25;2025-11-12;11;444.354
25;2025-11-12;12;446.46
25;2025-11-12;13;566.556
25;2025-11-12;14;477.514
25;2025-11-12;15;571.978
25;2025-11-12;16;712.406
25;2025-11-12;17;819.839
25;2025-11-12;18;868.468
25;2025-11-12;19;570.206
25;2025-11-12;20;353.035
25;2025-11-12;21;225.347
25;2025-11-12;22;114.417
25;2025-11-12;23;5.966
25;2025-11-13;0;0.206
25;2025-11-13;1;0.0
25;2025-11-13;2;0.0
25;2025-11-13;3;0.0
25;2025-11-13;4;0.0
25;2025-11-13;5;10.916
25;2025-11-13;6;197.477
25;2025-11-13;7;561.834
25;2025-11-13;8;952.62
25;2025-11-13;9;481.533
25;2025-11-13;10;395.91
25;2025-11-13;11;422.735
25;2025-11-13;12;423.587
25;2025-11-13;13;540.036
25;2025-11-13;14;504.835
25;2025-11-13;15;573.773
25;2025-11-13;16;710.056
25;2025-11-13;17;787.87
25;2025-11-13;18;814.473
25;2025-11-13;19;554.641
25;2025-11-13;20;319.558
25;2025-11-13;21;212.84
25;2025-11-13;22;118.469
25;2025-11-13;23;5.902
25;2025-11-14;0;0.088
25;2025-11-14;1;0.0
25;2025-11-14;2;0.0
25;2025-11-14;3;0.0
25;2025-11-14;4;0.0
25;2025-11-14;5;7.805
25;2025-11-14;6;197.42
25;2025-11-14;7;556.65
25;2025-11-14;8;880.38
25;2025-11-14;9;458.236
25;2025-11-14;10;375.641
25;2025-11-14;11;437.171
25;2025-11-14;12;437.232
25;2025-11-14;13;545.615
25;2025-11-14;14;509.464
25;2025-11-14;15;623.989
25;2025-11-14;16;776.753
25;2025-11-14;17;791.124
25;2025-11-14;18;699.524
25;2025-11-14;19;503.154
25;2025-11-14;20;315.445
25;2025-11-14;21;215.94
25;2025-11-14;22;128.266
25;2025-11-14;23;7.917
25;2025-11-15;0;0.107
25;2025-11-15;1;0.001
25;2025-11-15;2;0.0
25;2025-11-15;3;0.0
25;2025-11-15;4;0.0
25;2025-11-15;5;5.822
25;2025-11-15;6;83.62
25;2025-11-15;7;150.548
25;2025-11-15;8;336.8
25;2025-11-15;9;317.323
25;2025-11-15;10;312.535
25;2025-11-15;11;425.656
25;2025-11-15;12;442.576
25;2025-11-15;13;607.857
25;2025-11-15;14;614.942
25;2025-11-15;15;727.119
25;2025-11-15;16;656.219
25;2025-11-15;17;579.036
25;2025-11-15;18;532.613
25;2025-11-15;19;461.539
25;2025-11-15;20;281.031
25;2025-11-15;21;227.027
25;2025-11-15;22;138.124
25;2025-11-15;23;54.317
25;2025-11-16;0;17.317
25;2025-11-16;1;0.008
25;2025-11-16;2;0.0
25;2025-11-16;3;0.0
25;2025-11-16;4;0.0
25;2025-11-16;5;5.554
25;2025-11-16;6;67.543
25;2025-11-16;7;102.233
25;2025-11-16;8;206.664
25;2025-11-16;9;229.816
25;2025-11-16;10;231.871
25;2025-11-16;11;320.469
25;2025-11-16;12;379.601
25;2025-11-16;13;484.659
25;2025-11-16;14;508.813
25;2025-11-16;15;623.788
25;2025-11-16;16;548.225
25;2025-11-16;17;509.173
25;2025-11-16;18;450.337
25;2025-11-16;19;359.413
25;2025-11-16;20;232.211
25;2025-11-16;21;188.212
25;2025-11-16;22;110.128
25;2025-11-16;23;40.342
25;2025-11-17;0;9.047
25;2025-11-17;1;0.001
25;2025-11-17;2;0.0
25;2025-11-17;3;0.0
25;2025-11-17;4;0.0
25;2025-11-17;5;8.797
25;2025-11-17;6;200.327
25;2025-11-17;7;561.997
25;2025-11-17;8;972.305
25;2025-11-17;9;491.377
25;2025-11-17;10;342.431
25;2025-11-17;11;392.333
25;2025-11-17;12;390.801
25;2025-11-17;13;526.215
25;2025-11-17;14;431.157
25;2025-11-17;15;521.514
25;2025-11-17;16;696.912
25;2025-11-17;17;749.022
25;2025-11-17;18;838.742
25;2025-11-17;19;531.59
25;2025-11-17;20;306.034
25;2025-11-17;21;201.131
25;2025-11-17;22;96.529
25;2025-11-17;23;6.315
25;2025-11-18;0;0.084
25;2025-11-18;1;0.0
25;2025-11-18;2;0.0
25;2025-11-18;3;0.0
25;2025-11-18;4;0.0
25;2025-11-18;5;8.915
25;2025-11-18;6;197.682
25;2025-11-18;7;566.65
25;2025-11-18;8;927.905
25;2025-11-18;9;495.14
25;2025-11-18;10;372.159
25;2025-11-18;11;435.768
25;2025-11-18;12;397.842
25;2025-11-18;13;482.17
25;2025-11-18;14;441.938
25;2025-11-18;15;543.853
25;2025-11-18;16;689.91
25;2025-11-18;17;742.16
25;2025-11-18;18;785.702
25;2025-11-18;19;544.038
25;2025-11-18;20;323.978
25;2025-11-18;21;203.572
25;2025-11-18;22;105.682
25;2025-11-18;23;6.128
25;2025-11-19;0;0.046
25;2025-11-19;1;0.0
25;2025-11-19;2;0.0
25;2025-11-19;3;0.0
25;2025-11-19;4;0.0
25;2025-11-19;5;10.058
25;2025-11-19;6;204.415
25;2025-11-19;7;577.322
25;2025-11-19;8;958.449
25;2025-11-19;9;499.894
25;2025-11-19;10;380.733
25;2025-11-19;11;443.455
25;2025-11-19;12;443.968
25;2025-11-19;13;563.875
25;2025-11-19;14;474.061
25;2025-11-19;15;570.128
25;2025-11-19;16;714.563
25;2025-11-19;17;823.356
25;2025-11-19;18;872.369
25;2025-11-19;19;571.305
25;2025-11-19;20;353.005
25;2025-11-19;21;224.427
25;2025-11-19;22;114.339
25;2025-11-19;23;5.941
25;2025-11-20;0;0.212
25;2025-11-20;1;0.0
25;2025-11-20;2;0.0
25;2025-11-20;3;0.0
25;2025-11-20;4;0.0
25;2025-11-20;5;10.866
25;2025-11-20;6;197.919
25;2025-11-20;7;566.483
25;2025-11-20;8;965.067
25;2025-11-20;9;484.251
25;2025-11-20;10;394.114
25;2025-11-20;11;421.149
25;2025-11-20;12;419.72
25;2025-11-20;13;535.149
25;2025-11-20;14;499.741
25;2025-11-20;15;569.677
25;2025-11-20;16;708.737
25;2025-11-20;17;787.482
25;2025-11-20;18;814.367
25;2025-11-20;19;554.717
25;2025-11-20;20;318.418
25;2025-11-20;21;211.81
25;2025-11-20;22;117.979
25;2025-11-20;23;5.727
25;2025-11-21;0;0.056
25;2025-11-21;1;0.0
25;2025-11-21;2;0.0
25;2025-11-21;3;0.0
25;2025-11-21;4;0.0
25;2025-11-21;5;7.884
25;2025-11-21;6;197.328
25;2025-11-21;7;558.612
25;2025-11-21;8;883.109
25;2025-11-21;9;455.37
25;2025-11-21;10;371.97
25;2025-11-21;11;432.906
25;2025-11-21;12;431.854
25;2025-11-21;13;539.902
25;2025-11-21;14;502.923
25;2025-11-21;15;620.065
25;2025-11-21;16;774.689
25;2025-11-21;17;787.101
25;2025-11-21;18;694.672
25;2025-11-21;19;502.271
25;2025-11-21;20;313.747
25;2025-11-21;21;214.258
25;2025-11-21;22;127.635
25;2025-11-21;23;7.905
25;2025-11-22;0;0.086
25;2025-11-22;1;0.001
25;2025-11-22;2;0.0
25;2025-11-22;3;0.0
25;2025-11-22;4;0.0
25;2025-11-22;5;5.876
25;2025-11-22;6;85.508
25;2025-11-22;7;148.973
25;2025-11-22;8;329.612
25;2025-11-22;9;313.951
25;2025-11-22;10;311.317
25;2025-11-22;11;422.247
25;2025-11-22;12;439.137
25;2025-11-22;13;607.052
25;2025-11-22;14;610.959
25;2025-11-22;15;723.725
25;2025-11-22;16;654.62
25;2025-11-22;17;572.393
25;2025-11-22;18;523.884
25;2025-11-22;19;463.234
25;2025-11-22;20;280.233
25;2025-11-22;21;226.708
25;2025-11-22;22;138.724
25;2025-11-22;23;53.974
25;2025-11-23;0;17.056
25;2025-11-23;1;0.009
25;2025-11-23;2;0.0
25;2025-11-23;3;0.0
25;2025-11-23;4;0.0
25;2025-11-23;5;5.579
25;2025-11-23;6;66.914
25;2025-11-23;7;101.425
25;2025-11-23;8;206.523
25;2025-11-23;9;227.261
25;2025-11-23;10;229.988
25;2025-11-23;11;317.086
25;2025-11-23;12;376.675
25;2025-11-23;13;479.709
25;2025-11-23;14;503.501
25;2025-11-23;15;619.203
25;2025-11-23;16;541.271
25;2025-11-23;17;500.104
25;2025-11-23;18;439.568
25;2025-11-23;19;357.144
25;2025-11-23;20;231.738
25;2025-11-23;21;186.934
25;2025-11-23;22;110.366
25;2025-11-23;23;40.309
25;2025-11-24;0;9.191
25;2025-11-24;1;0.002
25;2025-11-24;2;0.0
25;2025-11-24;3;0.0
25;2025-11-24;4;0.0
25;2025-11-24;5;8.546
25;2025-11-24;6;199.305
25;2025-11-24;7;560.837
25;2025-11-24;8;965.648
25;2025-11-24;9;490.442
25;2025-11-24;10;341.133
25;2025-11-24;11;388.905
25;2025-11-24;12;389.619
25;2025-11-24;13;522.686
25;2025-11-24;14;429.984
25;2025-11-24;15;516.755
25;2025-11-24;16;697.037
25;2025-11-24;17;746.861
25;2025-11-24;18;835.118
25;2025-11-24;19;534.107
25;2025-11-24;20;305.465
25;2025-11-24;21;200.158
25;2025-11-24;22;96.757
25;2025-11-24;23;6.561
25;2025-11-25;0;0.109
25;2025-11-25;1;0.0
25;2025-11-25;2;0.0
25;2025-11-25;3;0.0
25;2025-11-25;4;0.0
25;2025-11-25;5;8.76
25;2025-11-25;6;196.202
25;2025-11-25;7;566.033
25;2025-11-25;8;925.687
25;2025-11-25;9;493.83
25;2025-11-25;10;371.09
25;2025-11-25;11;433.385
25;2025-11-25;12;397.592
25;2025-11-25;13;479.152
25;2025-11-25;14;440.077
25;2025-11-25;15;539.152
25;2025-11-25;16;689.069
25;2025-11-25;17;741.597
25;2025-11-25;18;783.926
25;2025-11-25;19;544.892
25;2025-11-25;20;323.999
25;2025-11-25;21;202.15
25;2025-11-25;22;105.95
25;2025-11-25;23;6.453
25;2025-11-26;0;0.058
25;2025-11-26;1;0.0
25;2025-11-26;2;0.0
25;2025-11-26;3;0.0
25;2025-11-26;4;0.0
25;2025-11-26;5;9.852
25;2025-11-26;6;203.79
25;2025-11-26;7;578.21
25;2025-11-26;8;958.774
25;2025-11-26;9;500.076
25;2025-11-26;10;380.346
25;2025-11-26;11;441.183
25;2025-11-26;12;443.771
25;2025-11-26;13;560.821
25;2025-11-26;14;472.482
25;2025-11-26;15;566.942
25;2025-11-26;16;713.377
25;2025-11-26;17;824.542
25;2025-11-26;18;872.932
25;2025-11-26;19;573.606
25;2025-11-26;20;352.67
25;2025-11-26;21;223.291
25;2025-11-26;22;114.368
25;2025-11-26;23;6.334
25;2025-11-27;0;0.188
25;2025-11-27;1;0.0
25;2025-11-27;2;0.0
25;2025-11-27;3;0.0
25;2025-11-27;4;0.0
25;2025-11-27;5;10.656
25;2025-11-27;6;197.466
25;2025-11-27;7;567.357
25;2025-11-27;8;965.201
25;2025-11-27;9;483.646
25;2025-11-27;10;392.777
25;2025-11-27;11;419.335
25;2025-11-27;12;419.263
25;2025-11-27;13;531.792
25;2025-11-27;14;499.248
25;2025-11-27;15;568.484
25;2025-11-27;16;708.213
25;2025-11-27;17;789.829
25;2025-11-27;18;816.423
25;2025-11-27;19;557.18
25;2025-11-27;20;318.398
25;2025-11-27;21;210.44
25;2025-11-27;22;118.209
25;2025-11-27;23;6.48
25;2025-11-28;0;0.064
25;2025-11-28;1;0.0
25;2025-11-28;2;0.0
25;2025-11-28;3;0.0
25;2025-11-28;4;0.0
25;2025-11-28;5;7.567
25;2025-11-28;6;196.473
25;2025-11-28;7;560.474
25;2025-11-28;8;888.628
25;2025-11-28;9;457.47
25;2025-11-28;10;371.598
25;2025-11-28;11;432.874
25;2025-11-28;12;432.58
25;2025-11-28;13;538.491
25;2025-11-28;14;503.083
25;2025-11-28;15;619.188
25;2025-11-28;16;777.937
25;2025-11-28;17;793.016
25;2025-11-28;18;696.168
25;2025-11-28;19;505.532
25;2025-11-28;20;314.556
25;2025-11-28;21;213.402
25;2025-11-28;22;128.061
25;2025-11-28;23;9.428
25;2025-11-29;0;0.173
25;2025-11-29;1;0.0
25;2025-11-29;2;0.0
25;2025-11-29;3;0.0
25;2025-11-29;4;0.0
25;2025-11-29;5;5.718
25;2025-11-29;6;83.247
25;2025-11-29;7;149.103
25;2025-11-29;8;331.069
25;2025-11-29;9;312.163
25;2025-11-29;10;308.566
25;2025-11-29;11;420.134
25;2025-11-29;12;439.164
25;2025-11-29;13;604.326
25;2025-11-29;14;610.305
25;2025-11-29;15;721.935
25;2025-11-29;16;648.225
25;2025-11-29;17;571.317
25;2025-11-29;18;522.208
25;2025-11-29;19;459.937
25;2025-11-29;20;279.194
25;2025-11-29;21;224.433
25;2025-11-29;22;138.854
25;2025-11-29;23;54.54
25;2025-11-30;0;17.206
25;2025-11-30;1;0.005
25;2025-11-30;2;0.0
25;2025-11-30;3;0.0
25;2025-11-30;4;0.0
25;2025-11-30;5;5.283
25;2025-11-30;6;66.412
25;2025-11-30;7;102.916
25;2025-11-30;8;207.462
25;2025-11-30;9;227.733
25;2025-11-30;10;228.565
25;2025-11-30;11;315.649
25;2025-11-30;12;376.7
25;2025-11-30;13;477.663
25;2025-11-30;14;503.827
25;2025-11-30;15;618.398
25;2025-11-30;16;540.151
25;2025-11-30;17;502.313
25;2025-11-30;18;439.348
25;2025-11-30;19;356.526
25;2025-11-30;20;230.216
25;2025-11-30;21;185.828
25;2025-11-30;22;110.434
25;2025-11-30;23;40.958
25;2025-12-01;0;9.415
25;2025-12-01;1;0.004
25;2025-12-01;2;0.0
25;2025-12-01;3;0.0
25;2025-12-01;4;0.0
25;2025-12-01;5;8.525
25;2025-12-01;6;198.631
25;2025-12-01;7;562.235
25;2025-12-01;8;967.406
25;2025-12-01;9;491.856
25;2025-12-01;10;340.328
25;2025-12-01;11;387.898
25;2025-12-01;12;388.57
25;2025-12-01;13;520.698
25;2025-12-01;14;428.145
25;2025-12-01;15;514.158
25;2025-12-01;16;694.462
25;2025-12-01;17;747.945
25;2025-12-01;18;837.689
25;2025-12-01;19;532.741
25;2025-12-01;20;304.79
25;2025-12-01;21;198.961
25;2025-12-01;22;97.101
25;2025-12-01;23;6.256
25;2025-12-02;0;0.178
25;2025-12-02;1;0.001
25;2025-12-02;2;0.0
25;2025-12-02;3;0.0
25;2025-12-02;4;0.0
25;2025-12-02;5;8.483
25;2025-12-02;6;195.604
25;2025-12-02;7;568.079
25;2025-12-02;8;926.294
25;2025-12-02;9;494.581
25;2025-12-02;10;369.233
25;2025-12-02;11;431.891
25;2025-12-02;12;395.264
25;2025-12-02;13;476.874
25;2025-12-02;14;437.594
25;2025-12-02;15;535.68
25;2025-12-02;16;687.126
25;2025-12-02;17;740.368
25;2025-12-02;18;783.97
25;2025-12-02;19;542.607
25;2025-12-02;20;322.423
25;2025-12-02;21;201.129
25;2025-12-02;22;106.109
25;2025-12-02;23;6.26
25;2025-12-03;0;0.053
25;2025-12-03;1;0.0
25;2025-12-03;2;0.0
25;2025-12-03;3;0.0
25;2025-12-03;4;0.0
25;2025-12-03;5;9.927
25;2025-12-03;6;201.494
25;2025-12-03;7;579.347
25;2025-12-03;8;957.806
25;2025-12-03;9;497.241
25;2025-12-03;10;377.711
25;2025-12-03;11;437.477
25;2025-12-03;12;440.355
25;2025-12-03;13;555.526
25;2025-12-03;14;470.031
25;2025-12-03;15;563.658
25;2025-12-03;16;710.333
25;2025-12-03;17;822.239
25;2025-12-03;18;872.718
25;2025-12-03;19;570.852
25;2025-12-03;20;350.366
25;2025-12-03;21;221.529
25;2025-12-03;22;114.3
25;2025-12-03;23;5.922
25;2025-12-04;0;0.195
25;2025-12-04;1;0.0
25;2025-12-04;2;0.0
25;2025-12-04;3;0.0
25;2025-12-04;4;0.0
25;2025-12-04;5;10.827
25;2025-12-04;6;195.857
25;2025-12-04;7;568.307
25;2025-12-04;8;961.019
25;2025-12-04;9;482.267
25;2025-12-04;10;389.882
25;2025-12-04;11;414.993
25;2025-12-04;12;415.551
25;2025-12-04;13;525.036
25;2025-12-04;14;496.147
25;2025-12-04;15;563.828
25;2025-12-04;16;706.551
25;2025-12-04;17;787.533
25;2025-12-04;18;816.655
25;2025-12-04;19;553.423
25;2025-12-04;20;316.828
25;2025-12-04;21;209.161
25;2025-12-04;22;117.771
25;2025-12-04;23;5.84
25;2025-12-05;0;0.043
25;2025-12-05;1;0.0
25;2025-12-05;2;0.0
25;2025-12-05;3;0.0
25;2025-12-05;4;0.0
25;2025-12-05;5;7.876
25;2025-12-05;6;196.306
25;2025-12-05;7;562.455
25;2025-12-05;8;887.618
25;2025-12-05;9;455.936
25;2025-12-05;10;369.762
25;2025-12-05;11;429.135
25;2025-12-05;12;429.459
25;2025-12-05;13;532.894
25;2025-12-05;14;500.183
25;2025-12-05;15;615.47
25;2025-12-05;16;776.924
25;2025-12-05;17;791.958
25;2025-12-05;18;697.656
25;2025-12-05;19;504.406
25;2025-12-05;20;313.552
25;2025-12-05;21;213.348
25;2025-12-05;22;127.538
25;2025-12-05;23;8.14
25;2025-12-06;0;0.132
25;2025-12-06;1;0.0
25;2025-12-06;2;0.0
25;2025-12-06;3;0.0
25;2025-12-06;4;0.0
25;2025-12-06;5;6.0
25;2025-12-06;6;83.632
25;2025-12-06;7;150.184
25;2025-12-06;8;331.895
25;2025-12-06;9;309.061
25;2025-12-06;10;307.767
25;2025-12-06;11;416.815
25;2025-12-06;12;436.452
25;2025-12-06;13;600.838
25;2025-12-06;14;607.765
25;2025-12-06;15;718.57
25;2025-12-06;16;650.533
25;2025-12-06;17;573.344
25;2025-12-06;18;524.09
25;2025-12-06;19;459.796
25;2025-12-06;20;278.916
25;2025-12-06;21;224.95
25;2025-12-06;22;139.149
25;2025-12-06;23;54.051
25;2025-12-07;0;17.196
25;2025-12-07;1;0.007
25;2025-12-07;2;0.0
25;2025-12-07;3;0.0
25;2025-12-07;4;0.0
25;2025-12-07;5;5.4
25;2025-12-07;6;65.093
25;2025-12-07;7;101.749
25;2025-12-07;8;205.638
25;2025-12-07;9;224.801
25;2025-12-07;10;226.977
25;2025-12-07;11;313.401
25;2025-12-07;12;374.441
25;2025-12-07;13;474.916
25;2025-12-07;14;498.401
25;2025-12-07;15;614.065
25;2025-12-07;16;538.327
25;2025-12-07;17;498.053
25;2025-12-07;18;437.895
25;2025-12-07;19;354.074
25;2025-12-07;20;228.96
25;2025-12-07;21;184.669
25;2025-12-07;22;110.27
25;2025-12-07;23;39.999
25;2025-12-08;0;9.284
25;2025-12-08;1;0.002
25;2025-12-08;2;0.0
25;2025-12-08;3;0.0
25;2025-12-08;4;0.0
25;2025-12-08;5;8.636
25;2025-12-08;6;197.34
25;2025-12-08;7;563.802
25;2025-12-08;8;966.887
25;2025-12-08;9;490.184
25;2025-12-08;10;337.493
25;2025-12-08;11;383.766
25;2025-12-08;12;386.85
25;2025-12-08;13;514.921
25;2025-12-08;14;426.555
25;2025-12-08;15;512.374
25;2025-12-08;16;693.187
25;2025-12-08;17;748.037
25;2025-12-08;18;838.393
25;2025-12-08;19;531.109
25;2025-12-08;20;302.802
25;2025-12-08;21;196.943
25;2025-12-08;22;96.734
25;2025-12-08;23;5.702
25;2025-12-09;0;0.131
25;2025-12-09;1;0.0
25;2025-12-09;2;0.0
25;2025-12-09;3;0.0
25;2025-12-09;4;0.0
25;2025-12-09;5;8.721
25;2025-12-09;6;193.838
25;2025-12-09;7;566.874
25;2025-12-09;8;923.274
25;2025-12-09;9;490.711
25;2025-12-09;10;365.639
25;2025-12-09;11;426.688
25;2025-12-09;12;392.51
25;2025-12-09;13;469.389
25;2025-12-09;14;434.921
25;2025-12-09;15;533.519
25;2025-12-09;16;684.582
25;2025-12-09;17;738.659
25;2025-12-09;18;783.889
25;2025-12-09;19;541.854
25;2025-12-09;20;321.215
25;2025-12-09;21;199.382
25;2025-12-09;22;105.587
25;2025-12-09;23;5.977
25;2025-12-10;0;0.048
25;2025-12-10;1;0.0
25;2025-12-10;2;0.0
25;2025-12-10;3;0.0
25;2025-12-10;4;0.0
25;2025-12-10;5;9.835
25;2025-12-10;6;202.055
25;2025-12-10;7;580.628
25;2025-12-10;8;958.303
25;2025-12-10;9;496.93
25;2025-12-10;10;375.749
25;2025-12-10;11;435.909
25;2025-12-10;12;439.422
25;2025-12-10;13;550.896
25;2025-12-10;14;468.104
25;2025-12-10;15;560.845
25;2025-12-10;16;712.606
25;2025-12-10;17;822.925
25;2025-12-10;18;873.954
25;2025-12-10;19;571.033
25;2025-12-10;20;350.859
25;2025-12-10;21;220.716
25;2025-12-10;22;114.49
25;2025-12-10;23;5.843
25;2025-12-11;0;0.191
25;2025-12-11;1;0.0
25;2025-12-11;2;0.0
25;2025-12-11;3;0.0
25;2025-12-11;4;0.0
25;2025-12-11;5;10.766
25;2025-12-11;6;195.511
25;2025-12-11;7;569.161
25;2025-12-11;8;963.351
25;2025-12-11;9;481.488
25;2025-12-11;10;388.735
25;2025-12-11;11;413.768
25;2025-12-11;12;415.148
25;2025-12-11;13;523.034
25;2025-12-11;14;494.481
25;2025-12-11;15;562.136
25;2025-12-11;16;709.314
25;2025-12-11;17;789.459
25;2025-12-11;18;817.755
25;2025-12-11;19;554.641
25;2025-12-11;20;317.549
25;2025-12-11;21;208.346
25;2025-12-11;22;117.957
25;2025-12-11;23;5.853
25;2025-12-12;0;0.033
25;2025-12-12;1;0.0
25;2025-12-12;2;0.0
25;2025-12-12;3;0.0
25;2025-12-12;4;0.0
25;2025-12-12;5;7.623
25;2025-12-12;6;195.479
25;2025-12-12;7;561.145
25;2025-12-12;8;886.621
25;2025-12-12;9;455.855
25;2025-12-12;10;368.417
25;2025-12-12;11;427.735
25;2025-12-12;12;429.018
25;2025-12-12;13;530.071
25;2025-12-12;14;498.559
25;2025-12-12;15;612.038
25;2025-12-12;16;779.219
25;2025-12-12;17;792.337
25;2025-12-12;18;696.804
25;2025-12-12;19;504.656
25;2025-12-12;20;313.573
25;2025-12-12;21;212.66
25;2025-12-12;22;127.437
25;2025-12-12;23;8.107
25;2025-12-13;0;0.086
25;2025-12-13;1;0.0
25;2025-12-13;2;0.0
25;2025-12-13;3;0.0
25;2025-12-13;4;0.0
25;2025-12-13;5;5.772
25;2025-12-13;6;82.783
25;2025-12-13;7;147.973
25;2025-12-13;8;325.481
25;2025-12-13;9;308.084
25;2025-12-13;10;304.412
25;2025-12-13;11;415.885
25;2025-12-13;12;435.071
25;2025-12-13;13;596.957
25;2025-12-13;14;605.604
25;2025-12-13;15;715.577
25;2025-12-13;16;649.972
25;2025-12-13;17;569.329
25;2025-12-13;18;519.515
25;2025-12-13;19;460.987
25;2025-12-13;20;278.699
25;2025-12-13;21;223.445
25;2025-12-13;22;139.227
25;2025-12-13;23;54.422
25;2025-12-14;0;17.314
25;2025-12-14;1;0.01
25;2025-12-14;2;0.0
25;2025-12-14;3;0.0
25;2025-12-14;4;0.0
25;2025-12-14;5;5.265
25;2025-12-14;6;65.049
25;2025-12-14;7;102.576
25;2025-12-14;8;205.31
25;2025-12-14;9;224.153
25;2025-12-14;10;225.443
25;2025-12-14;11;312.812
25;2025-12-14;12;372.77
25;2025-12-14;13;471.013
25;2025-12-14;14;495.88
25;2025-12-14;15;609.621
25;2025-12-14;16;537.951
25;2025-12-14;17;497.986
25;2025-12-14;18;435.021
25;2025-12-14;19;357.527
25;2025-12-14;20;230.014
25;2025-12-14;21;184.222
25;2025-12-14;22;110.136
25;2025-12-14;23;39.715
25;2025-12-15;0;9.172
25;2025-12-15;1;0.004
25;2025-12-15;2;0.0
25;2025-12-15;3;0.0
25;2025-12-15;4;0.0
25;2025-12-15;5;8.537
25;2025-12-15;6;196.54
25;2025-12-15;7;564.74
25;2025-12-15;8;966.231
25;2025-12-15;9;489.456
25;2025-12-15;10;338.085
25;2025-12-15;11;384.139
25;2025-12-15;12;386.035
25;2025-12-15;13;511.07
25;2025-12-15;14;423.953
25;2025-12-15;15;508.441
25;2025-12-15;16;693.581
25;2025-12-15;17;747.538
25;2025-12-15;18;839.82
25;2025-12-15;19;533.613
25;2025-12-15;20;303.361
25;2025-12-15;21;197.153
25;2025-12-15;22;96.719
25;2025-12-15;23;5.779
25;2025-12-16;0;0.126
25;2025-12-16;1;0.0
25;2025-12-16;2;0.0
25;2025-12-16;3;0.0
25;2025-12-16;4;0.0
25;2025-12-16;5;8.691
25;2025-12-16;6;192.487
25;2025-12-16;7;566.346
25;2025-12-16;8;921.171
25;2025-12-16;9;490.117
25;2025-12-16;10;364.793
25;2025-12-16;11;427.077
25;2025-12-16;12;391.899
25;2025-12-16;13;465.798
25;2025-12-16;14;433.089
25;2025-12-16;15;528.712
25;2025-12-16;16;683.626
25;2025-12-16;17;736.713
25;2025-12-16;18;783.919
25;2025-12-16;19;542.775
25;2025-12-16;20;320.968
25;2025-12-16;21;199.384
25;2025-12-16;22;105.387
25;2025-12-16;23;6.167
25;2025-12-17;0;0.029
25;2025-12-17;1;0.0
25;2025-12-17;2;0.0
25;2025-12-17;3;0.0
25;2025-12-17;4;0.0
25;2025-12-17;5;9.864
25;2025-12-17;6;200.266
25;2025-12-17;7;578.246
25;2025-12-17;8;954.724
25;2025-12-17;9;494.18
25;2025-12-17;10;373.644
25;2025-12-17;11;434.224
25;2025-12-17;12;437.264
25;2025-12-17;13;546.351
25;2025-12-17;14;464.549
25;2025-12-17;15;554.992
25;2025-12-17;16;707.861
25;2025-12-17;17;819.398
25;2025-12-17;18;871.845
25;2025-12-17;19;571.156
25;2025-12-17;20;349.968
25;2025-12-17;21;220.294
25;2025-12-17;22;114.113
25;2025-12-17;23;6.106
25;2025-12-18;0;0.185
25;2025-12-18;1;0.0
25;2025-12-18;2;0.0
25;2025-12-18;3;0.0
25;2025-12-18;4;0.0
25;2025-12-18;5;10.654
25;2025-12-18;6;194.424
25;2025-12-18;7;567.62
25;2025-12-18;8;959.046
25;2025-12-18;9;478.4
25;2025-12-18;10;386.683
25;2025-12-18;11;411.77
25;2025-12-18;12;413.27
25;2025-12-18;13;518.7
25;2025-12-18;14;490.715
25;2025-12-18;15;556.042
25;2025-12-18;16;705.579
25;2025-12-18;17;786.23
25;2025-12-18;18;814.576
25;2025-12-18;19;554.896
25;2025-12-18;20;316.711
25;2025-12-18;21;207.912
25;2025-12-18;22;117.524
25;2025-12-18;23;6.161
25;2025-12-19;0;0.061
25;2025-12-19;1;0.002
25;2025-12-19;2;0.0
25;2025-12-19;3;0.0
25;2025-12-19;4;0.0
25;2025-12-19;5;7.61
25;2025-12-19;6;191.501
25;2025-12-19;7;559.231
25;2025-12-19;8;882.815
25;2025-12-19;9;454.473
25;2025-12-19;10;366.287
25;2025-12-19;11;426.009
25;2025-12-19;12;428.93
25;2025-12-19;13;530.212
25;2025-12-19;14;497.102
25;2025-12-19;15;611.943
25;2025-12-19;16;775.248
25;2025-12-19;17;788.993
25;2025-12-19;18;700.33
25;2025-12-19;19;506.038
25;2025-12-19;20;314.677
25;2025-12-19;21;212.608
25;2025-12-19;22;127.568
25;2025-12-19;23;9.292
25;2025-12-20;0;0.216
25;2025-12-20;1;0.002
25;2025-12-20;2;0.0
25;2025-12-20;3;0.0
25;2025-12-20;4;0.0
25;2025-12-20;5;5.68
25;2025-12-20;6;80.238
25;2025-12-20;7;152.091
25;2025-12-20;8;329.421
25;2025-12-20;9;310.771
25;2025-12-20;10;305.467
25;2025-12-20;11;416.514
25;2025-12-20;12;437.466
25;2025-12-20;13;599.484
25;2025-12-20;14;607.949
25;2025-12-20;15;720.072
25;2025-12-20;16;654.795
25;2025-12-20;17;570.227
25;2025-12-20;18;523.715
25;2025-12-20;19;466.419
25;2025-12-20;20;281.602
25;2025-12-20;21;225.195
25;2025-12-20;22;139.963
25;2025-12-20;23;56.85
25;2025-12-21;0;17.488
25;2025-12-21;1;0.005
25;2025-12-21;2;0.0
25;2025-12-21;3;0.0
25;2025-12-21;4;0.0
25;2025-12-21;5;5.244
25;2025-12-21;6;62.611
25;2025-12-21;7;103.961
25;2025-12-21;8;205.344
25;2025-12-21;9;222.338
25;2025-12-21;10;223.682
25;2025-12-21;11;311.135
25;2025-12-21;12;371.768
25;2025-12-21;13;470.622
25;2025-12-21;14;494.915
25;2025-12-21;15;610.608
25;2025-12-21;16;540.327
25;2025-12-21;17;498.323
25;2025-12-21;18;438.143
25;2025-12-21;19;360.402
25;2025-12-21;20;231.679
25;2025-12-21;21;184.917
25;2025-12-21;22;110.533
25;2025-12-21;23;40.818
25;2025-12-22;0;9.322
25;2025-12-22;1;0.002
25;2025-12-22;2;0.0
25;2025-12-22;3;0.0
25;2025-12-22;4;0.0
25;2025-12-22;5;8.339
25;2025-12-22;6;192.012
25;2025-12-22;7;561.258
25;2025-12-22;8;964.426
25;2025-12-22;9;486.142
25;2025-12-22;10;335.814
25;2025-12-22;11;384.121
25;2025-12-22;12;386.143
25;2025-12-22;13;512.68
25;2025-12-22;14;422.943
25;2025-12-22;15;508.509
25;2025-12-22;16;698.894
25;2025-12-22;17;747.752
25;2025-12-22;18;839.303
25;2025-12-22;19;532.299
25;2025-12-22;20;304.896
25;2025-12-22;21;197.75
25;2025-12-22;22;97.18
25;2025-12-22;23;6.158
25;2025-12-23;0;0.134
25;2025-12-23;1;0.002
25;2025-12-23;2;0.0
25;2025-12-23;3;0.0
25;2025-12-23;4;0.0
25;2025-12-23;5;8.325
25;2025-12-23;6;188.317
25;2025-12-23;7;565.086
25;2025-12-23;8;920.479
25;2025-12-23;9;487.991
25;2025-12-23;10;363.543
25;2025-12-23;11;425.265
25;2025-12-23;12;392.354
25;2025-12-23;13;467.825
25;2025-12-23;14;432.263
25;2025-12-23;15;530.037
25;2025-12-23;16;687.537
25;2025-12-23;17;739.473
25;2025-12-23;18;784.703
25;2025-12-23;19;539.125
25;2025-12-23;20;322.672
25;2025-12-23;21;199.35
25;2025-12-23;22;105.56
25;2025-12-23;23;6.353
25;2025-12-24;0;0.05
25;2025-12-24;1;0.0
25;2025-12-24;2;0.0
25;2025-12-24;3;0.0
25;2025-12-24;4;0.0
25;2025-12-24;5;9.592
25;2025-12-24;6;194.622
25;2025-12-24;7;577.059
25;2025-12-24;8;952.86
25;2025-12-24;9;494.127
25;2025-12-24;10;373.675
25;2025-12-24;11;433.108
25;2025-12-24;12;438.828
25;2025-12-24;13;549.194
25;2025-12-24;14;465.715
25;2025-12-24;15;556.463
25;2025-12-24;16;714.216
25;2025-12-24;17;821.687
25;2025-12-24;18;872.21
25;2025-12-24;19;567.603
25;2025-12-24;20;351.193
25;2025-12-24;21;221.804
25;2025-12-24;22;114.95
25;2025-12-24;23;6.257
25;2025-12-25;0;0.178
25;2025-12-25;1;0.0
25;2025-12-25;2;0.0
25;2025-12-25;3;0.0
25;2025-12-25;4;0.0
25;2025-12-25;5;10.266
25;2025-12-25;6;188.508
25;2025-12-25;7;563.115
25;2025-12-25;8;953.987
25;2025-12-25;9;475.716
25;2025-12-25;10;384.068
25;2025-12-25;11;409.59
25;2025-12-25;12;412.631
25;2025-12-25;13;518.744
25;2025-12-25;14;489.89
25;2025-12-25;15;554.751
25;2025-12-25;16;705.083
25;2025-12-25;17;783.64
25;2025-12-25;18;814.078
25;2025-12-25;19;548.534
25;2025-12-25;20;315.973
25;2025-12-25;21;208.366
25;2025-12-25;22;118.043
25;2025-12-25;23;6.009
25;2025-12-26;0;0.038
25;2025-12-26;1;0.0
25;2025-12-26;2;0.0
25;2025-12-26;3;0.0
25;2025-12-26;4;0.0
25;2025-12-26;5;7.287
25;2025-12-26;6;187.874
25;2025-12-26;7;555.091
25;2025-12-26;8;874.616
25;2025-12-26;9;450.989
25;2025-12-26;10;362.986
25;2025-12-26;11;423.373
25;2025-12-26;12;425.747
25;2025-12-26;13;525.44
25;2025-12-26;14;494.009
25;2025-12-26;15;605.129
25;2025-12-26;16;767.975
25;2025-12-26;17;785.24
25;2025-12-26;18;692.693
25;2025-12-26;19;497.257
25;2025-12-26;20;311.851
25;2025-12-26;21;211.724
25;2025-12-26;22;127.25
25;2025-12-26;23;8.442
25;2025-12-27;0;0.069
25;2025-12-27;1;0.002
25;2025-12-27;2;0.0
25;2025-12-27;3;0.0
25;2025-12-27;4;0.0
25;2025-12-27;5;4.851
25;2025-12-27;6;72.728
25;2025-12-27;7;139.346
25;2025-12-27;8;303.87
25;2025-12-27;9;284.962
25;2025-12-27;10;278.132
25;2025-12-27;11;378.145
25;2025-12-27;12;396.389
25;2025-12-27;13;542.016
25;2025-12-27;14;548.512
25;2025-12-27;15;649.684
25;2025-12-27;16;589.926
25;2025-12-27;17;516.923
25;2025-12-27;18;478.702
25;2025-12-27;19;417.33
25;2025-12-27;20;254.038
25;2025-12-27;21;203.304
25;2025-12-27;22;126.342
25;2025-12-27;23;50.271
25;2025-12-28;0;15.939
25;2025-12-28;1;0.007
25;2025-12-28;2;0.0
25;2025-12-28;3;0.0
25;2025-12-28;4;0.0
25;2025-12-28;5;4.453
25;2025-12-28;6;57.166
25;2025-12-28;7;96.542
25;2025-12-28;8;187.747
25;2025-12-28;9;203.7
25;2025-12-28;10;207.34
25;2025-12-28;11;287.416
25;2025-12-28;12;342.517
25;2025-12-28;13;432.083
25;2025-12-28;14;455.218
25;2025-12-28;15;559.948
25;2025-12-28;16;493.545
25;2025-12-28;17;456.891
25;2025-12-28;18;402.974
25;2025-12-28;19;327.321
25;2025-12-28;20;210.719
25;2025-12-28;21;170.198
25;2025-12-28;22;101.725
25;2025-12-28;23;36.896
25;2025-12-29;0;8.506
25;2025-12-29;1;0.005
25;2025-12-29;2;0.0
25;2025-12-29;3;0.0
25;2025-12-29;4;0.0
25;2025-12-29;5;7.384
25;2025-12-29;6;176.234
25;2025-12-29;7;517.936
25;2025-12-29;8;888.054
25;2025-12-29;9;447.949
25;2025-12-29;10;310.829
25;2025-12-29;11;352.968
25;2025-12-29;12;355.61
25;2025-12-29;13;470.366
25;2025-12-29;14;388.721
25;2025-12-29;15;467.857
25;2025-12-29;16;639.204
25;2025-12-29;17;687.328
25;2025-12-29;18;771.593
25;2025-12-29;19;484.529
25;2025-12-29;20;279.446
25;2025-12-29;21;182.353
25;2025-12-29;22;89.488
25;2025-12-29;23;5.398
25;2025-12-30;0;0.13
25;2025-12-30;1;0.001
25;2025-12-30;2;0.0
25;2025-12-30;3;0.0
25;2025-12-30;4;0.0
25;2025-12-30;5;7.339
25;2025-12-30;6;172.512
25;2025-12-30;7;524.218
25;2025-12-30;8;852.274
25;2025-12-30;9;449.417
25;2025-12-30;10;336.423
25;2025-12-30;11;390.319
25;2025-12-30;12;360.281
25;2025-12-30;13;429.397
25;2025-12-30;14;396.9
25;2025-12-30;15;486.333
25;2025-12-30;16;632.251
25;2025-12-30;17;678.971
25;2025-12-30;18;724.146
25;2025-12-30;19;491.31
25;2025-12-30;20;294.893
25;2025-12-30;21;183.8
25;2025-12-30;22;97.08
25;2025-12-30;23;5.509
25;2025-12-31;0;12.995
25;2025-12-31;1;0.0
25;2025-12-31;2;0.0
25;2025-12-31;3;0.0
25;2025-12-31;4;0.0
25;2025-12-31;5;6.328
25;2025-12-31;6;72.573
25;2025-12-31;7;118.426
25;2025-12-31;8;219.631
25;2025-12-31;9;217.825
25;2025-12-31;10;220.185
25;2025-12-31;11;300.746
25;2025-12-31;12;341.709
25;2025-12-31;13;429.961
25;2025-12-31;14;453.35
25;2025-12-31;15;549.941
25;2025-12-31;16;502.924
25;2025-12-31;17;487.263
25;2025-12-31;18;439.093
25;2025-12-31;19;378.696
25;2025-12-31;20;235.887
25;2025-12-31;21;181.915
25;2025-12-31;22;105.215
25;2025-12-31;23;31.755
26;2025-11-01;0;48.387
26;2025-11-01;1;1.953
26;2025-11-01;2;0.011
26;2025-11-01;3;0.016
26;2025-11-01;4;1.285
26;2025-11-01;5;85.824
26;2025-11-01;6;462.702
26;2025-11-01;7;906.316
26;2025-11-01;8;1702.564
26;2025-11-01;9;1265.878
26;2025-11-01;10;1204.067
26;2025-11-01;11;1230.878
26;2025-11-01;12;1280.19
26;2025-11-01;13;1344.825
26;2025-11-01;14;1425.489
26;2025-11-01;15;1476.905
26;2025-11-01;16;1598.101
26;2025-11-01;17;1656.94
26;2025-11-01;18;1354.299
26;2025-11-01;19;1127.829
26;2025-11-01;20;727.753
26;2025-11-01;21;506.708
26;2025-11-01;22;252.642
26;2025-11-01;23;187.716
26;2025-11-02;0;53.77
26;2025-11-02;1;4.884
26;2025-11-02;2;0.009
26;2025-11-02;3;0.016
26;2025-11-02;4;1.15
26;2025-11-02;5;26.938
26;2025-11-02;6;136.004
26;2025-11-02;7;234.615
26;2025-11-02;8;348.31
26;2025-11-02;9;485.446
26;2025-11-02;10;560.322
26;2025-11-02;11;765.368
26;2025-11-02;12;820.489
26;2025-11-02;13;864.169
26;2025-11-02;14;864.931
26;2025-11-02;15;801.089
26;2025-11-02;16;768.684
26;2025-11-02;17;769.086
26;2025-11-02;18;676.416
26;2025-11-02;19;526.794
26;2025-11-02;20;386.876
26;2025-11-02;21;287.834
26;2025-11-02;22;189.148
26;2025-11-02;23;105.459
26;2025-11-03;0;47.773
26;2025-11-03;1;4.21
26;2025-11-03;2;0.007
26;2025-11-03;3;0.009
26;2025-11-03;4;1.235
26;2025-11-03;5;39.8
26;2025-11-03;6;172.104
26;2025-11-03;7;259.093
26;2025-11-03;8;466.144
26;2025-11-03;9;510.866
26;2025-11-03;10;577.651
26;2025-11-03;11;725.655
26;2025-11-03;12;765.072
26;2025-11-03;13;820.863
26;2025-11-03;14;853.577
26;2025-11-03;15;782.538
26;2025-11-03;16;772.171
26;2025-11-03;17;788.456
26;2025-11-03;18;761.185
26;2025-11-03;19;627.071
26;2025-11-03;20;405.018
26;2025-11-03;21;305.779
26;2025-11-03;22;184.294
26;2025-11-03;23;99.626
26;2025-11-04;0;47.12
26;2025-11-04;1;3.876
26;2025-11-04;2;0.006
26;2025-11-04;3;0.013
26;2025-11-04;4;1.203
26;2025-11-04;5;39.573
26;2025-11-04;6;168.591
26;2025-11-04;7;258.377
26;2025-11-04;8;473.968
26;2025-11-04;9;505.479
26;2025-11-04;10;566.009
26;2025-11-04;11;721.57
26;2025-11-04;12;755.947
26;2025-11-04;13;803.75
26;2025-11-04;14;838.06
26;2025-11-04;15;770.073
26;2025-11-04;16;761.741
26;2025-11-04;17;780.318
26;2025-11-04;18;742.219
26;2025-11-04;19;632.195
26;2025-11-04;20;398.86
26;2025-11-04;21;307.479
26;2025-11-04;22;183.663
26;2025-11-04;23;98.753
26;2025-11-05;0;31.568
26;2025-11-05;1;0.97
26;2025-11-05;2;0.004
26;2025-11-05;3;0.011
26;2025-11-05;4;2.03
26;2025-11-05;5;92.113
26;2025-11-05;6;503.349
26;2025-11-05;7;1101.342
26;2025-11-05;8;2203.982
26;2025-11-05;9;1482.853
26;2025-11-05;10;1232.677
26;2025-11-05;11;1111.375
26;2025-11-05;12;1182.879
26;2025-11-05;13;1202.531
26;2025-11-05;14;1326.039
26;2025-11-05;15;1359.782
26;2025-11-05;16;1499.837
26;2025-11-05;17;1696.086
26;2025-11-05;18;1848.51
26;2025-11-05;19;1255.214
26;2025-11-05;20;766.996
26;2025-11-05;21;494.994
26;2025-11-05;22;221.701
26;2025-11-05;23;126.11
26;2025-11-06;0;38.132
26;2025-11-06;1;0.912
26;2025-11-06;2;0.003
26;2025-11-06;3;0.011
26;2025-11-06;4;1.201
26;2025-11-06;5;88.273
26;2025-11-06;6;495.354
26;2025-11-06;7;1082.623
26;2025-11-06;8;2159.451
26;2025-11-06;9;1487.158
26;2025-11-06;10;1195.762
26;2025-11-06;11;1138.658
26;2025-11-06;12;1162.596
26;2025-11-06;13;1172.678
26;2025-11-06;14;1265.302
26;2025-11-06;15;1348.746
26;2025-11-06;16;1520.073
26;2025-11-06;17;1710.403
26;2025-11-06;18;1896.458
26;2025-11-06;19;1265.811
26;2025-11-06;20;748.181
26;2025-11-06;21;475.386
26;2025-11-06;22;225.59
26;2025-11-06;23;127.907
26;2025-11-07;0;33.846
26;2025-11-07;1;1.507
26;2025-11-07;2;0.003
26;2025-11-07;3;0.009
26;2025-11-07;4;1.106
26;2025-11-07;5;87.141
26;2025-11-07;6;497.24
26;2025-11-07;7;1046.716
26;2025-11-07;8;2066.973
26;2025-11-07;9;1391.747
26;2025-11-07;10;1206.239
26;2025-11-07;11;1087.556
26;2025-11-07;12;1137.88
26;2025-11-07;13;1194.076
26;2025-11-07;14;1275.309
26;2025-11-07;15;1386.784
26;2025-11-07;16;1630.92
26;2025-11-07;17;1716.153
26;2025-11-07;18;1420.675
26;2025-11-07;19;1075.622
26;2025-11-07;20;707.197
26;2025-11-07;21;455.864
26;2025-11-07;22;211.334
26;2025-11-07;23;150.877
26;2025-11-08;0;43.78
26;2025-11-08;1;1.687
26;2025-11-08;2;0.004
26;2025-11-08;3;0.01
26;2025-11-08;4;1.727
26;2025-11-08;5;44.677
26;2025-11-08;6;253.628
26;2025-11-08;7;371.817
26;2025-11-08;8;598.354
26;2025-11-08;9;689.891
26;2025-11-08;10;813.377
26;2025-11-08;11;1007.031
26;2025-11-08;12;1061.837
26;2025-11-08;13;1054.015
26;2025-11-08;14;1059.35
26;2025-11-08;15;999.49
26;2025-11-08;16;1007.602
26;2025-11-08;17;946.078
26;2025-11-08;18;871.311
26;2025-11-08;19;778.265
26;2025-11-08;20;518.686
26;2025-11-08;21;349.623
26;2025-11-08;22;208.587
26;2025-11-08;23;138.858
26;2025-11-09;0;47.904
26;2025-11-09;1;4.456
26;2025-11-09;2;0.003
26;2025-11-09;3;0.009
26;2025-11-09;4;1.111
26;2025-11-09;5;25.591
26;2025-11-09;6;141.424
26;2025-11-09;7;245.73
26;2025-11-09;8;377.861
26;2025-11-09;9;504.743
26;2025-11-09;10;572.652
26;2025-11-09;11;781.321
26;2025-11-09;12;834.572
26;2025-11-09;13;867.802
26;2025-11-09;14;854.883
26;2025-11-09;15;783.873
26;2025-11-09;16;777.968
26;2025-11-09;17;771.563
26;2025-11-09;18;690.048
26;2025-11-09;19;522.069
26;2025-11-09;20;383.405
26;2025-11-09;21;275.862
26;2025-11-09;22;177.309
26;2025-11-09;23;97.441
26;2025-11-10;0;27.872
26;2025-11-10;1;1.905
26;2025-11-10;2;0.005
26;2025-11-10;3;0.01
26;2025-11-10;4;1.675
26;2025-11-10;5;88.488
26;2025-11-10;6;507.916
26;2025-11-10;7;1082.758
26;2025-11-10;8;2130.539
26;2025-11-10;9;1454.041
26;2025-11-10;10;1203.807
26;2025-11-10;11;1068.056
26;2025-11-10;12;1105.712
26;2025-11-10;13;1179.801
26;2025-11-10;14;1222.524
26;2025-11-10;15;1301.058
26;2025-11-10;16;1485.38
26;2025-11-10;17;1696.754
26;2025-11-10;18;1861.285
26;2025-11-10;19;1224.916
26;2025-11-10;20;746.198
26;2025-11-10;21;438.638
26;2025-11-10;22;199.702
26;2025-11-10;23;101.043
26;2025-11-11;0;30.687
26;2025-11-11;1;0.861
26;2025-11-11;2;0.005
26;2025-11-11;3;0.009
26;2025-11-11;4;1.61
26;2025-11-11;5;87.31
26;2025-11-11;6;503.519
26;2025-11-11;7;1098.171
26;2025-11-11;8;2223.187
26;2025-11-11;9;1461.248
26;2025-11-11;10;1212.601
26;2025-11-11;11;1118.242
26;2025-11-11;12;1154.399
26;2025-11-11;13;1169.965
26;2025-11-11;14;1234.166
26;2025-11-11;15;1320.8
26;2025-11-11;16;1496.217
26;2025-11-11;17;1754.323
26;2025-11-11;18;1878.644
26;2025-11-11;19;1304.27
26;2025-11-11;20;758.123
26;2025-11-11;21;466.28
26;2025-11-11;22;208.574
26;2025-11-11;23;110.075
26;2025-11-12;0;31.525
26;2025-11-12;1;0.94
26;2025-11-12;2;0.005
26;2025-11-12;3;0.012
26;2025-11-12;4;2.036
26;2025-11-12;5;92.759
26;2025-11-12;6;505.44
26;2025-11-12;7;1105.674
26;2025-11-12;8;2209.355
26;2025-11-12;9;1488.152
26;2025-11-12;10;1238.226
26;2025-11-12;11;1117.94
26;2025-11-12;12;1186.925
26;2025-11-12;13;1205.847
26;2025-11-12;14;1330.12
26;2025-11-12;15;1365.507
26;2025-11-12;16;1505.507
26;2025-11-12;17;1709.794
26;2025-11-12;18;1854.714
26;2025-11-12;19;1262.634
26;2025-11-12;20;769.883
26;2025-11-12;21;497.524
26;2025-11-12;22;222.429
26;2025-11-12;23;125.445
26;2025-11-13;0;38.19
26;2025-11-13;1;0.898
26;2025-11-13;2;0.004
26;2025-11-13;3;0.008
26;2025-11-13;4;1.209
26;2025-11-13;5;88.603
26;2025-11-13;6;497.861
26;2025-11-13;7;1085.256
26;2025-11-13;8;2158.928
26;2025-11-13;9;1491.41
26;2025-11-13;10;1202.79
26;2025-11-13;11;1148.254
26;2025-11-13;12;1175.616
26;2025-11-13;13;1180.664
26;2025-11-13;14;1274.497
26;2025-11-13;15;1358.313
26;2025-11-13;16;1532.339
26;2025-11-13;17;1725.106
26;2025-11-13;18;1905.2
26;2025-11-13;19;1271.913
26;2025-11-13;20;753.629
26;2025-11-13;21;477.004
26;2025-11-13;22;226.028
26;2025-11-13;23;127.526
26;2025-11-14;0;34.372
26;2025-11-14;1;1.514
26;2025-11-14;2;0.005
26;2025-11-14;3;0.007
26;2025-11-14;4;1.096
26;2025-11-14;5;87.341
26;2025-11-14;6;500.878
26;2025-11-14;7;1049.009
26;2025-11-14;8;2069.313
26;2025-11-14;9;1399.315
26;2025-11-14;10;1215.075
26;2025-11-14;11;1097.085
26;2025-11-14;12;1150.034
26;2025-11-14;13;1202.738
26;2025-11-14;14;1284.713
26;2025-11-14;15;1396.488
26;2025-11-14;16;1643.971
26;2025-11-14;17;1735.043
26;2025-11-14;18;1435.342
26;2025-11-14;19;1081.251
26;2025-11-14;20;714.45
26;2025-11-14;21;456.273
26;2025-11-14;22;211.096
26;2025-11-14;23;150.458
26;2025-11-15;0;44.274
26;2025-11-15;1;1.717
26;2025-11-15;2;0.004
26;2025-11-15;3;0.006
26;2025-11-15;4;1.716
26;2025-11-15;5;44.493
26;2025-11-15;6;257.25
26;2025-11-15;7;375.797
26;2025-11-15;8;594.567
26;2025-11-15;9;699.998
26;2025-11-15;10;827.993
26;2025-11-15;11;1014.635
26;2025-11-15;12;1071.699
26;2025-11-15;13;1064.875
26;2025-11-15;14;1066.907
26;2025-11-15;15;1010.479
26;2025-11-15;16;1021.775
26;2025-11-15;17;952.256
26;2025-11-15;18;886.036
26;2025-11-15;19;783.115
26;2025-11-15;20;526.616
26;2025-11-15;21;346.818
26;2025-11-15;22;209.387
26;2025-11-15;23;139.174
26;2025-11-16;0;48.46
26;2025-11-16;1;4.558
26;2025-11-16;2;0.004
26;2025-11-16;3;0.003
26;2025-11-16;4;1.08
26;2025-11-16;5;25.939
26;2025-11-16;6;145.91
26;2025-11-16;7;250.018
26;2025-11-16;8;380.029
26;2025-11-16;9;516.044
26;2025-11-16;10;581.996
26;2025-11-16;11;787.0
26;2025-11-16;12;845.378
26;2025-11-16;13;879.379
26;2025-11-16;14;863.597
26;2025-11-16;15;789.228
26;2025-11-16;16;786.831
26;2025-11-16;17;787.243
26;2025-11-16;18;706.602
26;2025-11-16;19;529.571
26;2025-11-16;20;395.489
26;2025-11-16;21;274.893
26;2025-11-16;22;177.739
26;2025-11-16;23;96.43
26;2025-11-17;0;27.185
26;2025-11-17;1;1.842
26;2025-11-17;2;0.002
26;2025-11-17;3;0.009
26;2025-11-17;4;1.677
26;2025-11-17;5;88.808
26;2025-11-17;6;508.546
26;2025-11-17;7;1093.031
26;2025-11-17;8;2139.495
26;2025-11-17;9;1460.012
26;2025-11-17;10;1204.799
26;2025-11-17;11;1067.174
26;2025-11-17;12;1104.993
26;2025-11-17;13;1183.0
26;2025-11-17;14;1225.669
26;2025-11-17;15;1303.233
26;2025-11-17;16;1486.675
26;2025-11-17;17;1705.681
26;2025-11-17;18;1875.293
26;2025-11-17;19;1226.772
26;2025-11-17;20;749.531
26;2025-11-17;21;434.865
26;2025-11-17;22;198.855
26;2025-11-17;23;100.271
26;2025-11-18;0;29.912
26;2025-11-18;1;0.794
26;2025-11-18;2;0.003
26;2025-11-18;3;0.009
26;2025-11-18;4;1.597
26;2025-11-18;5;87.337
26;2025-11-18;6;502.271
26;2025-11-18;7;1104.676
26;2025-11-18;8;2230.12
26;2025-11-18;9;1463.65
26;2025-11-18;10;1213.03
26;2025-11-18;11;1119.775
26;2025-11-18;12;1153.108
26;2025-11-18;13;1174.547
26;2025-11-18;14;1234.888
26;2025-11-18;15;1322.01
26;2025-11-18;16;1493.259
26;2025-11-18;17;1754.325
26;2025-11-18;18;1887.165
26;2025-11-18;19;1306.206
26;2025-11-18;20;758.956
26;2025-11-18;21;462.666
26;2025-11-18;22;207.141
26;2025-11-18;23;108.67
26;2025-11-19;0;30.992
26;2025-11-19;1;0.923
26;2025-11-19;2;0.003
26;2025-11-19;3;0.009
26;2025-11-19;4;2.019
26;2025-11-19;5;92.742
26;2025-11-19;6;505.033
26;2025-11-19;7;1115.756
26;2025-11-19;8;2219.462
26;2025-11-19;9;1492.929
26;2025-11-19;10;1240.846
26;2025-11-19;11;1120.154
26;2025-11-19;12;1188.172
26;2025-11-19;13;1211.32
26;2025-11-19;14;1335.378
26;2025-11-19;15;1369.137
26;2025-11-19;16;1502.664
26;2025-11-19;17;1713.493
26;2025-11-19;18;1871.762
26;2025-11-19;19;1262.668
26;2025-11-19;20;769.11
26;2025-11-19;21;495.496
26;2025-11-19;22;222.435
26;2025-11-19;23;123.759
26;2025-11-20;0;37.232
26;2025-11-20;1;0.873
26;2025-11-20;2;0.003
26;2025-11-20;3;0.009
26;2025-11-20;4;1.209
26;2025-11-20;5;88.492
26;2025-11-20;6;495.698
26;2025-11-20;7;1092.865
26;2025-11-20;8;2171.591
26;2025-11-20;9;1493.056
26;2025-11-20;10;1202.263
26;2025-11-20;11;1146.549
26;2025-11-20;12;1169.972
26;2025-11-20;13;1179.419
26;2025-11-20;14;1271.542
26;2025-11-20;15;1356.801
26;2025-11-20;16;1522.81
26;2025-11-20;17;1724.493
26;2025-11-20;18;1915.299
26;2025-11-20;19;1266.734
26;2025-11-20;20;752.99
26;2025-11-20;21;473.5
26;2025-11-20;22;225.619
26;2025-11-20;23;125.59
26;2025-11-21;0;34.133
26;2025-11-21;1;1.478
26;2025-11-21;2;0.004
26;2025-11-21;3;0.01
26;2025-11-21;4;1.116
26;2025-11-21;5;87.287
26;2025-11-21;6;497.549
26;2025-11-21;7;1051.31
26;2025-11-21;8;2067.648
26;2025-11-21;9;1390.578
26;2025-11-21;10;1209.434
26;2025-11-21;11;1088.983
26;2025-11-21;12;1142.244
26;2025-11-21;13;1196.515
26;2025-11-21;14;1278.582
26;2025-11-21;15;1390.974
26;2025-11-21;16;1637.134
26;2025-11-21;17;1728.41
26;2025-11-21;18;1418.789
26;2025-11-21;19;1069.864
26;2025-11-21;20;709.834
26;2025-11-21;21;454.532
26;2025-11-21;22;211.06
26;2025-11-21;23;149.762
26;2025-11-22;0;43.884
26;2025-11-22;1;1.705
26;2025-11-22;2;0.002
26;2025-11-22;3;0.01
26;2025-11-22;4;1.74
26;2025-11-22;5;44.72
26;2025-11-22;6;253.389
26;2025-11-22;7;368.676
26;2025-11-22;8;587.045
26;2025-11-22;9;693.098
26;2025-11-22;10;821.874
26;2025-11-22;11;1024.715
26;2025-11-22;12;1083.926
26;2025-11-22;13;1072.528
26;2025-11-22;14;1078.807
26;2025-11-22;15;1009.978
26;2025-11-22;16;1019.986
26;2025-11-22;17;963.235
26;2025-11-22;18;899.538
26;2025-11-22;19;791.531
26;2025-11-22;20;531.598
26;2025-11-22;21;354.458
26;2025-11-22;22;212.898
26;2025-11-22;23;141.32
26;2025-11-23;0;48.588
26;2025-11-23;1;4.594
26;2025-11-23;2;0.004
26;2025-11-23;3;0.006
26;2025-11-23;4;1.11
26;2025-11-23;5;25.996
26;2025-11-23;6;143.209
26;2025-11-23;7;251.669
26;2025-11-23;8;384.868
26;2025-11-23;9;519.437
26;2025-11-23;10;582.717
26;2025-11-23;11;794.823
26;2025-11-23;12;848.837
26;2025-11-23;13;882.752
26;2025-11-23;14;867.864
26;2025-11-23;15;797.502
26;2025-11-23;16;794.427
26;2025-11-23;17;800.623
26;2025-11-23;18;724.817
26;2025-11-23;19;537.726
26;2025-11-23;20;399.197
26;2025-11-23;21;278.061
26;2025-11-23;22;181.441
26;2025-11-23;23;98.879
26;2025-11-24;0;27.378
26;2025-11-24;1;1.845
26;2025-11-24;2;0.003
26;2025-11-24;3;0.008
26;2025-11-24;4;1.674
26;2025-11-24;5;88.517
26;2025-11-24;6;507.026
26;2025-11-24;7;1086.17
26;2025-11-24;8;2127.602
26;2025-11-24;9;1451.894
26;2025-11-24;10;1200.987
26;2025-11-24;11;1066.914
26;2025-11-24;12;1107.179
26;2025-11-24;13;1182.449
26;2025-11-24;14;1223.467
26;2025-11-24;15;1302.154
26;2025-11-24;16;1485.159
26;2025-11-24;17;1700.673
26;2025-11-24;18;1868.946
26;2025-11-24;19;1228.737
26;2025-11-24;20;750.665
26;2025-11-24;21;434.498
26;2025-11-24;22;198.75
26;2025-11-24;23;100.811
26;2025-11-25;0;29.785
26;2025-11-25;1;0.812
26;2025-11-25;2;0.003
26;2025-11-25;3;0.01
26;2025-11-25;4;1.6
26;2025-11-25;5;87.126
26;2025-11-25;6;501.634
26;2025-11-25;7;1102.555
26;2025-11-25;8;2226.814
26;2025-11-25;9;1460.286
26;2025-11-25;10;1211.863
26;2025-11-25;11;1119.971
26;2025-11-25;12;1154.594
26;2025-11-25;13;1174.092
26;2025-11-25;14;1234.237
26;2025-11-25;15;1323.088
26;2025-11-25;16;1495.915
26;2025-11-25;17;1753.415
26;2025-11-25;18;1885.836
26;2025-11-25;19;1307.804
26;2025-11-25;20;760.123
26;2025-11-25;21;462.125
26;2025-11-25;22;206.927
26;2025-11-25;23;109.539
26;2025-11-26;0;30.688
26;2025-11-26;1;0.943
26;2025-11-26;2;0.003
26;2025-11-26;3;0.009
26;2025-11-26;4;2.027
26;2025-11-26;5;92.488
26;2025-11-26;6;504.293
26;2025-11-26;7;1113.194
26;2025-11-26;8;2218.225
26;2025-11-26;9;1488.672
26;2025-11-26;10;1239.985
26;2025-11-26;11;1120.533
26;2025-11-26;12;1190.006
26;2025-11-26;13;1210.801
26;2025-11-26;14;1331.813
26;2025-11-26;15;1368.443
26;2025-11-26;16;1505.372
26;2025-11-26;17;1708.285
26;2025-11-26;18;1868.242
26;2025-11-26;19;1265.479
26;2025-11-26;20;769.913
26;2025-11-26;21;493.811
26;2025-11-26;22;221.447
26;2025-11-26;23;124.537
26;2025-11-27;0;37.321
26;2025-11-27;1;0.896
26;2025-11-27;2;0.003
26;2025-11-27;3;0.01
26;2025-11-27;4;1.197
26;2025-11-27;5;88.142
26;2025-11-27;6;494.897
26;2025-11-27;7;1093.384
26;2025-11-27;8;2172.261
26;2025-11-27;9;1491.036
26;2025-11-27;10;1201.4
26;2025-11-27;11;1146.326
26;2025-11-27;12;1171.07
26;2025-11-27;13;1178.622
26;2025-11-27;14;1270.461
26;2025-11-27;15;1356.596
26;2025-11-27;16;1528.387
26;2025-11-27;17;1723.381
26;2025-11-27;18;1916.772
26;2025-11-27;19;1268.983
26;2025-11-27;20;752.589
26;2025-11-27;21;471.646
26;2025-11-27;22;224.137
26;2025-11-27;23;126.225
26;2025-11-28;0;33.929
26;2025-11-28;1;1.482
26;2025-11-28;2;0.004
26;2025-11-28;3;0.009
26;2025-11-28;4;1.09
26;2025-11-28;5;86.873
26;2025-11-28;6;497.477
26;2025-11-28;7;1051.943
26;2025-11-28;8;2064.441
26;2025-11-28;9;1390.972
26;2025-11-28;10;1209.758
26;2025-11-28;11;1090.084
26;2025-11-28;12;1145.577
26;2025-11-28;13;1198.427
26;2025-11-28;14;1277.616
26;2025-11-28;15;1392.121
26;2025-11-28;16;1641.09
26;2025-11-28;17;1728.817
26;2025-11-28;18;1425.117
26;2025-11-28;19;1075.493
26;2025-11-28;20;711.255
26;2025-11-28;21;451.061
26;2025-11-28;22;209.448
26;2025-11-28;23;150.26
26;2025-11-29;0;44.073
26;2025-11-29;1;1.741
26;2025-11-29;2;0.004
26;2025-11-29;3;0.007
26;2025-11-29;4;1.739
26;2025-11-29;5;44.089
26;2025-11-29;6;253.605
26;2025-11-29;7;369.968
26;2025-11-29;8;583.468
26;2025-11-29;9;692.379
26;2025-11-29;10;824.324
26;2025-11-29;11;1022.172
26;2025-11-29;12;1084.598
26;2025-11-29;13;1073.218
26;2025-11-29;14;1074.928
26;2025-11-29;15;1009.87
26;2025-11-29;16;1019.794
26;2025-11-29;17;959.564
26;2025-11-29;18;895.444
26;2025-11-29;19;790.991
26;2025-11-29;20;529.387
26;2025-11-29;21;349.986
26;2025-11-29;22;210.962
26;2025-11-29;23;141.709
26;2025-11-30;0;48.559
26;2025-11-30;1;4.605
26;2025-11-30;2;0.004
26;2025-11-30;3;0.008
26;2025-11-30;4;1.084
26;2025-11-30;5;25.505
26;2025-11-30;6;142.803
26;2025-11-30;7;252.746
26;2025-11-30;8;389.534
26;2025-11-30;9;516.768
26;2025-11-30;10;582.815
26;2025-11-30;11;792.866
26;2025-11-30;12;849.109
26;2025-11-30;13;882.987
26;2025-11-30;14;864.861
26;2025-11-30;15;796.154
26;2025-11-30;16;795.433
26;2025-11-30;17;800.255
26;2025-11-30;18;724.447
26;2025-11-30;19;537.82
26;2025-11-30;20;398.117
26;2025-11-30;21;276.675
26;2025-11-30;22;179.51
26;2025-11-30;23;98.946
26;2025-12-01;0;27.346
26;2025-12-01;1;1.854
26;2025-12-01;2;0.003
26;2025-12-01;3;0.01
26;2025-12-01;4;1.676
26;2025-12-01;5;88.59
26;2025-12-01;6;507.805
26;2025-12-01;7;1090.209
26;2025-12-01;8;2129.773
26;2025-12-01;9;1454.935
26;2025-12-01;10;1203.432
26;2025-12-01;11;1067.261
26;2025-12-01;12;1107.571
26;2025-12-01;13;1183.805
26;2025-12-01;14;1222.733
26;2025-12-01;15;1304.28
26;2025-12-01;16;1487.99
26;2025-12-01;17;1703.504
26;2025-12-01;18;1872.922
26;2025-12-01;19;1232.887
26;2025-12-01;20;750.924
26;2025-12-01;21;434.022
26;2025-12-01;22;197.067
26;2025-12-01;23;100.511
26;2025-12-02;0;30.053
26;2025-12-02;1;0.794
26;2025-12-02;2;0.002
26;2025-12-02;3;0.01
26;2025-12-02;4;1.594
26;2025-12-02;5;87.229
26;2025-12-02;6;502.482
26;2025-12-02;7;1104.408
26;2025-12-02;8;2229.194
26;2025-12-02;9;1462.386
26;2025-12-02;10;1211.09
26;2025-12-02;11;1120.041
26;2025-12-02;12;1154.839
26;2025-12-02;13;1175.085
26;2025-12-02;14;1230.322
26;2025-12-02;15;1321.409
26;2025-12-02;16;1494.384
26;2025-12-02;17;1753.932
26;2025-12-02;18;1887.77
26;2025-12-02;19;1309.967
26;2025-12-02;20;759.673
26;2025-12-02;21;460.059
26;2025-12-02;22;205.808
26;2025-12-02;23;109.226
26;2025-12-03;0;30.516
26;2025-12-03;1;0.948
26;2025-12-03;2;0.003
26;2025-12-03;3;0.008
26;2025-12-03;4;2.033
26;2025-12-03;5;92.565
26;2025-12-03;6;503.829
26;2025-12-03;7;1109.69
26;2025-12-03;8;2212.453
26;2025-12-03;9;1489.712
26;2025-12-03;10;1240.095
26;2025-12-03;11;1120.147
26;2025-12-03;12;1191.571
26;2025-12-03;13;1209.582
26;2025-12-03;14;1333.836
26;2025-12-03;15;1368.886
26;2025-12-03;16;1505.129
26;2025-12-03;17;1714.331
26;2025-12-03;18;1867.65
26;2025-12-03;19;1263.017
26;2025-12-03;20;768.183
26;2025-12-03;21;494.128
26;2025-12-03;22;218.662
26;2025-12-03;23;125.053
26;2025-12-04;0;37.182
26;2025-12-04;1;0.891
26;2025-12-04;2;0.003
26;2025-12-04;3;0.008
26;2025-12-04;4;1.206
26;2025-12-04;5;88.219
26;2025-12-04;6;494.563
26;2025-12-04;7;1086.924
26;2025-12-04;8;2162.121
26;2025-12-04;9;1489.551
26;2025-12-04;10;1200.856
26;2025-12-04;11;1145.813
26;2025-12-04;12;1174.071
26;2025-12-04;13;1177.558
26;2025-12-04;14;1269.8
26;2025-12-04;15;1355.457
26;2025-12-04;16;1526.631
26;2025-12-04;17;1722.219
26;2025-12-04;18;1913.991
26;2025-12-04;19;1268.336
26;2025-12-04;20;749.413
26;2025-12-04;21;471.926
26;2025-12-04;22;220.696
26;2025-12-04;23;125.957
26;2025-12-05;0;33.495
26;2025-12-05;1;1.488
26;2025-12-05;2;0.004
26;2025-12-05;3;0.008
26;2025-12-05;4;1.113
26;2025-12-05;5;87.015
26;2025-12-05;6;497.498
26;2025-12-05;7;1051.394
26;2025-12-05;8;2064.488
26;2025-12-05;9;1392.269
26;2025-12-05;10;1212.111
26;2025-12-05;11;1092.437
26;2025-12-05;12;1149.45
26;2025-12-05;13;1196.908
26;2025-12-05;14;1281.46
26;2025-12-05;15;1392.72
26;2025-12-05;16;1644.017
26;2025-12-05;17;1727.031
26;2025-12-05;18;1423.922
26;2025-12-05;19;1074.426
26;2025-12-05;20;710.515
26;2025-12-05;21;453.113
26;2025-12-05;22;206.277
26;2025-12-05;23;149.775
26;2025-12-06;0;43.628
26;2025-12-06;1;1.722
26;2025-12-06;2;0.004
26;2025-12-06;3;0.009
26;2025-12-06;4;1.745
26;2025-12-06;5;44.039
26;2025-12-06;6;251.187
26;2025-12-06;7;368.901
26;2025-12-06;8;590.397
26;2025-12-06;9;689.105
26;2025-12-06;10;818.979
26;2025-12-06;11;1026.939
26;2025-12-06;12;1087.46
26;2025-12-06;13;1069.533
26;2025-12-06;14;1076.729
26;2025-12-06;15;1010.595
26;2025-12-06;16;1023.771
26;2025-12-06;17;965.498
26;2025-12-06;18;901.257
26;2025-12-06;19;792.498
26;2025-12-06;20;529.808
26;2025-12-06;21;350.901
26;2025-12-06;22;208.702
26;2025-12-06;23;141.825
26;2025-12-07;0;48.717
26;2025-12-07;1;4.572
26;2025-12-07;2;0.004
26;2025-12-07;3;0.01
26;2025-12-07;4;1.115
26;2025-12-07;5;25.527
26;2025-12-07;6;141.488
26;2025-12-07;7;248.755
26;2025-12-07;8;385.117
26;2025-12-07;9;514.497
26;2025-12-07;10;585.207
26;2025-12-07;11;793.266
26;2025-12-07;12;856.266
26;2025-12-07;13;881.405
26;2025-12-07;14;866.973
26;2025-12-07;15;798.456
26;2025-12-07;16;799.61
26;2025-12-07;17;799.768
26;2025-12-07;18;722.504
26;2025-12-07;19;541.999
26;2025-12-07;20;397.25
26;2025-12-07;21;277.228
26;2025-12-07;22;176.992
26;2025-12-07;23;99.843
26;2025-12-08;0;27.594
26;2025-12-08;1;1.827
26;2025-12-08;2;0.003
26;2025-12-08;3;0.01
26;2025-12-08;4;1.661
26;2025-12-08;5;88.168
26;2025-12-08;6;506.327
26;2025-12-08;7;1083.699
26;2025-12-08;8;2122.148
26;2025-12-08;9;1448.427
26;2025-12-08;10;1200.288
26;2025-12-08;11;1064.687
26;2025-12-08;12;1107.464
26;2025-12-08;13;1182.047
26;2025-12-08;14;1219.205
26;2025-12-08;15;1302.422
26;2025-12-08;16;1484.783
26;2025-12-08;17;1699.744
26;2025-12-08;18;1869.843
26;2025-12-08;19;1227.783
26;2025-12-08;20;746.678
26;2025-12-08;21;433.295
26;2025-12-08;22;193.666
26;2025-12-08;23;100.955
26;2025-12-09;0;29.867
26;2025-12-09;1;0.796
26;2025-12-09;2;0.004
26;2025-12-09;3;0.007
26;2025-12-09;4;1.574
26;2025-12-09;5;86.864
26;2025-12-09;6;501.089
26;2025-12-09;7;1100.027
26;2025-12-09;8;2221.686
26;2025-12-09;9;1457.088
26;2025-12-09;10;1212.295
26;2025-12-09;11;1120.035
26;2025-12-09;12;1158.809
26;2025-12-09;13;1176.523
26;2025-12-09;14;1232.557
26;2025-12-09;15;1323.538
26;2025-12-09;16;1496.759
26;2025-12-09;17;1755.018
26;2025-12-09;18;1888.671
26;2025-12-09;19;1306.483
26;2025-12-09;20;757.907
26;2025-12-09;21;460.205
26;2025-12-09;22;202.177
26;2025-12-09;23;109.708
26;2025-12-10;0;31.097
26;2025-12-10;1;0.937
26;2025-12-10;2;0.004
26;2025-12-10;3;0.009
26;2025-12-10;4;2.03
26;2025-12-10;5;92.255
26;2025-12-10;6;504.189
26;2025-12-10;7;1111.608
26;2025-12-10;8;2214.934
26;2025-12-10;9;1487.97
26;2025-12-10;10;1241.295
26;2025-12-10;11;1121.705
26;2025-12-10;12;1195.134
26;2025-12-10;13;1213.661
26;2025-12-10;14;1332.95
26;2025-12-10;15;1368.815
26;2025-12-10;16;1506.918
26;2025-12-10;17;1712.699
26;2025-12-10;18;1874.277
26;2025-12-10;19;1266.035
26;2025-12-10;20;768.918
26;2025-12-10;21;492.63
26;2025-12-10;22;216.237
26;2025-12-10;23;124.461
26;2025-12-11;0;37.792
26;2025-12-11;1;0.889
26;2025-12-11;2;0.003
26;2025-12-11;3;0.009
26;2025-12-11;4;1.182
26;2025-12-11;5;87.879
26;2025-12-11;6;494.723
26;2025-12-11;7;1088.844
26;2025-12-11;8;2166.498
26;2025-12-11;9;1488.062
26;2025-12-11;10;1200.977
26;2025-12-11;11;1146.014
26;2025-12-11;12;1175.131
26;2025-12-11;13;1181.131
26;2025-12-11;14;1268.273
26;2025-12-11;15;1355.228
26;2025-12-11;16;1528.521
26;2025-12-11;17;1722.416
26;2025-12-11;18;1918.737
26;2025-12-11;19;1267.085
26;2025-12-11;20;749.736
26;2025-12-11;21;470.424
26;2025-12-11;22;218.399
26;2025-12-11;23;125.751
26;2025-12-12;0;34.132
26;2025-12-12;1;1.493
26;2025-12-12;2;0.004
26;2025-12-12;3;0.01
26;2025-12-12;4;1.1
26;2025-12-12;5;86.574
26;2025-12-12;6;496.374
26;2025-12-12;7;1049.624
26;2025-12-12;8;2058.522
26;2025-12-12;9;1387.245
26;2025-12-12;10;1210.472
26;2025-12-12;11;1090.87
26;2025-12-12;12;1149.035
26;2025-12-12;13;1201.027
26;2025-12-12;14;1277.303
26;2025-12-12;15;1390.844
26;2025-12-12;16;1641.175
26;2025-12-12;17;1724.052
26;2025-12-12;18;1422.371
26;2025-12-12;19;1075.14
26;2025-12-12;20;709.237
26;2025-12-12;21;451.752
26;2025-12-12;22;204.008
26;2025-12-12;23;149.681
26;2025-12-13;0;44.007
26;2025-12-13;1;1.751
26;2025-12-13;2;0.004
26;2025-12-13;3;0.011
26;2025-12-13;4;1.738
26;2025-12-13;5;43.668
26;2025-12-13;6;250.824
26;2025-12-13;7;368.961
26;2025-12-13;8;580.692
26;2025-12-13;9;682.309
26;2025-12-13;10;818.992
26;2025-12-13;11;1025.764
26;2025-12-13;12;1086.13
26;2025-12-13;13;1075.317
26;2025-12-13;14;1077.04
26;2025-12-13;15;1010.68
26;2025-12-13;16;1023.984
26;2025-12-13;17;961.275
26;2025-12-13;18;894.284
26;2025-12-13;19;788.718
26;2025-12-13;20;527.233
26;2025-12-13;21;349.945
26;2025-12-13;22;205.874
26;2025-12-13;23;141.477
26;2025-12-14;0;49.067
26;2025-12-14;1;4.536
26;2025-12-14;2;0.004
26;2025-12-14;3;0.01
26;2025-12-14;4;1.118
26;2025-12-14;5;25.611
26;2025-12-14;6;142.647
26;2025-12-14;7;252.66
26;2025-12-14;8;389.717
26;2025-12-14;9;516.513
26;2025-12-14;10;585.505
26;2025-12-14;11;798.564
26;2025-12-14;12;857.599
26;2025-12-14;13;889.921
26;2025-12-14;14;871.454
26;2025-12-14;15;800.215
26;2025-12-14;16;801.772
26;2025-12-14;17;804.729
26;2025-12-14;18;725.703
26;2025-12-14;19;541.228
26;2025-12-14;20;397.818
26;2025-12-14;21;277.251
26;2025-12-14;22;175.657
26;2025-12-14;23;99.256
26;2025-12-15;0;27.988
26;2025-12-15;1;1.844
26;2025-12-15;2;0.004
26;2025-12-15;3;0.008
26;2025-12-15;4;1.666
26;2025-12-15;5;88.307
26;2025-12-15;6;508.206
26;2025-12-15;7;1086.805
26;2025-12-15;8;2125.54
26;2025-12-15;9;1450.796
26;2025-12-15;10;1200.611
26;2025-12-15;11;1066.965
26;2025-12-15;12;1110.459
26;2025-12-15;13;1185.007
26;2025-12-15;14;1222.785
26;2025-12-15;15;1304.05
26;2025-12-15;16;1486.698
26;2025-12-15;17;1706.375
26;2025-12-15;18;1875.167
26;2025-12-15;19;1225.684
26;2025-12-15;20;748.03
26;2025-12-15;21;434.61
26;2025-12-15;22;192.593
26;2025-12-15;23;100.445
26;2025-12-16;0;30.002
26;2025-12-16;1;0.807
26;2025-12-16;2;0.004
26;2025-12-16;3;0.008
26;2025-12-16;4;1.592
26;2025-12-16;5;86.874
26;2025-12-16;6;501.836
26;2025-12-16;7;1100.15
26;2025-12-16;8;2220.352
26;2025-12-16;9;1456.632
26;2025-12-16;10;1212.057
26;2025-12-16;11;1118.98
26;2025-12-16;12;1158.741
26;2025-12-16;13;1175.111
26;2025-12-16;14;1232.756
26;2025-12-16;15;1321.477
26;2025-12-16;16;1494.57
26;2025-12-16;17;1755.479
26;2025-12-16;18;1888.581
26;2025-12-16;19;1301.603
26;2025-12-16;20;756.787
26;2025-12-16;21;460.54
26;2025-12-16;22;200.978
26;2025-12-16;23;109.137
26;2025-12-17;0;31.102
26;2025-12-17;1;0.951
26;2025-12-17;2;0.003
26;2025-12-17;3;0.01
26;2025-12-17;4;2.038
26;2025-12-17;5;92.305
26;2025-12-17;6;504.708
26;2025-12-17;7;1112.216
26;2025-12-17;8;2212.796
26;2025-12-17;9;1485.938
26;2025-12-17;10;1240.458
26;2025-12-17;11;1121.337
26;2025-12-17;12;1193.03
26;2025-12-17;13;1211.333
26;2025-12-17;14;1333.222
26;2025-12-17;15;1368.207
26;2025-12-17;16;1504.355
26;2025-12-17;17;1713.643
26;2025-12-17;18;1872.574
26;2025-12-17;19;1258.384
26;2025-12-17;20;766.853
26;2025-12-17;21;492.736
26;2025-12-17;22;214.323
26;2025-12-17;23;124.246
26;2025-12-18;0;37.481
26;2025-12-18;1;0.894
26;2025-12-18;2;0.003
26;2025-12-18;3;0.009
26;2025-12-18;4;1.206
26;2025-12-18;5;87.872
26;2025-12-18;6;495.406
26;2025-12-18;7;1089.614
26;2025-12-18;8;2162.402
26;2025-12-18;9;1486.708
26;2025-12-18;10;1199.923
26;2025-12-18;11;1144.598
26;2025-12-18;12;1174.145
26;2025-12-18;13;1177.871
26;2025-12-18;14;1268.144
26;2025-12-18;15;1355.319
26;2025-12-18;16;1533.053
26;2025-12-18;17;1724.826
26;2025-12-18;18;1917.655
26;2025-12-18;19;1261.941
26;2025-12-18;20;748.911
26;2025-12-18;21;469.536
26;2025-12-18;22;216.47
26;2025-12-18;23;125.839
26;2025-12-19;0;34.24
26;2025-12-19;1;1.498
26;2025-12-19;2;0.003
26;2025-12-19;3;0.01
26;2025-12-19;4;1.144
26;2025-12-19;5;86.378
26;2025-12-19;6;497.379
26;2025-12-19;7;1045.753
26;2025-12-19;8;2049.068
26;2025-12-19;9;1388.297
26;2025-12-19;10;1209.356
26;2025-12-19;11;1089.18
26;2025-12-19;12;1143.209
26;2025-12-19;13;1198.415
26;2025-12-19;14;1273.736
26;2025-12-19;15;1393.155
26;2025-12-19;16;1645.54
26;2025-12-19;17;1726.821
26;2025-12-19;18;1417.038
26;2025-12-19;19;1072.592
26;2025-12-19;20;708.421
26;2025-12-19;21;451.475
26;2025-12-19;22;201.94
26;2025-12-19;23;149.586
26;2025-12-20;0;45.067
26;2025-12-20;1;1.785
26;2025-12-20;2;0.004
26;2025-12-20;3;0.01
26;2025-12-20;4;1.798
26;2025-12-20;5;44.502
26;2025-12-20;6;258.024
26;2025-12-20;7;371.474
26;2025-12-20;8;588.555
26;2025-12-20;9;690.567
26;2025-12-20;10;822.54
26;2025-12-20;11;1032.225
26;2025-12-20;12;1093.839
26;2025-12-20;13;1084.592
26;2025-12-20;14;1085.837
26;2025-12-20;15;1027.624
26;2025-12-20;16;1035.93
26;2025-12-20;17;975.773
26;2025-12-20;18;897.876
26;2025-12-20;19;792.662
26;2025-12-20;20;530.015
26;2025-12-20;21;350.199
26;2025-12-20;22;205.719
26;2025-12-20;23;142.404
26;2025-12-21;0;48.745
26;2025-12-21;1;4.598
26;2025-12-21;2;0.003
26;2025-12-21;3;0.007
26;2025-12-21;4;1.139
26;2025-12-21;5;25.121
26;2025-12-21;6;143.423
26;2025-12-21;7;249.781
26;2025-12-21;8;383.453
26;2025-12-21;9;511.701
26;2025-12-21;10;576.003
26;2025-12-21;11;791.013
26;2025-12-21;12;849.411
26;2025-12-21;13;882.522
26;2025-12-21;14;868.846
26;2025-12-21;15;798.852
26;2025-12-21;16;800.193
26;2025-12-21;17;799.236
26;2025-12-21;18;716.926
26;2025-12-21;19;532.756
26;2025-12-21;20;392.945
26;2025-12-21;21;273.054
26;2025-12-21;22;173.669
26;2025-12-21;23;98.371
26;2025-12-22;0;27.803
26;2025-12-22;1;1.847
26;2025-12-22;2;0.004
26;2025-12-22;3;0.009
26;2025-12-22;4;1.693
26;2025-12-22;5;87.55
26;2025-12-22;6;506.737
26;2025-12-22;7;1081.779
26;2025-12-22;8;2117.575
26;2025-12-22;9;1446.525
26;2025-12-22;10;1199.797
26;2025-12-22;11;1067.341
26;2025-12-22;12;1111.349
26;2025-12-22;13;1188.499
26;2025-12-22;14;1223.145
26;2025-12-22;15;1306.174
26;2025-12-22;16;1489.594
26;2025-12-22;17;1702.12
26;2025-12-22;18;1868.427
26;2025-12-22;19;1219.505
26;2025-12-22;20;745.708
26;2025-12-22;21;430.816
26;2025-12-22;22;190.488
26;2025-12-22;23;99.719
26;2025-12-23;0;30.149
26;2025-12-23;1;0.796
26;2025-12-23;2;0.004
26;2025-12-23;3;0.012
26;2025-12-23;4;1.613
26;2025-12-23;5;86.171
26;2025-12-23;6;501.301
26;2025-12-23;7;1093.389
26;2025-12-23;8;2208.164
26;2025-12-23;9;1449.103
26;2025-12-23;10;1205.178
26;2025-12-23;11;1115.178
26;2025-12-23;12;1153.907
26;2025-12-23;13;1178.091
26;2025-12-23;14;1229.372
26;2025-12-23;15;1320.357
26;2025-12-23;16;1494.994
26;2025-12-23;17;1751.396
26;2025-12-23;18;1880.589
26;2025-12-23;19;1293.496
26;2025-12-23;20;754.169
26;2025-12-23;21;457.921
26;2025-12-23;22;198.361
26;2025-12-23;23;108.718
26;2025-12-24;0;31.473
26;2025-12-24;1;0.919
26;2025-12-24;2;0.004
26;2025-12-24;3;0.012
26;2025-12-24;4;2.057
26;2025-12-24;5;91.64
26;2025-12-24;6;504.562
26;2025-12-24;7;1104.245
26;2025-12-24;8;2201.136
26;2025-12-24;9;1478.279
26;2025-12-24;10;1234.038
26;2025-12-24;11;1116.034
26;2025-12-24;12;1187.419
26;2025-12-24;13;1213.82
26;2025-12-24;14;1324.553
26;2025-12-24;15;1365.763
26;2025-12-24;16;1505.195
26;2025-12-24;17;1711.656
26;2025-12-24;18;1863.669
26;2025-12-24;19;1254.124
26;2025-12-24;20;766.708
26;2025-12-24;21;489.37
26;2025-12-24;22;211.836
26;2025-12-24;23;123.782
26;2025-12-25;0;37.813
26;2025-12-25;1;0.873
26;2025-12-25;2;0.005
26;2025-12-25;3;0.01
26;2025-12-25;4;1.221
26;2025-12-25;5;87.171
26;2025-12-25;6;494.622
26;2025-12-25;7;1082.159
26;2025-12-25;8;2150.962
26;2025-12-25;9;1477.612
26;2025-12-25;10;1192.966
26;2025-12-25;11;1139.838
26;2025-12-25;12;1166.544
26;2025-12-25;13;1178.115
26;2025-12-25;14;1260.264
26;2025-12-25;15;1352.144
26;2025-12-25;16;1524.17
26;2025-12-25;17;1720.007
26;2025-12-25;18;1907.889
26;2025-12-25;19;1256.932
26;2025-12-25;20;745.39
26;2025-12-25;21;466.745
26;2025-12-25;22;213.987
26;2025-12-25;23;125.272
26;2025-12-26;0;34.285
26;2025-12-26;1;1.488
26;2025-12-26;2;0.004
26;2025-12-26;3;0.01
26;2025-12-26;4;1.144
26;2025-12-26;5;86.316
26;2025-12-26;6;497.58
26;2025-12-26;7;1044.174
26;2025-12-26;8;2048.025
26;2025-12-26;9;1383.467
26;2025-12-26;10;1204.146
26;2025-12-26;11;1086.88
26;2025-12-26;12;1141.01
26;2025-12-26;13;1198.051
26;2025-12-26;14;1267.214
26;2025-12-26;15;1385.151
26;2025-12-26;16;1639.54
26;2025-12-26;17;1725.336
26;2025-12-26;18;1418.857
26;2025-12-26;19;1067.916
26;2025-12-26;20;704.473
26;2025-12-26;21;450.691
26;2025-12-26;22;200.775
26;2025-12-26;23;148.63
26;2025-12-27;0;40.631
26;2025-12-27;1;1.586
26;2025-12-27;2;0.002
26;2025-12-27;3;0.009
26;2025-12-27;4;1.624
26;2025-12-27;5;40.169
26;2025-12-27;6;233.362
26;2025-12-27;7;342.52
26;2025-12-27;8;539.894
26;2025-12-27;9;636.195
26;2025-12-27;10;750.206
26;2025-12-27;11;930.601
26;2025-12-27;12;985.349
26;2025-12-27;13;976.523
26;2025-12-27;14;979.108
26;2025-12-27;15;927.564
26;2025-12-27;16;939.725
26;2025-12-27;17;884.284
26;2025-12-27;18;815.715
26;2025-12-27;19;714.305
26;2025-12-27;20;477.225
26;2025-12-27;21;315.46
26;2025-12-27;22;184.21
26;2025-12-27;23;127.271
26;2025-12-28;0;44.526
26;2025-12-28;1;4.097
26;2025-12-28;2;0.003
26;2025-12-28;3;0.009
26;2025-12-28;4;1.034
26;2025-12-28;5;23.353
26;2025-12-28;6;132.955
26;2025-12-28;7;228.435
26;2025-12-28;8;351.567
26;2025-12-28;9;468.068
26;2025-12-28;10;529.924
26;2025-12-28;11;727.187
26;2025-12-28;12;779.718
26;2025-12-28;13;806.815
26;2025-12-28;14;796.809
26;2025-12-28;15;730.982
26;2025-12-28;16;732.897
26;2025-12-28;17;731.758
26;2025-12-28;18;656.326
26;2025-12-28;19;485.534
26;2025-12-28;20;356.604
26;2025-12-28;21;250.075
26;2025-12-28;22;158.3
26;2025-12-28;23;89.034
26;2025-12-29;0;25.24
26;2025-12-29;1;1.703
26;2025-12-29;2;0.003
26;2025-12-29;3;0.01
26;2025-12-29;4;1.552
26;2025-12-29;5;80.754
26;2025-12-29;6;468.802
26;2025-12-29;7;998.861
26;2025-12-29;8;1952.498
26;2025-12-29;9;1331.175
26;2025-12-29;10;1104.65
26;2025-12-29;11;983.208
26;2025-12-29;12;1020.839
26;2025-12-29;13;1090.863
26;2025-12-29;14;1125.417
26;2025-12-29;15;1201.96
26;2025-12-29;16;1373.708
26;2025-12-29;17;1567.286
26;2025-12-29;18;1720.547
26;2025-12-29;19;1124.649
26;2025-12-29;20;686.799
26;2025-12-29;21;398.352
26;2025-12-29;22;175.354
26;2025-12-29;23;91.376
26;2025-12-30;0;27.605
26;2025-12-30;1;0.725
26;2025-12-30;2;0.004
26;2025-12-30;3;0.011
26;2025-12-30;4;1.475
26;2025-12-30;5;79.392
26;2025-12-30;6;464.763
26;2025-12-30;7;1011.76
26;2025-12-30;8;2043.496
26;2025-12-30;9;1336.36
26;2025-12-30;10;1114.368
26;2025-12-30;11;1030.719
26;2025-12-30;12;1064.137
26;2025-12-30;13;1082.844
26;2025-12-30;14;1130.175
26;2025-12-30;15;1220.206
26;2025-12-30;16;1384.845
26;2025-12-30;17;1618.389
26;2025-12-30;18;1735.658
26;2025-12-30;19;1195.537
26;2025-12-30;20;696.317
26;2025-12-30;21;422.044
26;2025-12-30;22;182.793
26;2025-12-30;23;99.799
26;2025-12-31;0;45.118
26;2025-12-31;1;3.803
26;2025-12-31;2;0.004
26;2025-12-31;3;0.01
26;2025-12-31;4;1.172
26;2025-12-31;5;35.172
26;2025-12-31;6;159.997
26;2025-12-31;7;269.604
26;2025-12-31;8;478.687
26;2025-12-31;9;502.226
26;2025-12-31;10;576.187
26;2025-12-31;11;726.134
26;2025-12-31;12;758.559
26;2025-12-31;13;807.595
26;2025-12-31;14;828.215
26;2025-12-31;15;756.654
26;2025-12-31;16;776.816
26;2025-12-31;17;772.581
26;2025-12-31;18;746.669
26;2025-12-31;19;579.831
26;2025-12-31;20;393.6
26;2025-12-31;21;294.121
26;2025-12-31;22;171.491
26;2025-12-31;23;95.631
28;2025-11-01;0;0.04
28;2025-11-01;1;0.015
28;2025-11-01;2;0.008
28;2025-11-01;3;0.006
28;2025-11-01;4;1.51
28;2025-11-01;5;71.872
28;2025-11-01;6;240.917
28;2025-11-01;7;679.643
28;2025-11-01;8;1065.348
28;2025-11-01;9;795.185
28;2025-11-01;10;661.606
28;2025-11-01;11;646.454
28;2025-11-01;12;800.17
28;2025-11-01;13;818.935
28;2025-11-01;14;825.749
28;2025-11-01;15;840.988
28;2025-11-01;16;985.907
28;2025-11-01;17;1013.016
28;2025-11-01;18;841.446
28;2025-11-01;19;649.382
28;2025-11-01;20;491.552
28;2025-11-01;21;372.431
28;2025-11-01;22;158.114
28;2025-11-01;23;17.901
28;2025-11-02;0;0.036
28;2025-11-02;1;0.012
28;2025-11-02;2;0.005
28;2025-11-02;3;0.003
28;2025-11-02;4;0.025
28;2025-11-02;5;28.311
28;2025-11-02;6;81.996
28;2025-11-02;7;141.647
28;2025-11-02;8;236.822
28;2025-11-02;9;319.202
28;2025-11-02;10;370.205
28;2025-11-02;11;406.156
28;2025-11-02;12;464.689
28;2025-11-02;13;524.705
28;2025-11-02;14;519.006
28;2025-11-02;15;519.092
28;2025-11-02;16;481.967
28;2025-11-02;17;492.986
28;2025-11-02;18;414.896
28;2025-11-02;19;353.451
28;2025-11-02;20;284.569
28;2025-11-02;21;236.704
28;2025-11-02;22;105.08
28;2025-11-02;23;10.5
28;2025-11-03;0;0.036
28;2025-11-03;1;0.008
28;2025-11-03;2;0.005
28;2025-11-03;3;0.005
28;2025-11-03;4;0.338
28;2025-11-03;5;29.327
28;2025-11-03;6;82.504
28;2025-11-03;7;147.073
28;2025-11-03;8;249.158
28;2025-11-03;9;332.256
28;2025-11-03;10;371.419
28;2025-11-03;11;388.663
28;2025-11-03;12;457.982
28;2025-11-03;13;505.649
28;2025-11-03;14;499.342
28;2025-11-03;15;494.649
28;2025-11-03;16;470.259
28;2025-11-03;17;491.81
28;2025-11-03;18;411.787
28;2025-11-03;19;353.961
28;2025-11-03;20;280.562
28;2025-11-03;21;236.484
28;2025-11-03;22;100.687
28;2025-11-03;23;10.089
28;2025-11-04;0;0.033
28;2025-11-04;1;0.009
28;2025-11-04;2;0.005
28;2025-11-04;3;0.004
28;2025-11-04;4;0.318
28;2025-11-04;5;28.587
28;2025-11-04;6;79.962
28;2025-11-04;7;146.256
28;2025-11-04;8;246.508
28;2025-11-04;9;328.387
28;2025-11-04;10;366.601
28;2025-11-04;11;382.599
28;2025-11-04;12;446.921
28;2025-11-04;13;500.909
28;2025-11-04;14;488.45
28;2025-11-04;15;485.927
28;2025-11-04;16;457.553
28;2025-11-04;17;482.041
28;2025-11-04;18;403.541
28;2025-11-04;19;348.498
28;2025-11-04;20;276.464
28;2025-11-04;21;234.067
28;2025-11-04;22;101.343
28;2025-11-04;23;9.892
28;2025-11-05;0;0.033
28;2025-11-05;1;0.007
28;2025-11-05;2;0.004
28;2025-11-05;3;0.002
28;2025-11-05;4;1.546
28;2025-11-05;5;85.657
28;2025-11-05;6;279.53
28;2025-11-05;7;805.851
28;2025-11-05;8;1253.605
28;2025-11-05;9;846.712
28;2025-11-05;10;629.761
28;2025-11-05;11;596.779
28;2025-11-05;12;709.64
28;2025-11-05;13;739.523
28;2025-11-05;14;661.97
28;2025-11-05;15;715.956
28;2025-11-05;16;911.11
28;2025-11-05;17;1001.224
28;2025-11-05;18;993.956
28;2025-11-05;19;735.821
28;2025-11-05;20;504.887
28;2025-11-05;21;327.643
28;2025-11-05;22;129.814
28;2025-11-05;23;13.864
28;2025-11-06;0;0.023
28;2025-11-06;1;0.007
28;2025-11-06;2;0.004
28;2025-11-06;3;0.003
28;2025-11-06;4;1.465
28;2025-11-06;5;81.023
28;2025-11-06;6;279.146
28;2025-11-06;7;838.551
28;2025-11-06;8;1315.698
28;2025-11-06;9;867.81
28;2025-11-06;10;635.335
28;2025-11-06;11;570.201
28;2025-11-06;12;714.933
28;2025-11-06;13;752.327
28;2025-11-06;14;678.869
28;2025-11-06;15;736.06
28;2025-11-06;16;896.934
28;2025-11-06;17;1052.896
28;2025-11-06;18;1049.534
28;2025-11-06;19;765.074
28;2025-11-06;20;539.153
28;2025-11-06;21;330.801
28;2025-11-06;22;138.2
28;2025-11-06;23;14.461
28;2025-11-07;0;0.021
28;2025-11-07;1;0.007
28;2025-11-07;2;0.003
28;2025-11-07;3;0.002
28;2025-11-07;4;1.757
28;2025-11-07;5;78.894
28;2025-11-07;6;267.249
28;2025-11-07;7;804.949
28;2025-11-07;8;1251.889
28;2025-11-07;9;827.143
28;2025-11-07;10;613.456
28;2025-11-07;11;579.296
28;2025-11-07;12;720.911
28;2025-11-07;13;726.083
28;2025-11-07;14;705.667
28;2025-11-07;15;753.849
28;2025-11-07;16;966.868
28;2025-11-07;17;1018.979
28;2025-11-07;18;874.294
28;2025-11-07;19;650.293
28;2025-11-07;20;479.716
28;2025-11-07;21;324.713
28;2025-11-07;22;134.865
28;2025-11-07;23;14.905
28;2025-11-08;0;0.06
28;2025-11-08;1;0.008
28;2025-11-08;2;0.003
28;2025-11-08;3;0.003
28;2025-11-08;4;0.794
28;2025-11-08;5;35.58
28;2025-11-08;6;99.315
28;2025-11-08;7;222.375
28;2025-11-08;8;377.829
28;2025-11-08;9;445.012
28;2025-11-08;10;457.395
28;2025-11-08;11;481.472
28;2025-11-08;12;569.295
28;2025-11-08;13;607.897
28;2025-11-08;14;597.67
28;2025-11-08;15;581.102
28;2025-11-08;16;553.393
28;2025-11-08;17;578.256
28;2025-11-08;18;499.53
28;2025-11-08;19;406.298
28;2025-11-08;20;305.202
28;2025-11-08;21;261.883
28;2025-11-08;22;122.419
28;2025-11-08;23;16.307
28;2025-11-09;0;0.026
28;2025-11-09;1;0.009
28;2025-11-09;2;0.004
28;2025-11-09;3;0.003
28;2025-11-09;4;0.019
28;2025-11-09;5;29.173
28;2025-11-09;6;83.508
28;2025-11-09;7;150.99
28;2025-11-09;8;254.494
28;2025-11-09;9;327.453
28;2025-11-09;10;369.806
28;2025-11-09;11;416.689
28;2025-11-09;12;467.195
28;2025-11-09;13;533.682
28;2025-11-09;14;515.226
28;2025-11-09;15;530.957
28;2025-11-09;16;487.962
28;2025-11-09;17;502.273
28;2025-11-09;18;433.622
28;2025-11-09;19;360.105
28;2025-11-09;20;291.762
28;2025-11-09;21;233.527
28;2025-11-09;22;104.291
28;2025-11-09;23;9.796
28;2025-11-10;0;0.023
28;2025-11-10;1;0.01
28;2025-11-10;2;0.004
28;2025-11-10;3;0.002
28;2025-11-10;4;1.542
28;2025-11-10;5;74.881
28;2025-11-10;6;264.487
28;2025-11-10;7;770.718
28;2025-11-10;8;1200.491
28;2025-11-10;9;828.386
28;2025-11-10;10;591.38
28;2025-11-10;11;516.275
28;2025-11-10;12;653.724
28;2025-11-10;13;662.846
28;2025-11-10;14;604.158
28;2025-11-10;15;639.793
28;2025-11-10;16;846.595
28;2025-11-10;17;943.23
28;2025-11-10;18;930.055
28;2025-11-10;19;691.5
28;2025-11-10;20;474.065
28;2025-11-10;21;291.351
28;2025-11-10;22;112.647
28;2025-11-10;23;9.951
28;2025-11-11;0;0.029
28;2025-11-11;1;0.01
28;2025-11-11;2;0.004
28;2025-11-11;3;0.003
28;2025-11-11;4;1.903
28;2025-11-11;5;75.972
28;2025-11-11;6;260.347
28;2025-11-11;7;810.964
28;2025-11-11;8;1243.84
28;2025-11-11;9;856.275
28;2025-11-11;10;661.89
28;2025-11-11;11;560.298
28;2025-11-11;12;676.204
28;2025-11-11;13;728.869
28;2025-11-11;14;659.45
28;2025-11-11;15;687.444
28;2025-11-11;16;825.24
28;2025-11-11;17;986.053
28;2025-11-11;18;937.121
28;2025-11-11;19;710.222
28;2025-11-11;20;504.929
28;2025-11-11;21;309.448
28;2025-11-11;22;118.152
28;2025-11-11;23;13.384
28;2025-11-12;0;0.032
28;2025-11-12;1;0.01
28;2025-11-12;2;0.005
28;2025-11-12;3;0.003
28;2025-11-12;4;1.722
28;2025-11-12;5;85.791
28;2025-11-12;6;280.189
28;2025-11-12;7;808.102
28;2025-11-12;8;1263.461
28;2025-11-12;9;859.569
28;2025-11-12;10;645.103
28;2025-11-12;11;602.415
28;2025-11-12;12;715.344
28;2025-11-12;13;758.429
28;2025-11-12;14;671.689
28;2025-11-12;15;727.064
28;2025-11-12;16;923.752
28;2025-11-12;17;1016.145
28;2025-11-12;18;1001.794
28;2025-11-12;19;744.684
28;2025-11-12;20;509.655
28;2025-11-12;21;331.186
28;2025-11-12;22;129.626
28;2025-11-12;23;13.976
28;2025-11-13;0;0.029
28;2025-11-13;1;0.006
28;2025-11-13;2;0.003
28;2025-11-13;3;0.003
28;2025-11-13;4;1.434
28;2025-11-13;5;81.251
28;2025-11-13;6;278.773
28;2025-11-13;7;839.306
28;2025-11-13;8;1315.755
28;2025-11-13;9;875.437
28;2025-11-13;10;647.198
28;2025-11-13;11;573.704
28;2025-11-13;12;717.973
28;2025-11-13;13;764.451
28;2025-11-13;14;683.973
28;2025-11-13;15;744.863
28;2025-11-13;16;906.167
28;2025-11-13;17;1061.77
28;2025-11-13;18;1049.374
28;2025-11-13;19;772.059
28;2025-11-13;20;540.882
28;2025-11-13;21;331.749
28;2025-11-13;22;137.008
28;2025-11-13;23;14.724
28;2025-11-14;0;0.025
28;2025-11-14;1;0.008
28;2025-11-14;2;0.002
28;2025-11-14;3;0.002
28;2025-11-14;4;1.523
28;2025-11-14;5;79.67
28;2025-11-14;6;267.89
28;2025-11-14;7;806.642
28;2025-11-14;8;1253.635
28;2025-11-14;9;835.035
28;2025-11-14;10;626.131
28;2025-11-14;11;584.842
28;2025-11-14;12;725.881
28;2025-11-14;13;735.83
28;2025-11-14;14;712.933
28;2025-11-14;15;763.484
28;2025-11-14;16;975.216
28;2025-11-14;17;1030.037
28;2025-11-14;18;878.041
28;2025-11-14;19;660.722
28;2025-11-14;20;479.558
28;2025-11-14;21;326.311
28;2025-11-14;22;134.432
28;2025-11-14;23;15.307
28;2025-11-15;0;0.068
28;2025-11-15;1;0.007
28;2025-11-15;2;0.003
28;2025-11-15;3;0.002
28;2025-11-15;4;0.847
28;2025-11-15;5;35.938
28;2025-11-15;6;99.02
28;2025-11-15;7;224.49
28;2025-11-15;8;376.431
28;2025-11-15;9;451.681
28;2025-11-15;10;466.299
28;2025-11-15;11;486.061
28;2025-11-15;12;574.115
28;2025-11-15;13;620.759
28;2025-11-15;14;602.461
28;2025-11-15;15;588.07
28;2025-11-15;16;561.794
28;2025-11-15;17;581.695
28;2025-11-15;18;495.327
28;2025-11-15;19;411.645
28;2025-11-15;20;300.812
28;2025-11-15;21;260.581
28;2025-11-15;22;121.181
28;2025-11-15;23;16.629
28;2025-11-16;0;0.03
28;2025-11-16;1;0.006
28;2025-11-16;2;0.002
28;2025-11-16;3;0.003
28;2025-11-16;4;0.045
28;2025-11-16;5;29.363
28;2025-11-16;6;82.98
28;2025-11-16;7;152.609
28;2025-11-16;8;255.278
28;2025-11-16;9;329.852
28;2025-11-16;10;376.801
28;2025-11-16;11;417.329
28;2025-11-16;12;466.698
28;2025-11-16;13;547.307
28;2025-11-16;14;518.286
28;2025-11-16;15;532.124
28;2025-11-16;16;493.503
28;2025-11-16;17;506.3
28;2025-11-16;18;434.896
28;2025-11-16;19;364.317
28;2025-11-16;20;289.176
28;2025-11-16;21;233.432
28;2025-11-16;22;103.512
28;2025-11-16;23;9.994
28;2025-11-17;0;0.019
28;2025-11-17;1;0.008
28;2025-11-17;2;0.003
28;2025-11-17;3;0.001
28;2025-11-17;4;1.581
28;2025-11-17;5;75.123
28;2025-11-17;6;262.658
28;2025-11-17;7;775.916
28;2025-11-17;8;1209.28
28;2025-11-17;9;832.275
28;2025-11-17;10;593.601
28;2025-11-17;11;516.858
28;2025-11-17;12;655.06
28;2025-11-17;13;667.184
28;2025-11-17;14;606.651
28;2025-11-17;15;641.872
28;2025-11-17;16;852.128
28;2025-11-17;17;944.322
28;2025-11-17;18;935.931
28;2025-11-17;19;697.404
28;2025-11-17;20;473.009
28;2025-11-17;21;288.619
28;2025-11-17;22;111.195
28;2025-11-17;23;9.814
28;2025-11-18;0;0.022
28;2025-11-18;1;0.008
28;2025-11-18;2;0.002
28;2025-11-18;3;0.001
28;2025-11-18;4;1.674
28;2025-11-18;5;76.334
28;2025-11-18;6;260.239
28;2025-11-18;7;817.462
28;2025-11-18;8;1258.938
28;2025-11-18;9;860.934
28;2025-11-18;10;666.393
28;2025-11-18;11;563.025
28;2025-11-18;12;678.58
28;2025-11-18;13;730.845
28;2025-11-18;14;664.725
28;2025-11-18;15;689.468
28;2025-11-18;16;833.32
28;2025-11-18;17;991.037
28;2025-11-18;18;945.485
28;2025-11-18;19;717.07
28;2025-11-18;20;507.09
28;2025-11-18;21;307.546
28;2025-11-18;22;117.626
28;2025-11-18;23;13.281
28;2025-11-19;0;0.024
28;2025-11-19;1;0.008
28;2025-11-19;2;0.002
28;2025-11-19;3;0.002
28;2025-11-19;4;1.891
28;2025-11-19;5;86.25
28;2025-11-19;6;279.708
28;2025-11-19;7;813.813
28;2025-11-19;8;1278.017
28;2025-11-19;9;862.931
28;2025-11-19;10;648.362
28;2025-11-19;11;609.858
28;2025-11-19;12;718.303
28;2025-11-19;13;756.814
28;2025-11-19;14;680.579
28;2025-11-19;15;731.007
28;2025-11-19;16;930.086
28;2025-11-19;17;1022.127
28;2025-11-19;18;1012.52
28;2025-11-19;19;749.407
28;2025-11-19;20;512.457
28;2025-11-19;21;330.231
28;2025-11-19;22;129.647
28;2025-11-19;23;13.7
28;2025-11-20;0;0.025
28;2025-11-20;1;0.006
28;2025-11-20;2;0.002
28;2025-11-20;3;0.002
28;2025-11-20;4;1.717
28;2025-11-20;5;81.412
28;2025-11-20;6;277.983
28;2025-11-20;7;844.564
28;2025-11-20;8;1327.886
28;2025-11-20;9;878.614
28;2025-11-20;10;647.236
28;2025-11-20;11;578.32
28;2025-11-20;12;719.839
28;2025-11-20;13;761.255
28;2025-11-20;14;689.623
28;2025-11-20;15;745.197
28;2025-11-20;16;912.117
28;2025-11-20;17;1066.254
28;2025-11-20;18;1061.212
28;2025-11-20;19;774.056
28;2025-11-20;20;542.345
28;2025-11-20;21;330.512
28;2025-11-20;22;136.698
28;2025-11-20;23;14.317
28;2025-11-21;0;0.025
28;2025-11-21;1;0.007
28;2025-11-21;2;0.003
28;2025-11-21;3;0.002
28;2025-11-21;4;1.567
28;2025-11-21;5;79.162
28;2025-11-21;6;266.1
28;2025-11-21;7;810.684
28;2025-11-21;8;1255.983
28;2025-11-21;9;833.895
28;2025-11-21;10;623.983
28;2025-11-21;11;584.179
28;2025-11-21;12;722.61
28;2025-11-21;13;734.463
28;2025-11-21;14;715.891
28;2025-11-21;15;762.62
28;2025-11-21;16;982.251
28;2025-11-21;17;1029.264
28;2025-11-21;18;872.655
28;2025-11-21;19;652.467
28;2025-11-21;20;478.324
28;2025-11-21;21;323.931
28;2025-11-21;22;133.719
28;2025-11-21;23;14.799
28;2025-11-22;0;0.057
28;2025-11-22;1;0.007
28;2025-11-22;2;0.003
28;2025-11-22;3;0.002
28;2025-11-22;4;0.772
28;2025-11-22;5;35.109
28;2025-11-22;6;98.388
28;2025-11-22;7;219.321
28;2025-11-22;8;374.425
28;2025-11-22;9;451.936
28;2025-11-22;10;470.324
28;2025-11-22;11;490.473
28;2025-11-22;12;577.286
28;2025-11-22;13;626.609
28;2025-11-22;14;612.817
28;2025-11-22;15;588.464
28;2025-11-22;16;562.43
28;2025-11-22;17;585.197
28;2025-11-22;18;495.567
28;2025-11-22;19;409.281
28;2025-11-22;20;300.113
28;2025-11-22;21;262.156
28;2025-11-22;22;122.611
28;2025-11-22;23;16.411
28;2025-11-23;0;0.021
28;2025-11-23;1;0.006
28;2025-11-23;2;0.002
28;2025-11-23;3;0.002
28;2025-11-23;4;0.198
28;2025-11-23;5;28.971
28;2025-11-23;6;83.496
28;2025-11-23;7;153.332
28;2025-11-23;8;256.607
28;2025-11-23;9;333.175
28;2025-11-23;10;379.718
28;2025-11-23;11;423.245
28;2025-11-23;12;471.78
28;2025-11-23;13;550.096
28;2025-11-23;14;525.397
28;2025-11-23;15;534.189
28;2025-11-23;16;498.91
28;2025-11-23;17;511.148
28;2025-11-23;18;435.626
28;2025-11-23;19;363.453
28;2025-11-23;20;287.226
28;2025-11-23;21;232.907
28;2025-11-23;22;104.047
28;2025-11-23;23;9.944
28;2025-11-24;0;0.02
28;2025-11-24;1;0.007
28;2025-11-24;2;0.002
28;2025-11-24;3;0.002
28;2025-11-24;4;1.906
28;2025-11-24;5;74.824
28;2025-11-24;6;262.009
28;2025-11-24;7;771.643
28;2025-11-24;8;1202.701
28;2025-11-24;9;828.157
28;2025-11-24;10;593.383
28;2025-11-24;11;518.717
28;2025-11-24;12;654.214
28;2025-11-24;13;665.841
28;2025-11-24;14;608.928
28;2025-11-24;15;642.624
28;2025-11-24;16;850.471
28;2025-11-24;17;943.499
28;2025-11-24;18;931.461
28;2025-11-24;19;694.339
28;2025-11-24;20;472.264
28;2025-11-24;21;289.039
28;2025-11-24;22;111.384
28;2025-11-24;23;9.884
28;2025-11-25;0;0.023
28;2025-11-25;1;0.008
28;2025-11-25;2;0.003
28;2025-11-25;3;0.002
28;2025-11-25;4;1.792
28;2025-11-25;5;76.185
28;2025-11-25;6;260.168
28;2025-11-25;7;815.79
28;2025-11-25;8;1254.63
28;2025-11-25;9;859.329
28;2025-11-25;10;666.775
28;2025-11-25;11;564.349
28;2025-11-25;12;678.858
28;2025-11-25;13;730.284
28;2025-11-25;14;666.623
28;2025-11-25;15;691.19
28;2025-11-25;16;831.83
28;2025-11-25;17;990.955
28;2025-11-25;18;944.086
28;2025-11-25;19;715.582
28;2025-11-25;20;505.866
28;2025-11-25;21;307.872
28;2025-11-25;22;117.696
28;2025-11-25;23;13.333
28;2025-11-26;0;0.022
28;2025-11-26;1;0.006
28;2025-11-26;2;0.003
28;2025-11-26;3;0.001
28;2025-11-26;4;1.668
28;2025-11-26;5;85.946
28;2025-11-26;6;280.201
28;2025-11-26;7;815.214
28;2025-11-26;8;1275.871
28;2025-11-26;9;863.611
28;2025-11-26;10;648.438
28;2025-11-26;11;608.617
28;2025-11-26;12;717.791
28;2025-11-26;13;756.155
28;2025-11-26;14;680.844
28;2025-11-26;15;730.72
28;2025-11-26;16;929.94
28;2025-11-26;17;1020.265
28;2025-11-26;18;1011.35
28;2025-11-26;19;749.19
28;2025-11-26;20;511.865
28;2025-11-26;21;329.439
28;2025-11-26;22;129.186
28;2025-11-26;23;13.782
28;2025-11-27;0;0.027
28;2025-11-27;1;0.006
28;2025-11-27;2;0.003
28;2025-11-27;3;0.002
28;2025-11-27;4;1.872
28;2025-11-27;5;81.326
28;2025-11-27;6;278.474
28;2025-11-27;7;845.81
28;2025-11-27;8;1330.001
28;2025-11-27;9;878.381
28;2025-11-27;10;647.149
28;2025-11-27;11;577.506
28;2025-11-27;12;718.441
28;2025-11-27;13;760.69
28;2025-11-27;14;690.019
28;2025-11-27;15;746.139
28;2025-11-27;16;911.207
28;2025-11-27;17;1065.409
28;2025-11-27;18;1060.199
28;2025-11-27;19;773.869
28;2025-11-27;20;541.905
28;2025-11-27;21;329.789
28;2025-11-27;22;135.778
28;2025-11-27;23;14.311
28;2025-11-28;0;0.025
28;2025-11-28;1;0.009
28;2025-11-28;2;0.003
28;2025-11-28;3;0.002
28;2025-11-28;4;1.912
28;2025-11-28;5;79.09
28;2025-11-28;6;266.625
28;2025-11-28;7;809.024
28;2025-11-28;8;1258.08
28;2025-11-28;9;835.028
28;2025-11-28;10;625.836
28;2025-11-28;11;584.503
28;2025-11-28;12;722.853
28;2025-11-28;13;735.755
28;2025-11-28;14;717.864
28;2025-11-28;15;764.145
28;2025-11-28;16;981.59
28;2025-11-28;17;1029.988
28;2025-11-28;18;873.642
28;2025-11-28;19;655.326
28;2025-11-28;20;479.618
28;2025-11-28;21;323.869
28;2025-11-28;22;132.827
28;2025-11-28;23;14.796
28;2025-11-29;0;0.061
28;2025-11-29;1;0.007
28;2025-11-29;2;0.001
28;2025-11-29;3;0.002
28;2025-11-29;4;0.807
28;2025-11-29;5;35.119
28;2025-11-29;6;98.774
28;2025-11-29;7;220.277
28;2025-11-29;8;377.083
28;2025-11-29;9;456.198
28;2025-11-29;10;472.682
28;2025-11-29;11;492.144
28;2025-11-29;12;580.844
28;2025-11-29;13;631.914
28;2025-11-29;14;616.637
28;2025-11-29;15;592.924
28;2025-11-29;16;565.729
28;2025-11-29;17;586.633
28;2025-11-29;18;496.688
28;2025-11-29;19;409.349
28;2025-11-29;20;298.832
28;2025-11-29;21;261.835
28;2025-11-29;22;122.317
28;2025-11-29;23;16.453
28;2025-11-30;0;0.022
28;2025-11-30;1;0.008
28;2025-11-30;2;0.002
28;2025-11-30;3;0.002
28;2025-11-30;4;0.045
28;2025-11-30;5;29.019
28;2025-11-30;6;84.064
28;2025-11-30;7;155.026
28;2025-11-30;8;261.565
28;2025-11-30;9;333.425
28;2025-11-30;10;379.018
28;2025-11-30;11;421.284
28;2025-11-30;12;471.475
28;2025-11-30;13;549.398
28;2025-11-30;14;524.014
28;2025-11-30;15;532.507
28;2025-11-30;16;499.611
28;2025-11-30;17;509.837
28;2025-11-30;18;435.056
28;2025-11-30;19;363.534
28;2025-11-30;20;286.192
28;2025-11-30;21;230.943
28;2025-11-30;22;103.098
28;2025-11-30;23;9.869
28;2025-12-01;0;0.026
28;2025-12-01;1;0.007
28;2025-12-01;2;0.003
28;2025-12-01;3;0.002
28;2025-12-01;4;1.98
28;2025-12-01;5;75.262
28;2025-12-01;6;263.6
28;2025-12-01;7;774.814
28;2025-12-01;8;1206.474
28;2025-12-01;9;831.785
28;2025-12-01;10;595.875
28;2025-12-01;11;519.523
28;2025-12-01;12;656.854
28;2025-12-01;13;667.124
28;2025-12-01;14;609.927
28;2025-12-01;15;642.048
28;2025-12-01;16;849.934
28;2025-12-01;17;946.429
28;2025-12-01;18;936.732
28;2025-12-01;19;696.362
28;2025-12-01;20;473.792
28;2025-12-01;21;288.356
28;2025-12-01;22;110.855
28;2025-12-01;23;9.827
28;2025-12-02;0;0.025
28;2025-12-02;1;0.008
28;2025-12-02;2;0.002
28;2025-12-02;3;0.002
28;2025-12-02;4;2.024
28;2025-12-02;5;76.208
28;2025-12-02;6;261.32
28;2025-12-02;7;817.036
28;2025-12-02;8;1256.62
28;2025-12-02;9;861.861
28;2025-12-02;10;668.748
28;2025-12-02;11;565.289
28;2025-12-02;12;678.841
28;2025-12-02;13;729.555
28;2025-12-02;14;665.525
28;2025-12-02;15;688.641
28;2025-12-02;16;828.495
28;2025-12-02;17;991.877
28;2025-12-02;18;945.528
28;2025-12-02;19;714.617
28;2025-12-02;20;505.081
28;2025-12-02;21;307.383
28;2025-12-02;22;117.657
28;2025-12-02;23;13.153
28;2025-12-03;0;0.023
28;2025-12-03;1;0.01
28;2025-12-03;2;0.003
28;2025-12-03;3;0.002
28;2025-12-03;4;1.654
28;2025-12-03;5;86.044
28;2025-12-03;6;280.589
28;2025-12-03;7;810.001
28;2025-12-03;8;1268.861
28;2025-12-03;9;862.095
28;2025-12-03;10;649.596
28;2025-12-03;11;608.847
28;2025-12-03;12;717.19
28;2025-12-03;13;754.569
28;2025-12-03;14;680.575
28;2025-12-03;15;728.465
28;2025-12-03;16;926.823
28;2025-12-03;17;1022.327
28;2025-12-03;18;1012.627
28;2025-12-03;19;746.574
28;2025-12-03;20;511.499
28;2025-12-03;21;329.042
28;2025-12-03;22;128.461
28;2025-12-03;23;13.501
28;2025-12-04;0;0.024
28;2025-12-04;1;0.009
28;2025-12-04;2;0.003
28;2025-12-04;3;0.001
28;2025-12-04;4;1.543
28;2025-12-04;5;81.214
28;2025-12-04;6;278.262
28;2025-12-04;7;839.458
28;2025-12-04;8;1319.477
28;2025-12-04;9;876.254
28;2025-12-04;10;648.548
28;2025-12-04;11;577.065
28;2025-12-04;12;718.423
28;2025-12-04;13;759.621
28;2025-12-04;14;689.02
28;2025-12-04;15;743.524
28;2025-12-04;16;906.731
28;2025-12-04;17;1065.953
28;2025-12-04;18;1060.681
28;2025-12-04;19;771.297
28;2025-12-04;20;541.239
28;2025-12-04;21;329.155
28;2025-12-04;22;135.409
28;2025-12-04;23;14.148
28;2025-12-05;0;0.025
28;2025-12-05;1;0.008
28;2025-12-05;2;0.002
28;2025-12-05;3;0.002
28;2025-12-05;4;1.897
28;2025-12-05;5;79.201
28;2025-12-05;6;266.432
28;2025-12-05;7;805.042
28;2025-12-05;8;1251.738
28;2025-12-05;9;833.791
28;2025-12-05;10;626.698
28;2025-12-05;11;584.926
28;2025-12-05;12;722.724
28;2025-12-05;13;735.352
28;2025-12-05;14;715.528
28;2025-12-05;15;762.582
28;2025-12-05;16;976.142
28;2025-12-05;17;1031.242
28;2025-12-05;18;877.522
28;2025-12-05;19;656.855
28;2025-12-05;20;480.199
28;2025-12-05;21;323.628
28;2025-12-05;22;132.684
28;2025-12-05;23;14.683
28;2025-12-06;0;0.064
28;2025-12-06;1;0.009
28;2025-12-06;2;0.002
28;2025-12-06;3;0.002
28;2025-12-06;4;0.983
28;2025-12-06;5;35.057
28;2025-12-06;6;97.943
28;2025-12-06;7;217.522
28;2025-12-06;8;375.985
28;2025-12-06;9;456.739
28;2025-12-06;10;473.352
28;2025-12-06;11;493.299
28;2025-12-06;12;581.902
28;2025-12-06;13;632.729
28;2025-12-06;14;619.052
28;2025-12-06;15;596.818
28;2025-12-06;16;567.223
28;2025-12-06;17;590.752
28;2025-12-06;18;499.823
28;2025-12-06;19;410.221
28;2025-12-06;20;300.42
28;2025-12-06;21;261.975
28;2025-12-06;22;122.422
28;2025-12-06;23;16.515
28;2025-12-07;0;0.027
28;2025-12-07;1;0.008
28;2025-12-07;2;0.003
28;2025-12-07;3;0.002
28;2025-12-07;4;0.019
28;2025-12-07;5;28.92
28;2025-12-07;6;83.254
28;2025-12-07;7;152.505
28;2025-12-07;8;257.022
28;2025-12-07;9;333.191
28;2025-12-07;10;381.961
28;2025-12-07;11;425.167
28;2025-12-07;12;474.841
28;2025-12-07;13;553.916
28;2025-12-07;14;528.484
28;2025-12-07;15;536.962
28;2025-12-07;16;499.998
28;2025-12-07;17;511.357
28;2025-12-07;18;434.39
28;2025-12-07;19;362.14
28;2025-12-07;20;286.508
28;2025-12-07;21;232.573
28;2025-12-07;22;103.85
28;2025-12-07;23;9.965
28;2025-12-08;0;0.019
28;2025-12-08;1;0.007
28;2025-12-08;2;0.003
28;2025-12-08;3;0.002
28;2025-12-08;4;1.617
28;2025-12-08;5;74.838
28;2025-12-08;6;262.601
28;2025-12-08;7;768.797
28;2025-12-08;8;1201.594
28;2025-12-08;9;827.86
28;2025-12-08;10;594.517
28;2025-12-08;11;516.937
28;2025-12-08;12;652.89
28;2025-12-08;13;663.603
28;2025-12-08;14;609.485
28;2025-12-08;15;640.527
28;2025-12-08;16;845.823
28;2025-12-08;17;941.954
28;2025-12-08;18;933.426
28;2025-12-08;19;692.681
28;2025-12-08;20;470.426
28;2025-12-08;21;286.725
28;2025-12-08;22;110.015
28;2025-12-08;23;9.77
28;2025-12-09;0;0.02
28;2025-12-09;1;0.008
28;2025-12-09;2;0.002
28;2025-12-09;3;0.001
28;2025-12-09;4;1.951
28;2025-12-09;5;75.963
28;2025-12-09;6;259.834
28;2025-12-09;7;811.533
28;2025-12-09;8;1250.8
28;2025-12-09;9;857.936
28;2025-12-09;10;667.289
28;2025-12-09;11;563.563
28;2025-12-09;12;677.929
28;2025-12-09;13;730.44
28;2025-12-09;14;666.304
28;2025-12-09;15;689.633
28;2025-12-09;16;826.478
28;2025-12-09;17;988.961
28;2025-12-09;18;944.771
28;2025-12-09;19;713.261
28;2025-12-09;20;504.806
28;2025-12-09;21;305.613
28;2025-12-09;22;116.13
28;2025-12-09;23;13.182
28;2025-12-10;0;0.023
28;2025-12-10;1;0.009
28;2025-12-10;2;0.002
28;2025-12-10;3;0.002
28;2025-12-10;4;1.829
28;2025-12-10;5;85.852
28;2025-12-10;6;279.947
28;2025-12-10;7;809.617
28;2025-12-10;8;1270.966
28;2025-12-10;9;861.563
28;2025-12-10;10;649.069
28;2025-12-10;11;608.163
28;2025-12-10;12;716.96
28;2025-12-10;13;756.622
28;2025-12-10;14;680.552
28;2025-12-10;15;727.865
28;2025-12-10;16;924.872
28;2025-12-10;17;1021.304
28;2025-12-10;18;1013.96
28;2025-12-10;19;748.405
28;2025-12-10;20;510.946
28;2025-12-10;21;328.314
28;2025-12-10;22;127.873
28;2025-12-10;23;13.646
28;2025-12-11;0;0.026
28;2025-12-11;1;0.009
28;2025-12-11;2;0.003
28;2025-12-11;3;0.002
28;2025-12-11;4;1.447
28;2025-12-11;5;81.054
28;2025-12-11;6;277.626
28;2025-12-11;7;840.036
28;2025-12-11;8;1323.339
28;2025-12-11;9;875.604
28;2025-12-11;10;647.197
28;2025-12-11;11;577.334
28;2025-12-11;12;717.186
28;2025-12-11;13;760.007
28;2025-12-11;14;690.16
28;2025-12-11;15;744.323
28;2025-12-11;16;904.587
28;2025-12-11;17;1064.615
28;2025-12-11;18;1061.598
28;2025-12-11;19;772.351
28;2025-12-11;20;540.395
28;2025-12-11;21;328.57
28;2025-12-11;22;134.953
28;2025-12-11;23;14.223
28;2025-12-12;0;0.023
28;2025-12-12;1;0.009
28;2025-12-12;2;0.004
28;2025-12-12;3;0.002
28;2025-12-12;4;1.535
28;2025-12-12;5;78.931
28;2025-12-12;6;265.369
28;2025-12-12;7;803.304
28;2025-12-12;8;1250.911
28;2025-12-12;9;830.996
28;2025-12-12;10;624.57
28;2025-12-12;11;584.683
28;2025-12-12;12;720.589
28;2025-12-12;13;734.905
28;2025-12-12;14;715.508
28;2025-12-12;15;760.814
28;2025-12-12;16;974.756
28;2025-12-12;17;1027.254
28;2025-12-12;18;876.975
28;2025-12-12;19;655.593
28;2025-12-12;20;478.189
28;2025-12-12;21;322.403
28;2025-12-12;22;132.267
28;2025-12-12;23;14.662
28;2025-12-13;0;0.063
28;2025-12-13;1;0.009
28;2025-12-13;2;0.004
28;2025-12-13;3;0.002
28;2025-12-13;4;0.905
28;2025-12-13;5;34.657
28;2025-12-13;6;97.002
28;2025-12-13;7;216.508
28;2025-12-13;8;373.414
28;2025-12-13;9;451.228
28;2025-12-13;10;469.522
28;2025-12-13;11;492.221
28;2025-12-13;12;580.65
28;2025-12-13;13;633.043
28;2025-12-13;14;618.324
28;2025-12-13;15;594.986
28;2025-12-13;16;564.794
28;2025-12-13;17;587.518
28;2025-12-13;18;495.892
28;2025-12-13;19;407.484
28;2025-12-13;20;298.258
28;2025-12-13;21;260.992
28;2025-12-13;22;122.039
28;2025-12-13;23;16.361
28;2025-12-14;0;0.023
28;2025-12-14;1;0.009
28;2025-12-14;2;0.003
28;2025-12-14;3;0.003
28;2025-12-14;4;0.069
28;2025-12-14;5;28.744
28;2025-12-14;6;83.062
28;2025-12-14;7;152.909
28;2025-12-14;8;257.435
28;2025-12-14;9;331.693
28;2025-12-14;10;379.377
28;2025-12-14;11;424.022
28;2025-12-14;12;472.561
28;2025-12-14;13;552.499
28;2025-12-14;14;524.471
28;2025-12-14;15;534.094
28;2025-12-14;16;497.403
28;2025-12-14;17;511.014
28;2025-12-14;18;434.229
28;2025-12-14;19;361.453
28;2025-12-14;20;285.031
28;2025-12-14;21;231.676
28;2025-12-14;22;103.07
28;2025-12-14;23;9.859
28;2025-12-15;0;0.024
28;2025-12-15;1;0.008
28;2025-12-15;2;0.002
28;2025-12-15;3;0.002
28;2025-12-15;4;1.57
28;2025-12-15;5;74.805
28;2025-12-15;6;262.743
28;2025-12-15;7;764.793
28;2025-12-15;8;1201.426
28;2025-12-15;9;828.386
28;2025-12-15;10;594.348
28;2025-12-15;11;517.981
28;2025-12-15;12;653.119
28;2025-12-15;13;665.832
28;2025-12-15;14;608.753
28;2025-12-15;15;640.767
28;2025-12-15;16;844.792
28;2025-12-15;17;945.095
28;2025-12-15;18;936.649
28;2025-12-15;19;694.277
28;2025-12-15;20;471.174
28;2025-12-15;21;287.046
28;2025-12-15;22;109.708
28;2025-12-15;23;9.772
28;2025-12-16;0;0.025
28;2025-12-16;1;0.008
28;2025-12-16;2;0.002
28;2025-12-16;3;0.002
28;2025-12-16;4;1.655
28;2025-12-16;5;75.794
28;2025-12-16;6;259.704
28;2025-12-16;7;808.096
28;2025-12-16;8;1247.778
28;2025-12-16;9;857.533
28;2025-12-16;10;666.416
28;2025-12-16;11;564.212
28;2025-12-16;12;676.41
28;2025-12-16;13;730.978
28;2025-12-16;14;665.485
28;2025-12-16;15;688.994
28;2025-12-16;16;823.849
28;2025-12-16;17;990.135
28;2025-12-16;18;948.086
28;2025-12-16;19;713.173
28;2025-12-16;20;504.863
28;2025-12-16;21;305.679
28;2025-12-16;22;116.353
28;2025-12-16;23;13.165
28;2025-12-17;0;0.03
28;2025-12-17;1;0.008
28;2025-12-17;2;0.003
28;2025-12-17;3;0.002
28;2025-12-17;4;1.871
28;2025-12-17;5;85.956
28;2025-12-17;6;279.549
28;2025-12-17;7;806.417
28;2025-12-17;8;1266.518
28;2025-12-17;9;860.269
28;2025-12-17;10;646.908
28;2025-12-17;11;607.531
28;2025-12-17;12;715.403
28;2025-12-17;13;757.387
28;2025-12-17;14;678.361
28;2025-12-17;15;727.111
28;2025-12-17;16;922.483
28;2025-12-17;17;1020.096
28;2025-12-17;18;1014.915
28;2025-12-17;19;746.98
28;2025-12-17;20;510.579
28;2025-12-17;21;328.18
28;2025-12-17;22;127.746
28;2025-12-17;23;13.663
28;2025-12-18;0;0.026
28;2025-12-18;1;0.007
28;2025-12-18;2;0.002
28;2025-12-18;3;0.002
28;2025-12-18;4;1.691
28;2025-12-18;5;80.985
28;2025-12-18;6;277.448
28;2025-12-18;7;835.843
28;2025-12-18;8;1317.739
28;2025-12-18;9;873.847
28;2025-12-18;10;646.187
28;2025-12-18;11;575.288
28;2025-12-18;12;715.523
28;2025-12-18;13;760.934
28;2025-12-18;14;687.807
28;2025-12-18;15;743.004
28;2025-12-18;16;901.22
28;2025-12-18;17;1063.21
28;2025-12-18;18;1059.244
28;2025-12-18;19;771.065
28;2025-12-18;20;539.682
28;2025-12-18;21;328.684
28;2025-12-18;22;134.808
28;2025-12-18;23;14.256
28;2025-12-19;0;0.024
28;2025-12-19;1;0.006
28;2025-12-19;2;0.003
28;2025-12-19;3;0.003
28;2025-12-19;4;1.528
28;2025-12-19;5;79.323
28;2025-12-19;6;265.63
28;2025-12-19;7;797.492
28;2025-12-19;8;1243.849
28;2025-12-19;9;830.835
28;2025-12-19;10;624.848
28;2025-12-19;11;584.344
28;2025-12-19;12;719.876
28;2025-12-19;13;735.896
28;2025-12-19;14;717.189
28;2025-12-19;15;764.614
28;2025-12-19;16;972.806
28;2025-12-19;17;1029.035
28;2025-12-19;18;883.152
28;2025-12-19;19;660.053
28;2025-12-19;20;479.781
28;2025-12-19;21;323.24
28;2025-12-19;22;131.602
28;2025-12-19;23;14.862
28;2025-12-20;0;0.066
28;2025-12-20;1;0.007
28;2025-12-20;2;0.003
28;2025-12-20;3;0.001
28;2025-12-20;4;0.767
28;2025-12-20;5;35.028
28;2025-12-20;6;98.445
28;2025-12-20;7;224.076
28;2025-12-20;8;379.044
28;2025-12-20;9;452.539
28;2025-12-20;10;472.217
28;2025-12-20;11;496.56
28;2025-12-20;12;583.71
28;2025-12-20;13;636.42
28;2025-12-20;14;620.417
28;2025-12-20;15;599.073
28;2025-12-20;16;565.916
28;2025-12-20;17;591.352
28;2025-12-20;18;501.568
28;2025-12-20;19;411.727
28;2025-12-20;20;300.74
28;2025-12-20;21;262.207
28;2025-12-20;22;122.354
28;2025-12-20;23;16.715
28;2025-12-21;0;0.028
28;2025-12-21;1;0.007
28;2025-12-21;2;0.002
28;2025-12-21;3;0.002
28;2025-12-21;4;0.082
28;2025-12-21;5;28.751
28;2025-12-21;6;83.105
28;2025-12-21;7;154.545
28;2025-12-21;8;257.461
28;2025-12-21;9;329.048
28;2025-12-21;10;376.066
28;2025-12-21;11;421.348
28;2025-12-21;12;472.11
28;2025-12-21;13;551.818
28;2025-12-21;14;528.215
28;2025-12-21;15;534.654
28;2025-12-21;16;495.895
28;2025-12-21;17;508.935
28;2025-12-21;18;432.944
28;2025-12-21;19;360.762
28;2025-12-21;20;284.478
28;2025-12-21;21;230.955
28;2025-12-21;22;103.329
28;2025-12-21;23;9.919
28;2025-12-22;0;0.024
28;2025-12-22;1;0.01
28;2025-12-22;2;0.002
28;2025-12-22;3;0.002
28;2025-12-22;4;1.722
28;2025-12-22;5;74.837
28;2025-12-22;6;261.998
28;2025-12-22;7;765.676
28;2025-12-22;8;1189.945
28;2025-12-22;9;825.618
28;2025-12-22;10;590.897
28;2025-12-22;11;517.333
28;2025-12-22;12;649.399
28;2025-12-22;13;668.143
28;2025-12-22;14;607.49
28;2025-12-22;15;643.905
28;2025-12-22;16;843.742
28;2025-12-22;17;938.258
28;2025-12-22;18;929.893
28;2025-12-22;19;691.396
28;2025-12-22;20;470.045
28;2025-12-22;21;286.708
28;2025-12-22;22;109.519
28;2025-12-22;23;9.728
28;2025-12-23;0;0.025
28;2025-12-23;1;0.008
28;2025-12-23;2;0.003
28;2025-12-23;3;0.002
28;2025-12-23;4;1.636
28;2025-12-23;5;76.227
28;2025-12-23;6;259.138
28;2025-12-23;7;805.806
28;2025-12-23;8;1235.497
28;2025-12-23;9;854.101
28;2025-12-23;10;661.878
28;2025-12-23;11;562.128
28;2025-12-23;12;672.98
28;2025-12-23;13;730.998
28;2025-12-23;14;664.276
28;2025-12-23;15;691.967
28;2025-12-23;16;824.501
28;2025-12-23;17;984.496
28;2025-12-23;18;942.331
28;2025-12-23;19;711.152
28;2025-12-23;20;502.402
28;2025-12-23;21;304.565
28;2025-12-23;22;115.648
28;2025-12-23;23;13.165
28;2025-12-24;0;0.02
28;2025-12-24;1;0.008
28;2025-12-24;2;0.003
28;2025-12-24;3;0.003
28;2025-12-24;4;1.592
28;2025-12-24;5;86.065
28;2025-12-24;6;279.107
28;2025-12-24;7;804.185
28;2025-12-24;8;1255.68
28;2025-12-24;9;859.051
28;2025-12-24;10;645.448
28;2025-12-24;11;607.771
28;2025-12-24;12;713.506
28;2025-12-24;13;758.404
28;2025-12-24;14;678.612
28;2025-12-24;15;731.333
28;2025-12-24;16;924.19
28;2025-12-24;17;1018.222
28;2025-12-24;18;1011.48
28;2025-12-24;19;747.247
28;2025-12-24;20;509.418
28;2025-12-24;21;327.889
28;2025-12-24;22;127.976
28;2025-12-24;23;13.647
28;2025-12-25;0;0.021
28;2025-12-25;1;0.008
28;2025-12-25;2;0.003
28;2025-12-25;3;0.002
28;2025-12-25;4;1.689
28;2025-12-25;5;81.053
28;2025-12-25;6;276.39
28;2025-12-25;7;832.108
28;2025-12-25;8;1306.069
28;2025-12-25;9;871.363
28;2025-12-25;10;643.759
28;2025-12-25;11;575.896
28;2025-12-25;12;712.316
28;2025-12-25;13;759.897
28;2025-12-25;14;684.717
28;2025-12-25;15;744.945
28;2025-12-25;16;901.38
28;2025-12-25;17;1060.437
28;2025-12-25;18;1057.796
28;2025-12-25;19;770.995
28;2025-12-25;20;538.102
28;2025-12-25;21;327.488
28;2025-12-25;22;134.619
28;2025-12-25;23;14.195
28;2025-12-26;0;0.025
28;2025-12-26;1;0.009
28;2025-12-26;2;0.002
28;2025-12-26;3;0.003
28;2025-12-26;4;1.694
28;2025-12-26;5;79.077
28;2025-12-26;6;263.955
28;2025-12-26;7;794.58
28;2025-12-26;8;1233.191
28;2025-12-26;9;826.831
28;2025-12-26;10;622.395
28;2025-12-26;11;583.927
28;2025-12-26;12;717.148
28;2025-12-26;13;735.205
28;2025-12-26;14;710.245
28;2025-12-26;15;760.936
28;2025-12-26;16;968.227
28;2025-12-26;17;1025.015
28;2025-12-26;18;874.632
28;2025-12-26;19;655.429
28;2025-12-26;20;477.136
28;2025-12-26;21;322.2
28;2025-12-26;22;131.761
28;2025-12-26;23;14.693
28;2025-12-27;0;0.057
28;2025-12-27;1;0.008
28;2025-12-27;2;0.002
28;2025-12-27;3;0.002
28;2025-12-27;4;0.684
28;2025-12-27;5;32.029
28;2025-12-27;6;89.455
28;2025-12-27;7;204.33
28;2025-12-27;8;343.274
28;2025-12-27;9;411.413
28;2025-12-27;10;428.683
28;2025-12-27;11;448.455
28;2025-12-27;12;526.667
28;2025-12-27;13;573.126
28;2025-12-27;14;556.638
28;2025-12-27;15;541.007
28;2025-12-27;16;511.673
28;2025-12-27;17;535.4
28;2025-12-27;18;452.655
28;2025-12-27;19;371.613
28;2025-12-27;20;271.729
28;2025-12-27;21;235.799
28;2025-12-27;22;110.692
28;2025-12-27;23;14.863
28;2025-12-28;0;0.025
28;2025-12-28;1;0.01
28;2025-12-28;2;0.003
28;2025-12-28;3;0.002
28;2025-12-28;4;0.016
28;2025-12-28;5;26.341
28;2025-12-28;6;76.167
28;2025-12-28;7;140.537
28;2025-12-28;8;233.936
28;2025-12-28;9;299.797
28;2025-12-28;10;343.818
28;2025-12-28;11;387.042
28;2025-12-28;12;431.736
28;2025-12-28;13;502.813
28;2025-12-28;14;480.389
28;2025-12-28;15;490.527
28;2025-12-28;16;452.078
28;2025-12-28;17;463.529
28;2025-12-28;18;394.877
28;2025-12-28;19;328.539
28;2025-12-28;20;260.699
28;2025-12-28;21;212.257
28;2025-12-28;22;95.009
28;2025-12-28;23;9.069
28;2025-12-29;0;0.021
28;2025-12-29;1;0.008
28;2025-12-29;2;0.002
28;2025-12-29;3;0.003
28;2025-12-29;4;1.688
28;2025-12-29;5;69.524
28;2025-12-29;6;241.79
28;2025-12-29;7;710.002
28;2025-12-29;8;1096.487
28;2025-12-29;9;764.241
28;2025-12-29;10;545.4
28;2025-12-29;11;482.475
28;2025-12-29;12;602.316
28;2025-12-29;13;619.277
28;2025-12-29;14;562.189
28;2025-12-29;15;597.4
28;2025-12-29;16;782.096
28;2025-12-29;17;868.321
28;2025-12-29;18;858.65
28;2025-12-29;19;639.384
28;2025-12-29;20;435.531
28;2025-12-29;21;266.584
28;2025-12-29;22;102.274
28;2025-12-29;23;9.064
28;2025-12-30;0;0.022
28;2025-12-30;1;0.008
28;2025-12-30;2;0.003
28;2025-12-30;3;0.002
28;2025-12-30;4;1.675
28;2025-12-30;5;70.775
28;2025-12-30;6;239.334
28;2025-12-30;7;748.524
28;2025-12-30;8;1138.564
28;2025-12-30;9;789.503
28;2025-12-30;10;611.708
28;2025-12-30;11;523.163
28;2025-12-30;12;623.002
28;2025-12-30;13;675.229
28;2025-12-30;14;614.12
28;2025-12-30;15;640.328
28;2025-12-30;16;761.285
28;2025-12-30;17;907.133
28;2025-12-30;18;867.012
28;2025-12-30;19;656.319
28;2025-12-30;20;465.159
28;2025-12-30;21;282.895
28;2025-12-30;22;107.635
28;2025-12-30;23;12.334
28;2025-12-31;0;0.03
28;2025-12-31;1;0.007
28;2025-12-31;2;0.003
28;2025-12-31;3;0.003
28;2025-12-31;4;0.061
28;2025-12-31;5;30.445
28;2025-12-31;6;78.849
28;2025-12-31;7;153.649
28;2025-12-31;8;260.032
28;2025-12-31;9;332.391
28;2025-12-31;10;374.694
28;2025-12-31;11;399.123
28;2025-12-31;12;454.431
28;2025-12-31;13;522.465
28;2025-12-31;14;500.573
28;2025-12-31;15;499.433
28;2025-12-31;16;471.403
28;2025-12-31;17;498.506
28;2025-12-31;18;426.361
28;2025-12-31;19;356.064
28;2025-12-31;20;280.112
28;2025-12-31;21;231.05
28;2025-12-31;22;100.033
28;2025-12-31;23;9.617
50;2025-11-01;0;751.087
50;2025-11-01;1;22.109
50;2025-11-01;2;0.186
50;2025-11-01;3;0.192
50;2025-11-01;4;2.786
50;2025-11-01;5;254.435
50;2025-11-01;6;701.422
50;2025-11-01;7;2296.903
50;2025-11-01;8;3403.398
50;2025-11-01;9;2926.425
50;2025-11-01;10;1442.616
50;2025-11-01;11;1127.918
50;2025-11-01;12;1068.254
50;2025-11-01;13;1042.914
50;2025-11-01;14;1030.955
50;2025-11-01;15;1227.483
50;2025-11-01;16;1466.411
50;2025-11-01;17;1488.14
50;2025-11-01;18;1204.273
50;2025-11-01;19;849.213
50;2025-11-01;20;544.934
50;2025-11-01;21;384.356
50;2025-11-01;22;210.051
50;2025-11-01;23;119.753
50;2025-11-02;0;113.125
50;2025-11-02;1;29.166
50;2025-11-02;2;0.366
50;2025-11-02;3;0.361
50;2025-11-02;4;1.306
50;2025-11-02;5;28.395
50;2025-11-02;6;5.872
50;2025-11-02;7;11.164
50;2025-11-02;8;18.52
50;2025-11-02;9;23.624
50;2025-11-02;10;27.423
50;2025-11-02;11;34.175
50;2025-11-02;12;39.295
50;2025-11-02;13;42.9
50;2025-11-02;14;46.189
50;2025-11-02;15;39.987
50;2025-11-02;16;42.073
50;2025-11-02;17;41.131
50;2025-11-02;18;36.692
50;2025-11-02;19;30.392
50;2025-11-02;20;25.01
50;2025-11-02;21;19.686
50;2025-11-02;22;11.46
50;2025-11-02;23;5.68
50;2025-11-03;0;36.879
50;2025-11-03;1;3.745
50;2025-11-03;2;0.003
50;2025-11-03;3;0.003
50;2025-11-03;4;0.46
50;2025-11-03;5;26.76
50;2025-11-03;6;91.203
50;2025-11-03;7;192.598
50;2025-11-03;8;437.685
50;2025-11-03;9;534.149
50;2025-11-03;10;444.148
50;2025-11-03;11;532.012
50;2025-11-03;12;550.596
50;2025-11-03;13;679.118
50;2025-11-03;14;750.689
50;2025-11-03;15;641.09
50;2025-11-03;16;645.827
50;2025-11-03;17;696.017
50;2025-11-03;18;629.499
50;2025-11-03;19;509.553
50;2025-11-03;20;440.891
50;2025-11-03;21;325.995
50;2025-11-03;22;176.622
50;2025-11-03;23;92.205
50;2025-11-04;0;39.42
50;2025-11-04;1;3.571
50;2025-11-04;2;0.003
50;2025-11-04;3;0.003
50;2025-11-04;4;0.369
50;2025-11-04;5;25.99
50;2025-11-04;6;100.116
50;2025-11-04;7;200.699
50;2025-11-04;8;434.788
50;2025-11-04;9;498.321
50;2025-11-04;10;455.177
50;2025-11-04;11;521.285
50;2025-11-04;12;572.655
50;2025-11-04;13;655.975
50;2025-11-04;14;716.639
50;2025-11-04;15;621.501
50;2025-11-04;16;609.507
50;2025-11-04;17;694.977
50;2025-11-04;18;616.979
50;2025-11-04;19;528.447
50;2025-11-04;20;432.017
50;2025-11-04;21;322.317
50;2025-11-04;22;166.383
50;2025-11-04;23;94.116
50;2025-11-05;0;31.957
50;2025-11-05;1;3.109
50;2025-11-05;2;0.004
50;2025-11-05;3;0.004
50;2025-11-05;4;2.716
50;2025-11-05;5;71.894
50;2025-11-05;6;524.733
50;2025-11-05;7;1732.115
50;2025-11-05;8;2783.509
50;2025-11-05;9;2159.963
50;2025-11-05;10;1622.231
50;2025-11-05;11;1553.647
50;2025-11-05;12;1462.887
50;2025-11-05;13;1476.265
50;2025-11-05;14;1441.0
50;2025-11-05;15;1651.425
50;2025-11-05;16;1721.971
50;2025-11-05;17;2357.323
50;2025-11-05;18;2456.143
50;2025-11-05;19;1506.951
50;2025-11-05;20;886.741
50;2025-11-05;21;626.479
50;2025-11-05;22;271.161
50;2025-11-05;23;139.178
50;2025-11-06;0;38.367
50;2025-11-06;1;1.634
50;2025-11-06;2;0.003
50;2025-11-06;3;0.003
50;2025-11-06;4;2.218
50;2025-11-06;5;70.807
50;2025-11-06;6;521.199
50;2025-11-06;7;1726.119
50;2025-11-06;8;2660.658
50;2025-11-06;9;2138.198
50;2025-11-06;10;1641.337
50;2025-11-06;11;1546.674
50;2025-11-06;12;1448.078
50;2025-11-06;13;1412.334
50;2025-11-06;14;1388.036
50;2025-11-06;15;1594.734
50;2025-11-06;16;1719.87
50;2025-11-06;17;2323.939
50;2025-11-06;18;2449.862
50;2025-11-06;19;1429.003
50;2025-11-06;20;922.494
50;2025-11-06;21;659.252
50;2025-11-06;22;266.46
50;2025-11-06;23;151.223
50;2025-11-07;0;38.333
50;2025-11-07;1;2.174
50;2025-11-07;2;0.004
50;2025-11-07;3;0.003
50;2025-11-07;4;2.305
50;2025-11-07;5;67.262
50;2025-11-07;6;539.28
50;2025-11-07;7;1734.901
50;2025-11-07;8;2716.538
50;2025-11-07;9;2103.5
50;2025-11-07;10;1583.242
50;2025-11-07;11;1591.622
50;2025-11-07;12;1499.872
50;2025-11-07;13;1499.233
50;2025-11-07;14;1471.151
50;2025-11-07;15;1735.933
50;2025-11-07;16;2113.204
50;2025-11-07;17;2158.078
50;2025-11-07;18;1761.506
50;2025-11-07;19;1240.016
50;2025-11-07;20;824.947
50;2025-11-07;21;560.797
50;2025-11-07;22;283.918
50;2025-11-07;23;167.474
50;2025-11-08;0;10.416
50;2025-11-08;1;0.348
50;2025-11-08;2;0.002
50;2025-11-08;3;0.003
50;2025-11-08;4;0.043
50;2025-11-08;5;3.198
50;2025-11-08;6;10.892
50;2025-11-08;7;35.091
50;2025-11-08;8;56.827
50;2025-11-08;9;52.956
50;2025-11-08;10;43.371
50;2025-11-08;11;31.928
50;2025-11-08;12;33.809
50;2025-11-08;13;33.966
50;2025-11-08;14;35.046
50;2025-11-08;15;34.598
50;2025-11-08;16;32.695
50;2025-11-08;17;39.162
50;2025-11-08;18;45.888
50;2025-11-08;19;24.326
50;2025-11-08;20;18.164
50;2025-11-08;21;14.101
50;2025-11-08;22;8.606
50;2025-11-08;23;5.079
50;2025-11-09;0;7.31
50;2025-11-09;1;0.971
50;2025-11-09;2;0.008
50;2025-11-09;3;0.004
50;2025-11-09;4;0.0
50;2025-11-09;5;7.572
50;2025-11-09;6;7.037
50;2025-11-09;7;33.411
50;2025-11-09;8;73.04
50;2025-11-09;9;53.316
50;2025-11-09;10;40.266
50;2025-11-09;11;32.166
50;2025-11-09;12;37.027
50;2025-11-09;13;40.427
50;2025-11-09;14;43.546
50;2025-11-09;15;37.699
50;2025-11-09;16;39.669
50;2025-11-09;17;38.756
50;2025-11-09;18;55.079
50;2025-11-09;19;28.458
50;2025-11-09;20;23.369
50;2025-11-09;21;18.383
50;2025-11-09;22;10.697
50;2025-11-09;23;5.315
50;2025-11-10;0;22.51
50;2025-11-10;1;2.492
50;2025-11-10;2;0.003
50;2025-11-10;3;0.002
50;2025-11-10;4;2.89
50;2025-11-10;5;69.939
50;2025-11-10;6;527.767
50;2025-11-10;7;1749.011
50;2025-11-10;8;2763.795
50;2025-11-10;9;2190.845
50;2025-11-10;10;1631.439
50;2025-11-10;11;1524.395
50;2025-11-10;12;1389.414
50;2025-11-10;13;1454.882
50;2025-11-10;14;1384.87
50;2025-11-10;15;1627.934
50;2025-11-10;16;1673.736
50;2025-11-10;17;2296.036
50;2025-11-10;18;2508.016
50;2025-11-10;19;1446.264
50;2025-11-10;20;886.904
50;2025-11-10;21;605.433
50;2025-11-10;22;244.033
50;2025-11-10;23;123.734
50;2025-11-11;0;31.894
50;2025-11-11;1;1.689
50;2025-11-11;2;0.003
50;2025-11-11;3;0.003
50;2025-11-11;4;2.21
50;2025-11-11;5;68.565
50;2025-11-11;6;570.817
50;2025-11-11;7;1823.896
50;2025-11-11;8;2842.68
50;2025-11-11;9;2221.444
50;2025-11-11;10;1690.91
50;2025-11-11;11;1551.565
50;2025-11-11;12;1496.94
50;2025-11-11;13;1513.612
50;2025-11-11;14;1441.235
50;2025-11-11;15;1685.258
50;2025-11-11;16;1719.717
50;2025-11-11;17;2419.232
50;2025-11-11;18;2552.618
50;2025-11-11;19;1486.47
50;2025-11-11;20;930.673
50;2025-11-11;21;618.767
50;2025-11-11;22;257.684
50;2025-11-11;23;136.867
50;2025-11-12;0;32.324
50;2025-11-12;1;3.096
50;2025-11-12;2;0.004
50;2025-11-12;3;0.002
50;2025-11-12;4;2.723
50;2025-11-12;5;72.232
50;2025-11-12;6;529.888
50;2025-11-12;7;1745.999
50;2025-11-12;8;2803.074
50;2025-11-12;9;2169.48
50;2025-11-12;10;1632.559
50;2025-11-12;11;1564.568
50;2025-11-12;12;1472.665
50;2025-11-12;13;1485.755
50;2025-11-12;14;1446.427
50;2025-11-12;15;1644.049
50;2025-11-12;16;1707.571
50;2025-11-12;17;2379.663
50;2025-11-12;18;2489.385
50;2025-11-12;19;1523.125
50;2025-11-12;20;900.86
50;2025-11-12;21;637.006
50;2025-11-12;22;279.875
50;2025-11-12;23;139.806
50;2025-11-13;0;38.544
50;2025-11-13;1;1.626
50;2025-11-13;2;0.003
50;2025-11-13;3;0.003
50;2025-11-13;4;2.246
50;2025-11-13;5;70.737
50;2025-11-13;6;526.529
50;2025-11-13;7;1736.734
50;2025-11-13;8;2671.492
50;2025-11-13;9;2143.472
50;2025-11-13;10;1647.093
50;2025-11-13;11;1553.519
50;2025-11-13;12;1457.127
50;2025-11-13;13;1419.325
50;2025-11-13;14;1386.25
50;2025-11-13;15;1601.107
50;2025-11-13;16;1691.928
50;2025-11-13;17;2339.438
50;2025-11-13;18;2470.939
50;2025-11-13;19;1445.664
50;2025-11-13;20;939.867
50;2025-11-13;21;664.754
50;2025-11-13;22;274.878
50;2025-11-13;23;153.178
50;2025-11-14;0;39.405
50;2025-11-14;1;2.206
50;2025-11-14;2;0.003
50;2025-11-14;3;0.003
50;2025-11-14;4;2.339
50;2025-11-14;5;67.721
50;2025-11-14;6;545.979
50;2025-11-14;7;1742.05
50;2025-11-14;8;2720.237
50;2025-11-14;9;2103.755
50;2025-11-14;10;1589.298
50;2025-11-14;11;1593.037
50;2025-11-14;12;1512.42
50;2025-11-14;13;1507.779
50;2025-11-14;14;1477.872
50;2025-11-14;15;1751.926
50;2025-11-14;16;2119.316
50;2025-11-14;17;2175.516
50;2025-11-14;18;1794.703
50;2025-11-14;19;1262.154
50;2025-11-14;20;845.763
50;2025-11-14;21;572.484
50;2025-11-14;22;292.249
50;2025-11-14;23;170.069
50;2025-11-15;0;61.805
50;2025-11-15;1;3.422
50;2025-11-15;2;0.003
50;2025-11-15;3;0.003
50;2025-11-15;4;0.72
50;2025-11-15;5;25.909
50;2025-11-15;6;156.836
50;2025-11-15;7;360.425
50;2025-11-15;8;565.677
50;2025-11-15;9;584.63
50;2025-11-15;10;567.461
50;2025-11-15;11;736.007
50;2025-11-15;12;768.005
50;2025-11-15;13;795.632
50;2025-11-15;14;814.242
50;2025-11-15;15;767.097
50;2025-11-15;16;769.947
50;2025-11-15;17;733.707
50;2025-11-15;18;639.915
50;2025-11-15;19;558.961
50;2025-11-15;20;411.717
50;2025-11-15;21;324.125
50;2025-11-15;22;196.177
50;2025-11-15;23;106.305
50;2025-11-16;0;36.756
50;2025-11-16;1;3.747
50;2025-11-16;2;0.004
50;2025-11-16;3;0.004
50;2025-11-16;4;0.085
50;2025-11-16;5;19.067
50;2025-11-16;6;98.308
50;2025-11-16;7;194.291
50;2025-11-16;8;314.129
50;2025-11-16;9;376.219
50;2025-11-16;10;426.618
50;2025-11-16;11;562.844
50;2025-11-16;12;646.351
50;2025-11-16;13;705.679
50;2025-11-16;14;748.186
50;2025-11-16;15;610.996
50;2025-11-16;16;660.052
50;2025-11-16;17;647.401
50;2025-11-16;18;570.245
50;2025-11-16;19;474.003
50;2025-11-16;20;398.491
50;2025-11-16;21;314.482
50;2025-11-16;22;189.406
50;2025-11-16;23;85.483
50;2025-11-17;0;23.367
50;2025-11-17;1;2.482
50;2025-11-17;2;0.002
50;2025-11-17;3;0.0
50;2025-11-17;4;2.868
50;2025-11-17;5;69.444
50;2025-11-17;6;536.265
50;2025-11-17;7;1770.374
50;2025-11-17;8;2774.278
50;2025-11-17;9;2194.969
50;2025-11-17;10;1638.434
50;2025-11-17;11;1526.906
50;2025-11-17;12;1394.369
50;2025-11-17;13;1450.279
50;2025-11-17;14;1379.533
50;2025-11-17;15;1626.219
50;2025-11-17;16;1626.64
50;2025-11-17;17;2302.44
50;2025-11-17;18;2539.772
50;2025-11-17;19;1464.736
50;2025-11-17;20;896.42
50;2025-11-17;21;602.529
50;2025-11-17;22;250.205
50;2025-11-17;23;120.444
50;2025-11-18;0;32.0
50;2025-11-18;1;1.673
50;2025-11-18;2;0.003
50;2025-11-18;3;0.001
50;2025-11-18;4;2.215
50;2025-11-18;5;68.286
50;2025-11-18;6;576.896
50;2025-11-18;7;1846.81
50;2025-11-18;8;2854.141
50;2025-11-18;9;2225.406
50;2025-11-18;10;1695.174
50;2025-11-18;11;1555.926
50;2025-11-18;12;1498.414
50;2025-11-18;13;1509.052
50;2025-11-18;14;1438.585
50;2025-11-18;15;1685.944
50;2025-11-18;16;1687.006
50;2025-11-18;17;2420.744
50;2025-11-18;18;2582.837
50;2025-11-18;19;1497.202
50;2025-11-18;20;937.338
50;2025-11-18;21;616.858
50;2025-11-18;22;262.246
50;2025-11-18;23;133.646
50;2025-11-19;0;33.276
50;2025-11-19;1;3.072
50;2025-11-19;2;0.003
50;2025-11-19;3;0.002
50;2025-11-19;4;2.755
50;2025-11-19;5;71.566
50;2025-11-19;6;532.449
50;2025-11-19;7;1766.226
50;2025-11-19;8;2810.985
50;2025-11-19;9;2169.497
50;2025-11-19;10;1635.174
50;2025-11-19;11;1568.163
50;2025-11-19;12;1474.263
50;2025-11-19;13;1483.357
50;2025-11-19;14;1449.928
50;2025-11-19;15;1658.433
50;2025-11-19;16;1729.312
50;2025-11-19;17;2374.401
50;2025-11-19;18;2508.417
50;2025-11-19;19;1525.996
50;2025-11-19;20;901.711
50;2025-11-19;21;631.566
50;2025-11-19;22;279.189
50;2025-11-19;23;135.992
50;2025-11-20;0;38.35
50;2025-11-20;1;1.589
50;2025-11-20;2;0.004
50;2025-11-20;3;0.003
50;2025-11-20;4;2.229
50;2025-11-20;5;69.932
50;2025-11-20;6;528.827
50;2025-11-20;7;1749.727
50;2025-11-20;8;2672.749
50;2025-11-20;9;2137.475
50;2025-11-20;10;1644.826
50;2025-11-20;11;1554.284
50;2025-11-20;12;1454.33
50;2025-11-20;13;1411.898
50;2025-11-20;14;1385.973
50;2025-11-20;15;1598.156
50;2025-11-20;16;1711.462
50;2025-11-20;17;2329.13
50;2025-11-20;18;2475.919
50;2025-11-20;19;1442.401
50;2025-11-20;20;928.488
50;2025-11-20;21;656.901
50;2025-11-20;22;272.073
50;2025-11-20;23;150.216
50;2025-11-21;0;39.58
50;2025-11-21;1;2.162
50;2025-11-21;2;0.004
50;2025-11-21;3;0.003
50;2025-11-21;4;2.344
50;2025-11-21;5;66.933
50;2025-11-21;6;548.726
50;2025-11-21;7;1751.43
50;2025-11-21;8;2723.213
50;2025-11-21;9;2095.928
50;2025-11-21;10;1592.924
50;2025-11-21;11;1601.207
50;2025-11-21;12;1521.85
50;2025-11-21;13;1500.567
50;2025-11-21;14;1476.557
50;2025-11-21;15;1751.165
50;2025-11-21;16;2083.079
50;2025-11-21;17;2158.375
50;2025-11-21;18;1769.133
50;2025-11-21;19;1241.701
50;2025-11-21;20;820.753
50;2025-11-21;21;569.745
50;2025-11-21;22;289.56
50;2025-11-21;23;168.87
50;2025-11-22;0;63.038
50;2025-11-22;1;3.585
50;2025-11-22;2;0.004
50;2025-11-22;3;0.002
50;2025-11-22;4;0.767
50;2025-11-22;5;26.54
50;2025-11-22;6;161.072
50;2025-11-22;7;369.36
50;2025-11-22;8;568.375
50;2025-11-22;9;612.959
50;2025-11-22;10;591.025
50;2025-11-22;11;778.379
50;2025-11-22;12;835.311
50;2025-11-22;13;838.11
50;2025-11-22;14;864.377
50;2025-11-22;15;826.633
50;2025-11-22;16;802.34
50;2025-11-22;17;795.133
50;2025-11-22;18;662.043
50;2025-11-22;19;598.709
50;2025-11-22;20;465.578
50;2025-11-22;21;362.304
50;2025-11-22;22;222.198
50;2025-11-22;23;126.858
50;2025-11-23;0;40.837
50;2025-11-23;1;3.876
50;2025-11-23;2;0.005
50;2025-11-23;3;0.003
50;2025-11-23;4;0.073
50;2025-11-23;5;19.873
50;2025-11-23;6;107.8
50;2025-11-23;7;212.916
50;2025-11-23;8;336.009
50;2025-11-23;9;417.386
50;2025-11-23;10;467.109
50;2025-11-23;11;587.116
50;2025-11-23;12;676.094
50;2025-11-23;13;737.73
50;2025-11-23;14;792.435
50;2025-11-23;15;683.258
50;2025-11-23;16;720.108
50;2025-11-23;17;725.124
50;2025-11-23;18;622.375
50;2025-11-23;19;523.826
50;2025-11-23;20;443.581
50;2025-11-23;21;353.466
50;2025-11-23;22;212.791
50;2025-11-23;23;99.966
50;2025-11-24;0;23.732
50;2025-11-24;1;2.481
50;2025-11-24;2;0.003
50;2025-11-24;3;0.003
50;2025-11-24;4;2.908
50;2025-11-24;5;69.528
50;2025-11-24;6;534.668
50;2025-11-24;7;1769.702
50;2025-11-24;8;2769.899
50;2025-11-24;9;2191.695
50;2025-11-24;10;1632.618
50;2025-11-24;11;1526.925
50;2025-11-24;12;1392.83
50;2025-11-24;13;1447.554
50;2025-11-24;14;1379.402
50;2025-11-24;15;1628.277
50;2025-11-24;16;1629.007
50;2025-11-24;17;2295.991
50;2025-11-24;18;2523.374
50;2025-11-24;19;1457.282
50;2025-11-24;20;893.869
50;2025-11-24;21;599.788
50;2025-11-24;22;249.492
50;2025-11-24;23;120.373
50;2025-11-25;0;32.211
50;2025-11-25;1;1.662
50;2025-11-25;2;0.003
50;2025-11-25;3;0.001
50;2025-11-25;4;2.221
50;2025-11-25;5;68.153
50;2025-11-25;6;575.683
50;2025-11-25;7;1845.039
50;2025-11-25;8;2849.708
50;2025-11-25;9;2221.177
50;2025-11-25;10;1692.316
50;2025-11-25;11;1556.712
50;2025-11-25;12;1498.929
50;2025-11-25;13;1509.559
50;2025-11-25;14;1439.403
50;2025-11-25;15;1687.532
50;2025-11-25;16;1692.522
50;2025-11-25;17;2416.312
50;2025-11-25;18;2573.822
50;2025-11-25;19;1491.237
50;2025-11-25;20;935.663
50;2025-11-25;21;615.373
50;2025-11-25;22;262.282
50;2025-11-25;23;133.654
50;2025-11-26;0;33.014
50;2025-11-26;1;3.091
50;2025-11-26;2;0.003
50;2025-11-26;3;0.002
50;2025-11-26;4;2.749
50;2025-11-26;5;71.606
50;2025-11-26;6;533.613
50;2025-11-26;7;1766.596
50;2025-11-26;8;2807.315
50;2025-11-26;9;2168.781
50;2025-11-26;10;1633.637
50;2025-11-26;11;1569.681
50;2025-11-26;12;1477.315
50;2025-11-26;13;1484.484
50;2025-11-26;14;1451.711
50;2025-11-26;15;1661.502
50;2025-11-26;16;1734.586
50;2025-11-26;17;2377.035
50;2025-11-26;18;2506.185
50;2025-11-26;19;1525.706
50;2025-11-26;20;902.83
50;2025-11-26;21;632.294
50;2025-11-26;22;278.25
50;2025-11-26;23;136.101
50;2025-11-27;0;37.712
50;2025-11-27;1;1.61
50;2025-11-27;2;0.003
50;2025-11-27;3;0.002
50;2025-11-27;4;2.25
50;2025-11-27;5;69.855
50;2025-11-27;6;528.903
50;2025-11-27;7;1751.9
50;2025-11-27;8;2667.927
50;2025-11-27;9;2136.106
50;2025-11-27;10;1644.669
50;2025-11-27;11;1556.058
50;2025-11-27;12;1456.532
50;2025-11-27;13;1411.676
50;2025-11-27;14;1387.088
50;2025-11-27;15;1601.808
50;2025-11-27;16;1717.453
50;2025-11-27;17;2331.029
50;2025-11-27;18;2475.115
50;2025-11-27;19;1444.607
50;2025-11-27;20;928.839
50;2025-11-27;21;656.978
50;2025-11-27;22;270.982
50;2025-11-27;23;149.544
50;2025-11-28;0;39.404
50;2025-11-28;1;2.177
50;2025-11-28;2;0.004
50;2025-11-28;3;0.002
50;2025-11-28;4;2.331
50;2025-11-28;5;66.946
50;2025-11-28;6;547.477
50;2025-11-28;7;1754.237
50;2025-11-28;8;2717.139
50;2025-11-28;9;2095.058
50;2025-11-28;10;1589.955
50;2025-11-28;11;1598.181
50;2025-11-28;12;1520.799
50;2025-11-28;13;1498.984
50;2025-11-28;14;1473.606
50;2025-11-28;15;1750.135
50;2025-11-28;16;2094.367
50;2025-11-28;17;2154.099
50;2025-11-28;18;1767.976
50;2025-11-28;19;1253.359
50;2025-11-28;20;828.382
50;2025-11-28;21;571.568
50;2025-11-28;22;288.276
50;2025-11-28;23;168.391
50;2025-11-29;0;61.856
50;2025-11-29;1;3.56
50;2025-11-29;2;0.004
50;2025-11-29;3;0.003
50;2025-11-29;4;0.76
50;2025-11-29;5;26.053
50;2025-11-29;6;159.973
50;2025-11-29;7;370.253
50;2025-11-29;8;563.326
50;2025-11-29;9;608.928
50;2025-11-29;10;588.917
50;2025-11-29;11;779.455
50;2025-11-29;12;835.904
50;2025-11-29;13;843.505
50;2025-11-29;14;863.481
50;2025-11-29;15;840.373
50;2025-11-29;16;810.815
50;2025-11-29;17;782.795
50;2025-11-29;18;653.426
50;2025-11-29;19;594.57
50;2025-11-29;20;464.903
50;2025-11-29;21;355.847
50;2025-11-29;22;216.061
50;2025-11-29;23;123.988
50;2025-11-30;0;40.487
50;2025-11-30;1;3.878
50;2025-11-30;2;0.004
50;2025-11-30;3;0.002
50;2025-11-30;4;0.074
50;2025-11-30;5;19.398
50;2025-11-30;6;109.453
50;2025-11-30;7;217.885
50;2025-11-30;8;342.793
50;2025-11-30;9;420.093
50;2025-11-30;10;463.306
50;2025-11-30;11;589.651
50;2025-11-30;12;678.391
50;2025-11-30;13;735.815
50;2025-11-30;14;794.45
50;2025-11-30;15;691.695
50;2025-11-30;16;738.716
50;2025-11-30;17;716.186
50;2025-11-30;18;617.301
50;2025-11-30;19;518.115
50;2025-11-30;20;441.091
50;2025-11-30;21;347.585
50;2025-11-30;22;205.916
50;2025-11-30;23;97.877
50;2025-12-01;0;24.046
50;2025-12-01;1;2.484
50;2025-12-01;2;0.003
50;2025-12-01;3;0.001
50;2025-12-01;4;2.882
50;2025-12-01;5;69.155
50;2025-12-01;6;535.701
50;2025-12-01;7;1774.555
50;2025-12-01;8;2770.888
50;2025-12-01;9;2198.494
50;2025-12-01;10;1635.644
50;2025-12-01;11;1529.175
50;2025-12-01;12;1396.461
50;2025-12-01;13;1449.624
50;2025-12-01;14;1382.66
50;2025-12-01;15;1631.94
50;2025-12-01;16;1631.657
50;2025-12-01;17;2303.623
50;2025-12-01;18;2532.919
50;2025-12-01;19;1465.778
50;2025-12-01;20;896.024
50;2025-12-01;21;598.906
50;2025-12-01;22;248.939
50;2025-12-01;23;118.979
50;2025-12-02;0;32.702
50;2025-12-02;1;1.685
50;2025-12-02;2;0.002
50;2025-12-02;3;0.001
50;2025-12-02;4;2.207
50;2025-12-02;5;67.811
50;2025-12-02;6;575.892
50;2025-12-02;7;1845.274
50;2025-12-02;8;2846.876
50;2025-12-02;9;2221.276
50;2025-12-02;10;1691.369
50;2025-12-02;11;1557.534
50;2025-12-02;12;1500.222
50;2025-12-02;13;1508.279
50;2025-12-02;14;1438.71
50;2025-12-02;15;1688.845
50;2025-12-02;16;1693.55
50;2025-12-02;17;2422.755
50;2025-12-02;18;2578.953
50;2025-12-02;19;1498.453
50;2025-12-02;20;933.545
50;2025-12-02;21;614.366
50;2025-12-02;22;260.634
50;2025-12-02;23;132.955
50;2025-12-03;0;32.86
50;2025-12-03;1;3.121
50;2025-12-03;2;0.002
50;2025-12-03;3;0.003
50;2025-12-03;4;2.743
50;2025-12-03;5;70.98
50;2025-12-03;6;531.392
50;2025-12-03;7;1763.61
50;2025-12-03;8;2806.345
50;2025-12-03;9;2172.422
50;2025-12-03;10;1632.505
50;2025-12-03;11;1575.007
50;2025-12-03;12;1480.845
50;2025-12-03;13;1481.973
50;2025-12-03;14;1453.049
50;2025-12-03;15;1662.058
50;2025-12-03;16;1734.256
50;2025-12-03;17;2375.265
50;2025-12-03;18;2507.48
50;2025-12-03;19;1526.231
50;2025-12-03;20;892.164
50;2025-12-03;21;628.027
50;2025-12-03;22;276.854
50;2025-12-03;23;133.091
50;2025-12-04;0;38.275
50;2025-12-04;1;1.651
50;2025-12-04;2;0.004
50;2025-12-04;3;0.003
50;2025-12-04;4;2.259
50;2025-12-04;5;69.292
50;2025-12-04;6;526.988
50;2025-12-04;7;1750.2
50;2025-12-04;8;2671.072
50;2025-12-04;9;2146.106
50;2025-12-04;10;1646.616
50;2025-12-04;11;1561.77
50;2025-12-04;12;1464.671
50;2025-12-04;13;1411.949
50;2025-12-04;14;1390.206
50;2025-12-04;15;1604.362
50;2025-12-04;16;1725.205
50;2025-12-04;17;2327.916
50;2025-12-04;18;2480.57
50;2025-12-04;19;1446.428
50;2025-12-04;20;922.474
50;2025-12-04;21;653.976
50;2025-12-04;22;270.279
50;2025-12-04;23;148.42
50;2025-12-05;0;39.324
50;2025-12-05;1;2.242
50;2025-12-05;2;0.004
50;2025-12-05;3;0.003
50;2025-12-05;4;2.358
50;2025-12-05;5;66.271
50;2025-12-05;6;545.768
50;2025-12-05;7;1754.174
50;2025-12-05;8;2725.51
50;2025-12-05;9;2107.868
50;2025-12-05;10;1596.138
50;2025-12-05;11;1606.311
50;2025-12-05;12;1534.33
50;2025-12-05;13;1502.92
50;2025-12-05;14;1482.302
50;2025-12-05;15;1759.336
50;2025-12-05;16;2114.632
50;2025-12-05;17;2168.563
50;2025-12-05;18;1771.56
50;2025-12-05;19;1246.143
50;2025-12-05;20;817.323
50;2025-12-05;21;569.028
50;2025-12-05;22;288.226
50;2025-12-05;23;166.671
50;2025-12-06;0;63.334
50;2025-12-06;1;3.695
50;2025-12-06;2;0.005
50;2025-12-06;3;0.004
50;2025-12-06;4;0.829
50;2025-12-06;5;27.307
50;2025-12-06;6;161.825
50;2025-12-06;7;370.377
50;2025-12-06;8;570.552
50;2025-12-06;9;619.257
50;2025-12-06;10;599.459
50;2025-12-06;11;792.235
50;2025-12-06;12;850.041
50;2025-12-06;13;855.54
50;2025-12-06;14;881.815
50;2025-12-06;15;854.134
50;2025-12-06;16;830.884
50;2025-12-06;17;813.544
50;2025-12-06;18;678.155
50;2025-12-06;19;614.38
50;2025-12-06;20;470.871
50;2025-12-06;21;360.962
50;2025-12-06;22;215.409
50;2025-12-06;23;127.363
50;2025-12-07;0;41.956
50;2025-12-07;1;3.988
50;2025-12-07;2;0.005
50;2025-12-07;3;0.005
50;2025-12-07;4;0.101
50;2025-12-07;5;19.492
50;2025-12-07;6;107.56
50;2025-12-07;7;207.658
50;2025-12-07;8;336.361
50;2025-12-07;9;417.118
50;2025-12-07;10;471.082
50;2025-12-07;11;600.205
50;2025-12-07;12;695.875
50;2025-12-07;13;747.663
50;2025-12-07;14;808.413
50;2025-12-07;15;704.856
50;2025-12-07;16;747.472
50;2025-12-07;17;724.384
50;2025-12-07;18;623.342
50;2025-12-07;19;526.691
50;2025-12-07;20;442.097
50;2025-12-07;21;347.521
50;2025-12-07;22;201.35
50;2025-12-07;23;100.47
50;2025-12-08;0;24.947
50;2025-12-08;1;2.604
50;2025-12-08;2;0.004
50;2025-12-08;3;0.004
50;2025-12-08;4;2.906
50;2025-12-08;5;68.681
50;2025-12-08;6;534.234
50;2025-12-08;7;1772.058
50;2025-12-08;8;2771.343
50;2025-12-08;9;2194.607
50;2025-12-08;10;1632.403
50;2025-12-08;11;1536.373
50;2025-12-08;12;1398.505
50;2025-12-08;13;1450.745
50;2025-12-08;14;1383.575
50;2025-12-08;15;1636.198
50;2025-12-08;16;1637.85
50;2025-12-08;17;2301.613
50;2025-12-08;18;2536.78
50;2025-12-08;19;1467.4
50;2025-12-08;20;890.986
50;2025-12-08;21;596.037
50;2025-12-08;22;247.72
50;2025-12-08;23;118.951
50;2025-12-09;0;32.53
50;2025-12-09;1;1.792
50;2025-12-09;2;0.004
50;2025-12-09;3;0.004
50;2025-12-09;4;2.243
50;2025-12-09;5;67.267
50;2025-12-09;6;574.57
50;2025-12-09;7;1846.218
50;2025-12-09;8;2853.218
50;2025-12-09;9;2225.6
50;2025-12-09;10;1690.974
50;2025-12-09;11;1561.492
50;2025-12-09;12;1504.46
50;2025-12-09;13;1507.784
50;2025-12-09;14;1444.293
50;2025-12-09;15;1696.257
50;2025-12-09;16;1693.22
50;2025-12-09;17;2418.158
50;2025-12-09;18;2584.072
50;2025-12-09;19;1492.774
50;2025-12-09;20;929.238
50;2025-12-09;21;610.984
50;2025-12-09;22;259.879
50;2025-12-09;23;130.778
50;2025-12-10;0;33.388
50;2025-12-10;1;3.225
50;2025-12-10;2;0.004
50;2025-12-10;3;0.003
50;2025-12-10;4;2.764
50;2025-12-10;5;71.335
50;2025-12-10;6;534.164
50;2025-12-10;7;1773.493
50;2025-12-10;8;2818.84
50;2025-12-10;9;2176.287
50;2025-12-10;10;1636.582
50;2025-12-10;11;1578.551
50;2025-12-10;12;1484.676
50;2025-12-10;13;1487.124
50;2025-12-10;14;1457.463
50;2025-12-10;15;1669.13
50;2025-12-10;16;1739.506
50;2025-12-10;17;2386.06
50;2025-12-10;18;2518.711
50;2025-12-10;19;1531.053
50;2025-12-10;20;898.107
50;2025-12-10;21;630.365
50;2025-12-10;22;276.34
50;2025-12-10;23;133.55
50;2025-12-11;0;38.694
50;2025-12-11;1;1.72
50;2025-12-11;2;0.004
50;2025-12-11;3;0.003
50;2025-12-11;4;2.268
50;2025-12-11;5;69.396
50;2025-12-11;6;527.55
50;2025-12-11;7;1754.151
50;2025-12-11;8;2674.088
50;2025-12-11;9;2142.331
50;2025-12-11;10;1643.917
50;2025-12-11;11;1561.143
50;2025-12-11;12;1462.99
50;2025-12-11;13;1411.875
50;2025-12-11;14;1389.688
50;2025-12-11;15;1606.0
50;2025-12-11;16;1729.859
50;2025-12-11;17;2333.088
50;2025-12-11;18;2479.742
50;2025-12-11;19;1445.765
50;2025-12-11;20;923.488
50;2025-12-11;21;653.975
50;2025-12-11;22;268.643
50;2025-12-11;23;148.002
50;2025-12-12;0;39.491
50;2025-12-12;1;2.3
50;2025-12-12;2;0.004
50;2025-12-12;3;0.003
50;2025-12-12;4;2.338
50;2025-12-12;5;66.434
50;2025-12-12;6;545.295
50;2025-12-12;7;1752.552
50;2025-12-12;8;2721.078
50;2025-12-12;9;2102.057
50;2025-12-12;10;1587.494
50;2025-12-12;11;1605.074
50;2025-12-12;12;1533.339
50;2025-12-12;13;1499.776
50;2025-12-12;14;1477.897
50;2025-12-12;15;1761.505
50;2025-12-12;16;2115.594
50;2025-12-12;17;2160.686
50;2025-12-12;18;1776.607
50;2025-12-12;19;1254.434
50;2025-12-12;20;820.507
50;2025-12-12;21;569.761
50;2025-12-12;22;287.087
50;2025-12-12;23;167.633
50;2025-12-13;0;62.884
50;2025-12-13;1;3.724
50;2025-12-13;2;0.004
50;2025-12-13;3;0.003
50;2025-12-13;4;0.801
50;2025-12-13;5;26.63
50;2025-12-13;6;160.154
50;2025-12-13;7;364.814
50;2025-12-13;8;564.646
50;2025-12-13;9;612.292
50;2025-12-13;10;587.612
50;2025-12-13;11;789.259
50;2025-12-13;12;849.362
50;2025-12-13;13;855.449
50;2025-12-13;14;883.771
50;2025-12-13;15;856.54
50;2025-12-13;16;827.183
50;2025-12-13;17;798.524
50;2025-12-13;18;671.685
50;2025-12-13;19;606.968
50;2025-12-13;20;471.263
50;2025-12-13;21;362.015
50;2025-12-13;22;215.657
50;2025-12-13;23;127.648
50;2025-12-14;0;42.885
50;2025-12-14;1;4.058
50;2025-12-14;2;0.005
50;2025-12-14;3;0.004
50;2025-12-14;4;0.074
50;2025-12-14;5;19.516
50;2025-12-14;6;109.002
50;2025-12-14;7;214.842
50;2025-12-14;8;348.431
50;2025-12-14;9;425.469
50;2025-12-14;10;479.622
50;2025-12-14;11;611.044
50;2025-12-14;12;709.282
50;2025-12-14;13;758.089
50;2025-12-14;14;817.569
50;2025-12-14;15;716.595
50;2025-12-14;16;756.227
50;2025-12-14;17;735.637
50;2025-12-14;18;631.27
50;2025-12-14;19;535.421
50;2025-12-14;20;449.839
50;2025-12-14;21;352.93
50;2025-12-14;22;204.376
50;2025-12-14;23;101.67
50;2025-12-15;0;25.418
50;2025-12-15;1;2.592
50;2025-12-15;2;0.004
50;2025-12-15;3;0.004
50;2025-12-15;4;2.9
50;2025-12-15;5;69.074
50;2025-12-15;6;533.108
50;2025-12-15;7;1772.992
50;2025-12-15;8;2771.368
50;2025-12-15;9;2196.767
50;2025-12-15;10;1633.552
50;2025-12-15;11;1539.425
50;2025-12-15;12;1403.167
50;2025-12-15;13;1453.195
50;2025-12-15;14;1386.956
50;2025-12-15;15;1634.0
50;2025-12-15;16;1635.092
50;2025-12-15;17;2300.13
50;2025-12-15;18;2539.076
50;2025-12-15;19;1471.921
50;2025-12-15;20;888.826
50;2025-12-15;21;595.073
50;2025-12-15;22;246.759
50;2025-12-15;23;118.523
50;2025-12-16;0;32.93
50;2025-12-16;1;1.797
50;2025-12-16;2;0.004
50;2025-12-16;3;0.003
50;2025-12-16;4;2.241
50;2025-12-16;5;67.457
50;2025-12-16;6;572.673
50;2025-12-16;7;1843.364
50;2025-12-16;8;2842.477
50;2025-12-16;9;2222.967
50;2025-12-16;10;1688.591
50;2025-12-16;11;1561.8
50;2025-12-16;12;1505.072
50;2025-12-16;13;1508.257
50;2025-12-16;14;1442.089
50;2025-12-16;15;1690.682
50;2025-12-16;16;1693.264
50;2025-12-16;17;2415.152
50;2025-12-16;18;2582.856
50;2025-12-16;19;1495.914
50;2025-12-16;20;927.798
50;2025-12-16;21;611.345
50;2025-12-16;22;259.424
50;2025-12-16;23;132.03
50;2025-12-17;0;33.442
50;2025-12-17;1;3.223
50;2025-12-17;2;0.003
50;2025-12-17;3;0.003
50;2025-12-17;4;2.74
50;2025-12-17;5;71.048
50;2025-12-17;6;532.316
50;2025-12-17;7;1767.598
50;2025-12-17;8;2803.322
50;2025-12-17;9;2172.352
50;2025-12-17;10;1631.976
50;2025-12-17;11;1577.07
50;2025-12-17;12;1482.942
50;2025-12-17;13;1487.888
50;2025-12-17;14;1457.391
50;2025-12-17;15;1665.762
50;2025-12-17;16;1737.634
50;2025-12-17;17;2382.138
50;2025-12-17;18;2516.594
50;2025-12-17;19;1533.734
50;2025-12-17;20;897.014
50;2025-12-17;21;629.543
50;2025-12-17;22;276.592
50;2025-12-17;23;133.741
50;2025-12-18;0;39.012
50;2025-12-18;1;1.728
50;2025-12-18;2;0.003
50;2025-12-18;3;0.002
50;2025-12-18;4;2.237
50;2025-12-18;5;69.323
50;2025-12-18;6;527.657
50;2025-12-18;7;1754.443
50;2025-12-18;8;2667.005
50;2025-12-18;9;2145.171
50;2025-12-18;10;1644.045
50;2025-12-18;11;1561.741
50;2025-12-18;12;1464.491
50;2025-12-18;13;1413.902
50;2025-12-18;14;1393.66
50;2025-12-18;15;1602.808
50;2025-12-18;16;1728.551
50;2025-12-18;17;2329.782
50;2025-12-18;18;2479.941
50;2025-12-18;19;1448.851
50;2025-12-18;20;922.567
50;2025-12-18;21;655.123
50;2025-12-18;22;269.484
50;2025-12-18;23;148.607
50;2025-12-19;0;39.323
50;2025-12-19;1;2.253
50;2025-12-19;2;0.002
50;2025-12-19;3;0.002
50;2025-12-19;4;2.311
50;2025-12-19;5;66.563
50;2025-12-19;6;545.48
50;2025-12-19;7;1751.871
50;2025-12-19;8;2696.246
50;2025-12-19;9;2091.081
50;2025-12-19;10;1586.553
50;2025-12-19;11;1595.745
50;2025-12-19;12;1531.573
50;2025-12-19;13;1501.171
50;2025-12-19;14;1481.955
50;2025-12-19;15;1763.26
50;2025-12-19;16;2120.295
50;2025-12-19;17;2152.613
50;2025-12-19;18;1778.019
50;2025-12-19;19;1253.078
50;2025-12-19;20;821.498
50;2025-12-19;21;568.406
50;2025-12-19;22;287.367
50;2025-12-19;23;168.339
50;2025-12-20;0;63.569
50;2025-12-20;1;3.78
50;2025-12-20;2;0.003
50;2025-12-20;3;0.002
50;2025-12-20;4;0.811
50;2025-12-20;5;26.899
50;2025-12-20;6;162.703
50;2025-12-20;7;374.986
50;2025-12-20;8;603.89
50;2025-12-20;9;637.357
50;2025-12-20;10;611.717
50;2025-12-20;11;814.175
50;2025-12-20;12;871.157
50;2025-12-20;13;870.781
50;2025-12-20;14;905.519
50;2025-12-20;15;882.51
50;2025-12-20;16;860.089
50;2025-12-20;17;825.517
50;2025-12-20;18;686.083
50;2025-12-20;19;627.973
50;2025-12-20;20;481.182
50;2025-12-20;21;369.232
50;2025-12-20;22;217.647
50;2025-12-20;23;130.821
50;2025-12-21;0;43.16
50;2025-12-21;1;4.061
50;2025-12-21;2;0.004
50;2025-12-21;3;0.002
50;2025-12-21;4;0.06
50;2025-12-21;5;19.314
50;2025-12-21;6;105.699
50;2025-12-21;7;210.679
50;2025-12-21;8;368.49
50;2025-12-21;9;430.545
50;2025-12-21;10;479.002
50;2025-12-21;11;604.519
50;2025-12-21;12;695.52
50;2025-12-21;13;742.788
50;2025-12-21;14;812.747
50;2025-12-21;15;708.424
50;2025-12-21;16;745.285
50;2025-12-21;17;723.737
50;2025-12-21;18;627.125
50;2025-12-21;19;532.311
50;2025-12-21;20;445.737
50;2025-12-21;21;347.665
50;2025-12-21;22;201.656
50;2025-12-21;23;102.142
50;2025-12-22;0;25.318
50;2025-12-22;1;2.596
50;2025-12-22;2;0.004
50;2025-12-22;3;0.003
50;2025-12-22;4;2.88
50;2025-12-22;5;68.722
50;2025-12-22;6;533.377
50;2025-12-22;7;1763.174
50;2025-12-22;8;2739.172
50;2025-12-22;9;2177.508
50;2025-12-22;10;1621.903
50;2025-12-22;11;1528.949
50;2025-12-22;12;1404.41
50;2025-12-22;13;1451.38
50;2025-12-22;14;1385.577
50;2025-12-22;15;1636.481
50;2025-12-22;16;1656.39
50;2025-12-22;17;2282.483
50;2025-12-22;18;2529.107
50;2025-12-22;19;1468.883
50;2025-12-22;20;891.718
50;2025-12-22;21;598.196
50;2025-12-22;22;247.22
50;2025-12-22;23;118.346
50;2025-12-23;0;32.427
50;2025-12-23;1;1.756
50;2025-12-23;2;0.004
50;2025-12-23;3;0.004
50;2025-12-23;4;2.201
50;2025-12-23;5;67.392
50;2025-12-23;6;572.712
50;2025-12-23;7;1836.115
50;2025-12-23;8;2818.456
50;2025-12-23;9;2208.397
50;2025-12-23;10;1677.845
50;2025-12-23;11;1552.675
50;2025-12-23;12;1504.957
50;2025-12-23;13;1503.477
50;2025-12-23;14;1437.753
50;2025-12-23;15;1687.851
50;2025-12-23;16;1700.015
50;2025-12-23;17;2400.815
50;2025-12-23;18;2572.442
50;2025-12-23;19;1492.637
50;2025-12-23;20;927.672
50;2025-12-23;21;608.883
50;2025-12-23;22;258.469
50;2025-12-23;23;130.428
50;2025-12-24;0;33.454
50;2025-12-24;1;3.227
50;2025-12-24;2;0.003
50;2025-12-24;3;0.003
50;2025-12-24;4;2.695
50;2025-12-24;5;71.074
50;2025-12-24;6;532.152
50;2025-12-24;7;1765.592
50;2025-12-24;8;2786.387
50;2025-12-24;9;2165.129
50;2025-12-24;10;1624.288
50;2025-12-24;11;1572.797
50;2025-12-24;12;1486.43
50;2025-12-24;13;1482.646
50;2025-12-24;14;1453.417
50;2025-12-24;15;1666.905
50;2025-12-24;16;1743.284
50;2025-12-24;17;2365.841
50;2025-12-24;18;2501.62
50;2025-12-24;19;1529.763
50;2025-12-24;20;897.605
50;2025-12-24;21;628.385
50;2025-12-24;22;275.798
50;2025-12-24;23;133.817
50;2025-12-25;0;38.852
50;2025-12-25;1;1.672
50;2025-12-25;2;0.004
50;2025-12-25;3;0.003
50;2025-12-25;4;2.2
50;2025-12-25;5;69.231
50;2025-12-25;6;526.329
50;2025-12-25;7;1746.889
50;2025-12-25;8;2640.595
50;2025-12-25;9;2132.511
50;2025-12-25;10;1630.874
50;2025-12-25;11;1552.421
50;2025-12-25;12;1465.348
50;2025-12-25;13;1409.368
50;2025-12-25;14;1388.914
50;2025-12-25;15;1603.086
50;2025-12-25;16;1727.871
50;2025-12-25;17;2316.679
50;2025-12-25;18;2474.251
50;2025-12-25;19;1450.135
50;2025-12-25;20;925.215
50;2025-12-25;21;652.95
50;2025-12-25;22;268.407
50;2025-12-25;23;148.295
50;2025-12-26;0;39.266
50;2025-12-26;1;2.26
50;2025-12-26;2;0.004
50;2025-12-26;3;0.003
50;2025-12-26;4;2.295
50;2025-12-26;5;67.058
50;2025-12-26;6;549.026
50;2025-12-26;7;1758.335
50;2025-12-26;8;2677.369
50;2025-12-26;9;2094.927
50;2025-12-26;10;1584.706
50;2025-12-26;11;1598.799
50;2025-12-26;12;1537.928
50;2025-12-26;13;1499.958
50;2025-12-26;14;1478.053
50;2025-12-26;15;1758.841
50;2025-12-26;16;2121.195
50;2025-12-26;17;2157.111
50;2025-12-26;18;1794.237
50;2025-12-26;19;1262.209
50;2025-12-26;20;829.271
50;2025-12-26;21;574.272
50;2025-12-26;22;287.87
50;2025-12-26;23;168.143
50;2025-12-27;0;55.798
50;2025-12-27;1;3.357
50;2025-12-27;2;0.002
50;2025-12-27;3;0.002
50;2025-12-27;4;0.678
50;2025-12-27;5;23.81
50;2025-12-27;6;144.869
50;2025-12-27;7;331.348
50;2025-12-27;8;528.529
50;2025-12-27;9;564.996
50;2025-12-27;10;553.986
50;2025-12-27;11;730.725
50;2025-12-27;12;778.591
50;2025-12-27;13;776.413
50;2025-12-27;14;805.662
50;2025-12-27;15;786.889
50;2025-12-27;16;761.208
50;2025-12-27;17;734.342
50;2025-12-27;18;616.889
50;2025-12-27;19;553.223
50;2025-12-27;20;422.938
50;2025-12-27;21;327.649
50;2025-12-27;22;191.384
50;2025-12-27;23;114.077
50;2025-12-28;0;38.112
50;2025-12-28;1;3.604
50;2025-12-28;2;0.003
50;2025-12-28;3;0.002
50;2025-12-28;4;0.034
50;2025-12-28;5;16.864
50;2025-12-28;6;93.747
50;2025-12-28;7;187.13
50;2025-12-28;8;318.928
50;2025-12-28;9;375.974
50;2025-12-28;10;429.199
50;2025-12-28;11;549.856
50;2025-12-28;12;633.704
50;2025-12-28;13;677.652
50;2025-12-28;14;730.839
50;2025-12-28;15;637.127
50;2025-12-28;16;673.585
50;2025-12-28;17;656.667
50;2025-12-28;18;564.127
50;2025-12-28;19;483.057
50;2025-12-28;20;401.28
50;2025-12-28;21;315.009
50;2025-12-28;22;180.432
50;2025-12-28;23;90.603
50;2025-12-29;0;23.526
50;2025-12-29;1;2.393
50;2025-12-29;2;0.003
50;2025-12-29;3;0.002
50;2025-12-29;4;2.644
50;2025-12-29;5;63.829
50;2025-12-29;6;493.379
50;2025-12-29;7;1635.681
50;2025-12-29;8;2524.537
50;2025-12-29;9;2017.084
50;2025-12-29;10;1500.585
50;2025-12-29;11;1416.838
50;2025-12-29;12;1299.544
50;2025-12-29;13;1342.565
50;2025-12-29;14;1285.521
50;2025-12-29;15;1512.396
50;2025-12-29;16;1529.919
50;2025-12-29;17;2112.248
50;2025-12-29;18;2343.567
50;2025-12-29;19;1360.937
50;2025-12-29;20;825.748
50;2025-12-29;21;555.413
50;2025-12-29;22;229.489
50;2025-12-29;23;109.934
50;2025-12-30;0;29.996
50;2025-12-30;1;1.621
50;2025-12-30;2;0.004
50;2025-12-30;3;0.003
50;2025-12-30;4;2.02
50;2025-12-30;5;62.35
50;2025-12-30;6;531.718
50;2025-12-30;7;1704.415
50;2025-12-30;8;2590.567
50;2025-12-30;9;2046.206
50;2025-12-30;10;1553.786
50;2025-12-30;11;1439.299
50;2025-12-30;12;1393.668
50;2025-12-30;13;1397.789
50;2025-12-30;14;1336.235
50;2025-12-30;15;1568.826
50;2025-12-30;16;1580.188
50;2025-12-30;17;2220.898
50;2025-12-30;18;2381.427
50;2025-12-30;19;1381.695
50;2025-12-30;20;859.253
50;2025-12-30;21;567.546
50;2025-12-30;22;240.387
50;2025-12-30;23;121.861
50;2025-12-31;0;41.903
50;2025-12-31;1;3.758
50;2025-12-31;2;0.003
50;2025-12-31;3;0.002
50;2025-12-31;4;0.338
50;2025-12-31;5;25.401
50;2025-12-31;6;118.792
50;2025-12-31;7;239.669
50;2025-12-31;8;317.225
50;2025-12-31;9;469.54
50;2025-12-31;10;441.916
50;2025-12-31;11;558.348
50;2025-12-31;12;641.839
50;2025-12-31;13;694.541
50;2025-12-31;14;748.009
50;2025-12-31;15;654.348
50;2025-12-31;16;716.742
50;2025-12-31;17;693.445
50;2025-12-31;18;687.725
50;2025-12-31;19;560.128
50;2025-12-31;20;443.433
50;2025-12-31;21;335.533
50;2025-12-31;22;185.297
50;2025-12-31;23;93.713
