route,date,hour,foundation_hour,foundation_day
1,2025-11-01,0,2.9410896301269531,18991.94921875
1,2025-11-01,1,0.004252798855304718,18991.94921875
1,2025-11-01,2,0.0083640813827514648,18991.94921875
1,2025-11-01,3,0.028597891330718994,18991.94921875
1,2025-11-01,4,0.14539575576782227,18991.94921875
1,2025-11-01,5,16.85089111328125,18991.94921875
1,2025-11-01,6,111.74395751953125,18991.94921875
1,2025-11-01,7,221.5059814453125,18991.94921875
1,2025-11-01,8,296.4549560546875,18991.94921875
1,2025-11-01,9,552.681396484375,18991.94921875
1,2025-11-01,10,583.251220703125,18991.94921875
1,2025-11-01,11,553.95428466796875,18991.94921875
1,2025-11-01,12,770.54815673828125,18991.94921875
1,2025-11-01,13,801.25042724609375,18991.94921875
1,2025-11-01,14,709.21978759765625,18991.94921875
1,2025-11-01,15,606.35565185546875,18991.94921875
1,2025-11-01,16,553.5279541015625,18991.94921875
1,2025-11-01,17,521.82916259765625,18991.94921875
1,2025-11-01,18,434.54754638671875,18991.94921875
1,2025-11-01,19,387.87274169921875,18991.94921875
1,2025-11-01,20,289.99356079101562,18991.94921875
1,2025-11-01,21,237.38729858398438,18991.94921875
1,2025-11-01,22,90.278358459472656,18991.94921875
1,2025-11-01,23,28.154472351074219,18991.94921875
1,2025-11-02,0,0.14771509170532227,8141.6318359375
1,2025-11-02,1,0.0048400536179542542,8141.6318359375
1,2025-11-02,2,0.0067596659064292908,8141.6318359375
1,2025-11-02,3,0.024129986763000488,8141.6318359375
1,2025-11-02,4,0.0050592422485351562,8141.6318359375
1,2025-11-02,5,11.684196472167969,8141.6318359375
1,2025-11-02,6,87.90582275390625,8141.6318359375
1,2025-11-02,7,176.30206298828125,8141.6318359375
1,2025-11-02,8,243.6453857421875,8141.6318359375
1,2025-11-02,9,477.51641845703125,8141.6318359375
1,2025-11-02,10,473.49346923828125,8141.6318359375
1,2025-11-02,11,475.75238037109375,8141.6318359375
1,2025-11-02,12,651.51568603515625,8141.6318359375
1,2025-11-02,13,693.4742431640625,8141.6318359375
1,2025-11-02,14,607.2650146484375,8141.6318359375
1,2025-11-02,15,537.5745849609375,8141.6318359375
1,2025-11-02,16,475.445068359375,8141.6318359375
1,2025-11-02,17,463.3292236328125,8141.6318359375
1,2025-11-02,18,372.6209716796875,8141.6318359375
1,2025-11-02,19,333.284423828125,8141.6318359375
1,2025-11-02,20,249.16928100585938,8141.6318359375
1,2025-11-02,21,215.94145202636719,8141.6318359375
1,2025-11-02,22,81.333297729492188,8141.6318359375
1,2025-11-02,23,26.5003662109375,8141.6318359375
1,2025-11-03,0,0.092577457427978516,8409.3203125
1,2025-11-03,1,0.0047829374670982361,8409.3203125
1,2025-11-03,2,0.0096044838428497314,8409.3203125
1,2025-11-03,3,0.031352311372756958,8409.3203125
1,2025-11-03,4,7.8819665908813477,8409.3203125
1,2025-11-03,5,19.312141418457031,8409.3203125
1,2025-11-03,6,120.16824340820312,8409.3203125
1,2025-11-03,7,196.0653076171875,8409.3203125
1,2025-11-03,8,276.2625732421875,8409.3203125
1,2025-11-03,9,539.5028076171875,8409.3203125
1,2025-11-03,10,474.79229736328125,8409.3203125
1,2025-11-03,11,437.31256103515625,8409.3203125
1,2025-11-03,12,605.3695068359375,8409.3203125
1,2025-11-03,13,622.61309814453125,8409.3203125
1,2025-11-03,14,596.5086669921875,8409.3203125
1,2025-11-03,15,515.70263671875,8409.3203125
1,2025-11-03,16,502.96502685546875,8409.3203125
1,2025-11-03,17,512.7989501953125,8409.3203125
1,2025-11-03,18,457.73675537109375,8409.3203125
1,2025-11-03,19,412.7098388671875,8409.3203125
1,2025-11-03,20,269.8958740234375,8409.3203125
1,2025-11-03,21,241.29530334472656,8409.3203125
1,2025-11-03,22,88.467071533203125,8409.3203125
1,2025-11-03,23,29.310457229614258,8409.3203125
1,2025-11-04,0,1.6034045219421387,7974.787109375
1,2025-11-04,1,0.0055702030658721924,7974.787109375
1,2025-11-04,2,0.0083762854337692261,7974.787109375
1,2025-11-04,3,0.027472972869873047,7974.787109375
1,2025-11-04,4,8.1442117691040039,7974.787109375
1,2025-11-04,5,20.916557312011719,7974.787109375
1,2025-11-04,6,128.477294921875,7974.787109375
1,2025-11-04,7,197.50140380859375,7974.787109375
1,2025-11-04,8,277.534912109375,7974.787109375
1,2025-11-04,9,567.62176513671875,7974.787109375
1,2025-11-04,10,520.08917236328125,7974.787109375
1,2025-11-04,11,463.88775634765625,7974.787109375
1,2025-11-04,12,623.092041015625,7974.787109375
1,2025-11-04,13,649.1920166015625,7974.787109375
1,2025-11-04,14,565.79388427734375,7974.787109375
1,2025-11-04,15,483.91131591796875,7974.787109375
1,2025-11-04,16,486.5205078125,7974.787109375
1,2025-11-04,17,500.8642578125,7974.787109375
1,2025-11-04,18,449.640380859375,7974.787109375
1,2025-11-04,19,419.94171142578125,7974.787109375
1,2025-11-04,20,268.46841430664062,7974.787109375
1,2025-11-04,21,243.95135498046875,7974.787109375
1,2025-11-04,22,86.714683532714844,7974.787109375
1,2025-11-04,23,30.881155014038086,7974.787109375
1,2025-11-05,0,2.7743387222290039,20760.44921875
1,2025-11-05,1,0.0052246302366256714,20760.44921875
1,2025-11-05,2,0.0067306533455848694,20760.44921875
1,2025-11-05,3,0.023495674133300781,20760.44921875
1,2025-11-05,4,10.009805679321289,20760.44921875
1,2025-11-05,5,132.19021606445312,20760.44921875
1,2025-11-05,6,499.31158447265625,20760.44921875
1,2025-11-05,7,1386.046630859375,20760.44921875
1,2025-11-05,8,1810.8023681640625,20760.44921875
1,2025-11-05,9,1447.076171875,20760.44921875
1,2025-11-05,10,1335.734130859375,20760.44921875
1,2025-11-05,11,1335.4962158203125,20760.44921875
1,2025-11-05,12,1359.2623291015625,20760.44921875
1,2025-11-05,13,1436.4005126953125,20760.44921875
1,2025-11-05,14,1316.418212890625,20760.44921875
1,2025-11-05,15,1455.60791015625,20760.44921875
1,2025-11-05,16,1474.1297607421875,20760.44921875
1,2025-11-05,17,1729.9970703125,20760.44921875
1,2025-11-05,18,1747.0126953125,20760.44921875
1,2025-11-05,19,1336.6865234375,20760.44921875
1,2025-11-05,20,861.302734375,20760.44921875
1,2025-11-05,21,466.24151611328125,20760.44921875
1,2025-11-05,22,186.15414428710938,20760.44921875
1,2025-11-05,23,31.932388305664062,20760.44921875
1,2025-11-06,0,3.4139745235443115,20774.79296875
1,2025-11-06,1,0.0041541755199432373,20774.79296875
1,2025-11-06,2,0.0072074458003044128,20774.79296875
1,2025-11-06,3,0.02488023042678833,20774.79296875
1,2025-11-06,4,9.1778230667114258,20774.79296875
1,2025-11-06,5,127.60387420654297,20774.79296875
1,2025-11-06,6,485.00347900390625,20774.79296875
1,2025-11-06,7,1361.8260498046875,20774.79296875
1,2025-11-06,8,1773.6690673828125,20774.79296875
1,2025-11-06,9,1416.5716552734375,20774.79296875
1,2025-11-06,10,1311.517822265625,20774.79296875
1,2025-11-06,11,1314.9451904296875,20774.79296875
1,2025-11-06,12,1349.1728515625,20774.79296875
1,2025-11-06,13,1412.7557373046875,20774.79296875
1,2025-11-06,14,1310.4566650390625,20774.79296875
1,2025-11-06,15,1436.606689453125,20774.79296875
1,2025-11-06,16,1459.7705078125,20774.79296875
1,2025-11-06,17,1699.6014404296875,20774.79296875
1,2025-11-06,18,1707.7889404296875,20774.79296875
1,2025-11-06,19,1306.54345703125,20774.79296875
1,2025-11-06,20,848.568115234375,20774.79296875
1,2025-11-06,21,463.831787109375,20774.79296875
1,2025-11-06,22,184.19129943847656,20774.79296875
1,2025-11-06,23,33.690864562988281,20774.79296875
1,2025-11-07,0,3.0379042625427246,20593.560546875
1,2025-11-07,1,0.0049058198928833008,20593.560546875
1,2025-11-07,2,0.0048424452543258667,20593.560546875
1,2025-11-07,3,0.015988796949386597,20593.560546875
1,2025-11-07,4,8.0117521286010742,20593.560546875
1,2025-11-07,5,125.73571014404297,20593.560546875
1,2025-11-07,6,467.94866943359375,20593.560546875
1,2025-11-07,7,1344.1585693359375,20593.560546875
1,2025-11-07,8,1744.3515625,20593.560546875
1,2025-11-07,9,1387.265625,20593.560546875
1,2025-11-07,10,1266.481201171875,20593.560546875
1,2025-11-07,11,1316.0625,20593.560546875
1,2025-11-07,12,1334.094970703125,20593.560546875
1,2025-11-07,13,1398.9967041015625,20593.560546875
1,2025-11-07,14,1295.4862060546875,20593.560546875
1,2025-11-07,15,1430.1041259765625,20593.560546875
1,2025-11-07,16,1472.7552490234375,20593.560546875
1,2025-11-07,17,1685.1514892578125,20593.560546875
1,2025-11-07,18,1534.1422119140625,20593.560546875
1,2025-11-07,19,1184.66943359375,20593.560546875
1,2025-11-07,20,796.03729248046875,20593.560546875
1,2025-11-07,21,456.5462646484375,20593.560546875
1,2025-11-07,22,182.22608947753906,20593.560546875
1,2025-11-07,23,36.399559020996094,20593.560546875
1,2025-11-08,0,3.3075888156890869,9207.6875
1,2025-11-08,1,0.0041935741901397705,9207.6875
1,2025-11-08,2,0.0062196925282478333,9207.6875
1,2025-11-08,3,0.023206174373626709,9207.6875
1,2025-11-08,4,0.17339181900024414,9207.6875
1,2025-11-08,5,32.645477294921875,9207.6875
1,2025-11-08,6,156.34942626953125,9207.6875
1,2025-11-08,7,310.42840576171875,9207.6875
1,2025-11-08,8,454.13104248046875,9207.6875
1,2025-11-08,9,733.103759765625,9207.6875
1,2025-11-08,10,823.862548828125,9207.6875
1,2025-11-08,11,816.1949462890625,9207.6875
1,2025-11-08,12,1020.1180419921875,9207.6875
1,2025-11-08,13,1060.72216796875,9207.6875
1,2025-11-08,14,886.3724365234375,9207.6875
1,2025-11-08,15,796.89288330078125,9207.6875
1,2025-11-08,16,737.642333984375,9207.6875
1,2025-11-08,17,693.07861328125,9207.6875
1,2025-11-08,18,624.00360107421875,9207.6875
1,2025-11-08,19,552.5069580078125,9207.6875
1,2025-11-08,20,408.92529296875,9207.6875
1,2025-11-08,21,300.212890625,9207.6875
1,2025-11-08,22,104.81700897216797,9207.6875
1,2025-11-08,23,28.207630157470703,9207.6875
1,2025-11-09,0,0.10707712173461914,8214.73828125
1,2025-11-09,1,0.0034329518675804138,8214.73828125
1,2025-11-09,2,0.0060223191976547241,8214.73828125
1,2025-11-09,3,0.023873746395111084,8214.73828125
1,2025-11-09,4,0.025639057159423828,8214.73828125
1,2025-11-09,5,24.023399353027344,8214.73828125
1,2025-11-09,6,130.85064697265625,8214.73828125
1,2025-11-09,7,263.6710205078125,8214.73828125
1,2025-11-09,8,369.36163330078125,8214.73828125
1,2025-11-09,9,605.1651611328125,8214.73828125
1,2025-11-09,10,631.62615966796875,8214.73828125
1,2025-11-09,11,654.67376708984375,8214.73828125
1,2025-11-09,12,837.1383056640625,8214.73828125
1,2025-11-09,13,908.54486083984375,8214.73828125
1,2025-11-09,14,748.69549560546875,8214.73828125
1,2025-11-09,15,668.12335205078125,8214.73828125
1,2025-11-09,16,627.49444580078125,8214.73828125
1,2025-11-09,17,585.88568115234375,8214.73828125
1,2025-11-09,18,539.14764404296875,8214.73828125
1,2025-11-09,19,465.8717041015625,8214.73828125
1,2025-11-09,20,355.94146728515625,8214.73828125
1,2025-11-09,21,273.00442504882812,8214.73828125
1,2025-11-09,22,94.174407958984375,8214.73828125
1,2025-11-09,23,27.581783294677734,8214.73828125
1,2025-11-10,0,0.12688493728637695,21025.0625
1,2025-11-10,1,0.0049857646226882935,21025.0625
1,2025-11-10,2,0.0060895904898643494,21025.0625
1,2025-11-10,3,0.025106251239776611,21025.0625
1,2025-11-10,4,9.587803840637207,21025.0625
1,2025-11-10,5,125.15709686279297,21025.0625
1,2025-11-10,6,487.81561279296875,21025.0625
1,2025-11-10,7,1369.8804931640625,21025.0625
1,2025-11-10,8,1768.6771240234375,21025.0625
1,2025-11-10,9,1384.9765625,21025.0625
1,2025-11-10,10,1220.8179931640625,21025.0625
1,2025-11-10,11,1271.954833984375,21025.0625
1,2025-11-10,12,1338.873046875,21025.0625
1,2025-11-10,13,1379.2293701171875,21025.0625
1,2025-11-10,14,1295.115234375,21025.0625
1,2025-11-10,15,1428.233642578125,21025.0625
1,2025-11-10,16,1462.2296142578125,21025.0625
1,2025-11-10,17,1700.7086181640625,21025.0625
1,2025-11-10,18,1720.1326904296875,21025.0625
1,2025-11-10,19,1302.7537841796875,21025.0625
1,2025-11-10,20,843.08251953125,21025.0625
1,2025-11-10,21,451.95571899414062,21025.0625
1,2025-11-10,22,163.34698486328125,21025.0625
1,2025-11-10,23,31.327320098876953,21025.0625
1,2025-11-11,0,2.2123429775238037,21095.234375
1,2025-11-11,1,0.0043377354741096497,21095.234375
1,2025-11-11,2,0.007235400378704071,21095.234375
1,2025-11-11,3,0.027616053819656372,21095.234375
1,2025-11-11,4,9.6439952850341797,21095.234375
1,2025-11-11,5,126.8782958984375,21095.234375
1,2025-11-11,6,490.94796752929688,21095.234375
1,2025-11-11,7,1385.48583984375,21095.234375
1,2025-11-11,8,1787.405517578125,21095.234375
1,2025-11-11,9,1439.8057861328125,21095.234375
1,2025-11-11,10,1293.00390625,21095.234375
1,2025-11-11,11,1307.1134033203125,21095.234375
1,2025-11-11,12,1356.915283203125,21095.234375
1,2025-11-11,13,1412.903076171875,21095.234375
1,2025-11-11,14,1302.538330078125,21095.234375
1,2025-11-11,15,1425.043212890625,21095.234375
1,2025-11-11,16,1471.9671630859375,21095.234375
1,2025-11-11,17,1706.3321533203125,21095.234375
1,2025-11-11,18,1716.8426513671875,21095.234375
1,2025-11-11,19,1321.713623046875,21095.234375
1,2025-11-11,20,854.37042236328125,21095.234375
1,2025-11-11,21,462.35079956054688,21095.234375
1,2025-11-11,22,169.37936401367188,21095.234375
1,2025-11-11,23,33.216201782226562,21095.234375
1,2025-11-12,0,3.1544613838195801,21076.25
1,2025-11-12,1,0.0048924535512924194,21076.25
1,2025-11-12,2,0.0055867880582809448,21076.25
1,2025-11-12,3,0.022451639175415039,21076.25
1,2025-11-12,4,9.8004026412963867,21076.25
1,2025-11-12,5,124.86051177978516,21076.25
1,2025-11-12,6,490.27734375,21076.25
1,2025-11-12,7,1382.2059326171875,21076.25
1,2025-11-12,8,1790.9832763671875,21076.25
1,2025-11-12,9,1442.104248046875,21076.25
1,2025-11-12,10,1300.3272705078125,21076.25
1,2025-11-12,11,1316.3892822265625,21076.25
1,2025-11-12,12,1367.37548828125,21076.25
1,2025-11-12,13,1427.4078369140625,21076.25
1,2025-11-12,14,1332.4876708984375,21076.25
1,2025-11-12,15,1440.5799560546875,21076.25
1,2025-11-12,16,1471.0869140625,21076.25
1,2025-11-12,17,1713.197021484375,21076.25
1,2025-11-12,18,1710.3323974609375,21076.25
1,2025-11-12,19,1316.771484375,21076.25
1,2025-11-12,20,853.0794677734375,21076.25
1,2025-11-12,21,463.36575317382812,21076.25
1,2025-11-12,22,180.43426513671875,21076.25
1,2025-11-12,23,32.991783142089844,21076.25
1,2025-11-13,0,3.3606431484222412,21252.630859375
1,2025-11-13,1,0.0052469223737716675,21252.630859375
1,2025-11-13,2,0.0061046332120895386,21252.630859375
1,2025-11-13,3,0.016547471284866333,21252.630859375
1,2025-11-13,4,8.9025688171386719,21252.630859375
1,2025-11-13,5,119.97601318359375,21252.630859375
1,2025-11-13,6,478.95623779296875,21252.630859375
1,2025-11-13,7,1364.488037109375,21252.630859375
1,2025-11-13,8,1765.342041015625,21252.630859375
1,2025-11-13,9,1414.873291015625,21252.630859375
1,2025-11-13,10,1311.4537353515625,21252.630859375
1,2025-11-13,11,1318.108642578125,21252.630859375
1,2025-11-13,12,1366.8082275390625,21252.630859375
1,2025-11-13,13,1415.889892578125,21252.630859375
1,2025-11-13,14,1335.538818359375,21252.630859375
1,2025-11-13,15,1428.1387939453125,21252.630859375
1,2025-11-13,16,1466.674072265625,21252.630859375
1,2025-11-13,17,1689.6151123046875,21252.630859375
1,2025-11-13,18,1664.105712890625,21252.630859375
1,2025-11-13,19,1286.463134765625,21252.630859375
1,2025-11-13,20,838.3050537109375,21252.630859375
1,2025-11-13,21,464.89889526367188,21252.630859375
1,2025-11-13,22,178.60882568359375,21252.630859375
1,2025-11-13,23,35.055828094482422,21252.630859375
1,2025-11-14,0,3.0282659530639648,21288.326171875
1,2025-11-14,1,0.0052021816372871399,21288.326171875
1,2025-11-14,2,0.0051213651895523071,21288.326171875
1,2025-11-14,3,0.016241967678070068,21288.326171875
1,2025-11-14,4,7.8695430755615234,21288.326171875
1,2025-11-14,5,122.97039031982422,21288.326171875
1,2025-11-14,6,475.12481689453125,21288.326171875
1,2025-11-14,7,1372.6856689453125,21288.326171875
1,2025-11-14,8,1761.13427734375,21288.326171875
1,2025-11-14,9,1406.3292236328125,21288.326171875
1,2025-11-14,10,1309.794189453125,21288.326171875
1,2025-11-14,11,1338.142578125,21288.326171875
1,2025-11-14,12,1362.3565673828125,21288.326171875
1,2025-11-14,13,1425.703369140625,21288.326171875
1,2025-11-14,14,1330.4547119140625,21288.326171875
1,2025-11-14,15,1453.3272705078125,21288.326171875
1,2025-11-14,16,1492.0247802734375,21288.326171875
1,2025-11-14,17,1689.371337890625,21288.326171875
1,2025-11-14,18,1549.7412109375,21288.326171875
1,2025-11-14,19,1193.6527099609375,21288.326171875
1,2025-11-14,20,814.0166015625,21288.326171875
1,2025-11-14,21,463.30191040039062,21288.326171875
1,2025-11-14,22,176.60647583007812,21288.326171875
1,2025-11-14,23,37.840908050537109,21288.326171875
1,2025-11-15,0,3.125795841217041,10254.73046875
1,2025-11-15,1,0.0048016756772994995,10254.73046875
1,2025-11-15,2,0.0070314481854438782,10254.73046875
1,2025-11-15,3,0.022993981838226318,10254.73046875
1,2025-11-15,4,0.20607328414916992,10254.73046875
1,2025-11-15,5,32.795883178710938,10254.73046875
1,2025-11-15,6,173.14309692382812,10254.73046875
1,2025-11-15,7,373.4786376953125,10254.73046875
1,2025-11-15,8,507.84478759765625,10254.73046875
1,2025-11-15,9,736.7918701171875,10254.73046875
1,2025-11-15,10,907.0284423828125,10254.73046875
1,2025-11-15,11,864.080078125,10254.73046875
1,2025-11-15,12,1046.1265869140625,10254.73046875
1,2025-11-15,13,1103.9852294921875,10254.73046875
1,2025-11-15,14,979.4183349609375,10254.73046875
1,2025-11-15,15,895.880126953125,10254.73046875
1,2025-11-15,16,815.98712158203125,10254.73046875
1,2025-11-15,17,736.689208984375,10254.73046875
1,2025-11-15,18,660.6483154296875,10254.73046875
1,2025-11-15,19,569.0477294921875,10254.73046875
1,2025-11-15,20,440.27578735351562,10254.73046875
1,2025-11-15,21,300.30551147460938,10254.73046875
1,2025-11-15,22,103.44125366210938,10254.73046875
1,2025-11-15,23,28.922252655029297,10254.73046875
1,2025-11-16,0,0.13601493835449219,8699.80078125
1,2025-11-16,1,0.0042846202850341797,8699.80078125
1,2025-11-16,2,0.0061467885971069336,8699.80078125
1,2025-11-16,3,0.019732952117919922,8699.80078125
1,2025-11-16,4,0.070770740509033203,8699.80078125
1,2025-11-16,5,25.703025817871094,8699.80078125
1,2025-11-16,6,136.8929443359375,8699.80078125
1,2025-11-16,7,293.16522216796875,8699.80078125
1,2025-11-16,8,394.55328369140625,8699.80078125
1,2025-11-16,9,610.392578125,8699.80078125
1,2025-11-16,10,734.0509033203125,8699.80078125
1,2025-11-16,11,712.8060302734375,8699.80078125
1,2025-11-16,12,897.08135986328125,8699.80078125
1,2025-11-16,13,959.78192138671875,8699.80078125
1,2025-11-16,14,805.904296875,8699.80078125
1,2025-11-16,15,734.91668701171875,8699.80078125
1,2025-11-16,16,663.881591796875,8699.80078125
1,2025-11-16,17,600.51605224609375,8699.80078125
1,2025-11-16,18,553.0067138671875,8699.80078125
1,2025-11-16,19,464.07666015625,8699.80078125
1,2025-11-16,20,357.14669799804688,8699.80078125
1,2025-11-16,21,279.10195922851562,8699.80078125
1,2025-11-16,22,91.743377685546875,8699.80078125
1,2025-11-16,23,27.337558746337891,8699.80078125
1,2025-11-17,0,0.1192784309387207,21209.69140625
1,2025-11-17,1,0.0046539381146430969,21209.69140625
1,2025-11-17,2,0.0043583288788795471,21209.69140625
1,2025-11-17,3,0.015901416540145874,21209.69140625
1,2025-11-17,4,9.8555870056152344,21209.69140625
1,2025-11-17,5,129.73191833496094,21209.69140625
1,2025-11-17,6,506.0450439453125,21209.69140625
1,2025-11-17,7,1442.5428466796875,21209.69140625
1,2025-11-17,8,1859.060546875,21209.69140625
1,2025-11-17,9,1439.693603515625,21209.69140625
1,2025-11-17,10,1277.54150390625,21209.69140625
1,2025-11-17,11,1335.0489501953125,21209.69140625
1,2025-11-17,12,1380.407470703125,21209.69140625
1,2025-11-17,13,1412.537109375,21209.69140625
1,2025-11-17,14,1338.9888916015625,21209.69140625
1,2025-11-17,15,1474.88818359375,21209.69140625
1,2025-11-17,16,1509.5946044921875,21209.69140625
1,2025-11-17,17,1748.174560546875,21209.69140625
1,2025-11-17,18,1768.466552734375,21209.69140625
1,2025-11-17,19,1348.335205078125,21209.69140625
1,2025-11-17,20,848.49835205078125,21209.69140625
1,2025-11-17,21,464.98565673828125,21209.69140625
1,2025-11-17,22,162.40409851074219,21209.69140625
1,2025-11-17,23,31.731681823730469,21209.69140625
1,2025-11-18,0,2.2897720336914062,21275.021484375
1,2025-11-18,1,0.0050517469644546509,21275.021484375
1,2025-11-18,2,0.0030484497547149658,21275.021484375
1,2025-11-18,3,0.013735979795455933,21275.021484375
1,2025-11-18,4,9.9162731170654297,21275.021484375
1,2025-11-18,5,131.33203125,21275.021484375
1,2025-11-18,6,508.31143188476562,21275.021484375
1,2025-11-18,7,1454.3734130859375,21275.021484375
1,2025-11-18,8,1869.369873046875,21275.021484375
1,2025-11-18,9,1468.2733154296875,21275.021484375
1,2025-11-18,10,1310.6146240234375,21275.021484375
1,2025-11-18,11,1356.918701171875,21275.021484375
1,2025-11-18,12,1399.245361328125,21275.021484375
1,2025-11-18,13,1441.608642578125,21275.021484375
1,2025-11-18,14,1343.5611572265625,21275.021484375
1,2025-11-18,15,1473.0753173828125,21275.021484375
1,2025-11-18,16,1502.0672607421875,21275.021484375
1,2025-11-18,17,1739.100830078125,21275.021484375
1,2025-11-18,18,1745.5654296875,21275.021484375
1,2025-11-18,19,1333.9580078125,21275.021484375
1,2025-11-18,20,851.07958984375,21275.021484375
1,2025-11-18,21,470.02740478515625,21275.021484375
1,2025-11-18,22,171.79216003417969,21275.021484375
1,2025-11-18,23,34.280548095703125,21275.021484375
1,2025-11-19,0,2.9438321590423584,21289.822265625
1,2025-11-19,1,0.0051592886447906494,21289.822265625
1,2025-11-19,2,0.0052441135048866272,21289.822265625
1,2025-11-19,3,0.019672900438308716,21289.822265625
1,2025-11-19,4,9.8979864120483398,21289.822265625
1,2025-11-19,5,128.15425109863281,21289.822265625
1,2025-11-19,6,502.15646362304688,21289.822265625
1,2025-11-19,7,1424.0443115234375,21289.822265625
1,2025-11-19,8,1841.89599609375,21289.822265625
1,2025-11-19,9,1444.684326171875,21289.822265625
1,2025-11-19,10,1289.4637451171875,21289.822265625
1,2025-11-19,11,1343.148681640625,21289.822265625
1,2025-11-19,12,1395.2801513671875,21289.822265625
1,2025-11-19,13,1450.4454345703125,21289.822265625
1,2025-11-19,14,1362.181396484375,21289.822265625
1,2025-11-19,15,1469.3720703125,21289.822265625
1,2025-11-19,16,1494.984130859375,21289.822265625
1,2025-11-19,17,1724.184814453125,21289.822265625
1,2025-11-19,18,1740.37744140625,21289.822265625
1,2025-11-19,19,1325.8143310546875,21289.822265625
1,2025-11-19,20,847.7197265625,21289.822265625
1,2025-11-19,21,471.6785888671875,21289.822265625
1,2025-11-19,22,175.70127868652344,21289.822265625
1,2025-11-19,23,33.783504486083984,21289.822265625
1,2025-11-20,0,3.1659793853759766,21300.94921875
1,2025-11-20,1,0.0055196657776832581,21300.94921875
1,2025-11-20,2,0.0043713599443435669,21300.94921875
1,2025-11-20,3,0.016427874565124512,21300.94921875
1,2025-11-20,4,9.3050746917724609,21300.94921875
1,2025-11-20,5,125.58901977539062,21300.94921875
1,2025-11-20,6,494.451171875,21300.94921875
1,2025-11-20,7,1415.768310546875,21300.94921875
1,2025-11-20,8,1825.5965576171875,21300.94921875
1,2025-11-20,9,1435.125732421875,21300.94921875
1,2025-11-20,10,1292.7950439453125,21300.94921875
1,2025-11-20,11,1344.802978515625,21300.94921875
1,2025-11-20,12,1399.5255126953125,21300.94921875
1,2025-11-20,13,1441.5433349609375,21300.94921875
1,2025-11-20,14,1359.05908203125,21300.94921875
1,2025-11-20,15,1469.1470947265625,21300.94921875
1,2025-11-20,16,1504.2142333984375,21300.94921875
1,2025-11-20,17,1717.396728515625,21300.94921875
1,2025-11-20,18,1715.1009521484375,21300.94921875
1,2025-11-20,19,1305.0269775390625,21300.94921875
1,2025-11-20,20,841.29736328125,21300.94921875
1,2025-11-20,21,473.1494140625,21300.94921875
1,2025-11-20,22,174.64654541015625,21300.94921875
1,2025-11-20,23,35.489879608154297,21300.94921875
1,2025-11-21,0,3.2469162940979004,20989.875
1,2025-11-21,1,0.0054855719208717346,20989.875
1,2025-11-21,2,0.004454098641872406,20989.875
1,2025-11-21,3,0.018339365720748901,20989.875
1,2025-11-21,4,7.8120236396789551,20989.875
1,2025-11-21,5,125.38579559326172,20989.875
1,2025-11-21,6,483.72457885742188,20989.875
1,2025-11-21,7,1394.049560546875,20989.875
1,2025-11-21,8,1768.947998046875,20989.875
1,2025-11-21,9,1407.569091796875,20989.875
1,2025-11-21,10,1263.11083984375,20989.875
1,2025-11-21,11,1342.9327392578125,20989.875
1,2025-11-21,12,1379.25634765625,20989.875
1,2025-11-21,13,1421.413818359375,20989.875
1,2025-11-21,14,1325.33544921875,20989.875
1,2025-11-21,15,1458.7017822265625,20989.875
1,2025-11-21,16,1504.7586669921875,20989.875
1,2025-11-21,17,1689.3448486328125,20989.875
1,2025-11-21,18,1513.5731201171875,20989.875
1,2025-11-21,19,1158.7130126953125,20989.875
1,2025-11-21,20,787.32354736328125,20989.875
1,2025-11-21,21,463.7763671875,20989.875
1,2025-11-21,22,170.62338256835938,20989.875
1,2025-11-21,23,38.019886016845703,20989.875
1,2025-11-22,0,3.170989990234375,10342.486328125
1,2025-11-22,1,0.0046873018145561218,10342.486328125
1,2025-11-22,2,0.0057273879647254944,10342.486328125
1,2025-11-22,3,0.021865814924240112,10342.486328125
1,2025-11-22,4,0.28866386413574219,10342.486328125
1,2025-11-22,5,32.352302551269531,10342.486328125
1,2025-11-22,6,158.07810974121094,10342.486328125
1,2025-11-22,7,335.581787109375,10342.486328125
1,2025-11-22,8,452.12493896484375,10342.486328125
1,2025-11-22,9,725.02618408203125,10342.486328125
1,2025-11-22,10,814.264892578125,10342.486328125
1,2025-11-22,11,796.53076171875,10342.486328125
1,2025-11-22,12,1005.1565551757812,10342.486328125
1,2025-11-22,13,1024.8763427734375,10342.486328125
1,2025-11-22,14,926.8773193359375,10342.486328125
1,2025-11-22,15,795.82122802734375,10342.486328125
1,2025-11-22,16,734.1920166015625,10342.486328125
1,2025-11-22,17,678.62957763671875,10342.486328125
1,2025-11-22,18,610.06005859375,10342.486328125
1,2025-11-22,19,535.05364990234375,10342.486328125
1,2025-11-22,20,401.7369384765625,10342.486328125
1,2025-11-22,21,292.0623779296875,10342.486328125
1,2025-11-22,22,98.342689514160156,10342.486328125
1,2025-11-22,23,28.764507293701172,10342.486328125
1,2025-11-23,0,0.14782619476318359,9412.94921875
1,2025-11-23,1,0.0049070641398429871,9412.94921875
1,2025-11-23,2,0.0038473382592201233,9412.94921875
1,2025-11-23,3,0.016670942306518555,9412.94921875
1,2025-11-23,4,-0.059393882751464844,9412.94921875
1,2025-11-23,5,24.35723876953125,9412.94921875
1,2025-11-23,6,125.80462646484375,9412.94921875
1,2025-11-23,7,274.778076171875,9412.94921875
1,2025-11-23,8,366.11260986328125,9412.94921875
1,2025-11-23,9,622.94281005859375,9412.94921875
1,2025-11-23,10,691.623291015625,9412.94921875
1,2025-11-23,11,728.144287109375,9412.94921875
1,2025-11-23,12,887.2158203125,9412.94921875
1,2025-11-23,13,943.4296875,9412.94921875
1,2025-11-23,14,806.85772705078125,9412.94921875
1,2025-11-23,15,721.19256591796875,9412.94921875
1,2025-11-23,16,663.11083984375,9412.94921875
1,2025-11-23,17,603.803955078125,9412.94921875
1,2025-11-23,18,550.8388671875,9412.94921875
1,2025-11-23,19,465.46923828125,9412.94921875
1,2025-11-23,20,360.4864501953125,9412.94921875
1,2025-11-23,21,274.24981689453125,9412.94921875
1,2025-11-23,22,91.019340515136719,9412.94921875
1,2025-11-23,23,27.717782974243164,9412.94921875
1,2025-11-24,0,0.12550687789916992,20888.439453125
1,2025-11-24,1,0.0053219273686408997,20888.439453125
1,2025-11-24,2,0.0050177574157714844,20888.439453125
1,2025-11-24,3,0.021216690540313721,20888.439453125
1,2025-11-24,4,9.9958763122558594,20888.439453125
1,2025-11-24,5,124.74017333984375,20888.439453125
1,2025-11-24,6,494.7528076171875,20888.439453125
1,2025-11-24,7,1397.6397705078125,20888.439453125
1,2025-11-24,8,1797.59423828125,20888.439453125
1,2025-11-24,9,1402.11474609375,20888.439453125
1,2025-11-24,10,1250.08544921875,20888.439453125
1,2025-11-24,11,1305.663330078125,20888.439453125
1,2025-11-24,12,1367.2213134765625,20888.439453125
1,2025-11-24,13,1388.525634765625,20888.439453125
1,2025-11-24,14,1314.9774169921875,20888.439453125
1,2025-11-24,15,1443.76220703125,20888.439453125
1,2025-11-24,16,1470.8551025390625,20888.439453125
1,2025-11-24,17,1721.236328125,20888.439453125
1,2025-11-24,18,1728.1068115234375,20888.439453125
1,2025-11-24,19,1317.9234619140625,20888.439453125
1,2025-11-24,20,830.9425048828125,20888.439453125
1,2025-11-24,21,460.57135009765625,20888.439453125
1,2025-11-24,22,159.54072570800781,20888.439453125
1,2025-11-24,23,32.219638824462891,20888.439453125
1,2025-11-25,0,2.4669177532196045,21188.587890625
1,2025-11-25,1,0.0039755702018737793,21188.587890625
1,2025-11-25,2,0.0058814287185668945,21188.587890625
1,2025-11-25,3,0.025915205478668213,21188.587890625
1,2025-11-25,4,10.076638221740723,21188.587890625
1,2025-11-25,5,126.63825988769531,21188.587890625
1,2025-11-25,6,499.63458251953125,21188.587890625
1,2025-11-25,7,1435.3524169921875,21188.587890625
1,2025-11-25,8,1828.45068359375,21188.587890625
1,2025-11-25,9,1459.48779296875,21188.587890625
1,2025-11-25,10,1300.5543212890625,21188.587890625
1,2025-11-25,11,1344.704345703125,21188.587890625
1,2025-11-25,12,1392.941162109375,21188.587890625
1,2025-11-25,13,1426.214599609375,21188.587890625
1,2025-11-25,14,1328.919921875,21188.587890625
1,2025-11-25,15,1451.6866455078125,21188.587890625
1,2025-11-25,16,1481.826171875,21188.587890625
1,2025-11-25,17,1715.1622314453125,21188.587890625
1,2025-11-25,18,1712.0836181640625,21188.587890625
1,2025-11-25,19,1314.62841796875,21188.587890625
1,2025-11-25,20,838.39813232421875,21188.587890625
1,2025-11-25,21,468.197509765625,21188.587890625
1,2025-11-25,22,166.48678588867188,21188.587890625
1,2025-11-25,23,34.462348937988281,21188.587890625
1,2025-11-26,0,2.8696637153625488,21262.390625
1,2025-11-26,1,0.0055408701300621033,21262.390625
1,2025-11-26,2,0.0036581158638000488,21262.390625
1,2025-11-26,3,0.019369393587112427,21262.390625
1,2025-11-26,4,10.132707595825195,21262.390625
1,2025-11-26,5,125.09223937988281,21262.390625
1,2025-11-26,6,498.85443115234375,21262.390625
1,2025-11-26,7,1418.4171142578125,21262.390625
1,2025-11-26,8,1830.20166015625,21262.390625
1,2025-11-26,9,1440.585693359375,21262.390625
1,2025-11-26,10,1287.5054931640625,21262.390625
1,2025-11-26,11,1336.509765625,21262.390625
1,2025-11-26,12,1393.6845703125,21262.390625
1,2025-11-26,13,1435.6612548828125,21262.390625
1,2025-11-26,14,1348.569580078125,21262.390625
1,2025-11-26,15,1456.2401123046875,21262.390625
1,2025-11-26,16,1478.3641357421875,21262.390625
1,2025-11-26,17,1712.830322265625,21262.390625
1,2025-11-26,18,1706.352294921875,21262.390625
1,2025-11-26,19,1307.510498046875,21262.390625
1,2025-11-26,20,838.62091064453125,21262.390625
1,2025-11-26,21,469.5125732421875,21262.390625
1,2025-11-26,22,171.85751342773438,21262.390625
1,2025-11-26,23,33.911323547363281,21262.390625
1,2025-11-27,0,2.7434825897216797,21198.64453125
1,2025-11-27,1,0.0056201145052909851,21198.64453125
1,2025-11-27,2,0.0050040557980537415,21198.64453125
1,2025-11-27,3,0.022988736629486084,21198.64453125
1,2025-11-27,4,9.333491325378418,21198.64453125
1,2025-11-27,5,123.53303527832031,21198.64453125
1,2025-11-27,6,494.0836181640625,21198.64453125
1,2025-11-27,7,1409.6171875,21198.64453125
1,2025-11-27,8,1822.47216796875,21198.64453125
1,2025-11-27,9,1424.270751953125,21198.64453125
1,2025-11-27,10,1285.2919921875,21198.64453125
1,2025-11-27,11,1340.080810546875,21198.64453125
1,2025-11-27,12,1396.762451171875,21198.64453125
1,2025-11-27,13,1427.4837646484375,21198.64453125
1,2025-11-27,14,1351.642333984375,21198.64453125
1,2025-11-27,15,1461.1407470703125,21198.64453125
1,2025-11-27,16,1493.512451171875,21198.64453125
1,2025-11-27,17,1709.6243896484375,21198.64453125
1,2025-11-27,18,1695.29833984375,21198.64453125
1,2025-11-27,19,1289.78125,21198.64453125
1,2025-11-27,20,835.90484619140625,21198.64453125
1,2025-11-27,21,473.1763916015625,21198.64453125
1,2025-11-27,22,170.34065246582031,21198.64453125
1,2025-11-27,23,35.175777435302734,21198.64453125
1,2025-11-28,0,3.2802166938781738,20855.173828125
1,2025-11-28,1,0.0050954744219779968,20855.173828125
1,2025-11-28,2,0.0039344951510429382,20855.173828125
1,2025-11-28,3,0.0193328857421875,20855.173828125
1,2025-11-28,4,8.3619327545166016,20855.173828125
1,2025-11-28,5,123.39969635009766,20855.173828125
1,2025-11-28,6,481.85333251953125,20855.173828125
1,2025-11-28,7,1389.132080078125,20855.173828125
1,2025-11-28,8,1772.881103515625,20855.173828125
1,2025-11-28,9,1394.0765380859375,20855.173828125
1,2025-11-28,10,1259.108154296875,20855.173828125
1,2025-11-28,11,1338.59033203125,20855.173828125
1,2025-11-28,12,1361.757568359375,20855.173828125
1,2025-11-28,13,1411.15673828125,20855.173828125
1,2025-11-28,14,1320.85595703125,20855.173828125
1,2025-11-28,15,1456.3326416015625,20855.173828125
1,2025-11-28,16,1502.3724365234375,20855.173828125
1,2025-11-28,17,1686.7889404296875,20855.173828125
1,2025-11-28,18,1505.1175537109375,20855.173828125
1,2025-11-28,19,1157.6231689453125,20855.173828125
1,2025-11-28,20,788.06378173828125,20855.173828125
1,2025-11-28,21,466.03512573242188,20855.173828125
1,2025-11-28,22,167.30120849609375,20855.173828125
1,2025-11-28,23,37.391651153564453,20855.173828125
1,2025-11-29,0,3.0563359260559082,10163.6845703125
1,2025-11-29,1,0.0056428834795951843,10163.6845703125
1,2025-11-29,2,0.0043390914797782898,10163.6845703125
1,2025-11-29,3,0.017023384571075439,10163.6845703125
1,2025-11-29,4,0.29128599166870117,10163.6845703125
1,2025-11-29,5,31.249664306640625,10163.6845703125
1,2025-11-29,6,156.52743530273438,10163.6845703125
1,2025-11-29,7,336.365234375,10163.6845703125
1,2025-11-29,8,448.05755615234375,10163.6845703125
1,2025-11-29,9,720.4901123046875,10163.6845703125
1,2025-11-29,10,826.3841552734375,10163.6845703125
1,2025-11-29,11,788.5400390625,10163.6845703125
1,2025-11-29,12,973.5543212890625,10163.6845703125
1,2025-11-29,13,1021.4559326171875,10163.6845703125
1,2025-11-29,14,912.68438720703125,10163.6845703125
1,2025-11-29,15,783.400634765625,10163.6845703125
1,2025-11-29,16,720.70166015625,10163.6845703125
1,2025-11-29,17,666.22271728515625,10163.6845703125
1,2025-11-29,18,600.5025634765625,10163.6845703125
1,2025-11-29,19,518.9207763671875,10163.6845703125
1,2025-11-29,20,392.84909057617188,10163.6845703125
1,2025-11-29,21,287.8912353515625,10163.6845703125
1,2025-11-29,22,98.715560913085938,10163.6845703125
1,2025-11-29,23,28.73741340637207,10163.6845703125
1,2025-11-30,0,0.11556673049926758,9292.44921875
1,2025-11-30,1,0.005104944109916687,9292.44921875
1,2025-11-30,2,0.0045666694641113281,9292.44921875
1,2025-11-30,3,0.016822159290313721,9292.44921875
1,2025-11-30,4,-0.020371913909912109,9292.44921875
1,2025-11-30,5,24.847076416015625,9292.44921875
1,2025-11-30,6,124.1102294921875,9292.44921875
1,2025-11-30,7,286.68499755859375,9292.44921875
1,2025-11-30,8,384.83905029296875,9292.44921875
1,2025-11-30,9,612.9552001953125,9292.44921875
1,2025-11-30,10,694.537841796875,9292.44921875
1,2025-11-30,11,717.9287109375,9292.44921875
1,2025-11-30,12,870.8265380859375,9292.44921875
1,2025-11-30,13,938.18524169921875,9292.44921875
1,2025-11-30,14,810.67108154296875,9292.44921875
1,2025-11-30,15,724.81683349609375,9292.44921875
1,2025-11-30,16,665.4569091796875,9292.44921875
1,2025-11-30,17,605.38995361328125,9292.44921875
1,2025-11-30,18,552.765869140625,9292.44921875
1,2025-11-30,19,456.6851806640625,9292.44921875
1,2025-11-30,20,365.3021240234375,9292.44921875
1,2025-11-30,21,275.79010009765625,9292.44921875
1,2025-11-30,22,92.771347045898438,9292.44921875
1,2025-11-30,23,27.669832229614258,9292.44921875
1,2025-12-01,0,0.090292930603027344,20879.3671875
1,2025-12-01,1,0.0051033645868301392,20879.3671875
1,2025-12-01,2,0.0061770379543304443,20879.3671875
1,2025-12-01,3,0.023582428693771362,20879.3671875
1,2025-12-01,4,10.105160713195801,20879.3671875
1,2025-12-01,5,127.5654296875,20879.3671875
1,2025-12-01,6,496.279296875,20879.3671875
1,2025-12-01,7,1401.84228515625,20879.3671875
1,2025-12-01,8,1786.5489501953125,20879.3671875
1,2025-12-01,9,1407.62060546875,20879.3671875
1,2025-12-01,10,1236.595458984375,20879.3671875
1,2025-12-01,11,1311.5335693359375,20879.3671875
1,2025-12-01,12,1358.3243408203125,20879.3671875
1,2025-12-01,13,1384.189208984375,20879.3671875
1,2025-12-01,14,1316.2835693359375,20879.3671875
1,2025-12-01,15,1443.802734375,20879.3671875
1,2025-12-01,16,1476.0404052734375,20879.3671875
1,2025-12-01,17,1712.58642578125,20879.3671875
1,2025-12-01,18,1729.260986328125,20879.3671875
1,2025-12-01,19,1322.4635009765625,20879.3671875
1,2025-12-01,20,836.38348388671875,20879.3671875
1,2025-12-01,21,458.35720825195312,20879.3671875
1,2025-12-01,22,162.45941162109375,20879.3671875
1,2025-12-01,23,31.960100173950195,20879.3671875
1,2025-12-02,0,2.5099143981933594,21099.2265625
1,2025-12-02,1,0.0050075724720954895,21099.2265625
1,2025-12-02,2,0.0068902000784873962,21099.2265625
1,2025-12-02,3,0.026924312114715576,21099.2265625
1,2025-12-02,4,10.156366348266602,21099.2265625
1,2025-12-02,5,129.19175720214844,21099.2265625
1,2025-12-02,6,501.1767578125,21099.2265625
1,2025-12-02,7,1431.920654296875,21099.2265625
1,2025-12-02,8,1819.32177734375,21099.2265625
1,2025-12-02,9,1455.1485595703125,21099.2265625
1,2025-12-02,10,1286.482666015625,21099.2265625
1,2025-12-02,11,1346.5191650390625,21099.2265625
1,2025-12-02,12,1383.33349609375,21099.2265625
1,2025-12-02,13,1413.166748046875,21099.2265625
1,2025-12-02,14,1314.1419677734375,21099.2265625
1,2025-12-02,15,1441.359619140625,21099.2265625
1,2025-12-02,16,1477.166259765625,21099.2265625
1,2025-12-02,17,1710.893798828125,21099.2265625
1,2025-12-02,18,1714.5654296875,21099.2265625
1,2025-12-02,19,1323.0645751953125,21099.2265625
1,2025-12-02,20,842.755126953125,21099.2265625
1,2025-12-02,21,467.7452392578125,21099.2265625
1,2025-12-02,22,170.35279846191406,21099.2265625
1,2025-12-02,23,34.324985504150391,21099.2265625
1,2025-12-03,0,2.7548201084136963,21139.40625
1,2025-12-03,1,0.0053299367427825928,21139.40625
1,2025-12-03,2,0.005285114049911499,21139.40625
1,2025-12-03,3,0.019572943449020386,21139.40625
1,2025-12-03,4,9.9594573974609375,21139.40625
1,2025-12-03,5,126.22294616699219,21139.40625
1,2025-12-03,6,497.59600830078125,21139.40625
1,2025-12-03,7,1372.768310546875,21139.40625
1,2025-12-03,8,1792.377197265625,21139.40625
1,2025-12-03,9,1442.0343017578125,21139.40625
1,2025-12-03,10,1268.03173828125,21139.40625
1,2025-12-03,11,1344.8270263671875,21139.40625
1,2025-12-03,12,1391.935546875,21139.40625
1,2025-12-03,13,1435.16357421875,21139.40625
1,2025-12-03,14,1330.2861328125,21139.40625
1,2025-12-03,15,1433.078369140625,21139.40625
1,2025-12-03,16,1450.4000244140625,21139.40625
1,2025-12-03,17,1686.23974609375,21139.40625
1,2025-12-03,18,1688.016357421875,21139.40625
1,2025-12-03,19,1304.114501953125,21139.40625
1,2025-12-03,20,835.0054931640625,21139.40625
1,2025-12-03,21,468.6607666015625,21139.40625
1,2025-12-03,22,172.92030334472656,21139.40625
1,2025-12-03,23,32.398277282714844,21139.40625
1,2025-12-04,0,2.7652566432952881,21117.30078125
1,2025-12-04,1,0.0052738338708877563,21117.30078125
1,2025-12-04,2,0.0030669867992401123,21117.30078125
1,2025-12-04,3,0.015612572431564331,21117.30078125
1,2025-12-04,4,9.4093704223632812,21117.30078125
1,2025-12-04,5,124.20695495605469,21117.30078125
1,2025-12-04,6,493.72988891601562,21117.30078125
1,2025-12-04,7,1376.3997802734375,21117.30078125
1,2025-12-04,8,1776.9578857421875,21117.30078125
1,2025-12-04,9,1436.9322509765625,21117.30078125
1,2025-12-04,10,1289.3157958984375,21117.30078125
1,2025-12-04,11,1359.255615234375,21117.30078125
1,2025-12-04,12,1409.630615234375,21117.30078125
1,2025-12-04,13,1428.03271484375,21117.30078125
1,2025-12-04,14,1351.5040283203125,21117.30078125
1,2025-12-04,15,1437.7420654296875,21117.30078125
1,2025-12-04,16,1468.181884765625,21117.30078125
1,2025-12-04,17,1682.871826171875,21117.30078125
1,2025-12-04,18,1667.633544921875,21117.30078125
1,2025-12-04,19,1286.178466796875,21117.30078125
1,2025-12-04,20,831.02752685546875,21117.30078125
1,2025-12-04,21,472.57473754882812,21117.30078125
1,2025-12-04,22,170.76765441894531,21117.30078125
1,2025-12-04,23,34.344810485839844,21117.30078125
1,2025-12-05,0,3.0255441665649414,20967.01953125
1,2025-12-05,1,0.0054986923933029175,20967.01953125
1,2025-12-05,2,0.0048755630850791931,20967.01953125
1,2025-12-05,3,0.01982000470161438,20967.01953125
1,2025-12-05,4,8.6814556121826172,20967.01953125
1,2025-12-05,5,124.05031585693359,20967.01953125
1,2025-12-05,6,482.43701171875,20967.01953125
1,2025-12-05,7,1358.95751953125,20967.01953125
1,2025-12-05,8,1753.36279296875,20967.01953125
1,2025-12-05,9,1415.498046875,20967.01953125
1,2025-12-05,10,1271.15087890625,20967.01953125
1,2025-12-05,11,1374.83984375,20967.01953125
1,2025-12-05,12,1387.505615234375,20967.01953125
1,2025-12-05,13,1424.2286376953125,20967.01953125
1,2025-12-05,14,1338.93603515625,20967.01953125
1,2025-12-05,15,1445.4197998046875,20967.01953125
1,2025-12-05,16,1494.251708984375,20967.01953125
1,2025-12-05,17,1679.2220458984375,20967.01953125
1,2025-12-05,18,1524.6617431640625,20967.01953125
1,2025-12-05,19,1177.578125,20967.01953125
1,2025-12-05,20,794.45635986328125,20967.01953125
1,2025-12-05,21,471.42526245117188,20967.01953125
1,2025-12-05,22,171.82728576660156,20967.01953125
1,2025-12-05,23,37.365489959716797,20967.01953125
1,2025-12-06,0,3.5267267227172852,10483.650390625
1,2025-12-06,1,0.0062453150749206543,10483.650390625
1,2025-12-06,2,0.0041200816631317139,10483.650390625
1,2025-12-06,3,0.015577912330627441,10483.650390625
1,2025-12-06,4,0.26121330261230469,10483.650390625
1,2025-12-06,5,30.588401794433594,10483.650390625
1,2025-12-06,6,154.0711669921875,10483.650390625
1,2025-12-06,7,338.32049560546875,10483.650390625
1,2025-12-06,8,455.44677734375,10483.650390625
1,2025-12-06,9,737.9197998046875,10483.650390625
1,2025-12-06,10,815.65472412109375,10483.650390625
1,2025-12-06,11,812.9925537109375,10483.650390625
1,2025-12-06,12,999.9642333984375,10483.650390625
1,2025-12-06,13,1027.8365478515625,10483.650390625
1,2025-12-06,14,928.5576171875,10483.650390625
1,2025-12-06,15,817.04119873046875,10483.650390625
1,2025-12-06,16,744.70123291015625,10483.650390625
1,2025-12-06,17,689.7247314453125,10483.650390625
1,2025-12-06,18,616.71844482421875,10483.650390625
1,2025-12-06,19,539.6185302734375,10483.650390625
1,2025-12-06,20,397.06488037109375,10483.650390625
1,2025-12-06,21,297.1417236328125,10483.650390625
1,2025-12-06,22,102.41292572021484,10483.650390625
1,2025-12-06,23,28.549068450927734,10483.650390625
1,2025-12-07,0,0.19112682342529297,9313.361328125
1,2025-12-07,1,0.0054689273238182068,9313.361328125
1,2025-12-07,2,0.0047412440180778503,9313.361328125
1,2025-12-07,3,0.019454509019851685,9313.361328125
1,2025-12-07,4,-0.068637371063232422,9313.361328125
1,2025-12-07,5,21.933502197265625,9313.361328125
1,2025-12-07,6,120.8995361328125,9313.361328125
1,2025-12-07,7,268.5504150390625,9313.361328125
1,2025-12-07,8,357.71014404296875,9313.361328125
1,2025-12-07,9,610.52783203125,9313.361328125
1,2025-12-07,10,703.2003173828125,9313.361328125
1,2025-12-07,11,735.6629638671875,9313.361328125
1,2025-12-07,12,887.54736328125,9313.361328125
1,2025-12-07,13,935.27178955078125,9313.361328125
1,2025-12-07,14,815.5426025390625,9313.361328125
1,2025-12-07,15,717.638671875,9313.361328125
1,2025-12-07,16,651.076904296875,9313.361328125
1,2025-12-07,17,587.1680908203125,9313.361328125
1,2025-12-07,18,528.92657470703125,9313.361328125
1,2025-12-07,19,450.89251708984375,9313.361328125
1,2025-12-07,20,345.5478515625,9313.361328125
1,2025-12-07,21,268.9969482421875,9313.361328125
1,2025-12-07,22,93.1241455078125,9313.361328125
1,2025-12-07,23,27.479114532470703,9313.361328125
1,2025-12-08,0,0.19032478332519531,20632.181640625
1,2025-12-08,1,0.0046803727746009827,20632.181640625
1,2025-12-08,2,0.0065351501107215881,20632.181640625
1,2025-12-08,3,0.021879285573959351,20632.181640625
1,2025-12-08,4,10.372261047363281,20632.181640625
1,2025-12-08,5,124.18479919433594,20632.181640625
1,2025-12-08,6,494.14218139648438,20632.181640625
1,2025-12-08,7,1363.8909912109375,20632.181640625
1,2025-12-08,8,1757.51806640625,20632.181640625
1,2025-12-08,9,1395.3551025390625,20632.181640625
1,2025-12-08,10,1232.734619140625,20632.181640625
1,2025-12-08,11,1301.7308349609375,20632.181640625
1,2025-12-08,12,1373.816650390625,20632.181640625
1,2025-12-08,13,1382.6466064453125,20632.181640625
1,2025-12-08,14,1300.614013671875,20632.181640625
1,2025-12-08,15,1425.8529052734375,20632.181640625
1,2025-12-08,16,1454.28173828125,20632.181640625
1,2025-12-08,17,1682.260498046875,20632.181640625
1,2025-12-08,18,1709.35791015625,20632.181640625
1,2025-12-08,19,1300.78564453125,20632.181640625
1,2025-12-08,20,828.219970703125,20632.181640625
1,2025-12-08,21,456.62008666992188,20632.181640625
1,2025-12-08,22,156.96908569335938,20632.181640625
1,2025-12-08,23,31.620803833007812,20632.181640625
1,2025-12-09,0,2.1618924140930176,21048.419921875
1,2025-12-09,1,0.0056547820568084717,21048.419921875
1,2025-12-09,2,0.0050129741430282593,21048.419921875
1,2025-12-09,3,0.015861153602600098,21048.419921875
1,2025-12-09,4,10.078508377075195,21048.419921875
1,2025-12-09,5,125.27127075195312,21048.419921875
1,2025-12-09,6,498.13421630859375,21048.419921875
1,2025-12-09,7,1397.27294921875,21048.419921875
1,2025-12-09,8,1788.0615234375,21048.419921875
1,2025-12-09,9,1449.026123046875,21048.419921875
1,2025-12-09,10,1287.074951171875,21048.419921875
1,2025-12-09,11,1349.0577392578125,21048.419921875
1,2025-12-09,12,1394.2044677734375,21048.419921875
1,2025-12-09,13,1411.3043212890625,21048.419921875
1,2025-12-09,14,1310.230712890625,21048.419921875
1,2025-12-09,15,1432.8228759765625,21048.419921875
1,2025-12-09,16,1451.0631103515625,21048.419921875
1,2025-12-09,17,1678.2294921875,21048.419921875
1,2025-12-09,18,1687.37841796875,21048.419921875
1,2025-12-09,19,1299.637939453125,21048.419921875
1,2025-12-09,20,834.50439453125,21048.419921875
1,2025-12-09,21,464.48489379882812,21048.419921875
1,2025-12-09,22,165.51799011230469,21048.419921875
1,2025-12-09,23,33.757606506347656,21048.419921875
1,2025-12-10,0,3.0407524108886719,21297.228515625
1,2025-12-10,1,0.0058352425694465637,21297.228515625
1,2025-12-10,2,0.0060738250613212585,21297.228515625
1,2025-12-10,3,0.021032005548477173,21297.228515625
1,2025-12-10,4,10.161235809326172,21297.228515625
1,2025-12-10,5,124.77351379394531,21297.228515625
1,2025-12-10,6,497.26119995117188,21297.228515625
1,2025-12-10,7,1377.12353515625,21297.228515625
1,2025-12-10,8,1791.7344970703125,21297.228515625
1,2025-12-10,9,1440.060791015625,21297.228515625
1,2025-12-10,10,1279.0970458984375,21297.228515625
1,2025-12-10,11,1347.17333984375,21297.228515625
1,2025-12-10,12,1397.0333251953125,21297.228515625
1,2025-12-10,13,1427.4027099609375,21297.228515625
1,2025-12-10,14,1322.9842529296875,21297.228515625
1,2025-12-10,15,1443.285400390625,21297.228515625
1,2025-12-10,16,1444.32080078125,21297.228515625
1,2025-12-10,17,1680.960693359375,21297.228515625
1,2025-12-10,18,1687.993408203125,21297.228515625
1,2025-12-10,19,1299.35205078125,21297.228515625
1,2025-12-10,20,835.65380859375,21297.228515625
1,2025-12-10,21,468.60614013671875,21297.228515625
1,2025-12-10,22,169.20057678222656,21297.228515625
1,2025-12-10,23,33.030380249023438,21297.228515625
1,2025-12-11,0,2.9590268135070801,21192.833984375
1,2025-12-11,1,0.0045985430479049683,21192.833984375
1,2025-12-11,2,0.0062965899705886841,21192.833984375
1,2025-12-11,3,0.024067908525466919,21192.833984375
1,2025-12-11,4,9.7132282257080078,21192.833984375
1,2025-12-11,5,123.67173767089844,21192.833984375
1,2025-12-11,6,494.429443359375,21192.833984375
1,2025-12-11,7,1380.484375,21192.833984375
1,2025-12-11,8,1789.2423095703125,21192.833984375
1,2025-12-11,9,1431.83447265625,21192.833984375
1,2025-12-11,10,1284.4833984375,21192.833984375
1,2025-12-11,11,1353.955810546875,21192.833984375
1,2025-12-11,12,1403.8929443359375,21192.833984375
1,2025-12-11,13,1423.4365234375,21192.833984375
1,2025-12-11,14,1343.6953125,21192.833984375
1,2025-12-11,15,1446.747802734375,21192.833984375
1,2025-12-11,16,1464.811767578125,21192.833984375
1,2025-12-11,17,1679.5712890625,21192.833984375
1,2025-12-11,18,1683.734130859375,21192.833984375
1,2025-12-11,19,1292.3565673828125,21192.833984375
1,2025-12-11,20,836.03369140625,21192.833984375
1,2025-12-11,21,472.67282104492188,21192.833984375
1,2025-12-11,22,169.20292663574219,21192.833984375
1,2025-12-11,23,35.450714111328125,21192.833984375
1,2025-12-12,0,3.2995691299438477,20801.91796875
1,2025-12-12,1,0.006204947829246521,20801.91796875
1,2025-12-12,2,0.0055744349956512451,20801.91796875
1,2025-12-12,3,0.024016886949539185,20801.91796875
1,2025-12-12,4,8.6719932556152344,20801.91796875
1,2025-12-12,5,124.41583251953125,20801.91796875
1,2025-12-12,6,477.80850219726562,20801.91796875
1,2025-12-12,7,1353.7216796875,20801.91796875
1,2025-12-12,8,1741.14892578125,20801.91796875
1,2025-12-12,9,1395.2843017578125,20801.91796875
1,2025-12-12,10,1252.656982421875,20801.91796875
1,2025-12-12,11,1353.1785888671875,20801.91796875
1,2025-12-12,12,1376.5794677734375,20801.91796875
1,2025-12-12,13,1412.407470703125,20801.91796875
1,2025-12-12,14,1319.9112548828125,20801.91796875
1,2025-12-12,15,1438.5615234375,20801.91796875
1,2025-12-12,16,1477.390625,20801.91796875
1,2025-12-12,17,1647.714111328125,20801.91796875
1,2025-12-12,18,1506.2330322265625,20801.91796875
1,2025-12-12,19,1163.998046875,20801.91796875
1,2025-12-12,20,788.13275146484375,20801.91796875
1,2025-12-12,21,467.26168823242188,20801.91796875
1,2025-12-12,22,172.1177978515625,20801.91796875
1,2025-12-12,23,38.450706481933594,20801.91796875
1,2025-12-13,0,3.3523750305175781,10135.291015625
1,2025-12-13,1,0.0060637220740318298,10135.291015625
1,2025-12-13,2,0.0069377347826957703,10135.291015625
1,2025-12-13,3,0.027140378952026367,10135.291015625
1,2025-12-13,4,0.15828132629394531,10135.291015625
1,2025-12-13,5,29.201408386230469,10135.291015625
1,2025-12-13,6,147.81002807617188,10135.291015625
1,2025-12-13,7,320.7943115234375,10135.291015625
1,2025-12-13,8,433.068359375,10135.291015625
1,2025-12-13,9,692.8428955078125,10135.291015625
1,2025-12-13,10,800.2015380859375,10135.291015625
1,2025-12-13,11,788.6527099609375,10135.291015625
1,2025-12-13,12,986.27001953125,10135.291015625
1,2025-12-13,13,1004.124267578125,10135.291015625
1,2025-12-13,14,904.5357666015625,10135.291015625
1,2025-12-13,15,775.5367431640625,10135.291015625
1,2025-12-13,16,713.30340576171875,10135.291015625
1,2025-12-13,17,655.43450927734375,10135.291015625
1,2025-12-13,18,586.42279052734375,10135.291015625
1,2025-12-13,19,514.71905517578125,10135.291015625
1,2025-12-13,20,381.99200439453125,10135.291015625
1,2025-12-13,21,292.26858520507812,10135.291015625
1,2025-12-13,22,101.60257720947266,10135.291015625
1,2025-12-13,23,29.391382217407227,10135.291015625
1,2025-12-14,0,0.16884183883666992,9387.265625
1,2025-12-14,1,0.0055486932396888733,9387.265625
1,2025-12-14,2,0.0047825872898101807,9387.265625
1,2025-12-14,3,0.02038043737411499,9387.265625
1,2025-12-14,4,-0.038847923278808594,9387.265625
1,2025-12-14,5,24.37591552734375,9387.265625
1,2025-12-14,6,125.77310180664062,9387.265625
1,2025-12-14,7,280.85089111328125,9387.265625
1,2025-12-14,8,380.469482421875,9387.265625
1,2025-12-14,9,616.6031494140625,9387.265625
1,2025-12-14,10,695.46234130859375,9387.265625
1,2025-12-14,11,731.4232177734375,9387.265625
1,2025-12-14,12,888.02294921875,9387.265625
1,2025-12-14,13,921.0872802734375,9387.265625
1,2025-12-14,14,803.45465087890625,9387.265625
1,2025-12-14,15,717.54541015625,9387.265625
1,2025-12-14,16,653.265380859375,9387.265625
1,2025-12-14,17,599.99542236328125,9387.265625
1,2025-12-14,18,535.45025634765625,9387.265625
1,2025-12-14,19,459.70196533203125,9387.265625
1,2025-12-14,20,350.66604614257812,9387.265625
1,2025-12-14,21,272.37362670898438,9387.265625
1,2025-12-14,22,90.886100769042969,9387.265625
1,2025-12-14,23,27.921440124511719,9387.265625
1,2025-12-15,0,0.20846271514892578,20888.0234375
1,2025-12-15,1,0.0059396177530288696,20888.0234375
1,2025-12-15,2,0.0059293061494827271,20888.0234375
1,2025-12-15,3,0.016518473625183105,20888.0234375
1,2025-12-15,4,10.500244140625,20888.0234375
1,2025-12-15,5,125.63053894042969,20888.0234375
1,2025-12-15,6,495.78494262695312,20888.0234375
1,2025-12-15,7,1361.67822265625,20888.0234375
1,2025-12-15,8,1757.60302734375,20888.0234375
1,2025-12-15,9,1400.0306396484375,20888.0234375
1,2025-12-15,10,1225.732421875,20888.0234375
1,2025-12-15,11,1303.0870361328125,20888.0234375
1,2025-12-15,12,1385.17578125,20888.0234375
1,2025-12-15,13,1380.036376953125,20888.0234375
1,2025-12-15,14,1291.375732421875,20888.0234375
1,2025-12-15,15,1417.778564453125,20888.0234375
1,2025-12-15,16,1446.0032958984375,20888.0234375
1,2025-12-15,17,1682.8214111328125,20888.0234375
1,2025-12-15,18,1720.2279052734375,20888.0234375
1,2025-12-15,19,1310.3076171875,20888.0234375
1,2025-12-15,20,833.3321533203125,20888.0234375
1,2025-12-15,21,456.97332763671875,20888.0234375
1,2025-12-15,22,155.642333984375,20888.0234375
1,2025-12-15,23,32.06964111328125,20888.0234375
1,2025-12-16,0,1.971712589263916,21001.734375
1,2025-12-16,1,0.0061690360307693481,21001.734375
1,2025-12-16,2,0.0066164955496788025,21001.734375
1,2025-12-16,3,0.023948371410369873,21001.734375
1,2025-12-16,4,10.33258056640625,21001.734375
1,2025-12-16,5,125.30135345458984,21001.734375
1,2025-12-16,6,496.8905029296875,21001.734375
1,2025-12-16,7,1376.5443115234375,21001.734375
1,2025-12-16,8,1770.282470703125,21001.734375
1,2025-12-16,9,1452.345947265625,21001.734375
1,2025-12-16,10,1284.5362548828125,21001.734375
1,2025-12-16,11,1344.828369140625,21001.734375
1,2025-12-16,12,1397.99462890625,21001.734375
1,2025-12-16,13,1402.633056640625,21001.734375
1,2025-12-16,14,1292.2235107421875,21001.734375
1,2025-12-16,15,1407.044189453125,21001.734375
1,2025-12-16,16,1444.048828125,21001.734375
1,2025-12-16,17,1665.749755859375,21001.734375
1,2025-12-16,18,1697.708984375,21001.734375
1,2025-12-16,19,1299.2178955078125,21001.734375
1,2025-12-16,20,839.002197265625,21001.734375
1,2025-12-16,21,465.79193115234375,21001.734375
1,2025-12-16,22,162.76104736328125,21001.734375
1,2025-12-16,23,34.939746856689453,21001.734375
1,2025-12-17,0,2.666295051574707,21155.89453125
1,2025-12-17,1,0.0056138932704925537,21155.89453125
1,2025-12-17,2,0.0071185603737831116,21155.89453125
1,2025-12-17,3,0.02481156587600708,21155.89453125
1,2025-12-17,4,10.242382049560547,21155.89453125
1,2025-12-17,5,125.09165954589844,21155.89453125
1,2025-12-17,6,495.61163330078125,21155.89453125
1,2025-12-17,7,1358.908203125,21155.89453125
1,2025-12-17,8,1783.6925048828125,21155.89453125
1,2025-12-17,9,1443.0399169921875,21155.89453125
1,2025-12-17,10,1272.98876953125,21155.89453125
1,2025-12-17,11,1338.9908447265625,21155.89453125
1,2025-12-17,12,1392.65625,21155.89453125
1,2025-12-17,13,1415.6025390625,21155.89453125
1,2025-12-17,14,1310.99951171875,21155.89453125
1,2025-12-17,15,1418.9932861328125,21155.89453125
1,2025-12-17,16,1442.6009521484375,21155.89453125
1,2025-12-17,17,1673.5400390625,21155.89453125
1,2025-12-17,18,1695.5806884765625,21155.89453125
1,2025-12-17,19,1306.3656005859375,21155.89453125
1,2025-12-17,20,835.8990478515625,21155.89453125
1,2025-12-17,21,466.91702270507812,21155.89453125
1,2025-12-17,22,166.97830200195312,21155.89453125
1,2025-12-17,23,34.293468475341797,21155.89453125
1,2025-12-18,0,3.119499683380127,21179.8828125
1,2025-12-18,1,0.0053856298327445984,21179.8828125
1,2025-12-18,2,0.0057572424411773682,21179.8828125
1,2025-12-18,3,0.019108891487121582,21179.8828125
1,2025-12-18,4,9.8674945831298828,21179.8828125
1,2025-12-18,5,122.23873138427734,21179.8828125
1,2025-12-18,6,493.88729858398438,21179.8828125
1,2025-12-18,7,1366.26708984375,21179.8828125
1,2025-12-18,8,1792.5537109375,21179.8828125
1,2025-12-18,9,1445.7537841796875,21179.8828125
1,2025-12-18,10,1290.1265869140625,21179.8828125
1,2025-12-18,11,1351.059326171875,21179.8828125
1,2025-12-18,12,1402.6829833984375,21179.8828125
1,2025-12-18,13,1420.639404296875,21179.8828125
1,2025-12-18,14,1322.0947265625,21179.8828125
1,2025-12-18,15,1432.555908203125,21179.8828125
1,2025-12-18,16,1456.8004150390625,21179.8828125
1,2025-12-18,17,1688.73974609375,21179.8828125
1,2025-12-18,18,1684.4102783203125,21179.8828125
1,2025-12-18,19,1294.88916015625,21179.8828125
1,2025-12-18,20,837.263427734375,21179.8828125
1,2025-12-18,21,470.35052490234375,21179.8828125
1,2025-12-18,22,169.3409423828125,21179.8828125
1,2025-12-18,23,36.518905639648438,21179.8828125
1,2025-12-19,0,3.1974515914916992,20705.111328125
1,2025-12-19,1,0.0023123472929000854,20705.111328125
1,2025-12-19,2,0.0055911391973495483,20705.111328125
1,2025-12-19,3,0.02104485034942627,20705.111328125
1,2025-12-19,4,8.6496601104736328,20705.111328125
1,2025-12-19,5,122.50344085693359,20705.111328125
1,2025-12-19,6,474.61312866210938,20705.111328125
1,2025-12-19,7,1292.6845703125,20705.111328125
1,2025-12-19,8,1680.107421875,20705.111328125
1,2025-12-19,9,1382.466552734375,20705.111328125
1,2025-12-19,10,1248.60205078125,20705.111328125
1,2025-12-19,11,1327.4093017578125,20705.111328125
1,2025-12-19,12,1346.958251953125,20705.111328125
1,2025-12-19,13,1382.9765625,20705.111328125
1,2025-12-19,14,1266.449951171875,20705.111328125
1,2025-12-19,15,1387.879638671875,20705.111328125
1,2025-12-19,16,1434.0745849609375,20705.111328125
1,2025-12-19,17,1612.7303466796875,20705.111328125
1,2025-12-19,18,1485.210693359375,20705.111328125
1,2025-12-19,19,1144.8092041015625,20705.111328125
1,2025-12-19,20,774.47796630859375,20705.111328125
1,2025-12-19,21,462.67633056640625,20705.111328125
1,2025-12-19,22,168.48628234863281,20705.111328125
1,2025-12-19,23,39.506187438964844,20705.111328125
1,2025-12-20,0,3.1685528755187988,10879.3056640625
1,2025-12-20,1,0.002966664731502533,10879.3056640625
1,2025-12-20,2,0.0043682456016540527,10879.3056640625
1,2025-12-20,3,0.017583966255187988,10879.3056640625
1,2025-12-20,4,0.17352581024169922,10879.3056640625
1,2025-12-20,5,33.192535400390625,10879.3056640625
1,2025-12-20,6,166.63853454589844,10879.3056640625
1,2025-12-20,7,374.230224609375,10879.3056640625
1,2025-12-20,8,487.6295166015625,10879.3056640625
1,2025-12-20,9,733.750732421875,10879.3056640625
1,2025-12-20,10,834.934326171875,10879.3056640625
1,2025-12-20,11,797.72491455078125,10879.3056640625
1,2025-12-20,12,991.3499755859375,10879.3056640625
1,2025-12-20,13,1028.612060546875,10879.3056640625
1,2025-12-20,14,906.3056640625,10879.3056640625
1,2025-12-20,15,800.438232421875,10879.3056640625
1,2025-12-20,16,766.7667236328125,10879.3056640625
1,2025-12-20,17,709.639404296875,10879.3056640625
1,2025-12-20,18,620.08441162109375,10879.3056640625
1,2025-12-20,19,537.39111328125,10879.3056640625
1,2025-12-20,20,399.39923095703125,10879.3056640625
1,2025-12-20,21,290.647216796875,10879.3056640625
1,2025-12-20,22,100.72193908691406,10879.3056640625
1,2025-12-20,23,31.114933013916016,10879.3056640625
1,2025-12-21,0,0.21045589447021484,8987.2861328125
1,2025-12-21,1,0.0033171549439430237,8987.2861328125
1,2025-12-21,2,0.0047465935349464417,8987.2861328125
1,2025-12-21,3,0.016429901123046875,8987.2861328125
1,2025-12-21,4,-0.027033805847167969,8987.2861328125
1,2025-12-21,5,24.24609375,8987.2861328125
1,2025-12-21,6,134.92874145507812,8987.2861328125
1,2025-12-21,7,283.08538818359375,8987.2861328125
1,2025-12-21,8,381.75750732421875,8987.2861328125
1,2025-12-21,9,620.04876708984375,8987.2861328125
1,2025-12-21,10,687.5654296875,8987.2861328125
1,2025-12-21,11,704.3790283203125,8987.2861328125
1,2025-12-21,12,849.1376953125,8987.2861328125
1,2025-12-21,13,913.15618896484375,8987.2861328125
1,2025-12-21,14,782.2213134765625,8987.2861328125
1,2025-12-21,15,704.908447265625,8987.2861328125
1,2025-12-21,16,663.05029296875,8987.2861328125
1,2025-12-21,17,622.64141845703125,8987.2861328125
1,2025-12-21,18,548.3206787109375,8987.2861328125
1,2025-12-21,19,465.21453857421875,8987.2861328125
1,2025-12-21,20,354.59649658203125,8987.2861328125
1,2025-12-21,21,268.70379638671875,8987.2861328125
1,2025-12-21,22,93.750900268554688,8987.2861328125
1,2025-12-21,23,29.301246643066406,8987.2861328125
1,2025-12-22,0,0.23391246795654297,20608.66015625
1,2025-12-22,1,0.0041126012802124023,20608.66015625
1,2025-12-22,2,0.0046195834875106812,20608.66015625
1,2025-12-22,3,0.015535265207290649,20608.66015625
1,2025-12-22,4,10.371616363525391,20608.66015625
1,2025-12-22,5,125.68623352050781,20608.66015625
1,2025-12-22,6,490.82763671875,20608.66015625
1,2025-12-22,7,1339.08251953125,20608.66015625
1,2025-12-22,8,1739.9307861328125,20608.66015625
1,2025-12-22,9,1401.282470703125,20608.66015625
1,2025-12-22,10,1247.97412109375,20608.66015625
1,2025-12-22,11,1309.5025634765625,20608.66015625
1,2025-12-22,12,1365.0098876953125,20608.66015625
1,2025-12-22,13,1379.20556640625,20608.66015625
1,2025-12-22,14,1277.7315673828125,20608.66015625
1,2025-12-22,15,1403.25341796875,20608.66015625
1,2025-12-22,16,1435.275634765625,20608.66015625
1,2025-12-22,17,1659.58056640625,20608.66015625
1,2025-12-22,18,1692.585693359375,20608.66015625
1,2025-12-22,19,1293.081298828125,20608.66015625
1,2025-12-22,20,826.0235595703125,20608.66015625
1,2025-12-22,21,459.8404541015625,20608.66015625
1,2025-12-22,22,155.41055297851562,20608.66015625
1,2025-12-22,23,33.228908538818359,20608.66015625
1,2025-12-23,0,1.8574409484863281,20708.361328125
1,2025-12-23,1,0.004090331494808197,20708.361328125
1,2025-12-23,2,0.0078843235969543457,20708.361328125
1,2025-12-23,3,0.027814418077468872,20708.361328125
1,2025-12-23,4,10.497629165649414,20708.361328125
1,2025-12-23,5,126.63411712646484,20708.361328125
1,2025-12-23,6,491.64312744140625,20708.361328125
1,2025-12-23,7,1353.234375,20708.361328125
1,2025-12-23,8,1757.09619140625,20708.361328125
1,2025-12-23,9,1449.031005859375,20708.361328125
1,2025-12-23,10,1284.5716552734375,20708.361328125
1,2025-12-23,11,1338.7794189453125,20708.361328125
1,2025-12-23,12,1375.3001708984375,20708.361328125
1,2025-12-23,13,1402.6114501953125,20708.361328125
1,2025-12-23,14,1279.1239013671875,20708.361328125
1,2025-12-23,15,1398.406982421875,20708.361328125
1,2025-12-23,16,1427.7603759765625,20708.361328125
1,2025-12-23,17,1655.055908203125,20708.361328125
1,2025-12-23,18,1692.6077880859375,20708.361328125
1,2025-12-23,19,1292.551025390625,20708.361328125
1,2025-12-23,20,833.3056640625,20708.361328125
1,2025-12-23,21,462.83746337890625,20708.361328125
1,2025-12-23,22,166.26235961914062,20708.361328125
1,2025-12-23,23,34.94903564453125,20708.361328125
1,2025-12-24,0,2.8769493103027344,20822.43359375
1,2025-12-24,1,0.0029760003089904785,20822.43359375
1,2025-12-24,2,0.0087054148316383362,20822.43359375
1,2025-12-24,3,0.029236257076263428,20822.43359375
1,2025-12-24,4,10.462179183959961,20822.43359375
1,2025-12-24,5,126.67829132080078,20822.43359375
1,2025-12-24,6,488.27325439453125,20822.43359375
1,2025-12-24,7,1327.83056640625,20822.43359375
1,2025-12-24,8,1741.7081298828125,20822.43359375
1,2025-12-24,9,1429.427001953125,20822.43359375
1,2025-12-24,10,1258.099365234375,20822.43359375
1,2025-12-24,11,1324.8382568359375,20822.43359375
1,2025-12-24,12,1364.2647705078125,20822.43359375
1,2025-12-24,13,1397.484619140625,20822.43359375
1,2025-12-24,14,1274.599609375,20822.43359375
1,2025-12-24,15,1384.514404296875,20822.43359375
1,2025-12-24,16,1407.316650390625,20822.43359375
1,2025-12-24,17,1638.716796875,20822.43359375
1,2025-12-24,18,1674.759521484375,20822.43359375
1,2025-12-24,19,1277.1646728515625,20822.43359375
1,2025-12-24,20,827.7314453125,20822.43359375
1,2025-12-24,21,461.2301025390625,20822.43359375
1,2025-12-24,22,171.77281188964844,20822.43359375
1,2025-12-24,23,33.896476745605469,20822.43359375
1,2025-12-25,0,2.7649781703948975,20579.1875
1,2025-12-25,1,0.0038908049464225769,20579.1875
1,2025-12-25,2,0.0055046752095222473,20579.1875
1,2025-12-25,3,0.019978344440460205,20579.1875
1,2025-12-25,4,9.6850013732910156,20579.1875
1,2025-12-25,5,121.89839935302734,20579.1875
1,2025-12-25,6,481.08935546875,20579.1875
1,2025-12-25,7,1313.476318359375,20579.1875
1,2025-12-25,8,1718.2503662109375,20579.1875
1,2025-12-25,9,1401.526123046875,20579.1875
1,2025-12-25,10,1256.103515625,20579.1875
1,2025-12-25,11,1316.702392578125,20579.1875
1,2025-12-25,12,1356.52099609375,20579.1875
1,2025-12-25,13,1379.20654296875,20579.1875
1,2025-12-25,14,1266.050537109375,20579.1875
1,2025-12-25,15,1373.97412109375,20579.1875
1,2025-12-25,16,1405.2845458984375,20579.1875
1,2025-12-25,17,1619.8052978515625,20579.1875
1,2025-12-25,18,1646.2320556640625,20579.1875
1,2025-12-25,19,1258.523193359375,20579.1875
1,2025-12-25,20,812.90887451171875,20579.1875
1,2025-12-25,21,462.91787719726562,20579.1875
1,2025-12-25,22,170.81231689453125,20579.1875
1,2025-12-25,23,36.616462707519531,20579.1875
1,2025-12-26,0,2.5998315811157227,20319.390625
1,2025-12-26,1,0.0030844211578369141,20319.390625
1,2025-12-26,2,0.0060939639806747437,20319.390625
1,2025-12-26,3,0.022368878126144409,20319.390625
1,2025-12-26,4,8.4535388946533203,20319.390625
1,2025-12-26,5,122.31344604492188,20319.390625
1,2025-12-26,6,466.04052734375,20319.390625
1,2025-12-26,7,1259.7376708984375,20319.390625
1,2025-12-26,8,1663.3330078125,20319.390625
1,2025-12-26,9,1378.247802734375,20319.390625
1,2025-12-26,10,1229.9681396484375,20319.390625
1,2025-12-26,11,1310.9232177734375,20319.390625
1,2025-12-26,12,1332.6475830078125,20319.390625
1,2025-12-26,13,1347.0740966796875,20319.390625
1,2025-12-26,14,1222.2701416015625,20319.390625
1,2025-12-26,15,1338.31787109375,20319.390625
1,2025-12-26,16,1390.1097412109375,20319.390625
1,2025-12-26,17,1585.2020263671875,20319.390625
1,2025-12-26,18,1468.2142333984375,20319.390625
1,2025-12-26,19,1139.0814208984375,20319.390625
1,2025-12-26,20,761.84808349609375,20319.390625
1,2025-12-26,21,458.75106811523438,20319.390625
1,2025-12-26,22,167.40248107910156,20319.390625
1,2025-12-26,23,37.809207916259766,20319.390625
1,2025-12-27,0,2.8307323455810547,9308.552734375
1,2025-12-27,1,0.0021168515086174011,9308.552734375
1,2025-12-27,2,0.0064933598041534424,9308.552734375
1,2025-12-27,3,0.024915754795074463,9308.552734375
1,2025-12-27,4,0.19711112976074219,9308.552734375
1,2025-12-27,5,34.553390502929688,9308.552734375
1,2025-12-27,6,173.56062316894531,9308.552734375
1,2025-12-27,7,377.43792724609375,9308.552734375
1,2025-12-27,8,487.613037109375,9308.552734375
1,2025-12-27,9,758.04962158203125,9308.552734375
1,2025-12-27,10,862.98822021484375,9308.552734375
1,2025-12-27,11,811.78216552734375,9308.552734375
1,2025-12-27,12,1020.6392211914062,9308.552734375
1,2025-12-27,13,1036.515625,9308.552734375
1,2025-12-27,14,896.85107421875,9308.552734375
1,2025-12-27,15,790.2469482421875,9308.552734375
1,2025-12-27,16,775.5997314453125,9308.552734375
1,2025-12-27,17,727.768310546875,9308.552734375
1,2025-12-27,18,633.21221923828125,9308.552734375
1,2025-12-27,19,553.3148193359375,9308.552734375
1,2025-12-27,20,411.79510498046875,9308.552734375
1,2025-12-27,21,299.37759399414062,9308.552734375
1,2025-12-27,22,100.58248901367188,9308.552734375
1,2025-12-27,23,29.079780578613281,9308.552734375
1,2025-12-28,0,0.21497297286987305,8417.1943359375
1,2025-12-28,1,0.003495827317237854,8417.1943359375
1,2025-12-28,2,0.0062501206994056702,8417.1943359375
1,2025-12-28,3,0.024172157049179077,8417.1943359375
1,2025-12-28,4,-0.10415506362915039,8417.1943359375
1,2025-12-28,5,25.256439208984375,8417.1943359375
1,2025-12-28,6,138.08087158203125,8417.1943359375
1,2025-12-28,7,288.03839111328125,8417.1943359375
1,2025-12-28,8,379.48590087890625,8417.1943359375
1,2025-12-28,9,615.32000732421875,8417.1943359375
1,2025-12-28,10,682.8062744140625,8417.1943359375
1,2025-12-28,11,703.08544921875,8417.1943359375
1,2025-12-28,12,869.869384765625,8417.1943359375
1,2025-12-28,13,907.25299072265625,8417.1943359375
1,2025-12-28,14,781.29400634765625,8417.1943359375
1,2025-12-28,15,684.09918212890625,8417.1943359375
1,2025-12-28,16,647.68170166015625,8417.1943359375
1,2025-12-28,17,617.8232421875,8417.1943359375
1,2025-12-28,18,543.68585205078125,8417.1943359375
1,2025-12-28,19,459.531494140625,8417.1943359375
1,2025-12-28,20,354.70266723632812,8417.1943359375
1,2025-12-28,21,270.34820556640625,8417.1943359375
1,2025-12-28,22,93.274421691894531,8417.1943359375
1,2025-12-28,23,26.761756896972656,8417.1943359375
1,2025-12-29,0,0.15211248397827148,20772.373046875
1,2025-12-29,1,0.0031404867768287659,20772.373046875
1,2025-12-29,2,0.0075732395052909851,20772.373046875
1,2025-12-29,3,0.026948899030685425,20772.373046875
1,2025-12-29,4,10.370824813842773,20772.373046875
1,2025-12-29,5,126.35836029052734,20772.373046875
1,2025-12-29,6,490.8731689453125,20772.373046875
1,2025-12-29,7,1341.7493896484375,20772.373046875
1,2025-12-29,8,1738.4334716796875,20772.373046875
1,2025-12-29,9,1412.836669921875,20772.373046875
1,2025-12-29,10,1249.142578125,20772.373046875
1,2025-12-29,11,1314.32470703125,20772.373046875
1,2025-12-29,12,1349.9827880859375,20772.373046875
1,2025-12-29,13,1380.9776611328125,20772.373046875
1,2025-12-29,14,1269.946533203125,20772.373046875
1,2025-12-29,15,1390.2008056640625,20772.373046875
1,2025-12-29,16,1431.01171875,20772.373046875
1,2025-12-29,17,1671.43798828125,20772.373046875
1,2025-12-29,18,1699.420166015625,20772.373046875
1,2025-12-29,19,1291.4527587890625,20772.373046875
1,2025-12-29,20,829.7215576171875,20772.373046875
1,2025-12-29,21,452.394775390625,20772.373046875
1,2025-12-29,22,158.66244506835938,20772.373046875
1,2025-12-29,23,31.406362533569336,20772.373046875
1,2025-12-30,0,1.7230074405670166,20986.232421875
1,2025-12-30,1,0.003754056990146637,20986.232421875
1,2025-12-30,2,0.00656871497631073,20986.232421875
1,2025-12-30,3,0.025913834571838379,20986.232421875
1,2025-12-30,4,10.493348121643066,20986.232421875
1,2025-12-30,5,128.90835571289062,20986.232421875
1,2025-12-30,6,495.29055786132812,20986.232421875
1,2025-12-30,7,1369.10302734375,20986.232421875
1,2025-12-30,8,1776.6673583984375,20986.232421875
1,2025-12-30,9,1466.2431640625,20986.232421875
1,2025-12-30,10,1292.2681884765625,20986.232421875
1,2025-12-30,11,1341.60693359375,20986.232421875
1,2025-12-30,12,1373.3594970703125,20986.232421875
1,2025-12-30,13,1400.0660400390625,20986.232421875
1,2025-12-30,14,1261.9161376953125,20986.232421875
1,2025-12-30,15,1390.61181640625,20986.232421875
1,2025-12-30,16,1438.2940673828125,20986.232421875
1,2025-12-30,17,1679.18603515625,20986.232421875
1,2025-12-30,18,1696.6279296875,20986.232421875
1,2025-12-30,19,1297.3045654296875,20986.232421875
1,2025-12-30,20,837.7669677734375,20986.232421875
1,2025-12-30,21,461.19009399414062,20986.232421875
1,2025-12-30,22,165.80889892578125,20986.232421875
1,2025-12-30,23,33.253974914550781,20986.232421875
1,2025-12-31,0,1.1522109508514404,8212.9052734375
1,2025-12-31,1,0.004521392285823822,8212.9052734375
1,2025-12-31,2,0.0073208063840866089,8212.9052734375
1,2025-12-31,3,0.021924972534179688,8212.9052734375
1,2025-12-31,4,8.7307872772216797,8212.9052734375
1,2025-12-31,5,25.157768249511719,8212.9052734375
1,2025-12-31,6,148.41429138183594,8212.9052734375
1,2025-12-31,7,266.30609130859375,8212.9052734375
1,2025-12-31,8,615.783203125,8212.9052734375
1,2025-12-31,9,795.7862548828125,8212.9052734375
1,2025-12-31,10,678.256103515625,8212.9052734375
1,2025-12-31,11,603.97625732421875,8212.9052734375
1,2025-12-31,12,730.0234375,8212.9052734375
1,2025-12-31,13,708.5478515625,8212.9052734375
1,2025-12-31,14,645.4942626953125,8212.9052734375
1,2025-12-31,15,541.82342529296875,8212.9052734375
1,2025-12-31,16,498.7117919921875,8212.9052734375
1,2025-12-31,17,641.22381591796875,8212.9052734375
1,2025-12-31,18,720.98333740234375,8212.9052734375
1,2025-12-31,19,550.9136962890625,8212.9052734375
1,2025-12-31,20,305.91665649414062,8212.9052734375
1,2025-12-31,21,265.90093994140625,8212.9052734375
1,2025-12-31,22,101.03598785400391,8212.9052734375
1,2025-12-31,23,29.512041091918945,8212.9052734375
7,2025-11-01,0,93.482765197753906,16869.828125
7,2025-11-01,1,17.007951736450195,16869.828125
7,2025-11-01,2,0.022708773612976074,16869.828125
7,2025-11-01,3,0.022677093744277954,16869.828125
7,2025-11-01,4,0.3860398530960083,16869.828125
7,2025-11-01,5,28.787879943847656,16869.828125
7,2025-11-01,6,178.19158935546875,16869.828125
7,2025-11-01,7,228.1436767578125,16869.828125
7,2025-11-01,8,441.5911865234375,16869.828125
7,2025-11-01,9,553.23443603515625,16869.828125
7,2025-11-01,10,602.17816162109375,16869.828125
7,2025-11-01,11,673.29315185546875,16869.828125
7,2025-11-01,12,832.957275390625,16869.828125
7,2025-11-01,13,786.873046875,16869.828125
7,2025-11-01,14,766.34454345703125,16869.828125
7,2025-11-01,15,765.52001953125,16869.828125
7,2025-11-01,16,703.8193359375,16869.828125
7,2025-11-01,17,665.1221923828125,16869.828125
7,2025-11-01,18,639.6912841796875,16869.828125
7,2025-11-01,19,572.029541015625,16869.828125
7,2025-11-01,20,490.74700927734375,16869.828125
7,2025-11-01,21,319.09881591796875,16869.828125
7,2025-11-01,22,176.7900390625,16869.828125
7,2025-11-01,23,155.07337951660156,16869.828125
7,2025-11-02,0,98.48260498046875,6972.2978515625
7,2025-11-02,1,16.774204254150391,6972.2978515625
7,2025-11-02,2,0.025438800454139709,6972.2978515625
7,2025-11-02,3,0.017713189125061035,6972.2978515625
7,2025-11-02,4,0.3150557279586792,6972.2978515625
7,2025-11-02,5,12.637405395507812,6972.2978515625
7,2025-11-02,6,112.31454467773438,6972.2978515625
7,2025-11-02,7,111.22607421875,6972.2978515625
7,2025-11-02,8,274.37646484375,6972.2978515625
7,2025-11-02,9,419.462646484375,6972.2978515625
7,2025-11-02,10,418.371337890625,6972.2978515625
7,2025-11-02,11,574.4056396484375,6972.2978515625
7,2025-11-02,12,657.667236328125,6972.2978515625
7,2025-11-02,13,644.63995361328125,6972.2978515625
7,2025-11-02,14,668.33795166015625,6972.2978515625
7,2025-11-02,15,658.3167724609375,6972.2978515625
7,2025-11-02,16,578.75592041015625,6972.2978515625
7,2025-11-02,17,531.34716796875,6972.2978515625
7,2025-11-02,18,487.94970703125,6972.2978515625
7,2025-11-02,19,412.92303466796875,6972.2978515625
7,2025-11-02,20,434.755859375,6972.2978515625
7,2025-11-02,21,254.16574096679688,6972.2978515625
7,2025-11-02,22,144.80873107910156,6972.2978515625
7,2025-11-02,23,122.58507537841797,6972.2978515625
7,2025-11-03,0,72.967552185058594,12163.314453125
7,2025-11-03,1,11.151029586791992,12163.314453125
7,2025-11-03,2,0.024476572871208191,12163.314453125
7,2025-11-03,3,0.028050005435943604,12163.314453125
7,2025-11-03,4,0.78498202562332153,12163.314453125
7,2025-11-03,5,71.639724731445312,12163.314453125
7,2025-11-03,6,205.88882446289062,12163.314453125
7,2025-11-03,7,198.2491455078125,12163.314453125
7,2025-11-03,8,371.8184814453125,12163.314453125
7,2025-11-03,9,609.157958984375,12163.314453125
7,2025-11-03,10,576.4931640625,12163.314453125
7,2025-11-03,11,751.9322509765625,12163.314453125
7,2025-11-03,12,841.4942626953125,12163.314453125
7,2025-11-03,13,849.604248046875,12163.314453125
7,2025-11-03,14,726.84552001953125,12163.314453125
7,2025-11-03,15,724.26953125,12163.314453125
7,2025-11-03,16,675.7799072265625,12163.314453125
7,2025-11-03,17,625.4581298828125,12163.314453125
7,2025-11-03,18,604.143310546875,12163.314453125
7,2025-11-03,19,750.086669921875,12163.314453125
7,2025-11-03,20,599.92529296875,12163.314453125
7,2025-11-03,21,306.51663208007812,12163.314453125
7,2025-11-03,22,200.61331176757812,12163.314453125
7,2025-11-03,23,120.02001190185547,12163.314453125
7,2025-11-04,0,62.708385467529297,11298.2626953125
7,2025-11-04,1,9.8637599945068359,11298.2626953125
7,2025-11-04,2,0.025328293442726135,11298.2626953125
7,2025-11-04,3,0.027030855417251587,11298.2626953125
7,2025-11-04,4,1.1502319574356079,11298.2626953125
7,2025-11-04,5,82.109779357910156,11298.2626953125
7,2025-11-04,6,232.11349487304688,11298.2626953125
7,2025-11-04,7,243.39910888671875,11298.2626953125
7,2025-11-04,8,410.1217041015625,11298.2626953125
7,2025-11-04,9,604.8404541015625,11298.2626953125
7,2025-11-04,10,589.82525634765625,11298.2626953125
7,2025-11-04,11,867.52734375,11298.2626953125
7,2025-11-04,12,934.951416015625,11298.2626953125
7,2025-11-04,13,870.1925048828125,11298.2626953125
7,2025-11-04,14,735.7462158203125,11298.2626953125
7,2025-11-04,15,760.572998046875,11298.2626953125
7,2025-11-04,16,701.34820556640625,11298.2626953125
7,2025-11-04,17,657.9775390625,11298.2626953125
7,2025-11-04,18,665.8438720703125,11298.2626953125
7,2025-11-04,19,797.2886962890625,11298.2626953125
7,2025-11-04,20,657.5943603515625,11298.2626953125
7,2025-11-04,21,366.0872802734375,11298.2626953125
7,2025-11-04,22,232.8746337890625,11298.2626953125
7,2025-11-04,23,137.96502685546875,11298.2626953125
7,2025-11-05,0,59.624355316162109,26025.98046875
7,2025-11-05,1,9.4848918914794922,26025.98046875
7,2025-11-05,2,0.021609857678413391,26025.98046875
7,2025-11-05,3,0.018105000257492065,26025.98046875
7,2025-11-05,4,1.2667124271392822,26025.98046875
7,2025-11-05,5,183.55580139160156,26025.98046875
7,2025-11-05,6,596.096923828125,26025.98046875
7,2025-11-05,7,1481.8780517578125,26025.98046875
7,2025-11-05,8,2339.150390625,26025.98046875
7,2025-11-05,9,1779.79150390625,26025.98046875
7,2025-11-05,10,1642.7864990234375,26025.98046875
7,2025-11-05,11,1538.76123046875,26025.98046875
7,2025-11-05,12,1605.1893310546875,26025.98046875
7,2025-11-05,13,1559.901611328125,26025.98046875
7,2025-11-05,14,1601.9268798828125,26025.98046875
7,2025-11-05,15,1707.56298828125,26025.98046875
7,2025-11-05,16,1811.5577392578125,26025.98046875
7,2025-11-05,17,2321.12841796875,26025.98046875
7,2025-11-05,18,2441.636474609375,26025.98046875
7,2025-11-05,19,1608.058837890625,26025.98046875
7,2025-11-05,20,1064.20654296875,26025.98046875
7,2025-11-05,21,621.46942138671875,26025.98046875
7,2025-11-05,22,304.52557373046875,26025.98046875
7,2025-11-05,23,191.96878051757812,26025.98046875
7,2025-11-06,0,62.700992584228516,26204.669921875
7,2025-11-06,1,11.347108840942383,26204.669921875
7,2025-11-06,2,0.020749673247337341,26204.669921875
7,2025-11-06,3,0.019958168268203735,26204.669921875
7,2025-11-06,4,1.1100289821624756,26204.669921875
7,2025-11-06,5,180.83149719238281,26204.669921875
7,2025-11-06,6,594.52581787109375,26204.669921875
7,2025-11-06,7,1457.951171875,26204.669921875
7,2025-11-06,8,2286.337890625,26204.669921875
7,2025-11-06,9,1755.75537109375,26204.669921875
7,2025-11-06,10,1592.975830078125,26204.669921875
7,2025-11-06,11,1516.75830078125,26204.669921875
7,2025-11-06,12,1590.364990234375,26204.669921875
7,2025-11-06,13,1562.00537109375,26204.669921875
7,2025-11-06,14,1619.869873046875,26204.669921875
7,2025-11-06,15,1672.5506591796875,26204.669921875
7,2025-11-06,16,1774.8267822265625,26204.669921875
7,2025-11-06,17,2257.298828125,26204.669921875
7,2025-11-06,18,2406.05078125,26204.669921875
7,2025-11-06,19,1576.1097412109375,26204.669921875
7,2025-11-06,20,1040.0062255859375,26204.669921875
7,2025-11-06,21,605.63751220703125,26204.669921875
7,2025-11-06,22,300.59384155273438,26204.669921875
7,2025-11-06,23,195.72273254394531,26204.669921875
7,2025-11-07,0,65.894500732421875,25702.169921875
7,2025-11-07,1,11.037943840026855,25702.169921875
7,2025-11-07,2,0.021763697266578674,25702.169921875
7,2025-11-07,3,0.01098671555519104,25702.169921875
7,2025-11-07,4,0.8933943510055542,25702.169921875
7,2025-11-07,5,178.881591796875,25702.169921875
7,2025-11-07,6,580.40728759765625,25702.169921875
7,2025-11-07,7,1441.5081787109375,25702.169921875
7,2025-11-07,8,2240.47021484375,25702.169921875
7,2025-11-07,9,1722.6759033203125,25702.169921875
7,2025-11-07,10,1608.0360107421875,25702.169921875
7,2025-11-07,11,1526.1221923828125,25702.169921875
7,2025-11-07,12,1613.894287109375,25702.169921875
7,2025-11-07,13,1627.080322265625,25702.169921875
7,2025-11-07,14,1640.9180908203125,25702.169921875
7,2025-11-07,15,1744.357421875,25702.169921875
7,2025-11-07,16,1874.1937255859375,25702.169921875
7,2025-11-07,17,2261.609619140625,25702.169921875
7,2025-11-07,18,2067.36376953125,25702.169921875
7,2025-11-07,19,1444.3321533203125,25702.169921875
7,2025-11-07,20,1006.8905639648438,25702.169921875
7,2025-11-07,21,590.54864501953125,25702.169921875
7,2025-11-07,22,299.800537109375,25702.169921875
7,2025-11-07,23,220.02554321289062,25702.169921875
7,2025-11-08,0,94.164909362792969,10878.482421875
7,2025-11-08,1,19.217729568481445,10878.482421875
7,2025-11-08,2,0.022066712379455566,10878.482421875
7,2025-11-08,3,0.019035935401916504,10878.482421875
7,2025-11-08,4,0.44488787651062012,10878.482421875
7,2025-11-08,5,36.068634033203125,10878.482421875
7,2025-11-08,6,223.81585693359375,10878.482421875
7,2025-11-08,7,334.1375732421875,10878.482421875
7,2025-11-08,8,587.0570068359375,10878.482421875
7,2025-11-08,9,670.839111328125,10878.482421875
7,2025-11-08,10,659.79986572265625,10878.482421875
7,2025-11-08,11,748.4609375,10878.482421875
7,2025-11-08,12,905.177490234375,10878.482421875
7,2025-11-08,13,865.8126220703125,10878.482421875
7,2025-11-08,14,865.9326171875,10878.482421875
7,2025-11-08,15,870.8720703125,10878.482421875
7,2025-11-08,16,833.9312744140625,10878.482421875
7,2025-11-08,17,830.3712158203125,10878.482421875
7,2025-11-08,18,812.3006591796875,10878.482421875
7,2025-11-08,19,655.60784912109375,10878.482421875
7,2025-11-08,20,510.78460693359375,10878.482421875
7,2025-11-08,21,378.2138671875,10878.482421875
7,2025-11-08,22,170.15289306640625,10878.482421875
7,2025-11-08,23,155.65968322753906,10878.482421875
7,2025-11-09,0,95.936676025390625,8843.810546875
7,2025-11-09,1,16.719207763671875,8843.810546875
7,2025-11-09,2,0.016392052173614502,8843.810546875
7,2025-11-09,3,0.019920676946640015,8843.810546875
7,2025-11-09,4,0.32043874263763428,8843.810546875
7,2025-11-09,5,23.059616088867188,8843.810546875
7,2025-11-09,6,147.46600341796875,8843.810546875
7,2025-11-09,7,219.48944091796875,8843.810546875
7,2025-11-09,8,424.9266357421875,8843.810546875
7,2025-11-09,9,553.27685546875,8843.810546875
7,2025-11-09,10,527.63775634765625,8843.810546875
7,2025-11-09,11,658.46551513671875,8843.810546875
7,2025-11-09,12,742.16644287109375,8843.810546875
7,2025-11-09,13,731.093994140625,8843.810546875
7,2025-11-09,14,760.10845947265625,8843.810546875
7,2025-11-09,15,776.835693359375,8843.810546875
7,2025-11-09,16,723.13275146484375,8843.810546875
7,2025-11-09,17,738.59613037109375,8843.810546875
7,2025-11-09,18,714.829833984375,8843.810546875
7,2025-11-09,19,569.4952392578125,8843.810546875
7,2025-11-09,20,469.9700927734375,8843.810546875
7,2025-11-09,21,326.4119873046875,8843.810546875
7,2025-11-09,22,154.78074645996094,8843.810546875
7,2025-11-09,23,130.83349609375,8843.810546875
7,2025-11-10,0,66.276596069335938,26122.6015625
7,2025-11-10,1,10.914466857910156,26122.6015625
7,2025-11-10,2,0.018386542797088623,26122.6015625
7,2025-11-10,3,0.018534839153289795,26122.6015625
7,2025-11-10,4,0.77773928642272949,26122.6015625
7,2025-11-10,5,182.28388977050781,26122.6015625
7,2025-11-10,6,601.8260498046875,26122.6015625
7,2025-11-10,7,1514.614013671875,26122.6015625
7,2025-11-10,8,2376.20068359375,26122.6015625
7,2025-11-10,9,1801.6922607421875,26122.6015625
7,2025-11-10,10,1654.5870361328125,26122.6015625
7,2025-11-10,11,1509.7476806640625,26122.6015625
7,2025-11-10,12,1586.8199462890625,26122.6015625
7,2025-11-10,13,1580.2861328125,26122.6015625
7,2025-11-10,14,1591.0015869140625,26122.6015625
7,2025-11-10,15,1734.7103271484375,26122.6015625
7,2025-11-10,16,1825.298095703125,26122.6015625
7,2025-11-10,17,2344.28955078125,26122.6015625
7,2025-11-10,18,2467.2568359375,26122.6015625
7,2025-11-10,19,1646.4107666015625,26122.6015625
7,2025-11-10,20,1068.2218017578125,26122.6015625
7,2025-11-10,21,585.75714111328125,26122.6015625
7,2025-11-10,22,284.17971801757812,26122.6015625
7,2025-11-10,23,158.62527465820312,26122.6015625
7,2025-11-11,0,57.964614868164062,26163.15234375
7,2025-11-11,1,9.6283102035522461,26163.15234375
7,2025-11-11,2,0.020318418741226196,26163.15234375
7,2025-11-11,3,0.02044677734375,26163.15234375
7,2025-11-11,4,1.1697666645050049,26163.15234375
7,2025-11-11,5,184.30021667480469,26163.15234375
7,2025-11-11,6,608.113037109375,26163.15234375
7,2025-11-11,7,1521.37451171875,26163.15234375
7,2025-11-11,8,2377.568115234375,26163.15234375
7,2025-11-11,9,1815.3453369140625,26163.15234375
7,2025-11-11,10,1662.2288818359375,26163.15234375
7,2025-11-11,11,1545.5648193359375,26163.15234375
7,2025-11-11,12,1624.1910400390625,26163.15234375
7,2025-11-11,13,1579.2633056640625,26163.15234375
7,2025-11-11,14,1587.13037109375,26163.15234375
7,2025-11-11,15,1726.914794921875,26163.15234375
7,2025-11-11,16,1808.5809326171875,26163.15234375
7,2025-11-11,17,2315.422119140625,26163.15234375
7,2025-11-11,18,2473.5126953125,26163.15234375
7,2025-11-11,19,1671.067138671875,26163.15234375
7,2025-11-11,20,1079.40283203125,26163.15234375
7,2025-11-11,21,620.30804443359375,26163.15234375
7,2025-11-11,22,292.72946166992188,26163.15234375
7,2025-11-11,23,180.70271301269531,26163.15234375
7,2025-11-12,0,59.179027557373047,25926.90234375
7,2025-11-12,1,8.8700084686279297,25926.90234375
7,2025-11-12,2,0.019872367382049561,25926.90234375
7,2025-11-12,3,0.021797865629196167,25926.90234375
7,2025-11-12,4,1.284279465675354,25926.90234375
7,2025-11-12,5,184.81863403320312,25926.90234375
7,2025-11-12,6,601.80426025390625,25926.90234375
7,2025-11-12,7,1491.0625,25926.90234375
7,2025-11-12,8,2376.247314453125,25926.90234375
7,2025-11-12,9,1817.7474365234375,25926.90234375
7,2025-11-12,10,1676.327392578125,25926.90234375
7,2025-11-12,11,1528.81494140625,25926.90234375
7,2025-11-12,12,1615.5987548828125,25926.90234375
7,2025-11-12,13,1561.811767578125,25926.90234375
7,2025-11-12,14,1603.646240234375,25926.90234375
7,2025-11-12,15,1724.523193359375,25926.90234375
7,2025-11-12,16,1809.908203125,25926.90234375
7,2025-11-12,17,2326.288330078125,25926.90234375
7,2025-11-12,18,2428.697265625,25926.90234375
7,2025-11-12,19,1625.655029296875,25926.90234375
7,2025-11-12,20,1068.5357666015625,25926.90234375
7,2025-11-12,21,624.29296875,25926.90234375
7,2025-11-12,22,301.1207275390625,25926.90234375
7,2025-11-12,23,190.30302429199219,25926.90234375
7,2025-11-13,0,62.292259216308594,26180.53515625
7,2025-11-13,1,11.359968185424805,26180.53515625
7,2025-11-13,2,0.02224692702293396,26180.53515625
7,2025-11-13,3,0.015251725912094116,26180.53515625
7,2025-11-13,4,1.0818749666213989,26180.53515625
7,2025-11-13,5,182.14643859863281,26180.53515625
7,2025-11-13,6,596.58642578125,26180.53515625
7,2025-11-13,7,1484.2230224609375,26180.53515625
7,2025-11-13,8,2314.436279296875,26180.53515625
7,2025-11-13,9,1780.13134765625,26180.53515625
7,2025-11-13,10,1620.9530029296875,26180.53515625
7,2025-11-13,11,1505.3734130859375,26180.53515625
7,2025-11-13,12,1591.377685546875,26180.53515625
7,2025-11-13,13,1552.8135986328125,26180.53515625
7,2025-11-13,14,1627.8870849609375,26180.53515625
7,2025-11-13,15,1686.3165283203125,26180.53515625
7,2025-11-13,16,1792.205810546875,26180.53515625
7,2025-11-13,17,2246.593994140625,26180.53515625
7,2025-11-13,18,2423.989990234375,26180.53515625
7,2025-11-13,19,1588.517822265625,26180.53515625
7,2025-11-13,20,1040.756591796875,26180.53515625
7,2025-11-13,21,620.7249755859375,26180.53515625
7,2025-11-13,22,300.00457763671875,26180.53515625
7,2025-11-13,23,196.7822265625,26180.53515625
7,2025-11-14,0,65.315399169921875,25912.92578125
7,2025-11-14,1,11.326517105102539,25912.92578125
7,2025-11-14,2,0.023390859365463257,25912.92578125
7,2025-11-14,3,0.012749850749969482,25912.92578125
7,2025-11-14,4,0.84418630599975586,25912.92578125
7,2025-11-14,5,181.70268249511719,25912.92578125
7,2025-11-14,6,590.8182373046875,25912.92578125
7,2025-11-14,7,1467.04248046875,25912.92578125
7,2025-11-14,8,2261.76611328125,25912.92578125
7,2025-11-14,9,1753.92724609375,25912.92578125
7,2025-11-14,10,1655.08837890625,25912.92578125
7,2025-11-14,11,1531.161376953125,25912.92578125
7,2025-11-14,12,1618.7244873046875,25912.92578125
7,2025-11-14,13,1632.6025390625,25912.92578125
7,2025-11-14,14,1654.1484375,25912.92578125
7,2025-11-14,15,1757.287353515625,25912.92578125
7,2025-11-14,16,1902.955810546875,25912.92578125
7,2025-11-14,17,2258.70751953125,25912.92578125
7,2025-11-14,18,2066.07861328125,25912.92578125
7,2025-11-14,19,1462.7344970703125,25912.92578125
7,2025-11-14,20,1022.373779296875,25912.92578125
7,2025-11-14,21,606.38177490234375,25912.92578125
7,2025-11-14,22,307.07986450195312,25912.92578125
7,2025-11-14,23,221.05923461914062,25912.92578125
7,2025-11-15,0,92.376205444335938,12602.1240234375
7,2025-11-15,1,20.170608520507812,12602.1240234375
7,2025-11-15,2,0.020132496953010559,12602.1240234375
7,2025-11-15,3,0.015033036470413208,12602.1240234375
7,2025-11-15,4,0.40958833694458008,12602.1240234375
7,2025-11-15,5,54.190597534179688,12602.1240234375
7,2025-11-15,6,281.67230224609375,12602.1240234375
7,2025-11-15,7,545.5142822265625,12602.1240234375
7,2025-11-15,8,859.3072509765625,12602.1240234375
7,2025-11-15,9,829.8946533203125,12602.1240234375
7,2025-11-15,10,923.1138916015625,12602.1240234375
7,2025-11-15,11,941.97222900390625,12602.1240234375
7,2025-11-15,12,1084.1839599609375,12602.1240234375
7,2025-11-15,13,1090.968994140625,12602.1240234375
7,2025-11-15,14,1098.9073486328125,12602.1240234375
7,2025-11-15,15,1101.9482421875,12602.1240234375
7,2025-11-15,16,1106.3577880859375,12602.1240234375
7,2025-11-15,17,1096.215576171875,12602.1240234375
7,2025-11-15,18,1056.377685546875,12602.1240234375
7,2025-11-15,19,956.1744384765625,12602.1240234375
7,2025-11-15,20,673.6973876953125,12602.1240234375
7,2025-11-15,21,508.55865478515625,12602.1240234375
7,2025-11-15,22,280.49456787109375,12602.1240234375
7,2025-11-15,23,180.75112915039062,12602.1240234375
7,2025-11-16,0,96.096855163574219,9829.484375
7,2025-11-16,1,18.010190963745117,9829.484375
7,2025-11-16,2,0.020559072494506836,9829.484375
7,2025-11-16,3,0.013855457305908203,9829.484375
7,2025-11-16,4,0.26397073268890381,9829.484375
7,2025-11-16,5,31.945068359375,9829.484375
7,2025-11-16,6,174.1585693359375,9829.484375
7,2025-11-16,7,293.9456787109375,9829.484375
7,2025-11-16,8,514.9200439453125,9829.484375
7,2025-11-16,9,615.460205078125,9829.484375
7,2025-11-16,10,638.87689208984375,9829.484375
7,2025-11-16,11,760.1602783203125,9829.484375
7,2025-11-16,12,824.582275390625,9829.484375
7,2025-11-16,13,833.76910400390625,9829.484375
7,2025-11-16,14,879.31585693359375,9829.484375
7,2025-11-16,15,878.424560546875,9829.484375
7,2025-11-16,16,871.39312744140625,9829.484375
7,2025-11-16,17,932.97137451171875,9829.484375
7,2025-11-16,18,867.96832275390625,9829.484375
7,2025-11-16,19,757.4814453125,9829.484375
7,2025-11-16,20,573.1658935546875,9829.484375
7,2025-11-16,21,435.21112060546875,9829.484375
7,2025-11-16,22,239.22105407714844,9829.484375
7,2025-11-16,23,140.57847595214844,9829.484375
7,2025-11-17,0,63.766880035400391,26004.640625
7,2025-11-17,1,10.014982223510742,26004.640625
7,2025-11-17,2,0.011053264141082764,26004.640625
7,2025-11-17,3,0.010712683200836182,26004.640625
7,2025-11-17,4,0.7513919472694397,26004.640625
7,2025-11-17,5,186.15467834472656,26004.640625
7,2025-11-17,6,606.32281494140625,26004.640625
7,2025-11-17,7,1533.2393798828125,26004.640625
7,2025-11-17,8,2413.9716796875,26004.640625
7,2025-11-17,9,1825.07373046875,26004.640625
7,2025-11-17,10,1666.09912109375,26004.640625
7,2025-11-17,11,1514.430908203125,26004.640625
7,2025-11-17,12,1562.4708251953125,26004.640625
7,2025-11-17,13,1568.517333984375,26004.640625
7,2025-11-17,14,1604.13525390625,26004.640625
7,2025-11-17,15,1721.986328125,26004.640625
7,2025-11-17,16,1812.5872802734375,26004.640625
7,2025-11-17,17,2340.959228515625,26004.640625
7,2025-11-17,18,2515.1396484375,26004.640625
7,2025-11-17,19,1654.171875,26004.640625
7,2025-11-17,20,1070.863525390625,26004.640625
7,2025-11-17,21,576.92437744140625,26004.640625
7,2025-11-17,22,264.6846923828125,26004.640625
7,2025-11-17,23,152.41004943847656,26004.640625
7,2025-11-18,0,56.699363708496094,26500.478515625
7,2025-11-18,1,9.1628398895263672,26500.478515625
7,2025-11-18,2,0.012902617454528809,26500.478515625
7,2025-11-18,3,0.0081202089786529541,26500.478515625
7,2025-11-18,4,1.1173009872436523,26500.478515625
7,2025-11-18,5,187.93661499023438,26500.478515625
7,2025-11-18,6,618.1729736328125,26500.478515625
7,2025-11-18,7,1539.8173828125,26500.478515625
7,2025-11-18,8,2409.91748046875,26500.478515625
7,2025-11-18,9,1839.3681640625,26500.478515625
7,2025-11-18,10,1680.284912109375,26500.478515625
7,2025-11-18,11,1551.313720703125,26500.478515625
7,2025-11-18,12,1620.76611328125,26500.478515625
7,2025-11-18,13,1581.58203125,26500.478515625
7,2025-11-18,14,1599.0135498046875,26500.478515625
7,2025-11-18,15,1736.63623046875,26500.478515625
7,2025-11-18,16,1812.2559814453125,26500.478515625
7,2025-11-18,17,2336.94970703125,26500.478515625
7,2025-11-18,18,2532.161865234375,26500.478515625
7,2025-11-18,19,1679.6192626953125,26500.478515625
7,2025-11-18,20,1085.074462890625,26500.478515625
7,2025-11-18,21,622.76959228515625,26500.478515625
7,2025-11-18,22,288.96820068359375,26500.478515625
7,2025-11-18,23,181.79862976074219,26500.478515625
7,2025-11-19,0,60.825798034667969,26285.982421875
7,2025-11-19,1,9.7082958221435547,26285.982421875
7,2025-11-19,2,0.012686461210250854,26285.982421875
7,2025-11-19,3,0.015101701021194458,26285.982421875
7,2025-11-19,4,1.1683409214019775,26285.982421875
7,2025-11-19,5,186.01669311523438,26285.982421875
7,2025-11-19,6,606.92205810546875,26285.982421875
7,2025-11-19,7,1509.835693359375,26285.982421875
7,2025-11-19,8,2403.285888671875,26285.982421875
7,2025-11-19,9,1835.7177734375,26285.982421875
7,2025-11-19,10,1668.896240234375,26285.982421875
7,2025-11-19,11,1528.330078125,26285.982421875
7,2025-11-19,12,1591.640380859375,26285.982421875
7,2025-11-19,13,1562.5396728515625,26285.982421875
7,2025-11-19,14,1596.202880859375,26285.982421875
7,2025-11-19,15,1728.7705078125,26285.982421875
7,2025-11-19,16,1823.271240234375,26285.982421875
7,2025-11-19,17,2333.48291015625,26285.982421875
7,2025-11-19,18,2493.04736328125,26285.982421875
7,2025-11-19,19,1643.1204833984375,26285.982421875
7,2025-11-19,20,1070.1002197265625,26285.982421875
7,2025-11-19,21,621.3988037109375,26285.982421875
7,2025-11-19,22,290.81295776367188,26285.982421875
7,2025-11-19,23,189.17115783691406,26285.982421875
7,2025-11-20,0,64.095466613769531,26256.169921875
7,2025-11-20,1,12.169075012207031,26256.169921875
7,2025-11-20,2,0.013680756092071533,26256.169921875
7,2025-11-20,3,0.015394747257232666,26256.169921875
7,2025-11-20,4,1.0364775657653809,26256.169921875
7,2025-11-20,5,184.61679077148438,26256.169921875
7,2025-11-20,6,609.6429443359375,26256.169921875
7,2025-11-20,7,1508.6884765625,26256.169921875
7,2025-11-20,8,2378.370361328125,26256.169921875
7,2025-11-20,9,1808.9808349609375,26256.169921875
7,2025-11-20,10,1631.254638671875,26256.169921875
7,2025-11-20,11,1523.843017578125,26256.169921875
7,2025-11-20,12,1588.9716796875,26256.169921875
7,2025-11-20,13,1565.253173828125,26256.169921875
7,2025-11-20,14,1609.274169921875,26256.169921875
7,2025-11-20,15,1708.0030517578125,26256.169921875
7,2025-11-20,16,1819.192626953125,26256.169921875
7,2025-11-20,17,2291.994140625,26256.169921875
7,2025-11-20,18,2494.18994140625,26256.169921875
7,2025-11-20,19,1644.442138671875,26256.169921875
7,2025-11-20,20,1056.8155517578125,26256.169921875
7,2025-11-20,21,619.41619873046875,26256.169921875
7,2025-11-20,22,288.20394897460938,26256.169921875
7,2025-11-20,23,199.7420654296875,26256.169921875
7,2025-11-21,0,65.402084350585938,25589.1015625
7,2025-11-21,1,11.348188400268555,25589.1015625
7,2025-11-21,2,0.013757377862930298,25589.1015625
7,2025-11-21,3,0.010738611221313477,25589.1015625
7,2025-11-21,4,0.7961965799331665,25589.1015625
7,2025-11-21,5,181.12474060058594,25589.1015625
7,2025-11-21,6,566.715576171875,25589.1015625
7,2025-11-21,7,1445.75732421875,25589.1015625
7,2025-11-21,8,2254.797607421875,25589.1015625
7,2025-11-21,9,1731.466064453125,25589.1015625
7,2025-11-21,10,1605.5860595703125,25589.1015625
7,2025-11-21,11,1524.7178955078125,25589.1015625
7,2025-11-21,12,1582.55908203125,25589.1015625
7,2025-11-21,13,1608.544921875,25589.1015625
7,2025-11-21,14,1622.4984130859375,25589.1015625
7,2025-11-21,15,1728.810791015625,25589.1015625
7,2025-11-21,16,1890.951416015625,25589.1015625
7,2025-11-21,17,2240.603759765625,25589.1015625
7,2025-11-21,18,2052.097412109375,25589.1015625
7,2025-11-21,19,1426.7457275390625,25589.1015625
7,2025-11-21,20,986.9425048828125,25589.1015625
7,2025-11-21,21,595.86004638671875,25589.1015625
7,2025-11-21,22,287.97073364257812,25589.1015625
7,2025-11-21,23,214.69711303710938,25589.1015625
7,2025-11-22,0,92.815261840820312,12834.16796875
7,2025-11-22,1,20.035554885864258,12834.16796875
7,2025-11-22,2,0.013175725936889648,12834.16796875
7,2025-11-22,3,0.011426776647567749,12834.16796875
7,2025-11-22,4,0.34176766872406006,12834.16796875
7,2025-11-22,5,44.386375427246094,12834.16796875
7,2025-11-22,6,232.50482177734375,12834.16796875
7,2025-11-22,7,416.240966796875,12834.16796875
7,2025-11-22,8,704.620361328125,12834.16796875
7,2025-11-22,9,761.19610595703125,12834.16796875
7,2025-11-22,10,818.5794677734375,12834.16796875
7,2025-11-22,11,877.603515625,12834.16796875
7,2025-11-22,12,1013.7725830078125,12834.16796875
7,2025-11-22,13,1028.123291015625,12834.16796875
7,2025-11-22,14,1038.8709716796875,12834.16796875
7,2025-11-22,15,1065.982666015625,12834.16796875
7,2025-11-22,16,1021.0838623046875,12834.16796875
7,2025-11-22,17,1018.5028076171875,12834.16796875
7,2025-11-22,18,996.6361083984375,12834.16796875
7,2025-11-22,19,866.9400634765625,12834.16796875
7,2025-11-22,20,633.390625,12834.16796875
7,2025-11-22,21,511.97576904296875,12834.16796875
7,2025-11-22,22,239.60302734375,12834.16796875
7,2025-11-22,23,173.33169555664062,12834.16796875
7,2025-11-23,0,98.218574523925781,10497.7939453125
7,2025-11-23,1,16.8077392578125,10497.7939453125
7,2025-11-23,2,0.013796329498291016,10497.7939453125
7,2025-11-23,3,0.0072805881500244141,10497.7939453125
7,2025-11-23,4,0.22308170795440674,10497.7939453125
7,2025-11-23,5,28.471572875976562,10497.7939453125
7,2025-11-23,6,174.94528198242188,10497.7939453125
7,2025-11-23,7,292.64947509765625,10497.7939453125
7,2025-11-23,8,519.936279296875,10497.7939453125
7,2025-11-23,9,638.21783447265625,10497.7939453125
7,2025-11-23,10,648.88140869140625,10497.7939453125
7,2025-11-23,11,750.370849609375,10497.7939453125
7,2025-11-23,12,833.487060546875,10497.7939453125
7,2025-11-23,13,833.797119140625,10497.7939453125
7,2025-11-23,14,870.503173828125,10497.7939453125
7,2025-11-23,15,934.00494384765625,10497.7939453125
7,2025-11-23,16,875.59063720703125,10497.7939453125
7,2025-11-23,17,933.15643310546875,10497.7939453125
7,2025-11-23,18,878.20172119140625,10497.7939453125
7,2025-11-23,19,713.77020263671875,10497.7939453125
7,2025-11-23,20,562.8363037109375,10497.7939453125
7,2025-11-23,21,445.46609497070312,10497.7939453125
7,2025-11-23,22,216.19546508789062,10497.7939453125
7,2025-11-23,23,141.11788940429688,10497.7939453125
7,2025-11-24,0,66.26025390625,25643.947265625
7,2025-11-24,1,9.5033664703369141,25643.947265625
7,2025-11-24,2,0.015361219644546509,25643.947265625
7,2025-11-24,3,0.011509031057357788,25643.947265625
7,2025-11-24,4,0.67078244686126709,25643.947265625
7,2025-11-24,5,184.41326904296875,25643.947265625
7,2025-11-24,6,598.67529296875,25643.947265625
7,2025-11-24,7,1485.28369140625,25643.947265625
7,2025-11-24,8,2337.771728515625,25643.947265625
7,2025-11-24,9,1784.4927978515625,25643.947265625
7,2025-11-24,10,1629.5244140625,25643.947265625
7,2025-11-24,11,1475.577880859375,25643.947265625
7,2025-11-24,12,1535.6055908203125,25643.947265625
7,2025-11-24,13,1539.79833984375,25643.947265625
7,2025-11-24,14,1551.234130859375,25643.947265625
7,2025-11-24,15,1685.60595703125,25643.947265625
7,2025-11-24,16,1778.859619140625,25643.947265625
7,2025-11-24,17,2287.822265625,25643.947265625
7,2025-11-24,18,2419.69189453125,25643.947265625
7,2025-11-24,19,1625.4132080078125,25643.947265625
7,2025-11-24,20,1059.411376953125,25643.947265625
7,2025-11-24,21,584.92828369140625,25643.947265625
7,2025-11-24,22,266.09466552734375,25643.947265625
7,2025-11-24,23,158.98805236816406,25643.947265625
7,2025-11-25,0,57.210693359375,26367.892578125
7,2025-11-25,1,8.922795295715332,26367.892578125
7,2025-11-25,2,0.011370688676834106,26367.892578125
7,2025-11-25,3,0.01266944408416748,26367.892578125
7,2025-11-25,4,1.0973935127258301,26367.892578125
7,2025-11-25,5,185.65164184570312,26367.892578125
7,2025-11-25,6,611.72625732421875,26367.892578125
7,2025-11-25,7,1517.333251953125,26367.892578125
7,2025-11-25,8,2373.3486328125,26367.892578125
7,2025-11-25,9,1826.4501953125,26367.892578125
7,2025-11-25,10,1667.785888671875,26367.892578125
7,2025-11-25,11,1537.28857421875,26367.892578125
7,2025-11-25,12,1595.729736328125,26367.892578125
7,2025-11-25,13,1566.48974609375,26367.892578125
7,2025-11-25,14,1567.294921875,26367.892578125
7,2025-11-25,15,1707.2547607421875,26367.892578125
7,2025-11-25,16,1795.25146484375,26367.892578125
7,2025-11-25,17,2311.498779296875,26367.892578125
7,2025-11-25,18,2487.857666015625,26367.892578125
7,2025-11-25,19,1673.8905029296875,26367.892578125
7,2025-11-25,20,1076.6435546875,26367.892578125
7,2025-11-25,21,618.63897705078125,26367.892578125
7,2025-11-25,22,284.6495361328125,26367.892578125
7,2025-11-25,23,182.55998229980469,26367.892578125
7,2025-11-26,0,60.122348785400391,26390.83203125
7,2025-11-26,1,9.6714725494384766,26390.83203125
7,2025-11-26,2,0.013125568628311157,26390.83203125
7,2025-11-26,3,0.0096985101699829102,26390.83203125
7,2025-11-26,4,1.183597207069397,26390.83203125
7,2025-11-26,5,184.5557861328125,26390.83203125
7,2025-11-26,6,609.4281005859375,26390.83203125
7,2025-11-26,7,1497.965576171875,26390.83203125
7,2025-11-26,8,2383.1796875,26390.83203125
7,2025-11-26,9,1823.1416015625,26390.83203125
7,2025-11-26,10,1673.7802734375,26390.83203125
7,2025-11-26,11,1524.661865234375,26390.83203125
7,2025-11-26,12,1588.950927734375,26390.83203125
7,2025-11-26,13,1558.306396484375,26390.83203125
7,2025-11-26,14,1578.6666259765625,26390.83203125
7,2025-11-26,15,1716.9539794921875,26390.83203125
7,2025-11-26,16,1810.71875,26390.83203125
7,2025-11-26,17,2309.283203125,26390.83203125
7,2025-11-26,18,2469.95458984375,26390.83203125
7,2025-11-26,19,1649.278564453125,26390.83203125
7,2025-11-26,20,1066.7369384765625,26390.83203125
7,2025-11-26,21,622.290771484375,26390.83203125
7,2025-11-26,22,286.30950927734375,26390.83203125
7,2025-11-26,23,187.63908386230469,26390.83203125
7,2025-11-27,0,63.372966766357422,26384.330078125
7,2025-11-27,1,12.249662399291992,26384.330078125
7,2025-11-27,2,0.014449834823608398,26384.330078125
7,2025-11-27,3,0.01279371976852417,26384.330078125
7,2025-11-27,4,1.0255434513092041,26384.330078125
7,2025-11-27,5,183.45217895507812,26384.330078125
7,2025-11-27,6,607.3026123046875,26384.330078125
7,2025-11-27,7,1509.7657470703125,26384.330078125
7,2025-11-27,8,2365.4267578125,26384.330078125
7,2025-11-27,9,1806.2535400390625,26384.330078125
7,2025-11-27,10,1638.274169921875,26384.330078125
7,2025-11-27,11,1527.467041015625,26384.330078125
7,2025-11-27,12,1590.3900146484375,26384.330078125
7,2025-11-27,13,1570.3433837890625,26384.330078125
7,2025-11-27,14,1605.0474853515625,26384.330078125
7,2025-11-27,15,1704.713134765625,26384.330078125
7,2025-11-27,16,1824.3746337890625,26384.330078125
7,2025-11-27,17,2286.52001953125,26384.330078125
7,2025-11-27,18,2498.106201171875,26384.330078125
7,2025-11-27,19,1650.105712890625,26384.330078125
7,2025-11-27,20,1060.2528076171875,26384.330078125
7,2025-11-27,21,624.1474609375,26384.330078125
7,2025-11-27,22,289.65963745117188,26384.330078125
7,2025-11-27,23,201.41549682617188,26384.330078125
7,2025-11-28,0,66.063125610351562,25767.17578125
7,2025-11-28,1,12.014229774475098,25767.17578125
7,2025-11-28,2,0.013814091682434082,25767.17578125
7,2025-11-28,3,0.015171289443969727,25767.17578125
7,2025-11-28,4,0.73984056711196899,25767.17578125
7,2025-11-28,5,178.74375915527344,25767.17578125
7,2025-11-28,6,571.8619384765625,25767.17578125
7,2025-11-28,7,1435.0479736328125,25767.17578125
7,2025-11-28,8,2236.93701171875,25767.17578125
7,2025-11-28,9,1721.5792236328125,25767.17578125
7,2025-11-28,10,1611.6138916015625,25767.17578125
7,2025-11-28,11,1527.220703125,25767.17578125
7,2025-11-28,12,1572.802734375,25767.17578125
7,2025-11-28,13,1622.697021484375,25767.17578125
7,2025-11-28,14,1629.782470703125,25767.17578125
7,2025-11-28,15,1731.9873046875,25767.17578125
7,2025-11-28,16,1889.75341796875,25767.17578125
7,2025-11-28,17,2247.82275390625,25767.17578125
7,2025-11-28,18,2059.547607421875,25767.17578125
7,2025-11-28,19,1479.0108642578125,25767.17578125
7,2025-11-28,20,1009.9214477539062,25767.17578125
7,2025-11-28,21,609.266845703125,25767.17578125
7,2025-11-28,22,296.32513427734375,25767.17578125
7,2025-11-28,23,220.13499450683594,25767.17578125
7,2025-11-29,0,91.846092224121094,13139.095703125
7,2025-11-29,1,19.657068252563477,13139.095703125
7,2025-11-29,2,0.015273898839950562,13139.095703125
7,2025-11-29,3,0.010452747344970703,13139.095703125
7,2025-11-29,4,0.25905001163482666,13139.095703125
7,2025-11-29,5,44.875587463378906,13139.095703125
7,2025-11-29,6,242.02029418945312,13139.095703125
7,2025-11-29,7,430.06591796875,13139.095703125
7,2025-11-29,8,731.36981201171875,13139.095703125
7,2025-11-29,9,783.3336181640625,13139.095703125
7,2025-11-29,10,839.740234375,13139.095703125
7,2025-11-29,11,903.963134765625,13139.095703125
7,2025-11-29,12,1039.5245361328125,13139.095703125
7,2025-11-29,13,1033.483642578125,13139.095703125
7,2025-11-29,14,1048.367919921875,13139.095703125
7,2025-11-29,15,1080.1279296875,13139.095703125
7,2025-11-29,16,1042.5087890625,13139.095703125
7,2025-11-29,17,1030.27490234375,13139.095703125
7,2025-11-29,18,1002.111328125,13139.095703125
7,2025-11-29,19,900.8392333984375,13139.095703125
7,2025-11-29,20,647.004638671875,13139.095703125
7,2025-11-29,21,514.834716796875,13139.095703125
7,2025-11-29,22,241.84426879882812,13139.095703125
7,2025-11-29,23,167.88058471679688,13139.095703125
7,2025-11-30,0,99.699638366699219,10991.0830078125
7,2025-11-30,1,16.432653427124023,10991.0830078125
7,2025-11-30,2,0.015631884336471558,10991.0830078125
7,2025-11-30,3,0.0095684230327606201,10991.0830078125
7,2025-11-30,4,0.2392425537109375,10991.0830078125
7,2025-11-30,5,29.077766418457031,10991.0830078125
7,2025-11-30,6,180.86541748046875,10991.0830078125
7,2025-11-30,7,315.71441650390625,10991.0830078125
7,2025-11-30,8,545.5037841796875,10991.0830078125
7,2025-11-30,9,638.9927978515625,10991.0830078125
7,2025-11-30,10,650.2088623046875,10991.0830078125
7,2025-11-30,11,768.390625,10991.0830078125
7,2025-11-30,12,846.749267578125,10991.0830078125
7,2025-11-30,13,854.74267578125,10991.0830078125
7,2025-11-30,14,884.4256591796875,10991.0830078125
7,2025-11-30,15,957.67999267578125,10991.0830078125
7,2025-11-30,16,904.6075439453125,10991.0830078125
7,2025-11-30,17,957.31024169921875,10991.0830078125
7,2025-11-30,18,898.54559326171875,10991.0830078125
7,2025-11-30,19,733.80908203125,10991.0830078125
7,2025-11-30,20,572.947509765625,10991.0830078125
7,2025-11-30,21,446.35885620117188,10991.0830078125
7,2025-11-30,22,214.844970703125,10991.0830078125
7,2025-11-30,23,137.763671875,10991.0830078125
7,2025-12-01,0,65.342872619628906,25971.15625
7,2025-12-01,1,9.5954780578613281,25971.15625
7,2025-12-01,2,0.01332932710647583,25971.15625
7,2025-12-01,3,0.011606574058532715,25971.15625
7,2025-12-01,4,0.69774699211120605,25971.15625
7,2025-12-01,5,183.36503601074219,25971.15625
7,2025-12-01,6,603.5604248046875,25971.15625
7,2025-12-01,7,1487.378662109375,25971.15625
7,2025-12-01,8,2312.5634765625,25971.15625
7,2025-12-01,9,1804.03857421875,25971.15625
7,2025-12-01,10,1649.9498291015625,25971.15625
7,2025-12-01,11,1501.447265625,25971.15625
7,2025-12-01,12,1551.27685546875,25971.15625
7,2025-12-01,13,1556.885009765625,25971.15625
7,2025-12-01,14,1557.7572021484375,25971.15625
7,2025-12-01,15,1678.422119140625,25971.15625
7,2025-12-01,16,1772.86083984375,25971.15625
7,2025-12-01,17,2288.095458984375,25971.15625
7,2025-12-01,18,2428.4580078125,25971.15625
7,2025-12-01,19,1646.69482421875,25971.15625
7,2025-12-01,20,1067.9874267578125,25971.15625
7,2025-12-01,21,580.25701904296875,25971.15625
7,2025-12-01,22,261.54779052734375,25971.15625
7,2025-12-01,23,159.08438110351562,25971.15625
7,2025-12-02,0,55.168853759765625,26265.875
7,2025-12-02,1,9.0714654922485352,26265.875
7,2025-12-02,2,0.016438961029052734,26265.875
7,2025-12-02,3,0.014433056116104126,26265.875
7,2025-12-02,4,1.1412101984024048,26265.875
7,2025-12-02,5,185.38504028320312,26265.875
7,2025-12-02,6,613.21875,26265.875
7,2025-12-02,7,1499.1278076171875,26265.875
7,2025-12-02,8,2355.21240234375,26265.875
7,2025-12-02,9,1836.8143310546875,26265.875
7,2025-12-02,10,1676.60107421875,26265.875
7,2025-12-02,11,1524.5501708984375,26265.875
7,2025-12-02,12,1584.2322998046875,26265.875
7,2025-12-02,13,1541.00927734375,26265.875
7,2025-12-02,14,1524.8238525390625,26265.875
7,2025-12-02,15,1683.9901123046875,26265.875
7,2025-12-02,16,1748.1929931640625,26265.875
7,2025-12-02,17,2293.571044921875,26265.875
7,2025-12-02,18,2469.015625,26265.875
7,2025-12-02,19,1673.0399169921875,26265.875
7,2025-12-02,20,1072.3701171875,26265.875
7,2025-12-02,21,614.45404052734375,26265.875
7,2025-12-02,22,281.31353759765625,26265.875
7,2025-12-02,23,182.58291625976562,26265.875
7,2025-12-03,0,59.494613647460938,26306.95703125
7,2025-12-03,1,9.2586269378662109,26306.95703125
7,2025-12-03,2,0.018588870763778687,26306.95703125
7,2025-12-03,3,0.010858982801437378,26306.95703125
7,2025-12-03,4,1.133262038230896,26306.95703125
7,2025-12-03,5,185.166748046875,26306.95703125
7,2025-12-03,6,592.0445556640625,26306.95703125
7,2025-12-03,7,1445.4332275390625,26306.95703125
7,2025-12-03,8,2320.509765625,26306.95703125
7,2025-12-03,9,1837.05078125,26306.95703125
7,2025-12-03,10,1685.353759765625,26306.95703125
7,2025-12-03,11,1533.091796875,26306.95703125
7,2025-12-03,12,1608.6771240234375,26306.95703125
7,2025-12-03,13,1558.8382568359375,26306.95703125
7,2025-12-03,14,1589.19970703125,26306.95703125
7,2025-12-03,15,1707.215576171875,26306.95703125
7,2025-12-03,16,1806.281005859375,26306.95703125
7,2025-12-03,17,2314.73583984375,26306.95703125
7,2025-12-03,18,2459.96728515625,26306.95703125
7,2025-12-03,19,1648.9482421875,26306.95703125
7,2025-12-03,20,1071.775634765625,26306.95703125
7,2025-12-03,21,625.7513427734375,26306.95703125
7,2025-12-03,22,287.813720703125,26306.95703125
7,2025-12-03,23,186.66551208496094,26306.95703125
7,2025-12-04,0,63.617774963378906,26204.462890625
7,2025-12-04,1,12.710231781005859,26204.462890625
7,2025-12-04,2,0.020256862044334412,26204.462890625
7,2025-12-04,3,0.0088099539279937744,26204.462890625
7,2025-12-04,4,0.99422323703765869,26204.462890625
7,2025-12-04,5,184.29087829589844,26204.462890625
7,2025-12-04,6,600.11669921875,26204.462890625
7,2025-12-04,7,1459.656982421875,26204.462890625
7,2025-12-04,8,2310.65966796875,26204.462890625
7,2025-12-04,9,1814.166015625,26204.462890625
7,2025-12-04,10,1649.706298828125,26204.462890625
7,2025-12-04,11,1524.846923828125,26204.462890625
7,2025-12-04,12,1600.0810546875,26204.462890625
7,2025-12-04,13,1558.3504638671875,26204.462890625
7,2025-12-04,14,1614.1651611328125,26204.462890625
7,2025-12-04,15,1695.455810546875,26204.462890625
7,2025-12-04,16,1810.9892578125,26204.462890625
7,2025-12-04,17,2271.311767578125,26204.462890625
7,2025-12-04,18,2464.735595703125,26204.462890625
7,2025-12-04,19,1634.253662109375,26204.462890625
7,2025-12-04,20,1057.9329833984375,26204.462890625
7,2025-12-04,21,620.45660400390625,26204.462890625
7,2025-12-04,22,283.20700073242188,26204.462890625
7,2025-12-04,23,191.06092834472656,26204.462890625
7,2025-12-05,0,65.7193603515625,25700.04296875
7,2025-12-05,1,11.41374397277832,25700.04296875
7,2025-12-05,2,0.020409286022186279,25700.04296875
7,2025-12-05,3,0.014978647232055664,25700.04296875
7,2025-12-05,4,0.77332580089569092,25700.04296875
7,2025-12-05,5,181.97979736328125,25700.04296875
7,2025-12-05,6,570.5074462890625,25700.04296875
7,2025-12-05,7,1425.079833984375,25700.04296875
7,2025-12-05,8,2237.5546875,25700.04296875
7,2025-12-05,9,1758.112548828125,25700.04296875
7,2025-12-05,10,1626.376220703125,25700.04296875
7,2025-12-05,11,1519.97021484375,25700.04296875
7,2025-12-05,12,1583.2279052734375,25700.04296875
7,2025-12-05,13,1595.3056640625,25700.04296875
7,2025-12-05,14,1613.3759765625,25700.04296875
7,2025-12-05,15,1707.146484375,25700.04296875
7,2025-12-05,16,1870.6153564453125,25700.04296875
7,2025-12-05,17,2233.36962890625,25700.04296875
7,2025-12-05,18,2022.41796875,25700.04296875
7,2025-12-05,19,1468.535888671875,25700.04296875
7,2025-12-05,20,1015.4596557617188,25700.04296875
7,2025-12-05,21,611.63720703125,25700.04296875
7,2025-12-05,22,289.29336547851562,25700.04296875
7,2025-12-05,23,216.16366577148438,25700.04296875
7,2025-12-06,0,93.06475830078125,12980.8212890625
7,2025-12-06,1,19.486667633056641,12980.8212890625
7,2025-12-06,2,0.020456507802009583,12980.8212890625
7,2025-12-06,3,0.014892101287841797,12980.8212890625
7,2025-12-06,4,0.34446084499359131,12980.8212890625
7,2025-12-06,5,44.185661315917969,12980.8212890625
7,2025-12-06,6,250.94113159179688,12980.8212890625
7,2025-12-06,7,437.98175048828125,12980.8212890625
7,2025-12-06,8,742.31097412109375,12980.8212890625
7,2025-12-06,9,796.441162109375,12980.8212890625
7,2025-12-06,10,860.3887939453125,12980.8212890625
7,2025-12-06,11,915.46820068359375,12980.8212890625
7,2025-12-06,12,1064.64892578125,12980.8212890625
7,2025-12-06,13,1075.19580078125,12980.8212890625
7,2025-12-06,14,1094.8590087890625,12980.8212890625
7,2025-12-06,15,1122.29248046875,12980.8212890625
7,2025-12-06,16,1087.6824951171875,12980.8212890625
7,2025-12-06,17,1103.84814453125,12980.8212890625
7,2025-12-06,18,990.67279052734375,12980.8212890625
7,2025-12-06,19,902.2532958984375,12980.8212890625
7,2025-12-06,20,654.8150634765625,12980.8212890625
7,2025-12-06,21,539.7025146484375,12980.8212890625
7,2025-12-06,22,249.64083862304688,12980.8212890625
7,2025-12-06,23,171.0716552734375,12980.8212890625
7,2025-12-07,0,99.498817443847656,10601.5576171875
7,2025-12-07,1,16.362756729125977,10601.5576171875
7,2025-12-07,2,0.018681168556213379,10601.5576171875
7,2025-12-07,3,0.011120975017547607,10601.5576171875
7,2025-12-07,4,0.24117374420166016,10601.5576171875
7,2025-12-07,5,27.305717468261719,10601.5576171875
7,2025-12-07,6,170.2818603515625,10601.5576171875
7,2025-12-07,7,310.333251953125,10601.5576171875
7,2025-12-07,8,533.80908203125,10601.5576171875
7,2025-12-07,9,652.857177734375,10601.5576171875
7,2025-12-07,10,657.39556884765625,10601.5576171875
7,2025-12-07,11,801.3314208984375,10601.5576171875
7,2025-12-07,12,887.68548583984375,10601.5576171875
7,2025-12-07,13,887.337646484375,10601.5576171875
7,2025-12-07,14,936.66461181640625,10601.5576171875
7,2025-12-07,15,989.15350341796875,10601.5576171875
7,2025-12-07,16,926.60614013671875,10601.5576171875
7,2025-12-07,17,970.33758544921875,10601.5576171875
7,2025-12-07,18,854.790283203125,10601.5576171875
7,2025-12-07,19,722.89422607421875,10601.5576171875
7,2025-12-07,20,570.85162353515625,10601.5576171875
7,2025-12-07,21,480.67626953125,10601.5576171875
7,2025-12-07,22,222.68240356445312,10601.5576171875
7,2025-12-07,23,144.513427734375,10601.5576171875
7,2025-12-08,0,65.631607055664062,25858.25390625
7,2025-12-08,1,9.2544212341308594,25858.25390625
7,2025-12-08,2,0.015460610389709473,25858.25390625
7,2025-12-08,3,0.014658123254776001,25858.25390625
7,2025-12-08,4,0.69094449281692505,25858.25390625
7,2025-12-08,5,182.90333557128906,25858.25390625
7,2025-12-08,6,596.6629638671875,25858.25390625
7,2025-12-08,7,1455.8978271484375,25858.25390625
7,2025-12-08,8,2292.7265625,25858.25390625
7,2025-12-08,9,1806.50244140625,25858.25390625
7,2025-12-08,10,1641.299560546875,25858.25390625
7,2025-12-08,11,1497.6724853515625,25858.25390625
7,2025-12-08,12,1536.1865234375,25858.25390625
7,2025-12-08,13,1552.618408203125,25858.25390625
7,2025-12-08,14,1545.823974609375,25858.25390625
7,2025-12-08,15,1667.5831298828125,25858.25390625
7,2025-12-08,16,1778.294189453125,25858.25390625
7,2025-12-08,17,2309.318603515625,25858.25390625
7,2025-12-08,18,2426.94873046875,25858.25390625
7,2025-12-08,19,1653.3348388671875,25858.25390625
7,2025-12-08,20,1060.5732421875,25858.25390625
7,2025-12-08,21,586.6136474609375,25858.25390625
7,2025-12-08,22,269.63885498046875,25858.25390625
7,2025-12-08,23,156.31097412109375,25858.25390625
7,2025-12-09,0,55.178871154785156,26517.546875
7,2025-12-09,1,9.1957798004150391,26517.546875
7,2025-12-09,2,0.018680453300476074,26517.546875
7,2025-12-09,3,0.01037442684173584,26517.546875
7,2025-12-09,4,1.1027762889862061,26517.546875
7,2025-12-09,5,184.17135620117188,26517.546875
7,2025-12-09,6,606.4683837890625,26517.546875
7,2025-12-09,7,1488.310791015625,26517.546875
7,2025-12-09,8,2317.449951171875,26517.546875
7,2025-12-09,9,1835.3250732421875,26517.546875
7,2025-12-09,10,1686.9027099609375,26517.546875
7,2025-12-09,11,1546.1016845703125,26517.546875
7,2025-12-09,12,1599.648681640625,26517.546875
7,2025-12-09,13,1576.7808837890625,26517.546875
7,2025-12-09,14,1585.169677734375,26517.546875
7,2025-12-09,15,1709.5269775390625,26517.546875
7,2025-12-09,16,1805.1651611328125,26517.546875
7,2025-12-09,17,2332.300537109375,26517.546875
7,2025-12-09,18,2472.458984375,26517.546875
7,2025-12-09,19,1682.89794921875,26517.546875
7,2025-12-09,20,1074.1141357421875,26517.546875
7,2025-12-09,21,625.70025634765625,26517.546875
7,2025-12-09,22,285.12783813476562,26517.546875
7,2025-12-09,23,185.64291381835938,26517.546875
7,2025-12-10,0,59.6378173828125,26457.70703125
7,2025-12-10,1,9.703521728515625,26457.70703125
7,2025-12-10,2,0.018798887729644775,26457.70703125
7,2025-12-10,3,0.014348000288009644,26457.70703125
7,2025-12-10,4,1.1246236562728882,26457.70703125
7,2025-12-10,5,185.4254150390625,26457.70703125
7,2025-12-10,6,600.6932373046875,26457.70703125
7,2025-12-10,7,1461.497802734375,26457.70703125
7,2025-12-10,8,2320.93896484375,26457.70703125
7,2025-12-10,9,1828.125244140625,26457.70703125
7,2025-12-10,10,1687.867431640625,26457.70703125
7,2025-12-10,11,1526.53076171875,26457.70703125
7,2025-12-10,12,1587.1778564453125,26457.70703125
7,2025-12-10,13,1548.79638671875,26457.70703125
7,2025-12-10,14,1579.6346435546875,26457.70703125
7,2025-12-10,15,1705.6585693359375,26457.70703125
7,2025-12-10,16,1794.86962890625,26457.70703125
7,2025-12-10,17,2336.5654296875,26457.70703125
7,2025-12-10,18,2457.92138671875,26457.70703125
7,2025-12-10,19,1654.257080078125,26457.70703125
7,2025-12-10,20,1069.239013671875,26457.70703125
7,2025-12-10,21,632.0107421875,26457.70703125
7,2025-12-10,22,284.364013671875,26457.70703125
7,2025-12-10,23,183.6461181640625,26457.70703125
7,2025-12-11,0,64.000953674316406,26345.171875
7,2025-12-11,1,12.56141471862793,26345.171875
7,2025-12-11,2,0.01369398832321167,26345.171875
7,2025-12-11,3,0.016294568777084351,26345.171875
7,2025-12-11,4,0.9596782922744751,26345.171875
7,2025-12-11,5,184.02047729492188,26345.171875
7,2025-12-11,6,599.7813720703125,26345.171875
7,2025-12-11,7,1466.2740478515625,26345.171875
7,2025-12-11,8,2303.666015625,26345.171875
7,2025-12-11,9,1805.90576171875,26345.171875
7,2025-12-11,10,1649.9781494140625,26345.171875
7,2025-12-11,11,1524.396240234375,26345.171875
7,2025-12-11,12,1587.072509765625,26345.171875
7,2025-12-11,13,1563.4481201171875,26345.171875
7,2025-12-11,14,1619.492919921875,26345.171875
7,2025-12-11,15,1700.364501953125,26345.171875
7,2025-12-11,16,1818.412841796875,26345.171875
7,2025-12-11,17,2309.001953125,26345.171875
7,2025-12-11,18,2497.087646484375,26345.171875
7,2025-12-11,19,1643.88427734375,26345.171875
7,2025-12-11,20,1054.781982421875,26345.171875
7,2025-12-11,21,633.71490478515625,26345.171875
7,2025-12-11,22,286.22128295898438,26345.171875
7,2025-12-11,23,196.76788330078125,26345.171875
7,2025-12-12,0,66.112564086914062,25725.125
7,2025-12-12,1,11.011989593505859,25725.125
7,2025-12-12,2,0.018514841794967651,25725.125
7,2025-12-12,3,0.01347467303276062,25725.125
7,2025-12-12,4,0.77472329139709473,25725.125
7,2025-12-12,5,180.30166625976562,25725.125
7,2025-12-12,6,573.49908447265625,25725.125
7,2025-12-12,7,1401.9493408203125,25725.125
7,2025-12-12,8,2187.4443359375,25725.125
7,2025-12-12,9,1726.8355712890625,25725.125
7,2025-12-12,10,1608.26123046875,25725.125
7,2025-12-12,11,1507.21728515625,25725.125
7,2025-12-12,12,1567.438720703125,25725.125
7,2025-12-12,13,1612.3787841796875,25725.125
7,2025-12-12,14,1634.3487548828125,25725.125
7,2025-12-12,15,1719.19873046875,25725.125
7,2025-12-12,16,1885.323486328125,25725.125
7,2025-12-12,17,2231.998046875,25725.125
7,2025-12-12,18,2054.285400390625,25725.125
7,2025-12-12,19,1498.8563232421875,25725.125
7,2025-12-12,20,1020.1509399414062,25725.125
7,2025-12-12,21,623.98760986328125,25725.125
7,2025-12-12,22,294.3564453125,25725.125
7,2025-12-12,23,217.22920227050781,25725.125
7,2025-12-13,0,93.196762084960938,12974.6904296875
7,2025-12-13,1,19.578676223754883,12974.6904296875
7,2025-12-13,2,0.017787039279937744,12974.6904296875
7,2025-12-13,3,0.015696316957473755,12974.6904296875
7,2025-12-13,4,0.3314659595489502,12974.6904296875
7,2025-12-13,5,41.646766662597656,12974.6904296875
7,2025-12-13,6,247.99508666992188,12974.6904296875
7,2025-12-13,7,421.4576416015625,12974.6904296875
7,2025-12-13,8,693.7681884765625,12974.6904296875
7,2025-12-13,9,760.67315673828125,12974.6904296875
7,2025-12-13,10,855.246337890625,12974.6904296875
7,2025-12-13,11,928.2071533203125,12974.6904296875
7,2025-12-13,12,1066.4608154296875,12974.6904296875
7,2025-12-13,13,1064.1749267578125,12974.6904296875
7,2025-12-13,14,1099.3377685546875,12974.6904296875
7,2025-12-13,15,1123.12548828125,12974.6904296875
7,2025-12-13,16,1069.47412109375,12974.6904296875
7,2025-12-13,17,1059.60693359375,12974.6904296875
7,2025-12-13,18,951.099365234375,12974.6904296875
7,2025-12-13,19,886.607177734375,12974.6904296875
7,2025-12-13,20,652.2225341796875,12974.6904296875
7,2025-12-13,21,544.70904541015625,12974.6904296875
7,2025-12-13,22,254.89323425292969,12974.6904296875
7,2025-12-13,23,170.99697875976562,12974.6904296875
7,2025-12-14,0,101.00630950927734,11032.107421875
7,2025-12-14,1,16.081876754760742,11032.107421875
7,2025-12-14,2,0.01926228404045105,11032.107421875
7,2025-12-14,3,0.016743600368499756,11032.107421875
7,2025-12-14,4,0.23028957843780518,11032.107421875
7,2025-12-14,5,28.688888549804688,11032.107421875
7,2025-12-14,6,179.7801513671875,11032.107421875
7,2025-12-14,7,321.86859130859375,11032.107421875
7,2025-12-14,8,544.219970703125,11032.107421875
7,2025-12-14,9,665.5382080078125,11032.107421875
7,2025-12-14,10,679.6883544921875,11032.107421875
7,2025-12-14,11,803.08837890625,11032.107421875
7,2025-12-14,12,895.5946044921875,11032.107421875
7,2025-12-14,13,901.49798583984375,11032.107421875
7,2025-12-14,14,948.99176025390625,11032.107421875
7,2025-12-14,15,998.8411865234375,11032.107421875
7,2025-12-14,16,958.3106689453125,11032.107421875
7,2025-12-14,17,990.17388916015625,11032.107421875
7,2025-12-14,18,862.6419677734375,11032.107421875
7,2025-12-14,19,734.50189208984375,11032.107421875
7,2025-12-14,20,583.843505859375,11032.107421875
7,2025-12-14,21,493.1839599609375,11032.107421875
7,2025-12-14,22,221.74374389648438,11032.107421875
7,2025-12-14,23,144.13693237304688,11032.107421875
7,2025-12-15,0,64.547966003417969,26035.076171875
7,2025-12-15,1,9.1495733261108398,26035.076171875
7,2025-12-15,2,0.019859269261360168,26035.076171875
7,2025-12-15,3,0.01511189341545105,26035.076171875
7,2025-12-15,4,0.69443124532699585,26035.076171875
7,2025-12-15,5,184.96145629882812,26035.076171875
7,2025-12-15,6,595.95855712890625,26035.076171875
7,2025-12-15,7,1445.24853515625,26035.076171875
7,2025-12-15,8,2267.052734375,26035.076171875
7,2025-12-15,9,1809.06884765625,26035.076171875
7,2025-12-15,10,1664.725341796875,26035.076171875
7,2025-12-15,11,1504.8310546875,26035.076171875
7,2025-12-15,12,1536.3773193359375,26035.076171875
7,2025-12-15,13,1541.4609375,26035.076171875
7,2025-12-15,14,1540.8935546875,26035.076171875
7,2025-12-15,15,1661.8074951171875,26035.076171875
7,2025-12-15,16,1752.7109375,26035.076171875
7,2025-12-15,17,2316.71728515625,26035.076171875
7,2025-12-15,18,2438.99609375,26035.076171875
7,2025-12-15,19,1653.489013671875,26035.076171875
7,2025-12-15,20,1066.9229736328125,26035.076171875
7,2025-12-15,21,595.55279541015625,26035.076171875
7,2025-12-15,22,263.81607055664062,26035.076171875
7,2025-12-15,23,155.1888427734375,26035.076171875
7,2025-12-16,0,55.435684204101562,26320.091796875
7,2025-12-16,1,9.2801427841186523,26320.091796875
7,2025-12-16,2,0.020428434014320374,26320.091796875
7,2025-12-16,3,0.015918344259262085,26320.091796875
7,2025-12-16,4,1.1106629371643066,26320.091796875
7,2025-12-16,5,184.97457885742188,26320.091796875
7,2025-12-16,6,609.05584716796875,26320.091796875
7,2025-12-16,7,1466.6094970703125,26320.091796875
7,2025-12-16,8,2279.34375,26320.091796875
7,2025-12-16,9,1829.65234375,26320.091796875
7,2025-12-16,10,1687.691650390625,26320.091796875
7,2025-12-16,11,1537.505859375,26320.091796875
7,2025-12-16,12,1577.6517333984375,26320.091796875
7,2025-12-16,13,1545.1322021484375,26320.091796875
7,2025-12-16,14,1556.3187255859375,26320.091796875
7,2025-12-16,15,1680.745361328125,26320.091796875
7,2025-12-16,16,1752.087158203125,26320.091796875
7,2025-12-16,17,2309.3017578125,26320.091796875
7,2025-12-16,18,2482.703125,26320.091796875
7,2025-12-16,19,1690.901123046875,26320.091796875
7,2025-12-16,20,1074.974609375,26320.091796875
7,2025-12-16,21,633.4927978515625,26320.091796875
7,2025-12-16,22,286.59603881835938,26320.091796875
7,2025-12-16,23,182.43348693847656,26320.091796875
7,2025-12-17,0,59.277946472167969,26208.337890625
7,2025-12-17,1,9.6702194213867188,26208.337890625
7,2025-12-17,2,0.017029047012329102,26208.337890625
7,2025-12-17,3,0.015166223049163818,26208.337890625
7,2025-12-17,4,1.1587741374969482,26208.337890625
7,2025-12-17,5,184.63728332519531,26208.337890625
7,2025-12-17,6,593.61529541015625,26208.337890625
7,2025-12-17,7,1419.623291015625,26208.337890625
7,2025-12-17,8,2284.32763671875,26208.337890625
7,2025-12-17,9,1819.970703125,26208.337890625
7,2025-12-17,10,1684.6767578125,26208.337890625
7,2025-12-17,11,1520.2921142578125,26208.337890625
7,2025-12-17,12,1570.349853515625,26208.337890625
7,2025-12-17,13,1524.0426025390625,26208.337890625
7,2025-12-17,14,1543.3597412109375,26208.337890625
7,2025-12-17,15,1683.8388671875,26208.337890625
7,2025-12-17,16,1769.326171875,26208.337890625
7,2025-12-17,17,2319.526611328125,26208.337890625
7,2025-12-17,18,2453.36083984375,26208.337890625
7,2025-12-17,19,1650.1058349609375,26208.337890625
7,2025-12-17,20,1071.8231201171875,26208.337890625
7,2025-12-17,21,638.18115234375,26208.337890625
7,2025-12-17,22,287.39898681640625,26208.337890625
7,2025-12-17,23,184.13029479980469,26208.337890625
7,2025-12-18,0,62.799121856689453,26107.888671875
7,2025-12-18,1,12.760946273803711,26107.888671875
7,2025-12-18,2,0.020152479410171509,26107.888671875
7,2025-12-18,3,0.015489161014556885,26107.888671875
7,2025-12-18,4,0.96847361326217651,26107.888671875
7,2025-12-18,5,184.387939453125,26107.888671875
7,2025-12-18,6,594.458984375,26107.888671875
7,2025-12-18,7,1436.3397216796875,26107.888671875
7,2025-12-18,8,2257.465576171875,26107.888671875
7,2025-12-18,9,1785.3118896484375,26107.888671875
7,2025-12-18,10,1658.1795654296875,26107.888671875
7,2025-12-18,11,1497.6416015625,26107.888671875
7,2025-12-18,12,1567.44189453125,26107.888671875
7,2025-12-18,13,1538.5384521484375,26107.888671875
7,2025-12-18,14,1597.6859130859375,26107.888671875
7,2025-12-18,15,1656.7889404296875,26107.888671875
7,2025-12-18,16,1777.138427734375,26107.888671875
7,2025-12-18,17,2283.14599609375,26107.888671875
7,2025-12-18,18,2448.71630859375,26107.888671875
7,2025-12-18,19,1618.040771484375,26107.888671875
7,2025-12-18,20,1055.134521484375,26107.888671875
7,2025-12-18,21,633.43316650390625,26107.888671875
7,2025-12-18,22,293.792724609375,26107.888671875
7,2025-12-18,23,199.6556396484375,26107.888671875
7,2025-12-19,0,67.028793334960938,26093.96875
7,2025-12-19,1,11.526902198791504,26093.96875
7,2025-12-19,2,0.011634975671768188,26093.96875
7,2025-12-19,3,0.01145249605178833,26093.96875
7,2025-12-19,4,0.89742499589920044,26093.96875
7,2025-12-19,5,180.20457458496094,26093.96875
7,2025-12-19,6,569.1787109375,26093.96875
7,2025-12-19,7,1373.4317626953125,26093.96875
7,2025-12-19,8,2134.2119140625,26093.96875
7,2025-12-19,9,1751.3409423828125,26093.96875
7,2025-12-19,10,1605.6685791015625,26093.96875
7,2025-12-19,11,1501.857177734375,26093.96875
7,2025-12-19,12,1573.646240234375,26093.96875
7,2025-12-19,13,1598.14453125,26093.96875
7,2025-12-19,14,1605.239501953125,26093.96875
7,2025-12-19,15,1697.9853515625,26093.96875
7,2025-12-19,16,1871.0467529296875,26093.96875
7,2025-12-19,17,2229.773193359375,26093.96875
7,2025-12-19,18,2061.130615234375,26093.96875
7,2025-12-19,19,1479.383544921875,26093.96875
7,2025-12-19,20,1020.8886108398438,26093.96875
7,2025-12-19,21,620.01715087890625,26093.96875
7,2025-12-19,22,297.67416381835938,26093.96875
7,2025-12-19,23,213.33006286621094,26093.96875
7,2025-12-20,0,91.56573486328125,14464.4296875
7,2025-12-20,1,18.678548812866211,14464.4296875
7,2025-12-20,2,0.012653589248657227,14464.4296875
7,2025-12-20,3,0.0078224539756774902,14464.4296875
7,2025-12-20,4,0.36294186115264893,14464.4296875
7,2025-12-20,5,48.761268615722656,14464.4296875
7,2025-12-20,6,256.35360717773438,14464.4296875
7,2025-12-20,7,471.1607666015625,14464.4296875
7,2025-12-20,8,741.57232666015625,14464.4296875
7,2025-12-20,9,798.09283447265625,14464.4296875
7,2025-12-20,10,882.57763671875,14464.4296875
7,2025-12-20,11,1003.4342651367188,14464.4296875
7,2025-12-20,12,1117.8275146484375,14464.4296875
7,2025-12-20,13,1140.0748291015625,14464.4296875
7,2025-12-20,14,1149.6763916015625,14464.4296875
7,2025-12-20,15,1155.7618408203125,14464.4296875
7,2025-12-20,16,1128.782470703125,14464.4296875
7,2025-12-20,17,1163.7066650390625,14464.4296875
7,2025-12-20,18,1011.5821533203125,14464.4296875
7,2025-12-20,19,946.1954345703125,14464.4296875
7,2025-12-20,20,703.2021484375,14464.4296875
7,2025-12-20,21,569.63421630859375,14464.4296875
7,2025-12-20,22,266.94479370117188,14464.4296875
7,2025-12-20,23,179.22964477539062,14464.4296875
7,2025-12-21,0,97.586257934570312,11094.365234375
7,2025-12-21,1,16.449811935424805,11094.365234375
7,2025-12-21,2,0.01454085111618042,11094.365234375
7,2025-12-21,3,0.012582778930664062,11094.365234375
7,2025-12-21,4,0.23161947727203369,11094.365234375
7,2025-12-21,5,32.198776245117188,11094.365234375
7,2025-12-21,6,179.27392578125,11094.365234375
7,2025-12-21,7,323.7125244140625,11094.365234375
7,2025-12-21,8,541.6920166015625,11094.365234375
7,2025-12-21,9,661.55548095703125,11094.365234375
7,2025-12-21,10,681.618896484375,11094.365234375
7,2025-12-21,11,809.28125,11094.365234375
7,2025-12-21,12,898.2569580078125,11094.365234375
7,2025-12-21,13,914.913818359375,11094.365234375
7,2025-12-21,14,963.700439453125,11094.365234375
7,2025-12-21,15,975.66162109375,11094.365234375
7,2025-12-21,16,939.03045654296875,11094.365234375
7,2025-12-21,17,1005.6796875,11094.365234375
7,2025-12-21,18,884.4033203125,11094.365234375
7,2025-12-21,19,775.59234619140625,11094.365234375
7,2025-12-21,20,600.5675048828125,11094.365234375
7,2025-12-21,21,487.26150512695312,11094.365234375
7,2025-12-21,22,232.7164306640625,11094.365234375
7,2025-12-21,23,144.59213256835938,11094.365234375
7,2025-12-22,0,64.9178466796875,26028.341796875
7,2025-12-22,1,10.330317497253418,26028.341796875
7,2025-12-22,2,0.014594823122024536,26028.341796875
7,2025-12-22,3,0.015103280544281006,26028.341796875
7,2025-12-22,4,0.7051127552986145,26028.341796875
7,2025-12-22,5,184.09783935546875,26028.341796875
7,2025-12-22,6,606.51141357421875,26028.341796875
7,2025-12-22,7,1436.4818115234375,26028.341796875
7,2025-12-22,8,2259.392333984375,26028.341796875
7,2025-12-22,9,1821.3575439453125,26028.341796875
7,2025-12-22,10,1647.337890625,26028.341796875
7,2025-12-22,11,1489.185546875,26028.341796875
7,2025-12-22,12,1544.2236328125,26028.341796875
7,2025-12-22,13,1562.4083251953125,26028.341796875
7,2025-12-22,14,1575.9798583984375,26028.341796875
7,2025-12-22,15,1696.90283203125,26028.341796875
7,2025-12-22,16,1818.857421875,26028.341796875
7,2025-12-22,17,2324.34716796875,26028.341796875
7,2025-12-22,18,2482.00244140625,26028.341796875
7,2025-12-22,19,1660.7808837890625,26028.341796875
7,2025-12-22,20,1064.862548828125,26028.341796875
7,2025-12-22,21,595.109375,26028.341796875
7,2025-12-22,22,274.45303344726562,26028.341796875
7,2025-12-22,23,159.48469543457031,26028.341796875
7,2025-12-23,0,54.705802917480469,26229.30078125
7,2025-12-23,1,8.9902687072753906,26229.30078125
7,2025-12-23,2,0.012469768524169922,26229.30078125
7,2025-12-23,3,0.015510261058807373,26229.30078125
7,2025-12-23,4,1.0902251005172729,26229.30078125
7,2025-12-23,5,184.42715454101562,26229.30078125
7,2025-12-23,6,608.1689453125,26229.30078125
7,2025-12-23,7,1452.130615234375,26229.30078125
7,2025-12-23,8,2262.19287109375,26229.30078125
7,2025-12-23,9,1834.92626953125,26229.30078125
7,2025-12-23,10,1674.7203369140625,26229.30078125
7,2025-12-23,11,1529.90576171875,26229.30078125
7,2025-12-23,12,1581.730224609375,26229.30078125
7,2025-12-23,13,1572.37353515625,26229.30078125
7,2025-12-23,14,1579.9063720703125,26229.30078125
7,2025-12-23,15,1709.2838134765625,26229.30078125
7,2025-12-23,16,1815.024169921875,26229.30078125
7,2025-12-23,17,2335.759765625,26229.30078125
7,2025-12-23,18,2505.13623046875,26229.30078125
7,2025-12-23,19,1674.4697265625,26229.30078125
7,2025-12-23,20,1068.2000732421875,26229.30078125
7,2025-12-23,21,631.59552001953125,26229.30078125
7,2025-12-23,22,290.22372436523438,26229.30078125
7,2025-12-23,23,183.67269897460938,26229.30078125
7,2025-12-24,0,60.143177032470703,26276.408203125
7,2025-12-24,1,9.3566112518310547,26276.408203125
7,2025-12-24,2,0.011096298694610596,26276.408203125
7,2025-12-24,3,0.017427831888198853,26276.408203125
7,2025-12-24,4,1.1362566947937012,26276.408203125
7,2025-12-24,5,183.13832092285156,26276.408203125
7,2025-12-24,6,594.77447509765625,26276.408203125
7,2025-12-24,7,1410.0133056640625,26276.408203125
7,2025-12-24,8,2238.896240234375,26276.408203125
7,2025-12-24,9,1809.1497802734375,26276.408203125
7,2025-12-24,10,1659.92333984375,26276.408203125
7,2025-12-24,11,1500.3990478515625,26276.408203125
7,2025-12-24,12,1553.777099609375,26276.408203125
7,2025-12-24,13,1546.610107421875,26276.408203125
7,2025-12-24,14,1571.55908203125,26276.408203125
7,2025-12-24,15,1686.073486328125,26276.408203125
7,2025-12-24,16,1797.685546875,26276.408203125
7,2025-12-24,17,2318.692138671875,26276.408203125
7,2025-12-24,18,2450.417724609375,26276.408203125
7,2025-12-24,19,1632.3570556640625,26276.408203125
7,2025-12-24,20,1052.7718505859375,26276.408203125
7,2025-12-24,21,629.5804443359375,26276.408203125
7,2025-12-24,22,294.32882690429688,26276.408203125
7,2025-12-24,23,182.52740478515625,26276.408203125
7,2025-12-25,0,63.716926574707031,25773.1328125
7,2025-12-25,1,12.200677871704102,25773.1328125
7,2025-12-25,2,0.011558324098587036,25773.1328125
7,2025-12-25,3,0.0075656771659851074,25773.1328125
7,2025-12-25,4,0.99340009689331055,25773.1328125
7,2025-12-25,5,181.03584289550781,25773.1328125
7,2025-12-25,6,596.62127685546875,25773.1328125
7,2025-12-25,7,1404.59033203125,25773.1328125
7,2025-12-25,8,2214.557861328125,25773.1328125
7,2025-12-25,9,1778.5172119140625,25773.1328125
7,2025-12-25,10,1615.40087890625,25773.1328125
7,2025-12-25,11,1498.23193359375,25773.1328125
7,2025-12-25,12,1541.6187744140625,25773.1328125
7,2025-12-25,13,1546.8104248046875,25773.1328125
7,2025-12-25,14,1585.8929443359375,25773.1328125
7,2025-12-25,15,1656.3770751953125,25773.1328125
7,2025-12-25,16,1785.0711669921875,25773.1328125
7,2025-12-25,17,2267.571044921875,25773.1328125
7,2025-12-25,18,2454.946533203125,25773.1328125
7,2025-12-25,19,1627.47607421875,25773.1328125
7,2025-12-25,20,1045.05029296875,25773.1328125
7,2025-12-25,21,626.0740966796875,25773.1328125
7,2025-12-25,22,292.77197265625,25773.1328125
7,2025-12-25,23,192.7921142578125,25773.1328125
7,2025-12-26,0,66.530990600585938,25342.75
7,2025-12-26,1,11.670537948608398,25342.75
7,2025-12-26,2,0.012807875871658325,25342.75
7,2025-12-26,3,0.013469934463500977,25342.75
7,2025-12-26,4,0.76252245903015137,25342.75
7,2025-12-26,5,177.86007690429688,25342.75
7,2025-12-26,6,573.65887451171875,25342.75
7,2025-12-26,7,1340.0455322265625,25342.75
7,2025-12-26,8,2080.478515625,25342.75
7,2025-12-26,9,1714.1712646484375,25342.75
7,2025-12-26,10,1576.26611328125,25342.75
7,2025-12-26,11,1476.179931640625,25342.75
7,2025-12-26,12,1528.9080810546875,25342.75
7,2025-12-26,13,1567.585205078125,25342.75
7,2025-12-26,14,1581.6650390625,25342.75
7,2025-12-26,15,1664.3409423828125,25342.75
7,2025-12-26,16,1828.405029296875,25342.75
7,2025-12-26,17,2198.457275390625,25342.75
7,2025-12-26,18,2057.7998046875,25342.75
7,2025-12-26,19,1479.937255859375,25342.75
7,2025-12-26,20,1005.7037963867188,25342.75
7,2025-12-26,21,618.02716064453125,25342.75
7,2025-12-26,22,299.44287109375,25342.75
7,2025-12-26,23,211.63417053222656,25342.75
7,2025-12-27,0,89.244834899902344,13259.826171875
7,2025-12-27,1,19.336391448974609,13259.826171875
7,2025-12-27,2,0.0075865089893341064,13259.826171875
7,2025-12-27,3,0.013920366764068604,13259.826171875
7,2025-12-27,4,0.31450402736663818,13259.826171875
7,2025-12-27,5,54.756904602050781,13259.826171875
7,2025-12-27,6,280.102783203125,13259.826171875
7,2025-12-27,7,542.2874755859375,13259.826171875
7,2025-12-27,8,804.49591064453125,13259.826171875
7,2025-12-27,9,875.16070556640625,13259.826171875
7,2025-12-27,10,969.3402099609375,13259.826171875
7,2025-12-27,11,1035.4075927734375,13259.826171875
7,2025-12-27,12,1156.287841796875,13259.826171875
7,2025-12-27,13,1177.9007568359375,13259.826171875
7,2025-12-27,14,1207.214111328125,13259.826171875
7,2025-12-27,15,1215.0457763671875,13259.826171875
7,2025-12-27,16,1161.874755859375,13259.826171875
7,2025-12-27,17,1197.806884765625,13259.826171875
7,2025-12-27,18,1113.6871337890625,13259.826171875
7,2025-12-27,19,1005.3824462890625,13259.826171875
7,2025-12-27,20,733.2335205078125,13259.826171875
7,2025-12-27,21,571.2823486328125,13259.826171875
7,2025-12-27,22,268.88919067382812,13259.826171875
7,2025-12-27,23,177.09715270996094,13259.826171875
7,2025-12-28,0,98.555084228515625,10849.7587890625
7,2025-12-28,1,16.085849761962891,10849.7587890625
7,2025-12-28,2,0.010233163833618164,10849.7587890625
7,2025-12-28,3,0.015181601047515869,10849.7587890625
7,2025-12-28,4,0.26848268508911133,10849.7587890625
7,2025-12-28,5,34.836090087890625,10849.7587890625
7,2025-12-28,6,181.25430297851562,10849.7587890625
7,2025-12-28,7,331.84515380859375,10849.7587890625
7,2025-12-28,8,556.644775390625,10849.7587890625
7,2025-12-28,9,689.049072265625,10849.7587890625
7,2025-12-28,10,755.61810302734375,10849.7587890625
7,2025-12-28,11,873.84375,10849.7587890625
7,2025-12-28,12,947.1058349609375,10849.7587890625
7,2025-12-28,13,980.38348388671875,10849.7587890625
7,2025-12-28,14,1034.9288330078125,10849.7587890625
7,2025-12-28,15,1043.644287109375,10849.7587890625
7,2025-12-28,16,1004.3329467773438,10849.7587890625
7,2025-12-28,17,1054.058349609375,10849.7587890625
7,2025-12-28,18,930.200439453125,10849.7587890625
7,2025-12-28,19,807.32281494140625,10849.7587890625
7,2025-12-28,20,645.66302490234375,10849.7587890625
7,2025-12-28,21,514.4407958984375,10849.7587890625
7,2025-12-28,22,243.99267578125,10849.7587890625
7,2025-12-28,23,151.53590393066406,10849.7587890625
7,2025-12-29,0,65.922706604003906,26775.236328125
7,2025-12-29,1,9.8144760131835938,26775.236328125
7,2025-12-29,2,0.012214720249176025,26775.236328125
7,2025-12-29,3,0.018283724784851074,26775.236328125
7,2025-12-29,4,0.76908040046691895,26775.236328125
7,2025-12-29,5,184.96672058105469,26775.236328125
7,2025-12-29,6,611.57635498046875,26775.236328125
7,2025-12-29,7,1455.3511962890625,26775.236328125
7,2025-12-29,8,2284.50048828125,26775.236328125
7,2025-12-29,9,1844.0906982421875,26775.236328125
7,2025-12-29,10,1685.42333984375,26775.236328125
7,2025-12-29,11,1527.1065673828125,26775.236328125
7,2025-12-29,12,1580.041259765625,26775.236328125
7,2025-12-29,13,1588.1754150390625,26775.236328125
7,2025-12-29,14,1593.771484375,26775.236328125
7,2025-12-29,15,1729.1513671875,26775.236328125
7,2025-12-29,16,1849.4735107421875,26775.236328125
7,2025-12-29,17,2358.72216796875,26775.236328125
7,2025-12-29,18,2503.478515625,26775.236328125
7,2025-12-29,19,1687.772216796875,26775.236328125
7,2025-12-29,20,1075.3514404296875,26775.236328125
7,2025-12-29,21,607.46832275390625,26775.236328125
7,2025-12-29,22,279.07437133789062,26775.236328125
7,2025-12-29,23,166.37744140625,26775.236328125
7,2025-12-30,0,55.425178527832031,26932.8671875
7,2025-12-30,1,8.7416877746582031,26932.8671875
7,2025-12-30,2,0.010696589946746826,26932.8671875
7,2025-12-30,3,0.015509575605392456,26932.8671875
7,2025-12-30,4,1.1465716361999512,26932.8671875
7,2025-12-30,5,186.77749633789062,26932.8671875
7,2025-12-30,6,619.73876953125,26932.8671875
7,2025-12-30,7,1476.6883544921875,26932.8671875
7,2025-12-30,8,2297.40283203125,26932.8671875
7,2025-12-30,9,1866.6878662109375,26932.8671875
7,2025-12-30,10,1697.458740234375,26932.8671875
7,2025-12-30,11,1558.9647216796875,26932.8671875
7,2025-12-30,12,1604.1549072265625,26932.8671875
7,2025-12-30,13,1594.9180908203125,26932.8671875
7,2025-12-30,14,1599.7354736328125,26932.8671875
7,2025-12-30,15,1737.4410400390625,26932.8671875
7,2025-12-30,16,1848.4691162109375,26932.8671875
7,2025-12-30,17,2348.146484375,26932.8671875
7,2025-12-30,18,2509.766357421875,26932.8671875
7,2025-12-30,19,1712.98974609375,26932.8671875
7,2025-12-30,20,1083.2061767578125,26932.8671875
7,2025-12-30,21,635.9801025390625,26932.8671875
7,2025-12-30,22,296.86190795898438,26932.8671875
7,2025-12-30,23,181.82347106933594,26932.8671875
7,2025-12-31,0,64.286094665527344,9960.8515625
7,2025-12-31,1,8.8117446899414062,9960.8515625
7,2025-12-31,2,0.013733923435211182,9960.8515625
7,2025-12-31,3,0.016361266374588013,9960.8515625
7,2025-12-31,4,1.1288893222808838,9960.8515625
7,2025-12-31,5,22.315185546875,9960.8515625
7,2025-12-31,6,244.25222778320312,9960.8515625
7,2025-12-31,7,294.6641845703125,9960.8515625
7,2025-12-31,8,595.831298828125,9960.8515625
7,2025-12-31,9,640.75604248046875,9960.8515625
7,2025-12-31,10,745.93994140625,9960.8515625
7,2025-12-31,11,882.61749267578125,9960.8515625
7,2025-12-31,12,970.648193359375,9960.8515625
7,2025-12-31,13,936.4608154296875,9960.8515625
7,2025-12-31,14,900.6417236328125,9960.8515625
7,2025-12-31,15,963.96142578125,9960.8515625
7,2025-12-31,16,897.73870849609375,9960.8515625
7,2025-12-31,17,997.88568115234375,9960.8515625
7,2025-12-31,18,983.08447265625,9960.8515625
7,2025-12-31,19,890.66558837890625,9960.8515625
7,2025-12-31,20,678.63336181640625,9960.8515625
7,2025-12-31,21,479.62786865234375,9960.8515625
7,2025-12-31,22,262.53045654296875,9960.8515625
7,2025-12-31,23,152.70980834960938,9960.8515625
11,2025-11-01,0,98.2926025390625,27931.734375
11,2025-11-01,1,1.2047033309936523,27931.734375
11,2025-11-01,2,0.011823087930679321,27931.734375
11,2025-11-01,3,0.018465250730514526,27931.734375
11,2025-11-01,4,0.034669160842895508,27931.734375
11,2025-11-01,5,163.34341430664062,27931.734375
11,2025-11-01,6,683.48699951171875,27931.734375
11,2025-11-01,7,531.1846923828125,27931.734375
11,2025-11-01,8,700.1253662109375,27931.734375
11,2025-11-01,9,856.318359375,27931.734375
11,2025-11-01,10,968.43377685546875,27931.734375
11,2025-11-01,11,1435.232177734375,27931.734375
11,2025-11-01,12,1698.939208984375,27931.734375
11,2025-11-01,13,1562.648681640625,27931.734375
11,2025-11-01,14,1677.5499267578125,27931.734375
11,2025-11-01,15,1452.7138671875,27931.734375
11,2025-11-01,16,1411.9287109375,27931.734375
11,2025-11-01,17,1345.2813720703125,27931.734375
11,2025-11-01,18,1089.310546875,27931.734375
11,2025-11-01,19,1198.6414794921875,27931.734375
11,2025-11-01,20,856.13836669921875,27931.734375
11,2025-11-01,21,686.08392333984375,27931.734375
11,2025-11-01,22,355.85836791992188,27931.734375
11,2025-11-01,23,301.510009765625,27931.734375
11,2025-11-02,0,109.93705749511719,17030.46875
11,2025-11-02,1,22.62086296081543,17030.46875
11,2025-11-02,2,0.015396475791931152,17030.46875
11,2025-11-02,3,0.015594899654388428,17030.46875
11,2025-11-02,4,0.10745477676391602,17030.46875
11,2025-11-02,5,79.880935668945312,17030.46875
11,2025-11-02,6,402.185791015625,17030.46875
11,2025-11-02,7,373.4774169921875,17030.46875
11,2025-11-02,8,458.782958984375,17030.46875
11,2025-11-02,9,663.2474365234375,17030.46875
11,2025-11-02,10,746.77239990234375,17030.46875
11,2025-11-02,11,1169.7398681640625,17030.46875
11,2025-11-02,12,1405.3819580078125,17030.46875
11,2025-11-02,13,1306.0863037109375,17030.46875
11,2025-11-02,14,1478.857666015625,17030.46875
11,2025-11-02,15,1301.990478515625,17030.46875
11,2025-11-02,16,1214.846435546875,17030.46875
11,2025-11-02,17,1189.0570068359375,17030.46875
11,2025-11-02,18,886.092041015625,17030.46875
11,2025-11-02,19,911.5316162109375,17030.46875
11,2025-11-02,20,698.8895263671875,17030.46875
11,2025-11-02,21,587.20947265625,17030.46875
11,2025-11-02,22,321.52188110351562,17030.46875
11,2025-11-02,23,243.20057678222656,17030.46875
11,2025-11-03,0,76.46038818359375,19628.4453125
11,2025-11-03,1,14.088623046875,19628.4453125
11,2025-11-03,2,0.013467013835906982,19628.4453125
11,2025-11-03,3,0.022183835506439209,19628.4453125
11,2025-11-03,4,0.70636403560638428,19628.4453125
11,2025-11-03,5,207.17778015136719,19628.4453125
11,2025-11-03,6,846.2540283203125,19628.4453125
11,2025-11-03,7,757.73590087890625,19628.4453125
11,2025-11-03,8,928.442626953125,19628.4453125
11,2025-11-03,9,827.499755859375,19628.4453125
11,2025-11-03,10,767.18646240234375,19628.4453125
11,2025-11-03,11,1079.950439453125,19628.4453125
11,2025-11-03,12,1219.88671875,19628.4453125
11,2025-11-03,13,1193.046142578125,19628.4453125
11,2025-11-03,14,1429.1246337890625,19628.4453125
11,2025-11-03,15,1112.298828125,19628.4453125
11,2025-11-03,16,1201.8253173828125,19628.4453125
11,2025-11-03,17,1204.4278564453125,19628.4453125
11,2025-11-03,18,1099.5533447265625,19628.4453125
11,2025-11-03,19,1356.0257568359375,19628.4453125
11,2025-11-03,20,1002.8058471679688,19628.4453125
11,2025-11-03,21,684.12982177734375,19628.4453125
11,2025-11-03,22,331.15704345703125,19628.4453125
11,2025-11-03,23,217.2645263671875,19628.4453125
11,2025-11-04,0,61.664779663085938,19128.3515625
11,2025-11-04,1,0.72197341918945312,19128.3515625
11,2025-11-04,2,0.013956367969512939,19128.3515625
11,2025-11-04,3,0.020702064037322998,19128.3515625
11,2025-11-04,4,0.06689906120300293,19128.3515625
11,2025-11-04,5,202.43475341796875,19128.3515625
11,2025-11-04,6,843.0576171875,19128.3515625
11,2025-11-04,7,851.9654541015625,19128.3515625
11,2025-11-04,8,1066.0413818359375,19128.3515625
11,2025-11-04,9,915.80780029296875,19128.3515625
11,2025-11-04,10,798.14947509765625,19128.3515625
11,2025-11-04,11,1063.3265380859375,19128.3515625
11,2025-11-04,12,1272.26171875,19128.3515625
11,2025-11-04,13,1223.5230712890625,19128.3515625
11,2025-11-04,14,1501.1297607421875,19128.3515625
11,2025-11-04,15,1083.550537109375,19128.3515625
11,2025-11-04,16,1171.561767578125,19128.3515625
11,2025-11-04,17,1197.943359375,19128.3515625
11,2025-11-04,18,1103.04052734375,19128.3515625
11,2025-11-04,19,1376.3236083984375,19128.3515625
11,2025-11-04,20,1050.433837890625,19128.3515625
11,2025-11-04,21,699.1456298828125,19128.3515625
11,2025-11-04,22,343.4495849609375,19128.3515625
11,2025-11-04,23,222.14068603515625,19128.3515625
11,2025-11-05,0,61.194416046142578,33552.98046875
11,2025-11-05,1,0.28126192092895508,33552.98046875
11,2025-11-05,2,0.013127177953720093,33552.98046875
11,2025-11-05,3,0.015577793121337891,33552.98046875
11,2025-11-05,4,0.024660110473632812,33552.98046875
11,2025-11-05,5,247.2841796875,33552.98046875
11,2025-11-05,6,1254.00048828125,33552.98046875
11,2025-11-05,7,2343.277099609375,33552.98046875
11,2025-11-05,8,3135.059326171875,33552.98046875
11,2025-11-05,9,2323.183837890625,33552.98046875
11,2025-11-05,10,1897.498046875,33552.98046875
11,2025-11-05,11,1817.4970703125,33552.98046875
11,2025-11-05,12,1879.6517333984375,33552.98046875
11,2025-11-05,13,1939.9931640625,33552.98046875
11,2025-11-05,14,1941.4873046875,33552.98046875
11,2025-11-05,15,1818.546875,33552.98046875
11,2025-11-05,16,2094.36474609375,33552.98046875
11,2025-11-05,17,2645.26708984375,33552.98046875
11,2025-11-05,18,2905.86865234375,33552.98046875
11,2025-11-05,19,2258.330078125,33552.98046875
11,2025-11-05,20,1356.21875,33552.98046875
11,2025-11-05,21,791.20526123046875,33552.98046875
11,2025-11-05,22,355.18841552734375,33552.98046875
11,2025-11-05,23,229.48228454589844,33552.98046875
11,2025-11-06,0,63.158561706542969,33878.5625
11,2025-11-06,1,0.31195974349975586,33878.5625
11,2025-11-06,2,0.010159194469451904,33878.5625
11,2025-11-06,3,0.01573491096496582,33878.5625
11,2025-11-06,4,0.029712200164794922,33878.5625
11,2025-11-06,5,244.29640197753906,33878.5625
11,2025-11-06,6,1268.9248046875,33878.5625
11,2025-11-06,7,2320.9130859375,33878.5625
11,2025-11-06,8,3073.916015625,33878.5625
11,2025-11-06,9,2317.737060546875,33878.5625
11,2025-11-06,10,1903.28369140625,33878.5625
11,2025-11-06,11,1797.460205078125,33878.5625
11,2025-11-06,12,1890.675048828125,33878.5625
11,2025-11-06,13,1947.187744140625,33878.5625
11,2025-11-06,14,1965.289306640625,33878.5625
11,2025-11-06,15,1850.371826171875,33878.5625
11,2025-11-06,16,2147.03564453125,33878.5625
11,2025-11-06,17,2631.3017578125,33878.5625
11,2025-11-06,18,2853.97509765625,33878.5625
11,2025-11-06,19,2235.6494140625,33878.5625
11,2025-11-06,20,1354.5133056640625,33878.5625
11,2025-11-06,21,806.6094970703125,33878.5625
11,2025-11-06,22,372.43319702148438,33878.5625
11,2025-11-06,23,247.71318054199219,33878.5625
11,2025-11-07,0,70.383445739746094,33483.2421875
11,2025-11-07,1,0.40706729888916016,33483.2421875
11,2025-11-07,2,0.0090132057666778564,33483.2421875
11,2025-11-07,3,0.0070527791976928711,33483.2421875
11,2025-11-07,4,0.019665718078613281,33483.2421875
11,2025-11-07,5,242.06465148925781,33483.2421875
11,2025-11-07,6,1258.29443359375,33483.2421875
11,2025-11-07,7,2282.615234375,33483.2421875
11,2025-11-07,8,3068.017578125,33483.2421875
11,2025-11-07,9,2266.345703125,33483.2421875
11,2025-11-07,10,1869.751953125,33483.2421875
11,2025-11-07,11,1787.3316650390625,33483.2421875
11,2025-11-07,12,1892.2236328125,33483.2421875
11,2025-11-07,13,1925.1724853515625,33483.2421875
11,2025-11-07,14,1975.5780029296875,33483.2421875
11,2025-11-07,15,1900.383056640625,33483.2421875
11,2025-11-07,16,2217.711669921875,33483.2421875
11,2025-11-07,17,2651.361083984375,33483.2421875
11,2025-11-07,18,2529.045166015625,33483.2421875
11,2025-11-07,19,2094.41259765625,33483.2421875
11,2025-11-07,20,1313.5250244140625,33483.2421875
11,2025-11-07,21,802.27484130859375,33483.2421875
11,2025-11-07,22,377.18875122070312,33483.2421875
11,2025-11-07,23,288.93258666992188,33483.2421875
11,2025-11-08,0,100.88522338867188,22603.232421875
11,2025-11-08,1,1.0488882064819336,22603.232421875
11,2025-11-08,2,0.0075316131114959717,22603.232421875
11,2025-11-08,3,0.013704508543014526,22603.232421875
11,2025-11-08,4,0.023427486419677734,22603.232421875
11,2025-11-08,5,182.63070678710938,22603.232421875
11,2025-11-08,6,808.8809814453125,22603.232421875
11,2025-11-08,7,781.644775390625,22603.232421875
11,2025-11-08,8,1115.90234375,22603.232421875
11,2025-11-08,9,1209.58154296875,22603.232421875
11,2025-11-08,10,1304.023193359375,22603.232421875
11,2025-11-08,11,1645.100341796875,22603.232421875
11,2025-11-08,12,1841.4022216796875,22603.232421875
11,2025-11-08,13,1768.23046875,22603.232421875
11,2025-11-08,14,1829.7679443359375,22603.232421875
11,2025-11-08,15,1663.57080078125,22603.232421875
11,2025-11-08,16,1724.1619873046875,22603.232421875
11,2025-11-08,17,1827.493896484375,22603.232421875
11,2025-11-08,18,1524.868896484375,22603.232421875
11,2025-11-08,19,1483.665283203125,22603.232421875
11,2025-11-08,20,950.033203125,22603.232421875
11,2025-11-08,21,690.6734619140625,22603.232421875
11,2025-11-08,22,354.75244140625,22603.232421875
11,2025-11-08,23,292.39517211914062,22603.232421875
11,2025-11-09,0,109.72267150878906,19124.400390625
11,2025-11-09,1,18.443464279174805,19124.400390625
11,2025-11-09,2,0.0093150734901428223,19124.400390625
11,2025-11-09,3,0.014633417129516602,19124.400390625
11,2025-11-09,4,0.029081106185913086,19124.400390625
11,2025-11-09,5,93.309860229492188,19124.400390625
11,2025-11-09,6,505.84661865234375,19124.400390625
11,2025-11-09,7,570.8695068359375,19124.400390625
11,2025-11-09,8,753.2916259765625,19124.400390625
11,2025-11-09,9,951.580078125,19124.400390625
11,2025-11-09,10,1037.919189453125,19124.400390625
11,2025-11-09,11,1466.7559814453125,19124.400390625
11,2025-11-09,12,1680.0247802734375,19124.400390625
11,2025-11-09,13,1561.6884765625,19124.400390625
11,2025-11-09,14,1654.617919921875,19124.400390625
11,2025-11-09,15,1530.3134765625,19124.400390625
11,2025-11-09,16,1497.1009521484375,19124.400390625
11,2025-11-09,17,1641.413330078125,19124.400390625
11,2025-11-09,18,1302.6905517578125,19124.400390625
11,2025-11-09,19,1148.073974609375,19124.400390625
11,2025-11-09,20,784.96337890625,19124.400390625
11,2025-11-09,21,598.4327392578125,19124.400390625
11,2025-11-09,22,320.73443603515625,19124.400390625
11,2025-11-09,23,237.00151062011719,19124.400390625
11,2025-11-10,0,73.1591796875,33238.734375
11,2025-11-10,1,10.796064376831055,33238.734375
11,2025-11-10,2,0.0104217529296875,33238.734375
11,2025-11-10,3,0.015234619379043579,33238.734375
11,2025-11-10,4,0.8990478515625,33238.734375
11,2025-11-10,5,247.73149108886719,33238.734375
11,2025-11-10,6,1265.31005859375,33238.734375
11,2025-11-10,7,2311.95361328125,33238.734375
11,2025-11-10,8,3086.414794921875,33238.734375
11,2025-11-10,9,2266.68408203125,33238.734375
11,2025-11-10,10,1781.283447265625,33238.734375
11,2025-11-10,11,1769.2459716796875,33238.734375
11,2025-11-10,12,1799.442138671875,33238.734375
11,2025-11-10,13,1871.5628662109375,33238.734375
11,2025-11-10,14,1868.5120849609375,33238.734375
11,2025-11-10,15,1820.3804931640625,33238.734375
11,2025-11-10,16,2130.482421875,33238.734375
11,2025-11-10,17,2637.00830078125,33238.734375
11,2025-11-10,18,2890.587158203125,33238.734375
11,2025-11-10,19,2224.182373046875,33238.734375
11,2025-11-10,20,1313.762451171875,33238.734375
11,2025-11-10,21,742.63409423828125,33238.734375
11,2025-11-10,22,336.70733642578125,33238.734375
11,2025-11-10,23,210.27311706542969,33238.734375
11,2025-11-11,0,60.191993713378906,33486.06640625
11,2025-11-11,1,0.52225542068481445,33486.06640625
11,2025-11-11,2,0.0096870064735412598,33486.06640625
11,2025-11-11,3,0.01744350790977478,33486.06640625
11,2025-11-11,4,0.03760838508605957,33486.06640625
11,2025-11-11,5,244.72569274902344,33486.06640625
11,2025-11-11,6,1260.508544921875,33486.06640625
11,2025-11-11,7,2336.42822265625,33486.06640625
11,2025-11-11,8,3118.5595703125,33486.06640625
11,2025-11-11,9,2308.480224609375,33486.06640625
11,2025-11-11,10,1844.529296875,33486.06640625
11,2025-11-11,11,1777.048583984375,33486.06640625
11,2025-11-11,12,1835.809326171875,33486.06640625
11,2025-11-11,13,1916.7403564453125,33486.06640625
11,2025-11-11,14,1935.9442138671875,33486.06640625
11,2025-11-11,15,1816.8865966796875,33486.06640625
11,2025-11-11,16,2107.487548828125,33486.06640625
11,2025-11-11,17,2658.374267578125,33486.06640625
11,2025-11-11,18,2884.907470703125,33486.06640625
11,2025-11-11,19,2232.188232421875,33486.06640625
11,2025-11-11,20,1344.411376953125,33486.06640625
11,2025-11-11,21,757.32452392578125,33486.06640625
11,2025-11-11,22,344.76962280273438,33486.06640625
11,2025-11-11,23,215.56362915039062,33486.06640625
11,2025-11-12,0,61.763999938964844,33384.765625
11,2025-11-12,1,0.33766651153564453,33384.765625
11,2025-11-12,2,0.011246711015701294,33384.765625
11,2025-11-12,3,0.013762861490249634,33384.765625
11,2025-11-12,4,0.016518115997314453,33384.765625
11,2025-11-12,5,248.1575927734375,33384.765625
11,2025-11-12,6,1230.2593994140625,33384.765625
11,2025-11-12,7,2317.982421875,33384.765625
11,2025-11-12,8,3104.031982421875,33384.765625
11,2025-11-12,9,2284.745849609375,33384.765625
11,2025-11-12,10,1863.8653564453125,33384.765625
11,2025-11-12,11,1809.9376220703125,33384.765625
11,2025-11-12,12,1878.2733154296875,33384.765625
11,2025-11-12,13,1955.03759765625,33384.765625
11,2025-11-12,14,1967.256591796875,33384.765625
11,2025-11-12,15,1809.427978515625,33384.765625
11,2025-11-12,16,2086.897705078125,33384.765625
11,2025-11-12,17,2639.044189453125,33384.765625
11,2025-11-12,18,2857.46435546875,33384.765625
11,2025-11-12,19,2221.634765625,33384.765625
11,2025-11-12,20,1346.6639404296875,33384.765625
11,2025-11-12,21,772.189697265625,33384.765625
11,2025-11-12,22,353.55657958984375,33384.765625
11,2025-11-12,23,227.99827575683594,33384.765625
11,2025-11-13,0,64.1357421875,33840.2734375
11,2025-11-13,1,0.22914981842041016,33840.2734375
11,2025-11-13,2,0.0080523788928985596,33840.2734375
11,2025-11-13,3,0.011449545621871948,33840.2734375
11,2025-11-13,4,0.037106037139892578,33840.2734375
11,2025-11-13,5,245.89578247070312,33840.2734375
11,2025-11-13,6,1246.1983642578125,33840.2734375
11,2025-11-13,7,2283.987548828125,33840.2734375
11,2025-11-13,8,3021.75537109375,33840.2734375
11,2025-11-13,9,2286.973876953125,33840.2734375
11,2025-11-13,10,1904.6741943359375,33840.2734375
11,2025-11-13,11,1797.67724609375,33840.2734375
11,2025-11-13,12,1895.2574462890625,33840.2734375
11,2025-11-13,13,1953.995361328125,33840.2734375
11,2025-11-13,14,1985.6641845703125,33840.2734375
11,2025-11-13,15,1848.2523193359375,33840.2734375
11,2025-11-13,16,2142.78466796875,33840.2734375
11,2025-11-13,17,2626.16748046875,33840.2734375
11,2025-11-13,18,2802.957763671875,33840.2734375
11,2025-11-13,19,2199.738037109375,33840.2734375
11,2025-11-13,20,1337.0736083984375,33840.2734375
11,2025-11-13,21,783.1929931640625,33840.2734375
11,2025-11-13,22,366.74838256835938,33840.2734375
11,2025-11-13,23,244.0938720703125,33840.2734375
11,2025-11-14,0,70.434501647949219,33931.99609375
11,2025-11-14,1,0.59159088134765625,33931.99609375
11,2025-11-14,2,0.007373124361038208,33931.99609375
11,2025-11-14,3,0.0097244977951049805,33931.99609375
11,2025-11-14,4,0.012417316436767578,33931.99609375
11,2025-11-14,5,244.07025146484375,33931.99609375
11,2025-11-14,6,1249.57373046875,33931.99609375
11,2025-11-14,7,2290.7421875,33931.99609375
11,2025-11-14,8,3063.756591796875,33931.99609375
11,2025-11-14,9,2272.9052734375,33931.99609375
11,2025-11-14,10,1897.54541015625,33931.99609375
11,2025-11-14,11,1795.8994140625,33931.99609375
11,2025-11-14,12,1908.6402587890625,33931.99609375
11,2025-11-14,13,1941.126708984375,33931.99609375
11,2025-11-14,14,2014.4969482421875,33931.99609375
11,2025-11-14,15,1934.1856689453125,33931.99609375
11,2025-11-14,16,2239.017578125,33931.99609375
11,2025-11-14,17,2675.539794921875,33931.99609375
11,2025-11-14,18,2521.78076171875,33931.99609375
11,2025-11-14,19,2062.816162109375,33931.99609375
11,2025-11-14,20,1301.3143310546875,33931.99609375
11,2025-11-14,21,786.11114501953125,33931.99609375
11,2025-11-14,22,370.296142578125,33931.99609375
11,2025-11-14,23,289.81158447265625,33931.99609375
11,2025-11-15,0,100.08522033691406,23522
11,2025-11-15,1,1.2084798812866211,23522
11,2025-11-15,2,0.0090956687927246094,23522
11,2025-11-15,3,0.014811664819717407,23522
11,2025-11-15,4,0.012623071670532227,23522
11,2025-11-15,5,187.39796447753906,23522
11,2025-11-15,6,792.2919921875,23522
11,2025-11-15,7,833.97271728515625,23522
11,2025-11-15,8,1178.3199462890625,23522
11,2025-11-15,9,1275.9000244140625,23522
11,2025-11-15,10,1404.9158935546875,23522
11,2025-11-15,11,1656.7822265625,23522
11,2025-11-15,12,1866.2774658203125,23522
11,2025-11-15,13,1800.304931640625,23522
11,2025-11-15,14,1858.88427734375,23522
11,2025-11-15,15,1695.1160888671875,23522
11,2025-11-15,16,1725.1109619140625,23522
11,2025-11-15,17,1849.9462890625,23522
11,2025-11-15,18,1596.1124267578125,23522
11,2025-11-15,19,1515.375244140625,23522
11,2025-11-15,20,941.67681884765625,23522
11,2025-11-15,21,667.565185546875,23522
11,2025-11-15,22,348.65869140625,23522
11,2025-11-15,23,291.69259643554688,23522
11,2025-11-16,0,108.76863861083984,20101.86328125
11,2025-11-16,1,18.642814636230469,20101.86328125
11,2025-11-16,2,0.0046141743659973145,20101.86328125
11,2025-11-16,3,0.012811988592147827,20101.86328125
11,2025-11-16,4,0.038329839706420898,20101.86328125
11,2025-11-16,5,103.30960083007812,20101.86328125
11,2025-11-16,6,521.73846435546875,20101.86328125
11,2025-11-16,7,570.6544189453125,20101.86328125
11,2025-11-16,8,792.4908447265625,20101.86328125
11,2025-11-16,9,979.223876953125,20101.86328125
11,2025-11-16,10,1116.187744140625,20101.86328125
11,2025-11-16,11,1470.4747314453125,20101.86328125
11,2025-11-16,12,1700.04150390625,20101.86328125
11,2025-11-16,13,1579.83740234375,20101.86328125
11,2025-11-16,14,1687.531005859375,20101.86328125
11,2025-11-16,15,1578.6217041015625,20101.86328125
11,2025-11-16,16,1524.1341552734375,20101.86328125
11,2025-11-16,17,1649.269775390625,20101.86328125
11,2025-11-16,18,1343.67822265625,20101.86328125
11,2025-11-16,19,1166.451904296875,20101.86328125
11,2025-11-16,20,785.49127197265625,20101.86328125
11,2025-11-16,21,569.46319580078125,20101.86328125
11,2025-11-16,22,311.55654907226562,20101.86328125
11,2025-11-16,23,232.54470825195312,20101.86328125
11,2025-11-17,0,69.931686401367188,33266.28515625
11,2025-11-17,1,9.8752040863037109,33266.28515625
11,2025-11-17,2,0.010838806629180908,33266.28515625
11,2025-11-17,3,0.010664433240890503,33266.28515625
11,2025-11-17,4,0.37171089649200439,33266.28515625
11,2025-11-17,5,249.0570068359375,33266.28515625
11,2025-11-17,6,1263.0574951171875,33266.28515625
11,2025-11-17,7,2378.07763671875,33266.28515625
11,2025-11-17,8,3199.804443359375,33266.28515625
11,2025-11-17,9,2334.345458984375,33266.28515625
11,2025-11-17,10,1860.0325927734375,33266.28515625
11,2025-11-17,11,1779.4439697265625,33266.28515625
11,2025-11-17,12,1776.4935302734375,33266.28515625
11,2025-11-17,13,1887.00244140625,33266.28515625
11,2025-11-17,14,1904.843994140625,33266.28515625
11,2025-11-17,15,1870.833251953125,33266.28515625
11,2025-11-17,16,2131.474365234375,33266.28515625
11,2025-11-17,17,2709.26513671875,33266.28515625
11,2025-11-17,18,2938.958740234375,33266.28515625
11,2025-11-17,19,2247.718505859375,33266.28515625
11,2025-11-17,20,1307.1240234375,33266.28515625
11,2025-11-17,21,721.8995361328125,33266.28515625
11,2025-11-17,22,322.94305419921875,33266.28515625
11,2025-11-17,23,200.79421997070312,33266.28515625
11,2025-11-18,0,57.849117279052734,33736.77734375
11,2025-11-18,1,0.011638164520263672,33736.77734375
11,2025-11-18,2,0.0086671710014343262,33736.77734375
11,2025-11-18,3,0.0059365034103393555,33736.77734375
11,2025-11-18,4,0.049188375473022461,33736.77734375
11,2025-11-18,5,248.13124084472656,33736.77734375
11,2025-11-18,6,1262.947998046875,33736.77734375
11,2025-11-18,7,2408.003662109375,33736.77734375
11,2025-11-18,8,3218.732177734375,33736.77734375
11,2025-11-18,9,2360.46044921875,33736.77734375
11,2025-11-18,10,1894.7698974609375,33736.77734375
11,2025-11-18,11,1792.3385009765625,33736.77734375
11,2025-11-18,12,1839.5399169921875,33736.77734375
11,2025-11-18,13,1941.9796142578125,33736.77734375
11,2025-11-18,14,1986.023681640625,33736.77734375
11,2025-11-18,15,1864.7940673828125,33736.77734375
11,2025-11-18,16,2120.889892578125,33736.77734375
11,2025-11-18,17,2736.59228515625,33736.77734375
11,2025-11-18,18,2940.86572265625,33736.77734375
11,2025-11-18,19,2254.23681640625,33736.77734375
11,2025-11-18,20,1333.4395751953125,33736.77734375
11,2025-11-18,21,745.836669921875,33736.77734375
11,2025-11-18,22,334.062744140625,33736.77734375
11,2025-11-18,23,207.37599182128906,33736.77734375
11,2025-11-19,0,60.754608154296875,33769.30078125
11,2025-11-19,1,-0.007007598876953125,33769.30078125
11,2025-11-19,2,0.0066798627376556396,33769.30078125
11,2025-11-19,3,0.01200413703918457,33769.30078125
11,2025-11-19,4,0.012234210968017578,33769.30078125
11,2025-11-19,5,249.98393249511719,33769.30078125
11,2025-11-19,6,1228.72900390625,33769.30078125
11,2025-11-19,7,2369.01416015625,33769.30078125
11,2025-11-19,8,3171.21826171875,33769.30078125
11,2025-11-19,9,2323.22509765625,33769.30078125
11,2025-11-19,10,1896.4580078125,33769.30078125
11,2025-11-19,11,1834.43115234375,33769.30078125
11,2025-11-19,12,1917.5166015625,33769.30078125
11,2025-11-19,13,1984.50244140625,33769.30078125
11,2025-11-19,14,1990.7503662109375,33769.30078125
11,2025-11-19,15,1856.5621337890625,33769.30078125
11,2025-11-19,16,2082.46728515625,33769.30078125
11,2025-11-19,17,2712.712158203125,33769.30078125
11,2025-11-19,18,2930.841552734375,33769.30078125
11,2025-11-19,19,2228.9248046875,33769.30078125
11,2025-11-19,20,1326.948974609375,33769.30078125
11,2025-11-19,21,761.45916748046875,33769.30078125
11,2025-11-19,22,344.10406494140625,33769.30078125
11,2025-11-19,23,220.77995300292969,33769.30078125
11,2025-11-20,0,63.527984619140625,33919.1171875
11,2025-11-20,1,0.083263397216796875,33919.1171875
11,2025-11-20,2,0.0065327584743499756,33919.1171875
11,2025-11-20,3,0.012715429067611694,33919.1171875
11,2025-11-20,4,0.0044536590576171875,33919.1171875
11,2025-11-20,5,249.33702087402344,33919.1171875
11,2025-11-20,6,1253.427978515625,33919.1171875
11,2025-11-20,7,2358.332763671875,33919.1171875
11,2025-11-20,8,3113.4736328125,33919.1171875
11,2025-11-20,9,2335.0390625,33919.1171875
11,2025-11-20,10,1933.9927978515625,33919.1171875
11,2025-11-20,11,1807.93408203125,33919.1171875
11,2025-11-20,12,1920.18408203125,33919.1171875
11,2025-11-20,13,1982.2916259765625,33919.1171875
11,2025-11-20,14,2003.021728515625,33919.1171875
11,2025-11-20,15,1861.689453125,33919.1171875
11,2025-11-20,16,2137.199951171875,33919.1171875
11,2025-11-20,17,2712.797119140625,33919.1171875
11,2025-11-20,18,2894.052734375,33919.1171875
11,2025-11-20,19,2204.56103515625,33919.1171875
11,2025-11-20,20,1312.1300048828125,33919.1171875
11,2025-11-20,21,772.131591796875,33919.1171875
11,2025-11-20,22,360.2904052734375,33919.1171875
11,2025-11-20,23,245.7689208984375,33919.1171875
11,2025-11-21,0,71.500236511230469,33368.421875
11,2025-11-21,1,0.27268505096435547,33368.421875
11,2025-11-21,2,0.010884851217269897,33368.421875
11,2025-11-21,3,0.011126130819320679,33368.421875
11,2025-11-21,4,-0.0052311420440673828,33368.421875
11,2025-11-21,5,243.66624450683594,33368.421875
11,2025-11-21,6,1227.50927734375,33368.421875
11,2025-11-21,7,2311.380615234375,33368.421875
11,2025-11-21,8,3090.11572265625,33368.421875
11,2025-11-21,9,2266.83447265625,33368.421875
11,2025-11-21,10,1857.7294921875,33368.421875
11,2025-11-21,11,1780.686767578125,33368.421875
11,2025-11-21,12,1902.981201171875,33368.421875
11,2025-11-21,13,1926.44580078125,33368.421875
11,2025-11-21,14,2006.1591796875,33368.421875
11,2025-11-21,15,1924.7342529296875,33368.421875
11,2025-11-21,16,2221.4013671875,33368.421875
11,2025-11-21,17,2710.204345703125,33368.421875
11,2025-11-21,18,2479.044677734375,33368.421875
11,2025-11-21,19,2036.8619384765625,33368.421875
11,2025-11-21,20,1271.1539306640625,33368.421875
11,2025-11-21,21,766.939208984375,33368.421875
11,2025-11-21,22,361.8013916015625,33368.421875
11,2025-11-21,23,288.0899658203125,33368.421875
11,2025-11-22,0,100.89125061035156,23401.060546875
11,2025-11-22,1,0.62966537475585938,23401.060546875
11,2025-11-22,2,0.010588169097900391,23401.060546875
11,2025-11-22,3,0.013337105512619019,23401.060546875
11,2025-11-22,4,0.023830652236938477,23401.060546875
11,2025-11-22,5,175.53245544433594,23401.060546875
11,2025-11-22,6,758.2152099609375,23401.060546875
11,2025-11-22,7,732.149169921875,23401.060546875
11,2025-11-22,8,1031.685791015625,23401.060546875
11,2025-11-22,9,1141.3756103515625,23401.060546875
11,2025-11-22,10,1302.5218505859375,23401.060546875
11,2025-11-22,11,1590.9844970703125,23401.060546875
11,2025-11-22,12,1846.254150390625,23401.060546875
11,2025-11-22,13,1726.52197265625,23401.060546875
11,2025-11-22,14,1802.16650390625,23401.060546875
11,2025-11-22,15,1638.946533203125,23401.060546875
11,2025-11-22,16,1669.93017578125,23401.060546875
11,2025-11-22,17,1785.013916015625,23401.060546875
11,2025-11-22,18,1490.760986328125,23401.060546875
11,2025-11-22,19,1441.0428466796875,23401.060546875
11,2025-11-22,20,922.98065185546875,23401.060546875
11,2025-11-22,21,656.9327392578125,23401.060546875
11,2025-11-22,22,341.69558715820312,23401.060546875
11,2025-11-22,23,294.02780151367188,23401.060546875
11,2025-11-23,0,108.53383636474609,20358.65234375
11,2025-11-23,1,18.863615036010742,20358.65234375
11,2025-11-23,2,0.008859097957611084,20358.65234375
11,2025-11-23,3,0.0075739622116088867,20358.65234375
11,2025-11-23,4,0.059998035430908203,20358.65234375
11,2025-11-23,5,97.091522216796875,20358.65234375
11,2025-11-23,6,483.91925048828125,20358.65234375
11,2025-11-23,7,560.8763427734375,20358.65234375
11,2025-11-23,8,790.360595703125,20358.65234375
11,2025-11-23,9,973.19482421875,20358.65234375
11,2025-11-23,10,1084.001953125,20358.65234375
11,2025-11-23,11,1441.2510986328125,20358.65234375
11,2025-11-23,12,1644.49462890625,20358.65234375
11,2025-11-23,13,1540.21337890625,20358.65234375
11,2025-11-23,14,1661.513671875,20358.65234375
11,2025-11-23,15,1555.43310546875,20358.65234375
11,2025-11-23,16,1517.5933837890625,20358.65234375
11,2025-11-23,17,1675.0601806640625,20358.65234375
11,2025-11-23,18,1334.161865234375,20358.65234375
11,2025-11-23,19,1165.4410400390625,20358.65234375
11,2025-11-23,20,796.59710693359375,20358.65234375
11,2025-11-23,21,572.8057861328125,20358.65234375
11,2025-11-23,22,305.9774169921875,20358.65234375
11,2025-11-23,23,231.40264892578125,20358.65234375
11,2025-11-24,0,71.404953002929688,33186.578125
11,2025-11-24,1,10.10919189453125,33186.578125
11,2025-11-24,2,0.0096922814846038818,33186.578125
11,2025-11-24,3,0.011960446834564209,33186.578125
11,2025-11-24,4,0.71410477161407471,33186.578125
11,2025-11-24,5,249.01274108886719,33186.578125
11,2025-11-24,6,1249.2506103515625,33186.578125
11,2025-11-24,7,2322.197998046875,33186.578125
11,2025-11-24,8,3141.3623046875,33186.578125
11,2025-11-24,9,2292.84423828125,33186.578125
11,2025-11-24,10,1823.02734375,33186.578125
11,2025-11-24,11,1757.51806640625,33186.578125
11,2025-11-24,12,1755.4488525390625,33186.578125
11,2025-11-24,13,1863.123046875,33186.578125
11,2025-11-24,14,1887.3148193359375,33186.578125
11,2025-11-24,15,1841.737548828125,33186.578125
11,2025-11-24,16,2119.174560546875,33186.578125
11,2025-11-24,17,2680.444091796875,33186.578125
11,2025-11-24,18,2905.53076171875,33186.578125
11,2025-11-24,19,2227.8876953125,33186.578125
11,2025-11-24,20,1292.8896484375,33186.578125
11,2025-11-24,21,717.7264404296875,33186.578125
11,2025-11-24,22,318.56005859375,33186.578125
11,2025-11-24,23,198.18460083007812,33186.578125
11,2025-11-25,0,58.007572174072266,33729.3203125
11,2025-11-25,1,0.20695209503173828,33729.3203125
11,2025-11-25,2,0.010623067617416382,33729.3203125
11,2025-11-25,3,0.012340515851974487,33729.3203125
11,2025-11-25,4,0.017929553985595703,33729.3203125
11,2025-11-25,5,246.73526000976562,33729.3203125
11,2025-11-25,6,1256.640380859375,33729.3203125
11,2025-11-25,7,2375.266845703125,33729.3203125
11,2025-11-25,8,3189.568359375,33729.3203125
11,2025-11-25,9,2339.3310546875,33729.3203125
11,2025-11-25,10,1886.441162109375,33729.3203125
11,2025-11-25,11,1785.3629150390625,33729.3203125
11,2025-11-25,12,1834.9779052734375,33729.3203125
11,2025-11-25,13,1928.9945068359375,33729.3203125
11,2025-11-25,14,1977.28271484375,33729.3203125
11,2025-11-25,15,1852.62060546875,33729.3203125
11,2025-11-25,16,2111.426025390625,33729.3203125
11,2025-11-25,17,2709.72998046875,33729.3203125
11,2025-11-25,18,2914.2685546875,33729.3203125
11,2025-11-25,19,2239.269775390625,33729.3203125
11,2025-11-25,20,1335.6939697265625,33729.3203125
11,2025-11-25,21,740.48150634765625,33729.3203125
11,2025-11-25,22,329.63751220703125,33729.3203125
11,2025-11-25,23,209.16604614257812,33729.3203125
11,2025-11-26,0,60.065116882324219,33745.83203125
11,2025-11-26,1,0.098968029022216797,33745.83203125
11,2025-11-26,2,0.010852396488189697,33745.83203125
11,2025-11-26,3,0.011309981346130371,33745.83203125
11,2025-11-26,4,0.01442408561706543,33745.83203125
11,2025-11-26,5,248.322998046875,33745.83203125
11,2025-11-26,6,1219.9896240234375,33745.83203125
11,2025-11-26,7,2361.078125,33745.83203125
11,2025-11-26,8,3164.49609375,33745.83203125
11,2025-11-26,9,2316.6484375,33745.83203125
11,2025-11-26,10,1892.28369140625,33745.83203125
11,2025-11-26,11,1828.51513671875,33745.83203125
11,2025-11-26,12,1908.1641845703125,33745.83203125
11,2025-11-26,13,1981.953369140625,33745.83203125
11,2025-11-26,14,1991.2930908203125,33745.83203125
11,2025-11-26,15,1843.9761962890625,33745.83203125
11,2025-11-26,16,2081.9150390625,33745.83203125
11,2025-11-26,17,2701.3369140625,33745.83203125
11,2025-11-26,18,2909.95166015625,33745.83203125
11,2025-11-26,19,2233.359375,33745.83203125
11,2025-11-26,20,1338.4747314453125,33745.83203125
11,2025-11-26,21,751.22088623046875,33745.83203125
11,2025-11-26,22,341.20529174804688,33745.83203125
11,2025-11-26,23,220.80419921875,33745.83203125
11,2025-11-27,0,62.989723205566406,33934.8359375
11,2025-11-27,1,0.098618030548095703,33934.8359375
11,2025-11-27,2,0.0106067955493927,33934.8359375
11,2025-11-27,3,0.01415446400642395,33934.8359375
11,2025-11-27,4,0.012739419937133789,33934.8359375
11,2025-11-27,5,248.7774658203125,33934.8359375
11,2025-11-27,6,1252.268310546875,33934.8359375
11,2025-11-27,7,2354.906982421875,33934.8359375
11,2025-11-27,8,3128.023193359375,33934.8359375
11,2025-11-27,9,2345.222900390625,33934.8359375
11,2025-11-27,10,1941.5841064453125,33934.8359375
11,2025-11-27,11,1800.8377685546875,33934.8359375
11,2025-11-27,12,1916.6492919921875,33934.8359375
11,2025-11-27,13,1985.8807373046875,33934.8359375
11,2025-11-27,14,2005.2674560546875,33934.8359375
11,2025-11-27,15,1863.3511962890625,33934.8359375
11,2025-11-27,16,2136.992919921875,33934.8359375
11,2025-11-27,17,2707.71875,33934.8359375
11,2025-11-27,18,2895.33544921875,33934.8359375
11,2025-11-27,19,2218.48291015625,33934.8359375
11,2025-11-27,20,1330.56689453125,33934.8359375
11,2025-11-27,21,760.96478271484375,33934.8359375
11,2025-11-27,22,355.90615844726562,33934.8359375
11,2025-11-27,23,245.11593627929688,33934.8359375
11,2025-11-28,0,71.301254272460938,33607.64453125
11,2025-11-28,1,0.36768674850463867,33607.64453125
11,2025-11-28,2,0.011251956224441528,33607.64453125
11,2025-11-28,3,0.012293785810470581,33607.64453125
11,2025-11-28,4,0.017323732376098633,33607.64453125
11,2025-11-28,5,243.12657165527344,33607.64453125
11,2025-11-28,6,1231.4002685546875,33607.64453125
11,2025-11-28,7,2297.7421875,33607.64453125
11,2025-11-28,8,3072.750732421875,33607.64453125
11,2025-11-28,9,2273.8583984375,33607.64453125
11,2025-11-28,10,1862.002197265625,33607.64453125
11,2025-11-28,11,1778.9144287109375,33607.64453125
11,2025-11-28,12,1905.0743408203125,33607.64453125
11,2025-11-28,13,1936.652587890625,33607.64453125
11,2025-11-28,14,2009.380615234375,33607.64453125
11,2025-11-28,15,1949.4998779296875,33607.64453125
11,2025-11-28,16,2231.70703125,33607.64453125
11,2025-11-28,17,2719.17529296875,33607.64453125
11,2025-11-28,18,2457.31591796875,33607.64453125
11,2025-11-28,19,2047.297607421875,33607.64453125
11,2025-11-28,20,1274.2763671875,33607.64453125
11,2025-11-28,21,754.65704345703125,33607.64453125
11,2025-11-28,22,355.4091796875,33607.64453125
11,2025-11-28,23,290.1697998046875,33607.64453125
11,2025-11-29,0,101.43845367431641,23309.76953125
11,2025-11-29,1,1.133143424987793,23309.76953125
11,2025-11-29,2,0.0082528591156005859,23309.76953125
11,2025-11-29,3,0.010436475276947021,23309.76953125
11,2025-11-29,4,0.03152918815612793,23309.76953125
11,2025-11-29,5,169.94692993164062,23309.76953125
11,2025-11-29,6,742.53912353515625,23309.76953125
11,2025-11-29,7,730.01910400390625,23309.76953125
11,2025-11-29,8,1018.4923095703125,23309.76953125
11,2025-11-29,9,1139.6611328125,23309.76953125
11,2025-11-29,10,1293.1834716796875,23309.76953125
11,2025-11-29,11,1585.986083984375,23309.76953125
11,2025-11-29,12,1850.065185546875,23309.76953125
11,2025-11-29,13,1724.544189453125,23309.76953125
11,2025-11-29,14,1794.6099853515625,23309.76953125
11,2025-11-29,15,1615.3936767578125,23309.76953125
11,2025-11-29,16,1658.8753662109375,23309.76953125
11,2025-11-29,17,1749.51806640625,23309.76953125
11,2025-11-29,18,1449.7462158203125,23309.76953125
11,2025-11-29,19,1434.4310302734375,23309.76953125
11,2025-11-29,20,908.6187744140625,23309.76953125
11,2025-11-29,21,650.16845703125,23309.76953125
11,2025-11-29,22,333.91769409179688,23309.76953125
11,2025-11-29,23,295.63125610351562,23309.76953125
11,2025-11-30,0,108.4686279296875,20439.775390625
11,2025-11-30,1,18.512960433959961,20439.775390625
11,2025-11-30,2,0.0091622471809387207,20439.775390625
11,2025-11-30,3,0.010303765535354614,20439.775390625
11,2025-11-30,4,0.089234113693237305,20439.775390625
11,2025-11-30,5,98.000717163085938,20439.775390625
11,2025-11-30,6,483.73297119140625,20439.775390625
11,2025-11-30,7,577.1986083984375,20439.775390625
11,2025-11-30,8,803.9619140625,20439.775390625
11,2025-11-30,9,991.25634765625,20439.775390625
11,2025-11-30,10,1094.6751708984375,20439.775390625
11,2025-11-30,11,1426.6600341796875,20439.775390625
11,2025-11-30,12,1646.72509765625,20439.775390625
11,2025-11-30,13,1522.26904296875,20439.775390625
11,2025-11-30,14,1660.458740234375,20439.775390625
11,2025-11-30,15,1543.33544921875,20439.775390625
11,2025-11-30,16,1520.246826171875,20439.775390625
11,2025-11-30,17,1674.4141845703125,20439.775390625
11,2025-11-30,18,1323.7186279296875,20439.775390625
11,2025-11-30,19,1160.476806640625,20439.775390625
11,2025-11-30,20,789.875,20439.775390625
11,2025-11-30,21,575.38916015625,20439.775390625
11,2025-11-30,22,299.91494750976562,20439.775390625
11,2025-11-30,23,231.16375732421875,20439.775390625
11,2025-12-01,0,70.626991271972656,33422.98828125
11,2025-12-01,1,10.926431655883789,33422.98828125
11,2025-12-01,2,0.011362731456756592,33422.98828125
11,2025-12-01,3,0.012760132551193237,33422.98828125
11,2025-12-01,4,0.26624894142150879,33422.98828125
11,2025-12-01,5,247.84771728515625,33422.98828125
11,2025-12-01,6,1256.5751953125,33422.98828125
11,2025-12-01,7,2328.475830078125,33422.98828125
11,2025-12-01,8,3149.150390625,33422.98828125
11,2025-12-01,9,2309.116943359375,33422.98828125
11,2025-12-01,10,1827.5972900390625,33422.98828125
11,2025-12-01,11,1758.345458984375,33422.98828125
11,2025-12-01,12,1745.849365234375,33422.98828125
11,2025-12-01,13,1853.75634765625,33422.98828125
11,2025-12-01,14,1870.8662109375,33422.98828125
11,2025-12-01,15,1828.952392578125,33422.98828125
11,2025-12-01,16,2115.73876953125,33422.98828125
11,2025-12-01,17,2680.25048828125,33422.98828125
11,2025-12-01,18,2921.83056640625,33422.98828125
11,2025-12-01,19,2246.4736328125,33422.98828125
11,2025-12-01,20,1287.71435546875,33422.98828125
11,2025-12-01,21,709.60693359375,33422.98828125
11,2025-12-01,22,312.67718505859375,33422.98828125
11,2025-12-01,23,195.75390625,33422.98828125
11,2025-12-02,0,59.006965637207031,33579.421875
11,2025-12-02,1,0.11150741577148438,33579.421875
11,2025-12-02,2,0.0094141364097595215,33579.421875
11,2025-12-02,3,0.012493729591369629,33579.421875
11,2025-12-02,4,0.057977199554443359,33579.421875
11,2025-12-02,5,244.04928588867188,33579.421875
11,2025-12-02,6,1244.2171630859375,33579.421875
11,2025-12-02,7,2364.486328125,33579.421875
11,2025-12-02,8,3190.1123046875,33579.421875
11,2025-12-02,9,2337.738037109375,33579.421875
11,2025-12-02,10,1850.8741455078125,33579.421875
11,2025-12-02,11,1757.799072265625,33579.421875
11,2025-12-02,12,1825.4449462890625,33579.421875
11,2025-12-02,13,1912.0181884765625,33579.421875
11,2025-12-02,14,1941.8876953125,33579.421875
11,2025-12-02,15,1822.4671630859375,33579.421875
11,2025-12-02,16,2082.65283203125,33579.421875
11,2025-12-02,17,2682.668701171875,33579.421875
11,2025-12-02,18,2908.627685546875,33579.421875
11,2025-12-02,19,2218.69921875,33579.421875
11,2025-12-02,20,1310.591552734375,33579.421875
11,2025-12-02,21,727.5731201171875,33579.421875
11,2025-12-02,22,322.29135131835938,33579.421875
11,2025-12-02,23,206.79222106933594,33579.421875
11,2025-12-03,0,62.169647216796875,33709.03125
11,2025-12-03,1,0.12178802490234375,33709.03125
11,2025-12-03,2,0.0090135335922241211,33709.03125
11,2025-12-03,3,0.011196404695510864,33709.03125
11,2025-12-03,4,0.0088770389556884766,33709.03125
11,2025-12-03,5,241.66789245605469,33709.03125
11,2025-12-03,6,1208.002685546875,33709.03125
11,2025-12-03,7,2340.48828125,33709.03125
11,2025-12-03,8,3157.29052734375,33709.03125
11,2025-12-03,9,2310.3203125,33709.03125
11,2025-12-03,10,1845.956298828125,33709.03125
11,2025-12-03,11,1814.8070068359375,33709.03125
11,2025-12-03,12,1901.2935791015625,33709.03125
11,2025-12-03,13,1956.88671875,33709.03125
11,2025-12-03,14,1961.1322021484375,33709.03125
11,2025-12-03,15,1807.7462158203125,33709.03125
11,2025-12-03,16,2034.4569091796875,33709.03125
11,2025-12-03,17,2675.6845703125,33709.03125
11,2025-12-03,18,2892.668701171875,33709.03125
11,2025-12-03,19,2219.060302734375,33709.03125
11,2025-12-03,20,1327.2012939453125,33709.03125
11,2025-12-03,21,740.59259033203125,33709.03125
11,2025-12-03,22,334.74398803710938,33709.03125
11,2025-12-03,23,219.76644897460938,33709.03125
11,2025-12-04,0,64.584487915039062,33920.7265625
11,2025-12-04,1,0.13783025741577148,33920.7265625
11,2025-12-04,2,0.0092123448848724365,33920.7265625
11,2025-12-04,3,0.0084074139595031738,33920.7265625
11,2025-12-04,4,0.017620325088500977,33920.7265625
11,2025-12-04,5,239.63031005859375,33920.7265625
11,2025-12-04,6,1243.04638671875,33920.7265625
11,2025-12-04,7,2333.005615234375,33920.7265625
11,2025-12-04,8,3107.62255859375,33920.7265625
11,2025-12-04,9,2329.39501953125,33920.7265625
11,2025-12-04,10,1932.768310546875,33920.7265625
11,2025-12-04,11,1801.07177734375,33920.7265625
11,2025-12-04,12,1918.648681640625,33920.7265625
11,2025-12-04,13,1972.6993408203125,33920.7265625
11,2025-12-04,14,1988.14208984375,33920.7265625
11,2025-12-04,15,1838.96435546875,33920.7265625
11,2025-12-04,16,2109.274658203125,33920.7265625
11,2025-12-04,17,2691.4384765625,33920.7265625
11,2025-12-04,18,2893.457275390625,33920.7265625
11,2025-12-04,19,2224.16796875,33920.7265625
11,2025-12-04,20,1326.1365966796875,33920.7265625
11,2025-12-04,21,763.08660888671875,33920.7265625
11,2025-12-04,22,350.95654296875,33920.7265625
11,2025-12-04,23,243.40109252929688,33920.7265625
11,2025-12-05,0,70.348114013671875,33630.74609375
11,2025-12-05,1,0.21270036697387695,33630.74609375
11,2025-12-05,2,0.0062490701675415039,33630.74609375
11,2025-12-05,3,0.011192470788955688,33630.74609375
11,2025-12-05,4,0.019650459289550781,33630.74609375
11,2025-12-05,5,237.16423034667969,33630.74609375
11,2025-12-05,6,1223.3953857421875,33630.74609375
11,2025-12-05,7,2279.256103515625,33630.74609375
11,2025-12-05,8,3077.712890625,33630.74609375
11,2025-12-05,9,2268.213134765625,33630.74609375
11,2025-12-05,10,1867.893310546875,33630.74609375
11,2025-12-05,11,1771.7449951171875,33630.74609375
11,2025-12-05,12,1907.356201171875,33630.74609375
11,2025-12-05,13,1916.4427490234375,33630.74609375
11,2025-12-05,14,2000.819091796875,33630.74609375
11,2025-12-05,15,1933.540771484375,33630.74609375
11,2025-12-05,16,2220.184326171875,33630.74609375
11,2025-12-05,17,2701.09228515625,33630.74609375
11,2025-12-05,18,2452.790771484375,33630.74609375
11,2025-12-05,19,2055.27685546875,33630.74609375
11,2025-12-05,20,1287.77392578125,33630.74609375
11,2025-12-05,21,760.8106689453125,33630.74609375
11,2025-12-05,22,352.30422973632812,33630.74609375
11,2025-12-05,23,279.984619140625,33630.74609375
11,2025-12-06,0,99.32684326171875,23283.734375
11,2025-12-06,1,0.89050674438476562,23283.734375
11,2025-12-06,2,0.0095331966876983643,23283.734375
11,2025-12-06,3,0.012563645839691162,23283.734375
11,2025-12-06,4,0.030731678009033203,23283.734375
11,2025-12-06,5,168.67854309082031,23283.734375
11,2025-12-06,6,718.91912841796875,23283.734375
11,2025-12-06,7,720.09100341796875,23283.734375
11,2025-12-06,8,1004.3072509765625,23283.734375
11,2025-12-06,9,1126.2498779296875,23283.734375
11,2025-12-06,10,1256.975341796875,23283.734375
11,2025-12-06,11,1582.86279296875,23283.734375
11,2025-12-06,12,1844.5050048828125,23283.734375
11,2025-12-06,13,1722.8311767578125,23283.734375
11,2025-12-06,14,1785.496826171875,23283.734375
11,2025-12-06,15,1641.57470703125,23283.734375
11,2025-12-06,16,1661.688720703125,23283.734375
11,2025-12-06,17,1768.824462890625,23283.734375
11,2025-12-06,18,1495.1390380859375,23283.734375
11,2025-12-06,19,1451.2191162109375,23283.734375
11,2025-12-06,20,924.2647705078125,23283.734375
11,2025-12-06,21,651.522705078125,23283.734375
11,2025-12-06,22,333.39755249023438,23283.734375
11,2025-12-06,23,293.41854858398438,23283.734375
11,2025-12-07,0,109.4921875,20701.08984375
11,2025-12-07,1,19.50883674621582,20701.08984375
11,2025-12-07,2,0.013335585594177246,20701.08984375
11,2025-12-07,3,0.012868642807006836,20701.08984375
11,2025-12-07,4,0.075124025344848633,20701.08984375
11,2025-12-07,5,91.918624877929688,20701.08984375
11,2025-12-07,6,494.4908447265625,20701.08984375
11,2025-12-07,7,576.0477294921875,20701.08984375
11,2025-12-07,8,751.818359375,20701.08984375
11,2025-12-07,9,977.521728515625,20701.08984375
11,2025-12-07,10,1096.6014404296875,20701.08984375
11,2025-12-07,11,1435.427001953125,20701.08984375
11,2025-12-07,12,1653.95166015625,20701.08984375
11,2025-12-07,13,1549.682861328125,20701.08984375
11,2025-12-07,14,1662.2593994140625,20701.08984375
11,2025-12-07,15,1548.1895751953125,20701.08984375
11,2025-12-07,16,1524.8001708984375,20701.08984375
11,2025-12-07,17,1653.5540771484375,20701.08984375
11,2025-12-07,18,1346.1175537109375,20701.08984375
11,2025-12-07,19,1167.29443359375,20701.08984375
11,2025-12-07,20,791.3172607421875,20701.08984375
11,2025-12-07,21,581.54132080078125,20701.08984375
11,2025-12-07,22,295.6771240234375,20701.08984375
11,2025-12-07,23,236.04502868652344,20701.08984375
11,2025-12-08,0,70.442588806152344,33447.63671875
11,2025-12-08,1,9.5551853179931641,33447.63671875
11,2025-12-08,2,0.011529088020324707,33447.63671875
11,2025-12-08,3,0.014565318822860718,33447.63671875
11,2025-12-08,4,0.1349186897277832,33447.63671875
11,2025-12-08,5,241.62841796875,33447.63671875
11,2025-12-08,6,1243.853515625,33447.63671875
11,2025-12-08,7,2319.664306640625,33447.63671875
11,2025-12-08,8,3140.8876953125,33447.63671875
11,2025-12-08,9,2290.36328125,33447.63671875
11,2025-12-08,10,1803.6307373046875,33447.63671875
11,2025-12-08,11,1745.59375,33447.63671875
11,2025-12-08,12,1760.3294677734375,33447.63671875
11,2025-12-08,13,1855.158935546875,33447.63671875
11,2025-12-08,14,1881.7642822265625,33447.63671875
11,2025-12-08,15,1839.1746826171875,33447.63671875
11,2025-12-08,16,2099.167724609375,33447.63671875
11,2025-12-08,17,2654.0322265625,33447.63671875
11,2025-12-08,18,2903.71826171875,33447.63671875
11,2025-12-08,19,2237.334228515625,33447.63671875
11,2025-12-08,20,1300.1337890625,33447.63671875
11,2025-12-08,21,719.3626708984375,33447.63671875
11,2025-12-08,22,308.05029296875,33447.63671875
11,2025-12-08,23,194.918212890625,33447.63671875
11,2025-12-09,0,58.485557556152344,34044.71875
11,2025-12-09,1,0.031001567840576172,34044.71875
11,2025-12-09,2,0.0099206268787384033,34044.71875
11,2025-12-09,3,0.0063551664352416992,34044.71875
11,2025-12-09,4,0.028886556625366211,34044.71875
11,2025-12-09,5,236.92808532714844,34044.71875
11,2025-12-09,6,1236.53369140625,34044.71875
11,2025-12-09,7,2357.95556640625,34044.71875
11,2025-12-09,8,3187.1533203125,34044.71875
11,2025-12-09,9,2338.09521484375,34044.71875
11,2025-12-09,10,1874.392822265625,34044.71875
11,2025-12-09,11,1758.1405029296875,34044.71875
11,2025-12-09,12,1823.6517333984375,34044.71875
11,2025-12-09,13,1921.477783203125,34044.71875
11,2025-12-09,14,1955.8096923828125,34044.71875
11,2025-12-09,15,1842.9500732421875,34044.71875
11,2025-12-09,16,2078.951416015625,34044.71875
11,2025-12-09,17,2678.90087890625,34044.71875
11,2025-12-09,18,2919.03564453125,34044.71875
11,2025-12-09,19,2253.294921875,34044.71875
11,2025-12-09,20,1329.247314453125,34044.71875
11,2025-12-09,21,737.77960205078125,34044.71875
11,2025-12-09,22,321.74761962890625,34044.71875
11,2025-12-09,23,204.28872680664062,34044.71875
11,2025-12-10,0,61.10443115234375,34134.265625
11,2025-12-10,1,0.0038518905639648438,34134.265625
11,2025-12-10,2,0.009304732084274292,34134.265625
11,2025-12-10,3,0.0126190185546875,34134.265625
11,2025-12-10,4,0.021848201751708984,34134.265625
11,2025-12-10,5,241.57359313964844,34134.265625
11,2025-12-10,6,1213.831298828125,34134.265625
11,2025-12-10,7,2327.496826171875,34134.265625
11,2025-12-10,8,3163.41943359375,34134.265625
11,2025-12-10,9,2309.980224609375,34134.265625
11,2025-12-10,10,1868.7445068359375,34134.265625
11,2025-12-10,11,1807.084716796875,34134.265625
11,2025-12-10,12,1892.268798828125,34134.265625
11,2025-12-10,13,1956.876953125,34134.265625
11,2025-12-10,14,1971.0079345703125,34134.265625
11,2025-12-10,15,1824.314208984375,34134.265625
11,2025-12-10,16,2030.4295654296875,34134.265625
11,2025-12-10,17,2674.617431640625,34134.265625
11,2025-12-10,18,2922.650634765625,34134.265625
11,2025-12-10,19,2243.85791015625,34134.265625
11,2025-12-10,20,1330.914306640625,34134.265625
11,2025-12-10,21,755.97601318359375,34134.265625
11,2025-12-10,22,333.23330688476562,34134.265625
11,2025-12-10,23,220.77786254882812,34134.265625
11,2025-12-11,0,64.094459533691406,34207.80859375
11,2025-12-11,1,0.10538101196289062,34207.80859375
11,2025-12-11,2,0.0097169280052185059,34207.80859375
11,2025-12-11,3,0.013076871633529663,34207.80859375
11,2025-12-11,4,0.020717144012451172,34207.80859375
11,2025-12-11,5,242.30191040039062,34207.80859375
11,2025-12-11,6,1245.772216796875,34207.80859375
11,2025-12-11,7,2328.03564453125,34207.80859375
11,2025-12-11,8,3099.82177734375,34207.80859375
11,2025-12-11,9,2337.102783203125,34207.80859375
11,2025-12-11,10,1946.0699462890625,34207.80859375
11,2025-12-11,11,1794.83935546875,34207.80859375
11,2025-12-11,12,1922.60009765625,34207.80859375
11,2025-12-11,13,1965.823974609375,34207.80859375
11,2025-12-11,14,1997.1942138671875,34207.80859375
11,2025-12-11,15,1859.955078125,34207.80859375
11,2025-12-11,16,2123.01123046875,34207.80859375
11,2025-12-11,17,2696.63525390625,34207.80859375
11,2025-12-11,18,2894.34375,34207.80859375
11,2025-12-11,19,2238.55859375,34207.80859375
11,2025-12-11,20,1341.74658203125,34207.80859375
11,2025-12-11,21,782.7259521484375,34207.80859375
11,2025-12-11,22,347.9508056640625,34207.80859375
11,2025-12-11,23,240.39089965820312,34207.80859375
11,2025-12-12,0,69.9140625,33689.66015625
11,2025-12-12,1,0.26017951965332031,33689.66015625
11,2025-12-12,2,0.010933756828308105,33689.66015625
11,2025-12-12,3,0.013125479221343994,33689.66015625
11,2025-12-12,4,0.044858694076538086,33689.66015625
11,2025-12-12,5,239.19499206542969,33689.66015625
11,2025-12-12,6,1227.1259765625,33689.66015625
11,2025-12-12,7,2242.583984375,33689.66015625
11,2025-12-12,8,3037.70263671875,33689.66015625
11,2025-12-12,9,2248.695068359375,33689.66015625
11,2025-12-12,10,1865.535400390625,33689.66015625
11,2025-12-12,11,1778.7110595703125,33689.66015625
11,2025-12-12,12,1922.1331787109375,33689.66015625
11,2025-12-12,13,1922.53564453125,33689.66015625
11,2025-12-12,14,2012.87841796875,33689.66015625
11,2025-12-12,15,1962.458984375,33689.66015625
11,2025-12-12,16,2228.442626953125,33689.66015625
11,2025-12-12,17,2700.44384765625,33689.66015625
11,2025-12-12,18,2461.620361328125,33689.66015625
11,2025-12-12,19,2054.837890625,33689.66015625
11,2025-12-12,20,1283.76220703125,33689.66015625
11,2025-12-12,21,781.1416015625,33689.66015625
11,2025-12-12,22,352.65731811523438,33689.66015625
11,2025-12-12,23,284.07565307617188,33689.66015625
11,2025-12-13,0,100.06246948242188,23259.91015625
11,2025-12-13,1,1.2028732299804688,23259.91015625
11,2025-12-13,2,0.010640650987625122,23259.91015625
11,2025-12-13,3,0.015748292207717896,23259.91015625
11,2025-12-13,4,0.036225795745849609,23259.91015625
11,2025-12-13,5,163.0020751953125,23259.91015625
11,2025-12-13,6,725.7374267578125,23259.91015625
11,2025-12-13,7,692.8114013671875,23259.91015625
11,2025-12-13,8,959.052734375,23259.91015625
11,2025-12-13,9,1101.930419921875,23259.91015625
11,2025-12-13,10,1255.912841796875,23259.91015625
11,2025-12-13,11,1573.9197998046875,23259.91015625
11,2025-12-13,12,1846.7122802734375,23259.91015625
11,2025-12-13,13,1718.8331298828125,23259.91015625
11,2025-12-13,14,1783.7384033203125,23259.91015625
11,2025-12-13,15,1637.672119140625,23259.91015625
11,2025-12-13,16,1663.9339599609375,23259.91015625
11,2025-12-13,17,1738.865478515625,23259.91015625
11,2025-12-13,18,1470.351318359375,23259.91015625
11,2025-12-13,19,1442.2100830078125,23259.91015625
11,2025-12-13,20,913.2742919921875,23259.91015625
11,2025-12-13,21,661.67132568359375,23259.91015625
11,2025-12-13,22,332.69467163085938,23259.91015625
11,2025-12-13,23,292.915771484375,23259.91015625
11,2025-12-14,0,110.69464874267578,20789.880859375
11,2025-12-14,1,19.635236740112305,20789.880859375
11,2025-12-14,2,0.012969940900802612,20789.880859375
11,2025-12-14,3,0.012947767972946167,20789.880859375
11,2025-12-14,4,0.21619486808776855,20789.880859375
11,2025-12-14,5,92.491897583007812,20789.880859375
11,2025-12-14,6,506.00177001953125,20789.880859375
11,2025-12-14,7,595.773193359375,20789.880859375
11,2025-12-14,8,776.712646484375,20789.880859375
11,2025-12-14,9,985.7537841796875,20789.880859375
11,2025-12-14,10,1108.512939453125,20789.880859375
11,2025-12-14,11,1433.818115234375,20789.880859375
11,2025-12-14,12,1639.6231689453125,20789.880859375
11,2025-12-14,13,1534.05615234375,20789.880859375
11,2025-12-14,14,1658.524658203125,20789.880859375
11,2025-12-14,15,1556.9178466796875,20789.880859375
11,2025-12-14,16,1526.2408447265625,20789.880859375
11,2025-12-14,17,1663.362060546875,20789.880859375
11,2025-12-14,18,1356.7083740234375,20789.880859375
11,2025-12-14,19,1172.198974609375,20789.880859375
11,2025-12-14,20,796.88226318359375,20789.880859375
11,2025-12-14,21,590.1661376953125,20789.880859375
11,2025-12-14,22,291.79885864257812,20789.880859375
11,2025-12-14,23,235.82447814941406,20789.880859375
11,2025-12-15,0,70.485885620117188,33577.48046875
11,2025-12-15,1,9.9055976867675781,33577.48046875
11,2025-12-15,2,0.010191768407821655,33577.48046875
11,2025-12-15,3,0.011305719614028931,33577.48046875
11,2025-12-15,4,0.23229646682739258,33577.48046875
11,2025-12-15,5,240.01824951171875,33577.48046875
11,2025-12-15,6,1239.4732666015625,33577.48046875
11,2025-12-15,7,2317.739501953125,33577.48046875
11,2025-12-15,8,3132.25146484375,33577.48046875
11,2025-12-15,9,2285.1455078125,33577.48046875
11,2025-12-15,10,1801.888916015625,33577.48046875
11,2025-12-15,11,1754.8477783203125,33577.48046875
11,2025-12-15,12,1748.931884765625,33577.48046875
11,2025-12-15,13,1841.6141357421875,33577.48046875
11,2025-12-15,14,1875.81591796875,33577.48046875
11,2025-12-15,15,1831.6607666015625,33577.48046875
11,2025-12-15,16,2080.196044921875,33577.48046875
11,2025-12-15,17,2653.7490234375,33577.48046875
11,2025-12-15,18,2906.951171875,33577.48046875
11,2025-12-15,19,2253.0693359375,33577.48046875
11,2025-12-15,20,1297.9422607421875,33577.48046875
11,2025-12-15,21,734.7628173828125,33577.48046875
11,2025-12-15,22,308.48284912109375,33577.48046875
11,2025-12-15,23,195.87997436523438,33577.48046875
11,2025-12-16,0,58.726535797119141,33931.13671875
11,2025-12-16,1,0.041505813598632812,33931.13671875
11,2025-12-16,2,0.0090981721878051758,33931.13671875
11,2025-12-16,3,0.011071324348449707,33931.13671875
11,2025-12-16,4,0.028897285461425781,33931.13671875
11,2025-12-16,5,235.61512756347656,33931.13671875
11,2025-12-16,6,1240.511962890625,33931.13671875
11,2025-12-16,7,2336.718017578125,33931.13671875
11,2025-12-16,8,3148.2080078125,33931.13671875
11,2025-12-16,9,2319.335205078125,33931.13671875
11,2025-12-16,10,1842.8585205078125,33931.13671875
11,2025-12-16,11,1759.208251953125,33931.13671875
11,2025-12-16,12,1827.363525390625,33931.13671875
11,2025-12-16,13,1915.3775634765625,33931.13671875
11,2025-12-16,14,1940.1207275390625,33931.13671875
11,2025-12-16,15,1838.5977783203125,33931.13671875
11,2025-12-16,16,2068.70263671875,33931.13671875
11,2025-12-16,17,2665.72705078125,33931.13671875
11,2025-12-16,18,2927.8876953125,33931.13671875
11,2025-12-16,19,2249.023681640625,33931.13671875
11,2025-12-16,20,1325.19189453125,33931.13671875
11,2025-12-16,21,750.6766357421875,33931.13671875
11,2025-12-16,22,320.839111328125,33931.13671875
11,2025-12-16,23,204.79580688476562,33931.13671875
11,2025-12-17,0,61.259181976318359,34043.7578125
11,2025-12-17,1,0.036999702453613281,34043.7578125
11,2025-12-17,2,0.0098104774951934814,34043.7578125
11,2025-12-17,3,0.014791548252105713,34043.7578125
11,2025-12-17,4,-0.0057749748229980469,34043.7578125
11,2025-12-17,5,239.96560668945312,34043.7578125
11,2025-12-17,6,1209.8173828125,34043.7578125
11,2025-12-17,7,2320.022216796875,34043.7578125
11,2025-12-17,8,3118.83740234375,34043.7578125
11,2025-12-17,9,2285.21826171875,34043.7578125
11,2025-12-17,10,1850.7296142578125,34043.7578125
11,2025-12-17,11,1803.6900634765625,34043.7578125
11,2025-12-17,12,1888.9180908203125,34043.7578125
11,2025-12-17,13,1947.498779296875,34043.7578125
11,2025-12-17,14,1958.3870849609375,34043.7578125
11,2025-12-17,15,1815.93359375,34043.7578125
11,2025-12-17,16,2028.8035888671875,34043.7578125
11,2025-12-17,17,2666.9609375,34043.7578125
11,2025-12-17,18,2920.87939453125,34043.7578125
11,2025-12-17,19,2235.956298828125,34043.7578125
11,2025-12-17,20,1326.6658935546875,34043.7578125
11,2025-12-17,21,764.97308349609375,34043.7578125
11,2025-12-17,22,329.23590087890625,34043.7578125
11,2025-12-17,23,219.08358764648438,34043.7578125
11,2025-12-18,0,64.782402038574219,34346.8359375
11,2025-12-18,1,0.025104999542236328,34346.8359375
11,2025-12-18,2,0.0060371160507202148,34346.8359375
11,2025-12-18,3,0.010884493589401245,34346.8359375
11,2025-12-18,4,-0.0012876987457275391,34346.8359375
11,2025-12-18,5,239.89691162109375,34346.8359375
11,2025-12-18,6,1246.85791015625,34346.8359375
11,2025-12-18,7,2335.363525390625,34346.8359375
11,2025-12-18,8,3092.323486328125,34346.8359375
11,2025-12-18,9,2337.53369140625,34346.8359375
11,2025-12-18,10,1937.5013427734375,34346.8359375
11,2025-12-18,11,1793.540771484375,34346.8359375
11,2025-12-18,12,1910.4951171875,34346.8359375
11,2025-12-18,13,1967.898193359375,34346.8359375
11,2025-12-18,14,1984.2762451171875,34346.8359375
11,2025-12-18,15,1847.8533935546875,34346.8359375
11,2025-12-18,16,2122.041259765625,34346.8359375
11,2025-12-18,17,2680.2587890625,34346.8359375
11,2025-12-18,18,2876.56201171875,34346.8359375
11,2025-12-18,19,2234.48779296875,34346.8359375
11,2025-12-18,20,1334.904541015625,34346.8359375
11,2025-12-18,21,787.857421875,34346.8359375
11,2025-12-18,22,341.7342529296875,34346.8359375
11,2025-12-18,23,244.28343200683594,34346.8359375
11,2025-12-19,0,70.064865112304688,33797.453125
11,2025-12-19,1,0.31132602691650391,33797.453125
11,2025-12-19,2,0.006394803524017334,33797.453125
11,2025-12-19,3,0.014422208070755005,33797.453125
11,2025-12-19,4,0.0074472427368164062,33797.453125
11,2025-12-19,5,236.50196838378906,33797.453125
11,2025-12-19,6,1219.559814453125,33797.453125
11,2025-12-19,7,2197.531005859375,33797.453125
11,2025-12-19,8,2960.697998046875,33797.453125
11,2025-12-19,9,2190.57275390625,33797.453125
11,2025-12-19,10,1828.8057861328125,33797.453125
11,2025-12-19,11,1768.6776123046875,33797.453125
11,2025-12-19,12,1893.2978515625,33797.453125
11,2025-12-19,13,1898.2708740234375,33797.453125
11,2025-12-19,14,1986.673583984375,33797.453125
11,2025-12-19,15,1907.217529296875,33797.453125
11,2025-12-19,16,2179.2158203125,33797.453125
11,2025-12-19,17,2639.140625,33797.453125
11,2025-12-19,18,2408.46923828125,33797.453125
11,2025-12-19,19,2024.643310546875,33797.453125
11,2025-12-19,20,1267.77880859375,33797.453125
11,2025-12-19,21,763.35345458984375,33797.453125
11,2025-12-19,22,339.5711669921875,33797.453125
11,2025-12-19,23,280.53921508789062,33797.453125
11,2025-12-20,0,97.295280456542969,23800.05078125
11,2025-12-20,1,1.5443761348724365,23800.05078125
11,2025-12-20,2,0.0078316926956176758,23800.05078125
11,2025-12-20,3,0.011769235134124756,23800.05078125
11,2025-12-20,4,0.094029426574707031,23800.05078125
11,2025-12-20,5,168.68374633789062,23800.05078125
11,2025-12-20,6,745.246337890625,23800.05078125
11,2025-12-20,7,778.87841796875,23800.05078125
11,2025-12-20,8,1088.9644775390625,23800.05078125
11,2025-12-20,9,1172.04296875,23800.05078125
11,2025-12-20,10,1278.944091796875,23800.05078125
11,2025-12-20,11,1588.9803466796875,23800.05078125
11,2025-12-20,12,1840.08642578125,23800.05078125
11,2025-12-20,13,1738.4710693359375,23800.05078125
11,2025-12-20,14,1788.2271728515625,23800.05078125
11,2025-12-20,15,1630.728759765625,23800.05078125
11,2025-12-20,16,1659.21240234375,23800.05078125
11,2025-12-20,17,1741.842529296875,23800.05078125
11,2025-12-20,18,1485.79443359375,23800.05078125
11,2025-12-20,19,1450.4603271484375,23800.05078125
11,2025-12-20,20,905.9732666015625,23800.05078125
11,2025-12-20,21,661.7562255859375,23800.05078125
11,2025-12-20,22,325.22970581054688,23800.05078125
11,2025-12-20,23,291.562255859375,23800.05078125
11,2025-12-21,0,109.87520599365234,20475.7265625
11,2025-12-21,1,21.831514358520508,20475.7265625
11,2025-12-21,2,0.0045571327209472656,20475.7265625
11,2025-12-21,3,0.013632267713546753,20475.7265625
11,2025-12-21,4,0.20863437652587891,20475.7265625
11,2025-12-21,5,87.742568969726562,20475.7265625
11,2025-12-21,6,486.53448486328125,20475.7265625
11,2025-12-21,7,604.64892578125,20475.7265625
11,2025-12-21,8,811.85791015625,20475.7265625
11,2025-12-21,9,980.76361083984375,20475.7265625
11,2025-12-21,10,1066.40869140625,20475.7265625
11,2025-12-21,11,1421.8670654296875,20475.7265625
11,2025-12-21,12,1640.7047119140625,20475.7265625
11,2025-12-21,13,1552.421875,20475.7265625
11,2025-12-21,14,1658.7562255859375,20475.7265625
11,2025-12-21,15,1547.207763671875,20475.7265625
11,2025-12-21,16,1522.1441650390625,20475.7265625
11,2025-12-21,17,1622.6060791015625,20475.7265625
11,2025-12-21,18,1337.3203125,20475.7265625
11,2025-12-21,19,1190.9825439453125,20475.7265625
11,2025-12-21,20,792.38702392578125,20475.7265625
11,2025-12-21,21,584.7445068359375,20475.7265625
11,2025-12-21,22,293.92312622070312,20475.7265625
11,2025-12-21,23,231.8497314453125,20475.7265625
11,2025-12-22,0,71.084526062011719,33767.36328125
11,2025-12-22,1,9.8066425323486328,33767.36328125
11,2025-12-22,2,0.0063901841640472412,33767.36328125
11,2025-12-22,3,0.013900637626647949,33767.36328125
11,2025-12-22,4,0.11262679100036621,33767.36328125
11,2025-12-22,5,245.12008666992188,33767.36328125
11,2025-12-22,6,1243.9229736328125,33767.36328125
11,2025-12-22,7,2298.67138671875,33767.36328125
11,2025-12-22,8,3101.43896484375,33767.36328125
11,2025-12-22,9,2283.9560546875,33767.36328125
11,2025-12-22,10,1833.5699462890625,33767.36328125
11,2025-12-22,11,1776.00927734375,33767.36328125
11,2025-12-22,12,1786.3887939453125,33767.36328125
11,2025-12-22,13,1908.4681396484375,33767.36328125
11,2025-12-22,14,1902.6092529296875,33767.36328125
11,2025-12-22,15,1859.5438232421875,33767.36328125
11,2025-12-22,16,2139.237060546875,33767.36328125
11,2025-12-22,17,2660.490234375,33767.36328125
11,2025-12-22,18,2924.52099609375,33767.36328125
11,2025-12-22,19,2262.4375,33767.36328125
11,2025-12-22,20,1307.3013916015625,33767.36328125
11,2025-12-22,21,727.909423828125,33767.36328125
11,2025-12-22,22,307.7120361328125,33767.36328125
11,2025-12-22,23,195.7283935546875,33767.36328125
11,2025-12-23,0,58.71630859375,33903.53125
11,2025-12-23,1,-0.0077562332153320312,33903.53125
11,2025-12-23,2,0.0096129179000854492,33903.53125
11,2025-12-23,3,0.016879051923751831,33903.53125
11,2025-12-23,4,0.030951261520385742,33903.53125
11,2025-12-23,5,238.60713195800781,33903.53125
11,2025-12-23,6,1240.821533203125,33903.53125
11,2025-12-23,7,2316.23681640625,33903.53125
11,2025-12-23,8,3138.482421875,33903.53125
11,2025-12-23,9,2297.420654296875,33903.53125
11,2025-12-23,10,1856.814697265625,33903.53125
11,2025-12-23,11,1774.1134033203125,33903.53125
11,2025-12-23,12,1838.1871337890625,33903.53125
11,2025-12-23,13,1927.5218505859375,33903.53125
11,2025-12-23,14,1965.0892333984375,33903.53125
11,2025-12-23,15,1852.074462890625,33903.53125
11,2025-12-23,16,2112.28564453125,33903.53125
11,2025-12-23,17,2656.02587890625,33903.53125
11,2025-12-23,18,2907.4443359375,33903.53125
11,2025-12-23,19,2251.504150390625,33903.53125
11,2025-12-23,20,1320.2598876953125,33903.53125
11,2025-12-23,21,747.6256103515625,33903.53125
11,2025-12-23,22,318.09356689453125,33903.53125
11,2025-12-23,23,204.43675231933594,33903.53125
11,2025-12-24,0,61.512172698974609,34188.03125
11,2025-12-24,1,0.023155689239501953,34188.03125
11,2025-12-24,2,0.0076832175254821777,34188.03125
11,2025-12-24,3,0.01844865083694458,34188.03125
11,2025-12-24,4,0.010812997817993164,34188.03125
11,2025-12-24,5,241.51235961914062,34188.03125
11,2025-12-24,6,1208.7412109375,34188.03125
11,2025-12-24,7,2272.8369140625,34188.03125
11,2025-12-24,8,3079.55810546875,34188.03125
11,2025-12-24,9,2248.18505859375,34188.03125
11,2025-12-24,10,1846.498046875,34188.03125
11,2025-12-24,11,1796.809814453125,34188.03125
11,2025-12-24,12,1884.72998046875,34188.03125
11,2025-12-24,13,1942.3651123046875,34188.03125
11,2025-12-24,14,1956.577392578125,34188.03125
11,2025-12-24,15,1833.1676025390625,34188.03125
11,2025-12-24,16,2063.80615234375,34188.03125
11,2025-12-24,17,2630.20751953125,34188.03125
11,2025-12-24,18,2859.902587890625,34188.03125
11,2025-12-24,19,2228.331298828125,34188.03125
11,2025-12-24,20,1304.928955078125,34188.03125
11,2025-12-24,21,756.39105224609375,34188.03125
11,2025-12-24,22,329.011474609375,34188.03125
11,2025-12-24,23,219.24813842773438,34188.03125
11,2025-12-25,0,63.964881896972656,34048.6796875
11,2025-12-25,1,-0.0302886962890625,34048.6796875
11,2025-12-25,2,0.0073515474796295166,34048.6796875
11,2025-12-25,3,0.0095662176609039307,34048.6796875
11,2025-12-25,4,0.016093730926513672,34048.6796875
11,2025-12-25,5,239.61105346679688,34048.6796875
11,2025-12-25,6,1232.33837890625,34048.6796875
11,2025-12-25,7,2257.65576171875,34048.6796875
11,2025-12-25,8,3017.5615234375,34048.6796875
11,2025-12-25,9,2262.8359375,34048.6796875
11,2025-12-25,10,1884.2496337890625,34048.6796875
11,2025-12-25,11,1785.3375244140625,34048.6796875
11,2025-12-25,12,1901.570556640625,34048.6796875
11,2025-12-25,13,1956.4261474609375,34048.6796875
11,2025-12-25,14,1963.5263671875,34048.6796875
11,2025-12-25,15,1851.2120361328125,34048.6796875
11,2025-12-25,16,2106.974365234375,34048.6796875
11,2025-12-25,17,2632.58154296875,34048.6796875
11,2025-12-25,18,2849.008544921875,34048.6796875
11,2025-12-25,19,2204.758544921875,34048.6796875
11,2025-12-25,20,1310.291259765625,34048.6796875
11,2025-12-25,21,769.513916015625,34048.6796875
11,2025-12-25,22,341.23599243164062,34048.6796875
11,2025-12-25,23,243.21548461914062,34048.6796875
11,2025-12-26,0,71.696243286132812,33615.48046875
11,2025-12-26,1,0.38279342651367188,33615.48046875
11,2025-12-26,2,0.0054805278778076172,33615.48046875
11,2025-12-26,3,0.014314830303192139,33615.48046875
11,2025-12-26,4,-0.0093905925750732422,33615.48046875
11,2025-12-26,5,239.38134765625,33615.48046875
11,2025-12-26,6,1210.9937744140625,33615.48046875
11,2025-12-26,7,2158.853271484375,33615.48046875
11,2025-12-26,8,2926.39404296875,33615.48046875
11,2025-12-26,9,2174.628662109375,33615.48046875
11,2025-12-26,10,1810.3868408203125,33615.48046875
11,2025-12-26,11,1764.8519287109375,33615.48046875
11,2025-12-26,12,1897.2991943359375,33615.48046875
11,2025-12-26,13,1913.82568359375,33615.48046875
11,2025-12-26,14,1967.166748046875,33615.48046875
11,2025-12-26,15,1885.7215576171875,33615.48046875
11,2025-12-26,16,2156.875732421875,33615.48046875
11,2025-12-26,17,2611.2763671875,33615.48046875
11,2025-12-26,18,2378.783447265625,33615.48046875
11,2025-12-26,19,1995.3974609375,33615.48046875
11,2025-12-26,20,1248.413818359375,33615.48046875
11,2025-12-26,21,759.70904541015625,33615.48046875
11,2025-12-26,22,340.42428588867188,33615.48046875
11,2025-12-26,23,281.6402587890625,33615.48046875
11,2025-12-27,0,99.061851501464844,22773.8359375
11,2025-12-27,1,1.3722748756408691,22773.8359375
11,2025-12-27,2,0.0048433542251586914,22773.8359375
11,2025-12-27,3,0.013993233442306519,22773.8359375
11,2025-12-27,4,0.040994882583618164,22773.8359375
11,2025-12-27,5,172.07333374023438,22773.8359375
11,2025-12-27,6,766.5894775390625,22773.8359375
11,2025-12-27,7,849.5203857421875,22773.8359375
11,2025-12-27,8,1138.918701171875,22773.8359375
11,2025-12-27,9,1249.2200927734375,22773.8359375
11,2025-12-27,10,1321.78515625,22773.8359375
11,2025-12-27,11,1600.177734375,22773.8359375
11,2025-12-27,12,1850.6248779296875,22773.8359375
11,2025-12-27,13,1757.772216796875,22773.8359375
11,2025-12-27,14,1782.443603515625,22773.8359375
11,2025-12-27,15,1617.941162109375,22773.8359375
11,2025-12-27,16,1680.9901123046875,22773.8359375
11,2025-12-27,17,1797.224609375,22773.8359375
11,2025-12-27,18,1560.34326171875,22773.8359375
11,2025-12-27,19,1491.1201171875,22773.8359375
11,2025-12-27,20,933.848388671875,22773.8359375
11,2025-12-27,21,645.2882080078125,22773.8359375
11,2025-12-27,22,322.636474609375,22773.8359375
11,2025-12-27,23,288.12420654296875,22773.8359375
11,2025-12-28,0,109.60799407958984,20137.53515625
11,2025-12-28,1,19.281692504882812,20137.53515625
11,2025-12-28,2,0.0067969858646392822,20137.53515625
11,2025-12-28,3,0.014765679836273193,20137.53515625
11,2025-12-28,4,0.18709135055541992,20137.53515625
11,2025-12-28,5,97.315277099609375,20137.53515625
11,2025-12-28,6,510.4873046875,20137.53515625
11,2025-12-28,7,587.8101806640625,20137.53515625
11,2025-12-28,8,793.9212646484375,20137.53515625
11,2025-12-28,9,968.89727783203125,20137.53515625
11,2025-12-28,10,1088.2982177734375,20137.53515625
11,2025-12-28,11,1441.56787109375,20137.53515625
11,2025-12-28,12,1660.7945556640625,20137.53515625
11,2025-12-28,13,1563.0677490234375,20137.53515625
11,2025-12-28,14,1657.9154052734375,20137.53515625
11,2025-12-28,15,1571.82373046875,20137.53515625
11,2025-12-28,16,1538.630859375,20137.53515625
11,2025-12-28,17,1664.483642578125,20137.53515625
11,2025-12-28,18,1354.583251953125,20137.53515625
11,2025-12-28,19,1173.38232421875,20137.53515625
11,2025-12-28,20,793.04388427734375,20137.53515625
11,2025-12-28,21,577.9947509765625,20137.53515625
11,2025-12-28,22,293.08404541015625,20137.53515625
11,2025-12-28,23,233.05816650390625,20137.53515625
11,2025-12-29,0,71.288482666015625,33707.140625
11,2025-12-29,1,10.738180160522461,33707.140625
11,2025-12-29,2,0.0058619678020477295,33707.140625
11,2025-12-29,3,0.016981840133666992,33707.140625
11,2025-12-29,4,0.18788766860961914,33707.140625
11,2025-12-29,5,247.60107421875,33707.140625
11,2025-12-29,6,1249.62939453125,33707.140625
11,2025-12-29,7,2272.72998046875,33707.140625
11,2025-12-29,8,3089.83740234375,33707.140625
11,2025-12-29,9,2272.504150390625,33707.140625
11,2025-12-29,10,1803.719482421875,33707.140625
11,2025-12-29,11,1769.614501953125,33707.140625
11,2025-12-29,12,1777.48095703125,33707.140625
11,2025-12-29,13,1889.39501953125,33707.140625
11,2025-12-29,14,1874.6063232421875,33707.140625
11,2025-12-29,15,1851.015869140625,33707.140625
11,2025-12-29,16,2118.279541015625,33707.140625
11,2025-12-29,17,2651.730224609375,33707.140625
11,2025-12-29,18,2901.6884765625,33707.140625
11,2025-12-29,19,2267.382080078125,33707.140625
11,2025-12-29,20,1294.977294921875,33707.140625
11,2025-12-29,21,714.01165771484375,33707.140625
11,2025-12-29,22,305.86920166015625,33707.140625
11,2025-12-29,23,195.33352661132812,33707.140625
11,2025-12-30,0,57.061069488525391,34132.3828125
11,2025-12-30,1,0.1551055908203125,34132.3828125
11,2025-12-30,2,0.0083098709583282471,34132.3828125
11,2025-12-30,3,0.014585256576538086,34132.3828125
11,2025-12-30,4,0.012148380279541016,34132.3828125
11,2025-12-30,5,243.93598937988281,34132.3828125
11,2025-12-30,6,1253.298095703125,34132.3828125
11,2025-12-30,7,2295.284912109375,34132.3828125
11,2025-12-30,8,3140.28759765625,34132.3828125
11,2025-12-30,9,2288.269775390625,34132.3828125
11,2025-12-30,10,1850.6854248046875,34132.3828125
11,2025-12-30,11,1762.5556640625,34132.3828125
11,2025-12-30,12,1823.7130126953125,34132.3828125
11,2025-12-30,13,1935.6827392578125,34132.3828125
11,2025-12-30,14,1935.5902099609375,34132.3828125
11,2025-12-30,15,1848.7493896484375,34132.3828125
11,2025-12-30,16,2104.46044921875,34132.3828125
11,2025-12-30,17,2668.54052734375,34132.3828125
11,2025-12-30,18,2896.967529296875,34132.3828125
11,2025-12-30,19,2263.0654296875,34132.3828125
11,2025-12-30,20,1323.7938232421875,34132.3828125
11,2025-12-30,21,728.51434326171875,34132.3828125
11,2025-12-30,22,312.3963623046875,34132.3828125
11,2025-12-30,23,204.77726745605469,34132.3828125
11,2025-12-31,0,63.183483123779297,20124.42578125
11,2025-12-31,1,0.22220993041992188,20124.42578125
11,2025-12-31,2,0.0086522102355957031,20124.42578125
11,2025-12-31,3,0.017808496952056885,20124.42578125
11,2025-12-31,4,0.037437200546264648,20124.42578125
11,2025-12-31,5,213.39337158203125,20124.42578125
11,2025-12-31,6,699.61328125,20124.42578125
11,2025-12-31,7,661.8868408203125,20124.42578125
11,2025-12-31,8,970.0130615234375,20124.42578125
11,2025-12-31,9,925.779296875,20124.42578125
11,2025-12-31,10,1103.474853515625,20124.42578125
11,2025-12-31,11,1376.709228515625,20124.42578125
11,2025-12-31,12,1650.1094970703125,20124.42578125
11,2025-12-31,13,1473.1778564453125,20124.42578125
11,2025-12-31,14,1723.3878173828125,20124.42578125
11,2025-12-31,15,1312.891357421875,20124.42578125
11,2025-12-31,16,1354.1776123046875,20124.42578125
11,2025-12-31,17,1498.756103515625,20124.42578125
11,2025-12-31,18,1265.46826171875,20124.42578125
11,2025-12-31,19,1426.903076171875,20124.42578125
11,2025-12-31,20,1021.5199584960938,20124.42578125
11,2025-12-31,21,695.28271484375,20124.42578125
11,2025-12-31,22,321.80288696289062,20124.42578125
11,2025-12-31,23,226.28211975097656,20124.42578125
12,2025-11-01,0,72.82000732421875,31564.384765625
12,2025-11-01,1,2.1544065475463867,31564.384765625
12,2025-11-01,2,0.0012551862746477127,31564.384765625
12,2025-11-01,3,8.7812542915344238e-05,31564.384765625
12,2025-11-01,4,0.87127590179443359,31564.384765625
12,2025-11-01,5,195.71954345703125,31564.384765625
12,2025-11-01,6,670.35028076171875,31564.384765625
12,2025-11-01,7,579.072021484375,31564.384765625
12,2025-11-01,8,602.27099609375,31564.384765625
12,2025-11-01,9,882.1123046875,31564.384765625
12,2025-11-01,10,1124.55712890625,31564.384765625
12,2025-11-01,11,1139.1334228515625,31564.384765625
12,2025-11-01,12,1180.14404296875,31564.384765625
12,2025-11-01,13,1491.372314453125,31564.384765625
12,2025-11-01,14,1295.4356689453125,31564.384765625
12,2025-11-01,15,1233.4808349609375,31564.384765625
12,2025-11-01,16,1200.715087890625,31564.384765625
12,2025-11-01,17,1062.6005859375,31564.384765625
12,2025-11-01,18,1008.183349609375,31564.384765625
12,2025-11-01,19,900.85888671875,31564.384765625
12,2025-11-01,20,726.19110107421875,31564.384765625
12,2025-11-01,21,556.78759765625,31564.384765625
12,2025-11-01,22,294.5889892578125,31564.384765625
12,2025-11-01,23,230.45515441894531,31564.384765625
12,2025-11-02,0,78.090736389160156,16354.4912109375
12,2025-11-02,1,4.9023094177246094,16354.4912109375
12,2025-11-02,2,0.00095130689442157745,16354.4912109375
12,2025-11-02,3,0.00023672357201576233,16354.4912109375
12,2025-11-02,4,0.3904876708984375,16354.4912109375
12,2025-11-02,5,95.874984741210938,16354.4912109375
12,2025-11-02,6,439.45343017578125,16354.4912109375
12,2025-11-02,7,435.9705810546875,16354.4912109375
12,2025-11-02,8,448.240478515625,16354.4912109375
12,2025-11-02,9,722.8585205078125,16354.4912109375
12,2025-11-02,10,872.06976318359375,16354.4912109375
12,2025-11-02,11,936.17279052734375,16354.4912109375
12,2025-11-02,12,1064.0205078125,16354.4912109375
12,2025-11-02,13,1318.461669921875,16354.4912109375
12,2025-11-02,14,1157.8226318359375,16354.4912109375
12,2025-11-02,15,1119.093994140625,16354.4912109375
12,2025-11-02,16,1065.611328125,16354.4912109375
12,2025-11-02,17,991.673583984375,16354.4912109375
12,2025-11-02,18,846.593505859375,16354.4912109375
12,2025-11-02,19,644.96484375,16354.4912109375
12,2025-11-02,20,590.95745849609375,16354.4912109375
12,2025-11-02,21,472.13946533203125,16354.4912109375
12,2025-11-02,22,263.01593017578125,16354.4912109375
12,2025-11-02,23,187.98910522460938,16354.4912109375
12,2025-11-03,0,57.291648864746094,17463.99609375
12,2025-11-03,1,2.5502402782440186,17463.99609375
12,2025-11-03,2,0.0017715208232402802,17463.99609375
12,2025-11-03,3,0.00072566606104373932,17463.99609375
12,2025-11-03,4,1.0259842872619629,17463.99609375
12,2025-11-03,5,187.33181762695312,17463.99609375
12,2025-11-03,6,552.81103515625,17463.99609375
12,2025-11-03,7,549.377197265625,17463.99609375
12,2025-11-03,8,578.1763916015625,17463.99609375
12,2025-11-03,9,771.8646240234375,17463.99609375
12,2025-11-03,10,879.03924560546875,17463.99609375
12,2025-11-03,11,852.073486328125,17463.99609375
12,2025-11-03,12,976.482421875,17463.99609375
12,2025-11-03,13,1203.9805908203125,17463.99609375
12,2025-11-03,14,868.69061279296875,17463.99609375
12,2025-11-03,15,994.47216796875,17463.99609375
12,2025-11-03,16,983.6583251953125,17463.99609375
12,2025-11-03,17,931.6666259765625,17463.99609375
12,2025-11-03,18,929.4720458984375,17463.99609375
12,2025-11-03,19,925.64892578125,17463.99609375
12,2025-11-03,20,682.99652099609375,17463.99609375
12,2025-11-03,21,537.02734375,17463.99609375
12,2025-11-03,22,185.17120361328125,17463.99609375
12,2025-11-03,23,180.84243774414062,17463.99609375
12,2025-11-04,0,43.517990112304688,17065.171875
12,2025-11-04,1,0.8865656852722168,17065.171875
12,2025-11-04,2,0.001645650714635849,17065.171875
12,2025-11-04,3,0.0012527089565992355,17065.171875
12,2025-11-04,4,1.6107511520385742,17065.171875
12,2025-11-04,5,202.15318298339844,17065.171875
12,2025-11-04,6,592.317138671875,17065.171875
12,2025-11-04,7,580.3839111328125,17065.171875
12,2025-11-04,8,629.778564453125,17065.171875
12,2025-11-04,9,791.26025390625,17065.171875
12,2025-11-04,10,906.64251708984375,17065.171875
12,2025-11-04,11,881.2939453125,17065.171875
12,2025-11-04,12,959.16510009765625,17065.171875
12,2025-11-04,13,1232.330322265625,17065.171875
12,2025-11-04,14,921.4052734375,17065.171875
12,2025-11-04,15,958.1729736328125,17065.171875
12,2025-11-04,16,994.38134765625,17065.171875
12,2025-11-04,17,963.9161376953125,17065.171875
12,2025-11-04,18,944.88232421875,17065.171875
12,2025-11-04,19,961.3350830078125,17065.171875
12,2025-11-04,20,665.79949951171875,17065.171875
12,2025-11-04,21,527.9639892578125,17065.171875
12,2025-11-04,22,170.51971435546875,17065.171875
12,2025-11-04,23,184.20480346679688,17065.171875
12,2025-11-05,0,49.363853454589844,36386.66796875
12,2025-11-05,1,0.88210344314575195,36386.66796875
12,2025-11-05,2,0.0011370517313480377,36386.66796875
12,2025-11-05,3,0.00091744214296340942,36386.66796875
12,2025-11-05,4,5.8753547668457031,36386.66796875
12,2025-11-05,5,312.88699340820312,36386.66796875
12,2025-11-05,6,1402.5767822265625,36386.66796875
12,2025-11-05,7,2644.231689453125,36386.66796875
12,2025-11-05,8,3403.85888671875,36386.66796875
12,2025-11-05,9,2499.0478515625,36386.66796875
12,2025-11-05,10,2034.4564208984375,36386.66796875
12,2025-11-05,11,1981.697998046875,36386.66796875
12,2025-11-05,12,2041.71630859375,36386.66796875
12,2025-11-05,13,2057.19873046875,36386.66796875
12,2025-11-05,14,1982.9212646484375,36386.66796875
12,2025-11-05,15,2357.90087890625,36386.66796875
12,2025-11-05,16,2783.09716796875,36386.66796875
12,2025-11-05,17,2993.201416015625,36386.66796875
12,2025-11-05,18,3116.698486328125,36386.66796875
12,2025-11-05,19,2341.09130859375,36386.66796875
12,2025-11-05,20,1520.9993896484375,36386.66796875
12,2025-11-05,21,935.00592041015625,36386.66796875
12,2025-11-05,22,454.16015625,36386.66796875
12,2025-11-05,23,246.41288757324219,36386.66796875
12,2025-11-06,0,46.551620483398438,36472.1953125
12,2025-11-06,1,0.92057561874389648,36472.1953125
12,2025-11-06,2,0.0010254364460706711,36472.1953125
12,2025-11-06,3,0.00094996392726898193,36472.1953125
12,2025-11-06,4,6.0027036666870117,36472.1953125
12,2025-11-06,5,307.42178344726562,36472.1953125
12,2025-11-06,6,1375.8062744140625,36472.1953125
12,2025-11-06,7,2615.65771484375,36472.1953125
12,2025-11-06,8,3365.492919921875,36472.1953125
12,2025-11-06,9,2458.513671875,36472.1953125
12,2025-11-06,10,1985.55029296875,36472.1953125
12,2025-11-06,11,1952.1695556640625,36472.1953125
12,2025-11-06,12,2008.96533203125,36472.1953125
12,2025-11-06,13,2037.2728271484375,36472.1953125
12,2025-11-06,14,1933.9217529296875,36472.1953125
12,2025-11-06,15,2317.172119140625,36472.1953125
12,2025-11-06,16,2761.225830078125,36472.1953125
12,2025-11-06,17,2959.6513671875,36472.1953125
12,2025-11-06,18,3052.27685546875,36472.1953125
12,2025-11-06,19,2292.52001953125,36472.1953125
12,2025-11-06,20,1513.090087890625,36472.1953125
12,2025-11-06,21,916.150390625,36472.1953125
12,2025-11-06,22,450.7554931640625,36472.1953125
12,2025-11-06,23,251.95465087890625,36472.1953125
12,2025-11-07,0,52.817951202392578,35909.078125
12,2025-11-07,1,1.0592572689056396,35909.078125
12,2025-11-07,2,0.00028848461806774139,35909.078125
12,2025-11-07,3,0.00013682059943675995,35909.078125
12,2025-11-07,4,5.0486316680908203,35909.078125
12,2025-11-07,5,302.58935546875,35909.078125
12,2025-11-07,6,1366.9033203125,35909.078125
12,2025-11-07,7,2575.267578125,35909.078125
12,2025-11-07,8,3304.4375,35909.078125
12,2025-11-07,9,2416.07568359375,35909.078125
12,2025-11-07,10,1969.73095703125,35909.078125
12,2025-11-07,11,1964.0404052734375,35909.078125
12,2025-11-07,12,1999.13037109375,35909.078125
12,2025-11-07,13,2032.6689453125,35909.078125
12,2025-11-07,14,1969.6064453125,35909.078125
12,2025-11-07,15,2379.926513671875,35909.078125
12,2025-11-07,16,2825.105224609375,35909.078125
12,2025-11-07,17,2933.03076171875,35909.078125
12,2025-11-07,18,2628.79638671875,35909.078125
12,2025-11-07,19,2115.58056640625,35909.078125
12,2025-11-07,20,1431.1727294921875,35909.078125
12,2025-11-07,21,933.66143798828125,35909.078125
12,2025-11-07,22,459.98483276367188,35909.078125
12,2025-11-07,23,271.20138549804688,35909.078125
12,2025-11-08,0,71.892166137695312,20324.458984375
12,2025-11-08,1,2.0336143970489502,20324.458984375
12,2025-11-08,2,0.00067497231066226959,20324.458984375
12,2025-11-08,3,0.00049182213842868805,20324.458984375
12,2025-11-08,4,2.3400187492370605,20324.458984375
12,2025-11-08,5,228.2767333984375,20324.458984375
12,2025-11-08,6,873.345703125,20324.458984375
12,2025-11-08,7,1040.568115234375,20324.458984375
12,2025-11-08,8,1104.353759765625,20324.458984375
12,2025-11-08,9,1317.7353515625,20324.458984375
12,2025-11-08,10,1494.74365234375,20324.458984375
12,2025-11-08,11,1536.794921875,20324.458984375
12,2025-11-08,12,1539.689208984375,20324.458984375
12,2025-11-08,13,1753.259521484375,20324.458984375
12,2025-11-08,14,1595.66455078125,20324.458984375
12,2025-11-08,15,1645.753662109375,20324.458984375
12,2025-11-08,16,1774.1239013671875,20324.458984375
12,2025-11-08,17,1628.271728515625,20324.458984375
12,2025-11-08,18,1575.3616943359375,20324.458984375
12,2025-11-08,19,1354.091796875,20324.458984375
12,2025-11-08,20,999.279296875,20324.458984375
12,2025-11-08,21,692.127197265625,20324.458984375
12,2025-11-08,22,405.5081787109375,20324.458984375
12,2025-11-08,23,255.60873413085938,20324.458984375
12,2025-11-09,0,78.265327453613281,17381.96875
12,2025-11-09,1,4.6140851974487305,17381.96875
12,2025-11-09,2,0.00070314109325408936,17381.96875
12,2025-11-09,3,8.1866979598999023e-05,17381.96875
12,2025-11-09,4,1.8156461715698242,17381.96875
12,2025-11-09,5,127.50823974609375,17381.96875
12,2025-11-09,6,560.4993896484375,17381.96875
12,2025-11-09,7,717.2921142578125,17381.96875
12,2025-11-09,8,787.826416015625,17381.96875
12,2025-11-09,9,1014.0922241210938,17381.96875
12,2025-11-09,10,1220.2105712890625,17381.96875
12,2025-11-09,11,1273.2705078125,17381.96875
12,2025-11-09,12,1361.996337890625,17381.96875
12,2025-11-09,13,1534.5052490234375,17381.96875
12,2025-11-09,14,1446.576171875,17381.96875
12,2025-11-09,15,1479.066650390625,17381.96875
12,2025-11-09,16,1583.318115234375,17381.96875
12,2025-11-09,17,1541.849609375,17381.96875
12,2025-11-09,18,1338.7940673828125,17381.96875
12,2025-11-09,19,965.3671875,17381.96875
12,2025-11-09,20,776.36077880859375,17381.96875
12,2025-11-09,21,589.30419921875,17381.96875
12,2025-11-09,22,380.13516235351562,17381.96875
12,2025-11-09,23,220.37382507324219,17381.96875
12,2025-11-10,0,57.459869384765625,36344.3515625
12,2025-11-10,1,2.1419382095336914,36344.3515625
12,2025-11-10,2,0.00068955123424530029,36344.3515625
12,2025-11-10,3,-9.9483877420425415e-06,36344.3515625
12,2025-11-10,4,5.1645488739013672,36344.3515625
12,2025-11-10,5,305.83993530273438,36344.3515625
12,2025-11-10,6,1360.394775390625,36344.3515625
12,2025-11-10,7,2608.73046875,36344.3515625
12,2025-11-10,8,3378.503662109375,36344.3515625
12,2025-11-10,9,2482.052734375,36344.3515625
12,2025-11-10,10,2038.3551025390625,36344.3515625
12,2025-11-10,11,1951.2801513671875,36344.3515625
12,2025-11-10,12,2025.907470703125,36344.3515625
12,2025-11-10,13,2013.2615966796875,36344.3515625
12,2025-11-10,14,1883.154052734375,36344.3515625
12,2025-11-10,15,2281.158203125,36344.3515625
12,2025-11-10,16,2728.587646484375,36344.3515625
12,2025-11-10,17,2959.10986328125,36344.3515625
12,2025-11-10,18,3106.1796875,36344.3515625
12,2025-11-10,19,2292.165771484375,36344.3515625
12,2025-11-10,20,1498.2218017578125,36344.3515625
12,2025-11-10,21,888.49908447265625,36344.3515625
12,2025-11-10,22,436.2906494140625,36344.3515625
12,2025-11-10,23,236.42555236816406,36344.3515625
12,2025-11-11,0,44.244255065917969,36810.7578125
12,2025-11-11,1,0.8311007022857666,36810.7578125
12,2025-11-11,2,0.00083906389772891998,36810.7578125
12,2025-11-11,3,0.00022712536156177521,36810.7578125
12,2025-11-11,4,5.8402504920959473,36810.7578125
12,2025-11-11,5,309.21688842773438,36810.7578125
12,2025-11-11,6,1391.8502197265625,36810.7578125
12,2025-11-11,7,2636.445068359375,36810.7578125
12,2025-11-11,8,3416.069580078125,36810.7578125
12,2025-11-11,9,2496.683349609375,36810.7578125
12,2025-11-11,10,2069.76953125,36810.7578125
12,2025-11-11,11,1984.2122802734375,36810.7578125
12,2025-11-11,12,2031.4527587890625,36810.7578125
12,2025-11-11,13,2046.41552734375,36810.7578125
12,2025-11-11,14,1936.22607421875,36810.7578125
12,2025-11-11,15,2297.60888671875,36810.7578125
12,2025-11-11,16,2760.390380859375,36810.7578125
12,2025-11-11,17,2998.97216796875,36810.7578125
12,2025-11-11,18,3127.84033203125,36810.7578125
12,2025-11-11,19,2344.958251953125,36810.7578125
12,2025-11-11,20,1500.1229248046875,36810.7578125
12,2025-11-11,21,908.0560302734375,36810.7578125
12,2025-11-11,22,444.14389038085938,36810.7578125
12,2025-11-11,23,244.00311279296875,36810.7578125
12,2025-11-12,0,48.668350219726562,36988.4375
12,2025-11-12,1,0.78268551826477051,36988.4375
12,2025-11-12,2,0.00073460862040519714,36988.4375
12,2025-11-12,3,0.00058116577565670013,36988.4375
12,2025-11-12,4,6.0749959945678711,36988.4375
12,2025-11-12,5,310.57785034179688,36988.4375
12,2025-11-12,6,1388.130859375,36988.4375
12,2025-11-12,7,2649.18212890625,36988.4375
12,2025-11-12,8,3410.567626953125,36988.4375
12,2025-11-12,9,2506.574951171875,36988.4375
12,2025-11-12,10,2074.298828125,36988.4375
12,2025-11-12,11,1987.953857421875,36988.4375
12,2025-11-12,12,2044.8216552734375,36988.4375
12,2025-11-12,13,2057.803466796875,36988.4375
12,2025-11-12,14,1941.7861328125,36988.4375
12,2025-11-12,15,2321.678955078125,36988.4375
12,2025-11-12,16,2764.234375,36988.4375
12,2025-11-12,17,2982.08642578125,36988.4375
12,2025-11-12,18,3121.93603515625,36988.4375
12,2025-11-12,19,2319.499755859375,36988.4375
12,2025-11-12,20,1497.718994140625,36988.4375
12,2025-11-12,21,928.509033203125,36988.4375
12,2025-11-12,22,451.23724365234375,36988.4375
12,2025-11-12,23,255.418212890625,36988.4375
12,2025-11-13,0,47.972583770751953,37102.765625
12,2025-11-13,1,0.92343902587890625,37102.765625
12,2025-11-13,2,0.00053163059055805206,37102.765625
12,2025-11-13,3,0.00033207051455974579,37102.765625
12,2025-11-13,4,5.810117244720459,37102.765625
12,2025-11-13,5,306.50042724609375,37102.765625
12,2025-11-13,6,1361.03076171875,37102.765625
12,2025-11-13,7,2620.861083984375,37102.765625
12,2025-11-13,8,3370.3447265625,37102.765625
12,2025-11-13,9,2457.526611328125,37102.765625
12,2025-11-13,10,2028.0413818359375,37102.765625
12,2025-11-13,11,1975.539306640625,37102.765625
12,2025-11-13,12,2025.240966796875,37102.765625
12,2025-11-13,13,2055.065673828125,37102.765625
12,2025-11-13,14,1940.683837890625,37102.765625
12,2025-11-13,15,2320.28271484375,37102.765625
12,2025-11-13,16,2733.186767578125,37102.765625
12,2025-11-13,17,2968.3671875,37102.765625
12,2025-11-13,18,3089.226318359375,37102.765625
12,2025-11-13,19,2295.7529296875,37102.765625
12,2025-11-13,20,1506.02490234375,37102.765625
12,2025-11-13,21,919.20562744140625,37102.765625
12,2025-11-13,22,459.56011962890625,37102.765625
12,2025-11-13,23,263.47976684570312,37102.765625
12,2025-11-14,0,54.042037963867188,36846.5859375
12,2025-11-14,1,1.1232659816741943,36846.5859375
12,2025-11-14,2,0.00041347555816173553,36846.5859375
12,2025-11-14,3,0.00052399374544620514,36846.5859375
12,2025-11-14,4,5.0132293701171875,36846.5859375
12,2025-11-14,5,304.53787231445312,36846.5859375
12,2025-11-14,6,1369.2962646484375,36846.5859375
12,2025-11-14,7,2599.033447265625,36846.5859375
12,2025-11-14,8,3346.249267578125,36846.5859375
12,2025-11-14,9,2445.31396484375,36846.5859375
12,2025-11-14,10,2003.166748046875,36846.5859375
12,2025-11-14,11,1984.0477294921875,36846.5859375
12,2025-11-14,12,2018.241455078125,36846.5859375
12,2025-11-14,13,2046.95166015625,36846.5859375
12,2025-11-14,14,1990.0924072265625,36846.5859375
12,2025-11-14,15,2406.679931640625,36846.5859375
12,2025-11-14,16,2852.31591796875,36846.5859375
12,2025-11-14,17,2977.87548828125,36846.5859375
12,2025-11-14,18,2758.6484375,36846.5859375
12,2025-11-14,19,2137.19873046875,36846.5859375
12,2025-11-14,20,1445.7042236328125,36846.5859375
12,2025-11-14,21,937.49273681640625,36846.5859375
12,2025-11-14,22,463.8621826171875,36846.5859375
12,2025-11-14,23,276.11593627929688,36846.5859375
12,2025-11-15,0,72.348884582519531,21586.953125
12,2025-11-15,1,2.4622774124145508,21586.953125
12,2025-11-15,2,0.00079898536205291748,21586.953125
12,2025-11-15,3,0.00060536526143550873,21586.953125
12,2025-11-15,4,2.2839071750640869,21586.953125
12,2025-11-15,5,226.8634033203125,21586.953125
12,2025-11-15,6,884.0164794921875,21586.953125
12,2025-11-15,7,1040.8231201171875,21586.953125
12,2025-11-15,8,1113.4639892578125,21586.953125
12,2025-11-15,9,1351.8726806640625,21586.953125
12,2025-11-15,10,1508.525634765625,21586.953125
12,2025-11-15,11,1564.2138671875,21586.953125
12,2025-11-15,12,1534.3582763671875,21586.953125
12,2025-11-15,13,1764.4666748046875,21586.953125
12,2025-11-15,14,1628.321533203125,21586.953125
12,2025-11-15,15,1689.5992431640625,21586.953125
12,2025-11-15,16,1795.281005859375,21586.953125
12,2025-11-15,17,1678.1005859375,21586.953125
12,2025-11-15,18,1601.931884765625,21586.953125
12,2025-11-15,19,1328.714111328125,21586.953125
12,2025-11-15,20,994.20245361328125,21586.953125
12,2025-11-15,21,694.68182373046875,21586.953125
12,2025-11-15,22,407.89166259765625,21586.953125
12,2025-11-15,23,259.61312866210938,21586.953125
12,2025-11-16,0,78.005653381347656,18229.556640625
12,2025-11-16,1,4.8879518508911133,18229.556640625
12,2025-11-16,2,0.00077646598219871521,18229.556640625
12,2025-11-16,3,0.0010901819914579391,18229.556640625
12,2025-11-16,4,1.9480996131896973,18229.556640625
12,2025-11-16,5,135.01237487792969,18229.556640625
12,2025-11-16,6,589.3284912109375,18229.556640625
12,2025-11-16,7,747.5819091796875,18229.556640625
12,2025-11-16,8,810.7996826171875,18229.556640625
12,2025-11-16,9,1002.9151611328125,18229.556640625
12,2025-11-16,10,1195.778564453125,18229.556640625
12,2025-11-16,11,1287.87109375,18229.556640625
12,2025-11-16,12,1353.425048828125,18229.556640625
12,2025-11-16,13,1575.9990234375,18229.556640625
12,2025-11-16,14,1477.6646728515625,18229.556640625
12,2025-11-16,15,1498.0517578125,18229.556640625
12,2025-11-16,16,1596.093017578125,18229.556640625
12,2025-11-16,17,1551.60205078125,18229.556640625
12,2025-11-16,18,1370.362060546875,18229.556640625
12,2025-11-16,19,971.187744140625,18229.556640625
12,2025-11-16,20,769.31854248046875,18229.556640625
12,2025-11-16,21,584.55426025390625,18229.556640625
12,2025-11-16,22,363.29757690429688,18229.556640625
12,2025-11-16,23,214.86953735351562,18229.556640625
12,2025-11-17,0,56.694282531738281,36291.3671875
12,2025-11-17,1,2.0429172515869141,36291.3671875
12,2025-11-17,2,0.00074432417750358582,36291.3671875
12,2025-11-17,3,0.0010819416493177414,36291.3671875
12,2025-11-17,4,5.824409008026123,36291.3671875
12,2025-11-17,5,307.84124755859375,36291.3671875
12,2025-11-17,6,1387.21533203125,36291.3671875
12,2025-11-17,7,2676.6884765625,36291.3671875
12,2025-11-17,8,3489.12890625,36291.3671875
12,2025-11-17,9,2511.845947265625,36291.3671875
12,2025-11-17,10,2029.8592529296875,36291.3671875
12,2025-11-17,11,1947.374755859375,36291.3671875
12,2025-11-17,12,2043.8759765625,36291.3671875
12,2025-11-17,13,2030.301513671875,36291.3671875
12,2025-11-17,14,1888.498291015625,36291.3671875
12,2025-11-17,15,2270.6005859375,36291.3671875
12,2025-11-17,16,2752.200927734375,36291.3671875
12,2025-11-17,17,3014.5234375,36291.3671875
12,2025-11-17,18,3171.998291015625,36291.3671875
12,2025-11-17,19,2333.804443359375,36291.3671875
12,2025-11-17,20,1504.86279296875,36291.3671875
12,2025-11-17,21,912.734375,36291.3671875
12,2025-11-17,22,427.46994018554688,36291.3671875
12,2025-11-17,23,227.22550964355469,36291.3671875
12,2025-11-18,0,44.227394104003906,37008.953125
12,2025-11-18,1,0.6796717643737793,37008.953125
12,2025-11-18,2,0.00036556832492351532,37008.953125
12,2025-11-18,3,0.0007717721164226532,37008.953125
12,2025-11-18,4,6.2687644958496094,37008.953125
12,2025-11-18,5,313.5416259765625,37008.953125
12,2025-11-18,6,1403.9298095703125,37008.953125
12,2025-11-18,7,2697.96875,37008.953125
12,2025-11-18,8,3539.854248046875,37008.953125
12,2025-11-18,9,2532.34814453125,37008.953125
12,2025-11-18,10,2088.94482421875,37008.953125
12,2025-11-18,11,2002.2763671875,37008.953125
12,2025-11-18,12,2069.031494140625,37008.953125
12,2025-11-18,13,2096.715576171875,37008.953125
12,2025-11-18,14,1973.6802978515625,37008.953125
12,2025-11-18,15,2292.433349609375,37008.953125
12,2025-11-18,16,2787.3134765625,37008.953125
12,2025-11-18,17,3050.5849609375,37008.953125
12,2025-11-18,18,3212.5966796875,37008.953125
12,2025-11-18,19,2381.342041015625,37008.953125
12,2025-11-18,20,1507.99462890625,37008.953125
12,2025-11-18,21,918.11834716796875,37008.953125
12,2025-11-18,22,437.02444458007812,37008.953125
12,2025-11-18,23,244.18067932128906,37008.953125
12,2025-11-19,0,49.991172790527344,36934.203125
12,2025-11-19,1,0.7863309383392334,36934.203125
12,2025-11-19,2,0.0007463749498128891,36934.203125
12,2025-11-19,3,0.0010417085140943527,36934.203125
12,2025-11-19,4,6.266995906829834,36934.203125
12,2025-11-19,5,311.1357421875,36934.203125
12,2025-11-19,6,1393.508056640625,36934.203125
12,2025-11-19,7,2667.4365234375,36934.203125
12,2025-11-19,8,3481.666015625,36934.203125
12,2025-11-19,9,2519.84033203125,36934.203125
12,2025-11-19,10,2077.81640625,36934.203125
12,2025-11-19,11,1994.65869140625,36934.203125
12,2025-11-19,12,2075.55810546875,36934.203125
12,2025-11-19,13,2096.01318359375,36934.203125
12,2025-11-19,14,1963.911865234375,36934.203125
12,2025-11-19,15,2307.013671875,36934.203125
12,2025-11-19,16,2782.144775390625,36934.203125
12,2025-11-19,17,3018.61181640625,36934.203125
12,2025-11-19,18,3197.52197265625,36934.203125
12,2025-11-19,19,2354.08935546875,36934.203125
12,2025-11-19,20,1507.077880859375,36934.203125
12,2025-11-19,21,944.88916015625,36934.203125
12,2025-11-19,22,450.5799560546875,36934.203125
12,2025-11-19,23,256.55206298828125,36934.203125
12,2025-11-20,0,47.659759521484375,36749.140625
12,2025-11-20,1,0.93122959136962891,36749.140625
12,2025-11-20,2,0.00069971196353435516,36749.140625
12,2025-11-20,3,0.0010679885745048523,36749.140625
12,2025-11-20,4,6.106849193572998,36749.140625
12,2025-11-20,5,306.37289428710938,36749.140625
12,2025-11-20,6,1375.2391357421875,36749.140625
12,2025-11-20,7,2651.62939453125,36749.140625
12,2025-11-20,8,3456.259521484375,36749.140625
12,2025-11-20,9,2487.29345703125,36749.140625
12,2025-11-20,10,2042.849853515625,36749.140625
12,2025-11-20,11,1978.053955078125,36749.140625
12,2025-11-20,12,2055.428466796875,36749.140625
12,2025-11-20,13,2077.5390625,36749.140625
12,2025-11-20,14,1929.781005859375,36749.140625
12,2025-11-20,15,2283.378173828125,36749.140625
12,2025-11-20,16,2753.55615234375,36749.140625
12,2025-11-20,17,3004.192138671875,36749.140625
12,2025-11-20,18,3129.777587890625,36749.140625
12,2025-11-20,19,2316.66943359375,36749.140625
12,2025-11-20,20,1509.3599853515625,36749.140625
12,2025-11-20,21,924.73370361328125,36749.140625
12,2025-11-20,22,459.122314453125,36749.140625
12,2025-11-20,23,265.115234375,36749.140625
12,2025-11-21,0,52.866100311279297,35907.18359375
12,2025-11-21,1,1.0572278499603271,35907.18359375
12,2025-11-21,2,0.00058308802545070648,35907.18359375
12,2025-11-21,3,0.00084893964231014252,35907.18359375
12,2025-11-21,4,5.1806936264038086,35907.18359375
12,2025-11-21,5,298.89971923828125,35907.18359375
12,2025-11-21,6,1332.9163818359375,35907.18359375
12,2025-11-21,7,2572.23095703125,35907.18359375
12,2025-11-21,8,3350.5107421875,35907.18359375
12,2025-11-21,9,2448.0810546875,35907.18359375
12,2025-11-21,10,1988.2847900390625,35907.18359375
12,2025-11-21,11,1948.5557861328125,35907.18359375
12,2025-11-21,12,2010.4754638671875,35907.18359375
12,2025-11-21,13,2043.5372314453125,35907.18359375
12,2025-11-21,14,1944.1343994140625,35907.18359375
12,2025-11-21,15,2335.800048828125,35907.18359375
12,2025-11-21,16,2843.49951171875,35907.18359375
12,2025-11-21,17,2959.930908203125,35907.18359375
12,2025-11-21,18,2650.8037109375,35907.18359375
12,2025-11-21,19,2096.682373046875,35907.18359375
12,2025-11-21,20,1418.39599609375,35907.18359375
12,2025-11-21,21,941.05780029296875,35907.18359375
12,2025-11-21,22,463.04330444335938,35907.18359375
12,2025-11-21,23,288.16647338867188,35907.18359375
12,2025-11-22,0,70.478561401367188,21723.9296875
12,2025-11-22,1,2.1545155048370361,21723.9296875
12,2025-11-22,2,0.00075218454003334045,21723.9296875
12,2025-11-22,3,0.0012580715119838715,21723.9296875
12,2025-11-22,4,2.6002018451690674,21723.9296875
12,2025-11-22,5,219.75410461425781,21723.9296875
12,2025-11-22,6,783.13043212890625,21723.9296875
12,2025-11-22,7,872.50341796875,21723.9296875
12,2025-11-22,8,950.8621826171875,21723.9296875
12,2025-11-22,9,1175.404541015625,21723.9296875
12,2025-11-22,10,1407.63330078125,21723.9296875
12,2025-11-22,11,1478.8514404296875,21723.9296875
12,2025-11-22,12,1479.736572265625,21723.9296875
12,2025-11-22,13,1735.1748046875,21723.9296875
12,2025-11-22,14,1546.478759765625,21723.9296875
12,2025-11-22,15,1539.3489990234375,21723.9296875
12,2025-11-22,16,1612.333251953125,21723.9296875
12,2025-11-22,17,1543.8345947265625,21723.9296875
12,2025-11-22,18,1474.598876953125,21723.9296875
12,2025-11-22,19,1273.50244140625,21723.9296875
12,2025-11-22,20,942.20831298828125,21723.9296875
12,2025-11-22,21,659.01861572265625,21723.9296875
12,2025-11-22,22,386.12808227539062,21723.9296875
12,2025-11-22,23,263.76541137695312,21723.9296875
12,2025-11-23,0,78.079872131347656,19059.44140625
12,2025-11-23,1,4.9552707672119141,19059.44140625
12,2025-11-23,2,0.0001509152352809906,19059.44140625
12,2025-11-23,3,0.00054023042321205139,19059.44140625
12,2025-11-23,4,2.0445804595947266,19059.44140625
12,2025-11-23,5,134.95999145507812,19059.44140625
12,2025-11-23,6,536.12481689453125,19059.44140625
12,2025-11-23,7,685.8343505859375,19059.44140625
12,2025-11-23,8,763.0892333984375,19059.44140625
12,2025-11-23,9,991.4937744140625,19059.44140625
12,2025-11-23,10,1192.576904296875,19059.44140625
12,2025-11-23,11,1281.7073974609375,19059.44140625
12,2025-11-23,12,1346.4708251953125,19059.44140625
12,2025-11-23,13,1575.9537353515625,19059.44140625
12,2025-11-23,14,1430.672607421875,19059.44140625
12,2025-11-23,15,1437.877197265625,19059.44140625
12,2025-11-23,16,1519.494140625,19059.44140625
12,2025-11-23,17,1516.12451171875,19059.44140625
12,2025-11-23,18,1328.9000244140625,19059.44140625
12,2025-11-23,19,951.2945556640625,19059.44140625
12,2025-11-23,20,759.52581787109375,19059.44140625
12,2025-11-23,21,576.4959716796875,19059.44140625
12,2025-11-23,22,363.13494873046875,19059.44140625
12,2025-11-23,23,212.83895874023438,19059.44140625
12,2025-11-24,0,56.3463134765625,35855.296875
12,2025-11-24,1,1.8342336416244507,35855.296875
12,2025-11-24,2,0.00051062367856502533,35855.296875
12,2025-11-24,3,0.00081689469516277313,35855.296875
12,2025-11-24,4,5.4544343948364258,35855.296875
12,2025-11-24,5,304.9986572265625,35855.296875
12,2025-11-24,6,1360.95361328125,35855.296875
12,2025-11-24,7,2594.857666015625,35855.296875
12,2025-11-24,8,3402.729736328125,35855.296875
12,2025-11-24,9,2464.307861328125,35855.296875
12,2025-11-24,10,1992.114990234375,35855.296875
12,2025-11-24,11,1929.535888671875,35855.296875
12,2025-11-24,12,2029.572998046875,35855.296875
12,2025-11-24,13,2038.8345947265625,35855.296875
12,2025-11-24,14,1863.3323974609375,35855.296875
12,2025-11-24,15,2220.432861328125,35855.296875
12,2025-11-24,16,2680.30908203125,35855.296875
12,2025-11-24,17,2947.404296875,35855.296875
12,2025-11-24,18,3071.628662109375,35855.296875
12,2025-11-24,19,2284.149658203125,35855.296875
12,2025-11-24,20,1478.8768310546875,35855.296875
12,2025-11-24,21,898.36865234375,35855.296875
12,2025-11-24,22,420.16799926757812,35855.296875
12,2025-11-24,23,228.35072326660156,35855.296875
12,2025-11-25,0,44.224884033203125,36916.20703125
12,2025-11-25,1,0.64800906181335449,36916.20703125
12,2025-11-25,2,0.00065265223383903503,36916.20703125
12,2025-11-25,3,0.00096893496811389923,36916.20703125
12,2025-11-25,4,5.8985042572021484,36916.20703125
12,2025-11-25,5,312.26910400390625,36916.20703125
12,2025-11-25,6,1386.4332275390625,36916.20703125
12,2025-11-25,7,2658.279052734375,36916.20703125
12,2025-11-25,8,3496.83349609375,36916.20703125
12,2025-11-25,9,2512.56591796875,36916.20703125
12,2025-11-25,10,2071.953857421875,36916.20703125
12,2025-11-25,11,1995.0848388671875,36916.20703125
12,2025-11-25,12,2057.17138671875,36916.20703125
12,2025-11-25,13,2093.28564453125,36916.20703125
12,2025-11-25,14,1972.61328125,36916.20703125
12,2025-11-25,15,2272.6435546875,36916.20703125
12,2025-11-25,16,2745.589599609375,36916.20703125
12,2025-11-25,17,3014.47900390625,36916.20703125
12,2025-11-25,18,3169.795654296875,36916.20703125
12,2025-11-25,19,2344.93896484375,36916.20703125
12,2025-11-25,20,1487.2869873046875,36916.20703125
12,2025-11-25,21,919.74334716796875,36916.20703125
12,2025-11-25,22,441.47445678710938,36916.20703125
12,2025-11-25,23,242.18238830566406,36916.20703125
12,2025-11-26,0,50.774795532226562,37012.15625
12,2025-11-26,1,0.90499305725097656,37012.15625
12,2025-11-26,2,0.00055617094039916992,37012.15625
12,2025-11-26,3,0.00086006149649620056,37012.15625
12,2025-11-26,4,5.9746713638305664,37012.15625
12,2025-11-26,5,310.416015625,37012.15625
12,2025-11-26,6,1385.630615234375,37012.15625
12,2025-11-26,7,2646.906982421875,37012.15625
12,2025-11-26,8,3454.63720703125,37012.15625
12,2025-11-26,9,2512.275390625,37012.15625
12,2025-11-26,10,2074.68212890625,37012.15625
12,2025-11-26,11,2000.0050048828125,37012.15625
12,2025-11-26,12,2076.528076171875,37012.15625
12,2025-11-26,13,2097.177001953125,37012.15625
12,2025-11-26,14,1971.8883056640625,37012.15625
12,2025-11-26,15,2291.6318359375,37012.15625
12,2025-11-26,16,2742.6328125,37012.15625
12,2025-11-26,17,3007.8134765625,37012.15625
12,2025-11-26,18,3174.87890625,37012.15625
12,2025-11-26,19,2344.87109375,37012.15625
12,2025-11-26,20,1501.108154296875,37012.15625
12,2025-11-26,21,944.9176025390625,37012.15625
12,2025-11-26,22,448.0147705078125,37012.15625
12,2025-11-26,23,255.10882568359375,37012.15625
12,2025-11-27,0,47.711685180664062,36668.25390625
12,2025-11-27,1,0.99419593811035156,36668.25390625
12,2025-11-27,2,0.0007180776447057724,36668.25390625
12,2025-11-27,3,0.001166805624961853,36668.25390625
12,2025-11-27,4,5.6733665466308594,36668.25390625
12,2025-11-27,5,304.51608276367188,36668.25390625
12,2025-11-27,6,1372.2459716796875,36668.25390625
12,2025-11-27,7,2638.713623046875,36668.25390625
12,2025-11-27,8,3442.117919921875,36668.25390625
12,2025-11-27,9,2473.796142578125,36668.25390625
12,2025-11-27,10,2036.454833984375,36668.25390625
12,2025-11-27,11,1974.740966796875,36668.25390625
12,2025-11-27,12,2059.786376953125,36668.25390625
12,2025-11-27,13,2084.934326171875,36668.25390625
12,2025-11-27,14,1934.04248046875,36668.25390625
12,2025-11-27,15,2292.735107421875,36668.25390625
12,2025-11-27,16,2738.21435546875,36668.25390625
12,2025-11-27,17,3017.75244140625,36668.25390625
12,2025-11-27,18,3113.787353515625,36668.25390625
12,2025-11-27,19,2318.405517578125,36668.25390625
12,2025-11-27,20,1511.17822265625,36668.25390625
12,2025-11-27,21,925.4296875,36668.25390625
12,2025-11-27,22,457.24148559570312,36668.25390625
12,2025-11-27,23,261.39041137695312,36668.25390625
12,2025-11-28,0,51.93505859375,35852.890625
12,2025-11-28,1,0.97239780426025391,35852.890625
12,2025-11-28,2,0.00055974908173084259,35852.890625
12,2025-11-28,3,0.00087381713092327118,35852.890625
12,2025-11-28,4,4.7993545532226562,35852.890625
12,2025-11-28,5,295.50701904296875,35852.890625
12,2025-11-28,6,1339.6510009765625,35852.890625
12,2025-11-28,7,2550.318115234375,35852.890625
12,2025-11-28,8,3303.09375,35852.890625
12,2025-11-28,9,2423.364013671875,35852.890625
12,2025-11-28,10,1968.9539794921875,35852.890625
12,2025-11-28,11,1942.6806640625,35852.890625
12,2025-11-28,12,2008.035888671875,35852.890625
12,2025-11-28,13,2057.530517578125,35852.890625
12,2025-11-28,14,1956.492919921875,35852.890625
12,2025-11-28,15,2338.3759765625,35852.890625
12,2025-11-28,16,2845.5751953125,35852.890625
12,2025-11-28,17,2955.78515625,35852.890625
12,2025-11-28,18,2643.712646484375,35852.890625
12,2025-11-28,19,2072.72021484375,35852.890625
12,2025-11-28,20,1417.7891845703125,35852.890625
12,2025-11-28,21,945.81414794921875,35852.890625
12,2025-11-28,22,460.7242431640625,35852.890625
12,2025-11-28,23,286.09646606445312,35852.890625
12,2025-11-29,0,70.1610107421875,21710.63671875
12,2025-11-29,1,2.1748032569885254,21710.63671875
12,2025-11-29,2,0.00039939582347869873,21710.63671875
12,2025-11-29,3,0.00065960735082626343,21710.63671875
12,2025-11-29,4,2.1736524105072021,21710.63671875
12,2025-11-29,5,210.19158935546875,21710.63671875
12,2025-11-29,6,789.5343017578125,21710.63671875
12,2025-11-29,7,852.6729736328125,21710.63671875
12,2025-11-29,8,942.2110595703125,21710.63671875
12,2025-11-29,9,1197.2471923828125,21710.63671875
12,2025-11-29,10,1415.1201171875,21710.63671875
12,2025-11-29,11,1493.1826171875,21710.63671875
12,2025-11-29,12,1483.702880859375,21710.63671875
12,2025-11-29,13,1746.45458984375,21710.63671875
12,2025-11-29,14,1559.4010009765625,21710.63671875
12,2025-11-29,15,1558.616943359375,21710.63671875
12,2025-11-29,16,1597.53076171875,21710.63671875
12,2025-11-29,17,1530.8475341796875,21710.63671875
12,2025-11-29,18,1449.929931640625,21710.63671875
12,2025-11-29,19,1277.5308837890625,21710.63671875
12,2025-11-29,20,929.99053955078125,21710.63671875
12,2025-11-29,21,661.88397216796875,21710.63671875
12,2025-11-29,22,381.09561157226562,21710.63671875
12,2025-11-29,23,265.82266235351562,21710.63671875
12,2025-11-30,0,78.332565307617188,19161.544921875
12,2025-11-30,1,4.7196455001831055,19161.544921875
12,2025-11-30,2,0.00039573945105075836,19161.544921875
12,2025-11-30,3,0.00071410462260246277,19161.544921875
12,2025-11-30,4,1.7149810791015625,19161.544921875
12,2025-11-30,5,130.05964660644531,19161.544921875
12,2025-11-30,6,531.08905029296875,19161.544921875
12,2025-11-30,7,683.947021484375,19161.544921875
12,2025-11-30,8,782.7503662109375,19161.544921875
12,2025-11-30,9,980.39990234375,19161.544921875
12,2025-11-30,10,1171.234619140625,19161.544921875
12,2025-11-30,11,1297.2685546875,19161.544921875
12,2025-11-30,12,1363.10302734375,19161.544921875
12,2025-11-30,13,1581.9827880859375,19161.544921875
12,2025-11-30,14,1444.77392578125,19161.544921875
12,2025-11-30,15,1473.65771484375,19161.544921875
12,2025-11-30,16,1542.95654296875,19161.544921875
12,2025-11-30,17,1520.265869140625,19161.544921875
12,2025-11-30,18,1319.100341796875,19161.544921875
12,2025-11-30,19,974.1942138671875,19161.544921875
12,2025-11-30,20,759.74493408203125,19161.544921875
12,2025-11-30,21,586.2347412109375,19161.544921875
12,2025-11-30,22,357.826904296875,19161.544921875
12,2025-11-30,23,210.26614379882812,19161.544921875
12,2025-12-01,0,56.734966278076172,35932.7578125
12,2025-12-01,1,1.8875828981399536,35932.7578125
12,2025-12-01,2,0.00068892724812030792,35932.7578125
12,2025-12-01,3,0.0011524409055709839,35932.7578125
12,2025-12-01,4,5.0991940498352051,35932.7578125
12,2025-12-01,5,304.75775146484375,35932.7578125
12,2025-12-01,6,1363.6275634765625,35932.7578125
12,2025-12-01,7,2594.314697265625,35932.7578125
12,2025-12-01,8,3420.1640625,35932.7578125
12,2025-12-01,9,2471.978759765625,35932.7578125
12,2025-12-01,10,1987.87939453125,35932.7578125
12,2025-12-01,11,1907.304443359375,35932.7578125
12,2025-12-01,12,2030.467529296875,35932.7578125
12,2025-12-01,13,2030.39794921875,35932.7578125
12,2025-12-01,14,1850.377197265625,35932.7578125
12,2025-12-01,15,2229.32568359375,35932.7578125
12,2025-12-01,16,2700.320068359375,35932.7578125
12,2025-12-01,17,2963.3232421875,35932.7578125
12,2025-12-01,18,3073.22216796875,35932.7578125
12,2025-12-01,19,2286.74169921875,35932.7578125
12,2025-12-01,20,1477.547119140625,35932.7578125
12,2025-12-01,21,891.24798583984375,35932.7578125
12,2025-12-01,22,413.18667602539062,35932.7578125
12,2025-12-01,23,226.42489624023438,35932.7578125
12,2025-12-02,0,44.488777160644531,36960.1328125
12,2025-12-02,1,0.64834308624267578,36960.1328125
12,2025-12-02,2,0.0008211825042963028,36960.1328125
12,2025-12-02,3,0.0015135854482650757,36960.1328125
12,2025-12-02,4,5.3908958435058594,36960.1328125
12,2025-12-02,5,309.35275268554688,36960.1328125
12,2025-12-02,6,1384.044677734375,36960.1328125
12,2025-12-02,7,2652.674560546875,36960.1328125
12,2025-12-02,8,3498.85205078125,36960.1328125
12,2025-12-02,9,2505.61376953125,36960.1328125
12,2025-12-02,10,2077.19970703125,36960.1328125
12,2025-12-02,11,1980.213623046875,36960.1328125
12,2025-12-02,12,2043.7652587890625,36960.1328125
12,2025-12-02,13,2091.67333984375,36960.1328125
12,2025-12-02,14,1957.4232177734375,36960.1328125
12,2025-12-02,15,2253.3984375,36960.1328125
12,2025-12-02,16,2741.55859375,36960.1328125
12,2025-12-02,17,3017.252685546875,36960.1328125
12,2025-12-02,18,3155.034912109375,36960.1328125
12,2025-12-02,19,2312.129150390625,36960.1328125
12,2025-12-02,20,1478.6534423828125,36960.1328125
12,2025-12-02,21,906.452392578125,36960.1328125
12,2025-12-02,22,434.35110473632812,36960.1328125
12,2025-12-02,23,243.58992004394531,36960.1328125
12,2025-12-03,0,50.445098876953125,36793.70703125
12,2025-12-03,1,0.83849477767944336,36793.70703125
12,2025-12-03,2,0.00072022154927253723,36793.70703125
12,2025-12-03,3,0.0011011697351932526,36793.70703125
12,2025-12-03,4,5.5545554161071777,36793.70703125
12,2025-12-03,5,307.89083862304688,36793.70703125
12,2025-12-03,6,1375.5882568359375,36793.70703125
12,2025-12-03,7,2596.228515625,36793.70703125
12,2025-12-03,8,3408.604736328125,36793.70703125
12,2025-12-03,9,2526.83837890625,36793.70703125
12,2025-12-03,10,2088.980712890625,36793.70703125
12,2025-12-03,11,1981.3028564453125,36793.70703125
12,2025-12-03,12,2081.12548828125,36793.70703125
12,2025-12-03,13,2088.720703125,36793.70703125
12,2025-12-03,14,1936.4600830078125,36793.70703125
12,2025-12-03,15,2272.111328125,36793.70703125
12,2025-12-03,16,2729.796630859375,36793.70703125
12,2025-12-03,17,3006.773681640625,36793.70703125
12,2025-12-03,18,3133.66943359375,36793.70703125
12,2025-12-03,19,2316.916748046875,36793.70703125
12,2025-12-03,20,1494.19677734375,36793.70703125
12,2025-12-03,21,938.60693359375,36793.70703125
12,2025-12-03,22,452.91830444335938,36793.70703125
12,2025-12-03,23,251.99693298339844,36793.70703125
12,2025-12-04,0,47.831596374511719,36626.23046875
12,2025-12-04,1,0.96532082557678223,36626.23046875
12,2025-12-04,2,0.00031498447060585022,36626.23046875
12,2025-12-04,3,0.00071688182651996613,36626.23046875
12,2025-12-04,4,5.3439931869506836,36626.23046875
12,2025-12-04,5,307.68234252929688,36626.23046875
12,2025-12-04,6,1366.3616943359375,36626.23046875
12,2025-12-04,7,2592.3427734375,36626.23046875
12,2025-12-04,8,3406.315185546875,36626.23046875
12,2025-12-04,9,2486.4384765625,36626.23046875
12,2025-12-04,10,2053.030029296875,36626.23046875
12,2025-12-04,11,1984.8829345703125,36626.23046875
12,2025-12-04,12,2070.843505859375,36626.23046875
12,2025-12-04,13,2090.108154296875,36626.23046875
12,2025-12-04,14,1941.9825439453125,36626.23046875
12,2025-12-04,15,2283.844970703125,36626.23046875
12,2025-12-04,16,2748.350341796875,36626.23046875
12,2025-12-04,17,3015.274658203125,36626.23046875
12,2025-12-04,18,3129.180419921875,36626.23046875
12,2025-12-04,19,2322.939453125,36626.23046875
12,2025-12-04,20,1512.14453125,36626.23046875
12,2025-12-04,21,935.93975830078125,36626.23046875
12,2025-12-04,22,456.43734741210938,36626.23046875
12,2025-12-04,23,263.9114990234375,36626.23046875
12,2025-12-05,0,52.230949401855469,36126.47265625
12,2025-12-05,1,1.0263845920562744,36126.47265625
12,2025-12-05,2,0.00076558440923690796,36126.47265625
12,2025-12-05,3,0.0011615883558988571,36126.47265625
12,2025-12-05,4,4.6063361167907715,36126.47265625
12,2025-12-05,5,303.79962158203125,36126.47265625
12,2025-12-05,6,1354.2962646484375,36126.47265625
12,2025-12-05,7,2522.990478515625,36126.47265625
12,2025-12-05,8,3298.26025390625,36126.47265625
12,2025-12-05,9,2457.065185546875,36126.47265625
12,2025-12-05,10,1992.51318359375,36126.47265625
12,2025-12-05,11,1959.426513671875,36126.47265625
12,2025-12-05,12,2021.4859619140625,36126.47265625
12,2025-12-05,13,2072.32666015625,36126.47265625
12,2025-12-05,14,1983.343994140625,36126.47265625
12,2025-12-05,15,2363.346435546875,36126.47265625
12,2025-12-05,16,2867.897705078125,36126.47265625
12,2025-12-05,17,2971.4375,36126.47265625
12,2025-12-05,18,2610.827392578125,36126.47265625
12,2025-12-05,19,2098.376708984375,36126.47265625
12,2025-12-05,20,1421.9002685546875,36126.47265625
12,2025-12-05,21,958.6514892578125,36126.47265625
12,2025-12-05,22,461.2080078125,36126.47265625
12,2025-12-05,23,289.78628540039062,36126.47265625
12,2025-12-06,0,72.103675842285156,21762.1484375
12,2025-12-06,1,2.2388005256652832,21762.1484375
12,2025-12-06,2,0.00071550533175468445,21762.1484375
12,2025-12-06,3,0.0011804383248090744,21762.1484375
12,2025-12-06,4,1.9697079658508301,21762.1484375
12,2025-12-06,5,219.52423095703125,21762.1484375
12,2025-12-06,6,801.72900390625,21762.1484375
12,2025-12-06,7,862.5140380859375,21762.1484375
12,2025-12-06,8,943.4832763671875,21762.1484375
12,2025-12-06,9,1200.8662109375,21762.1484375
12,2025-12-06,10,1398.99267578125,21762.1484375
12,2025-12-06,11,1457.4971923828125,21762.1484375
12,2025-12-06,12,1471.28369140625,21762.1484375
12,2025-12-06,13,1727.53076171875,21762.1484375
12,2025-12-06,14,1546.379638671875,21762.1484375
12,2025-12-06,15,1532.31884765625,21762.1484375
12,2025-12-06,16,1604.00244140625,21762.1484375
12,2025-12-06,17,1525.068359375,21762.1484375
12,2025-12-06,18,1465.5386962890625,21762.1484375
12,2025-12-06,19,1274.4244384765625,21762.1484375
12,2025-12-06,20,921.00323486328125,21762.1484375
12,2025-12-06,21,668.713623046875,21762.1484375
12,2025-12-06,22,379.75485229492188,21762.1484375
12,2025-12-06,23,265.35305786132812,21762.1484375
12,2025-12-07,0,78.793060302734375,19127.2734375
12,2025-12-07,1,5.0822162628173828,19127.2734375
12,2025-12-07,2,0.00062084570527076721,19127.2734375
12,2025-12-07,3,0.00076813995838165283,19127.2734375
12,2025-12-07,4,1.4580755233764648,19127.2734375
12,2025-12-07,5,136.45576477050781,19127.2734375
12,2025-12-07,6,536.22747802734375,19127.2734375
12,2025-12-07,7,659.257568359375,19127.2734375
12,2025-12-07,8,752.7945556640625,19127.2734375
12,2025-12-07,9,963.95660400390625,19127.2734375
12,2025-12-07,10,1194.7685546875,19127.2734375
12,2025-12-07,11,1290.0819091796875,19127.2734375
12,2025-12-07,12,1365.099609375,19127.2734375
12,2025-12-07,13,1577.06298828125,19127.2734375
12,2025-12-07,14,1442.082275390625,19127.2734375
12,2025-12-07,15,1445.9022216796875,19127.2734375
12,2025-12-07,16,1524.648681640625,19127.2734375
12,2025-12-07,17,1507.8004150390625,19127.2734375
12,2025-12-07,18,1327.5384521484375,19127.2734375
12,2025-12-07,19,952.35791015625,19127.2734375
12,2025-12-07,20,760.60205078125,19127.2734375
12,2025-12-07,21,581.6917724609375,19127.2734375
12,2025-12-07,22,360.9365234375,19127.2734375
12,2025-12-07,23,218.10867309570312,19127.2734375
12,2025-12-08,0,57.000179290771484,36079.484375
12,2025-12-08,1,1.9036406278610229,36079.484375
12,2025-12-08,2,0.00076600164175033569,36079.484375
12,2025-12-08,3,0.0011468827724456787,36079.484375
12,2025-12-08,4,4.5923843383789062,36079.484375
12,2025-12-08,5,304.41024780273438,36079.484375
12,2025-12-08,6,1353.0770263671875,36079.484375
12,2025-12-08,7,2561.8798828125,36079.484375
12,2025-12-08,8,3399.16455078125,36079.484375
12,2025-12-08,9,2469.757080078125,36079.484375
12,2025-12-08,10,2032.635986328125,36079.484375
12,2025-12-08,11,1938.048583984375,36079.484375
12,2025-12-08,12,2049.561279296875,36079.484375
12,2025-12-08,13,2049.6728515625,36079.484375
12,2025-12-08,14,1875.9066162109375,36079.484375
12,2025-12-08,15,2236.086181640625,36079.484375
12,2025-12-08,16,2681.27685546875,36079.484375
12,2025-12-08,17,2968.760009765625,36079.484375
12,2025-12-08,18,3092.0908203125,36079.484375
12,2025-12-08,19,2260.060546875,36079.484375
12,2025-12-08,20,1483.8544921875,36079.484375
12,2025-12-08,21,892.11749267578125,36079.484375
12,2025-12-08,22,413.31494140625,36079.484375
12,2025-12-08,23,224.98281860351562,36079.484375
12,2025-12-09,0,44.08209228515625,36970.78125
12,2025-12-09,1,0.71564626693725586,36970.78125
12,2025-12-09,2,0.00033328868448734283,36970.78125
12,2025-12-09,3,0.0005475953221321106,36970.78125
12,2025-12-09,4,5.0699615478515625,36970.78125
12,2025-12-09,5,312.30545043945312,36970.78125
12,2025-12-09,6,1385.462646484375,36970.78125
12,2025-12-09,7,2624.2939453125,36970.78125
12,2025-12-09,8,3463.039306640625,36970.78125
12,2025-12-09,9,2482.236572265625,36970.78125
12,2025-12-09,10,2071.620849609375,36970.78125
12,2025-12-09,11,2001.769287109375,36970.78125
12,2025-12-09,12,2064.375244140625,36970.78125
12,2025-12-09,13,2101.515869140625,36970.78125
12,2025-12-09,14,1956.5806884765625,36970.78125
12,2025-12-09,15,2258.495849609375,36970.78125
12,2025-12-09,16,2748.440673828125,36970.78125
12,2025-12-09,17,3029.50830078125,36970.78125
12,2025-12-09,18,3152.068359375,36970.78125
12,2025-12-09,19,2339.82763671875,36970.78125
12,2025-12-09,20,1489.6522216796875,36970.78125
12,2025-12-09,21,908.43572998046875,36970.78125
12,2025-12-09,22,427.5712890625,36970.78125
12,2025-12-09,23,237.90573120117188,36970.78125
12,2025-12-10,0,51.429672241210938,37192.625
12,2025-12-10,1,0.94522190093994141,37192.625
12,2025-12-10,2,0.00051078945398330688,37192.625
12,2025-12-10,3,0.00082697533071041107,37192.625
12,2025-12-10,4,5.3031625747680664,37192.625
12,2025-12-10,5,313.46237182617188,37192.625
12,2025-12-10,6,1383.0208740234375,37192.625
12,2025-12-10,7,2610.98291015625,37192.625
12,2025-12-10,8,3416.381591796875,37192.625
12,2025-12-10,9,2506.0654296875,37192.625
12,2025-12-10,10,2072.496826171875,37192.625
12,2025-12-10,11,1993.5181884765625,37192.625
12,2025-12-10,12,2062.255615234375,37192.625
12,2025-12-10,13,2091.806396484375,37192.625
12,2025-12-10,14,1943.5489501953125,37192.625
12,2025-12-10,15,2274.14892578125,37192.625
12,2025-12-10,16,2737.86865234375,37192.625
12,2025-12-10,17,3013.141357421875,37192.625
12,2025-12-10,18,3148.59228515625,37192.625
12,2025-12-10,19,2329.55224609375,37192.625
12,2025-12-10,20,1496.1494140625,37192.625
12,2025-12-10,21,938.21044921875,37192.625
12,2025-12-10,22,443.60772705078125,37192.625
12,2025-12-10,23,252.83024597167969,37192.625
12,2025-12-11,0,48.275466918945312,36854.7265625
12,2025-12-11,1,0.90922737121582031,36854.7265625
12,2025-12-11,2,0.00068026967346668243,36854.7265625
12,2025-12-11,3,0.0010076425969600677,36854.7265625
12,2025-12-11,4,5.1290502548217773,36854.7265625
12,2025-12-11,5,309.20947265625,36854.7265625
12,2025-12-11,6,1366.06787109375,36854.7265625
12,2025-12-11,7,2596.30419921875,36854.7265625
12,2025-12-11,8,3415.592529296875,36854.7265625
12,2025-12-11,9,2465.7724609375,36854.7265625
12,2025-12-11,10,2040.5533447265625,36854.7265625
12,2025-12-11,11,1986.283447265625,36854.7265625
12,2025-12-11,12,2050.730224609375,36854.7265625
12,2025-12-11,13,2085.900634765625,36854.7265625
12,2025-12-11,14,1942.3543701171875,36854.7265625
12,2025-12-11,15,2281.802001953125,36854.7265625
12,2025-12-11,16,2755.66748046875,36854.7265625
12,2025-12-11,17,3018.43359375,36854.7265625
12,2025-12-11,18,3112.087890625,36854.7265625
12,2025-12-11,19,2325.728759765625,36854.7265625
12,2025-12-11,20,1505.104248046875,36854.7265625
12,2025-12-11,21,922.80609130859375,36854.7265625
12,2025-12-11,22,452.62637329101562,36854.7265625
12,2025-12-11,23,262.83111572265625,36854.7265625
12,2025-12-12,0,51.377586364746094,35875.578125
12,2025-12-12,1,0.9953148365020752,35875.578125
12,2025-12-12,2,0.00057873688638210297,35875.578125
12,2025-12-12,3,0.00083889439702033997,35875.578125
12,2025-12-12,4,4.5998516082763672,35875.578125
12,2025-12-12,5,301.81723022460938,35875.578125
12,2025-12-12,6,1342.795654296875,35875.578125
12,2025-12-12,7,2498.31640625,35875.578125
12,2025-12-12,8,3265.550537109375,35875.578125
12,2025-12-12,9,2408.95849609375,35875.578125
12,2025-12-12,10,1977.9407958984375,35875.578125
12,2025-12-12,11,1940.42919921875,35875.578125
12,2025-12-12,12,2003.8294677734375,35875.578125
12,2025-12-12,13,2062.0595703125,35875.578125
12,2025-12-12,14,1977.2589111328125,35875.578125
12,2025-12-12,15,2355.24462890625,35875.578125
12,2025-12-12,16,2880.9521484375,35875.578125
12,2025-12-12,17,2964.5947265625,35875.578125
12,2025-12-12,18,2615.24462890625,35875.578125
12,2025-12-12,19,2093.931640625,35875.578125
12,2025-12-12,20,1412.094970703125,35875.578125
12,2025-12-12,21,948.1947021484375,35875.578125
12,2025-12-12,22,457.96157836914062,35875.578125
12,2025-12-12,23,290.17031860351562,35875.578125
12,2025-12-13,0,70.854644775390625,21202.66015625
12,2025-12-13,1,2.0428595542907715,21202.66015625
12,2025-12-13,2,0.00074880011379718781,21202.66015625
12,2025-12-13,3,0.0012382399290800095,21202.66015625
12,2025-12-13,4,1.9708743095397949,21202.66015625
12,2025-12-13,5,211.6494140625,21202.66015625
12,2025-12-13,6,799.62261962890625,21202.66015625
12,2025-12-13,7,846.004638671875,21202.66015625
12,2025-12-13,8,919.47998046875,21202.66015625
12,2025-12-13,9,1163.789794921875,21202.66015625
12,2025-12-13,10,1385.06005859375,21202.66015625
12,2025-12-13,11,1448.1031494140625,21202.66015625
12,2025-12-13,12,1453.486083984375,21202.66015625
12,2025-12-13,13,1721.838623046875,21202.66015625
12,2025-12-13,14,1542.8638916015625,21202.66015625
12,2025-12-13,15,1511.26318359375,21202.66015625
12,2025-12-13,16,1609.87646484375,21202.66015625
12,2025-12-13,17,1512.0218505859375,21202.66015625
12,2025-12-13,18,1412.93994140625,21202.66015625
12,2025-12-13,19,1245.46240234375,21202.66015625
12,2025-12-13,20,905.799072265625,21202.66015625
12,2025-12-13,21,653.3726806640625,21202.66015625
12,2025-12-13,22,379.7767333984375,21202.66015625
12,2025-12-13,23,265.42681884765625,21202.66015625
12,2025-12-14,0,79.031974792480469,19310.224609375
12,2025-12-14,1,4.790071964263916,19310.224609375
12,2025-12-14,2,0.00048797391355037689,19310.224609375
12,2025-12-14,3,0.00092269293963909149,19310.224609375
12,2025-12-14,4,1.6099429130554199,19310.224609375
12,2025-12-14,5,135.744384765625,19310.224609375
12,2025-12-14,6,547.7725830078125,19310.224609375
12,2025-12-14,7,693.1951904296875,19310.224609375
12,2025-12-14,8,778.4906005859375,19310.224609375
12,2025-12-14,9,992.64752197265625,19310.224609375
12,2025-12-14,10,1183.7281494140625,19310.224609375
12,2025-12-14,11,1279.6751708984375,19310.224609375
12,2025-12-14,12,1352.02587890625,19310.224609375
12,2025-12-14,13,1590.3240966796875,19310.224609375
12,2025-12-14,14,1430.656005859375,19310.224609375
12,2025-12-14,15,1438.394775390625,19310.224609375
12,2025-12-14,16,1546.152587890625,19310.224609375
12,2025-12-14,17,1528.258544921875,19310.224609375
12,2025-12-14,18,1322.099609375,19310.224609375
12,2025-12-14,19,964.788818359375,19310.224609375
12,2025-12-14,20,759.05999755859375,19310.224609375
12,2025-12-14,21,574.4820556640625,19310.224609375
12,2025-12-14,22,357.70184326171875,19310.224609375
12,2025-12-14,23,218.04531860351562,19310.224609375
12,2025-12-15,0,56.491176605224609,36097.59375
12,2025-12-15,1,1.8623229265213013,36097.59375
12,2025-12-15,2,0.00034521520137786865,36097.59375
12,2025-12-15,3,0.00074941106140613556,36097.59375
12,2025-12-15,4,4.8105025291442871,36097.59375
12,2025-12-15,5,305.09820556640625,36097.59375
12,2025-12-15,6,1351.723876953125,36097.59375
12,2025-12-15,7,2534.4619140625,36097.59375
12,2025-12-15,8,3384.093994140625,36097.59375
12,2025-12-15,9,2479.13232421875,36097.59375
12,2025-12-15,10,2024.98193359375,36097.59375
12,2025-12-15,11,1919.2967529296875,36097.59375
12,2025-12-15,12,2034.239990234375,36097.59375
12,2025-12-15,13,2048.91748046875,36097.59375
12,2025-12-15,14,1842.528076171875,36097.59375
12,2025-12-15,15,2224.665771484375,36097.59375
12,2025-12-15,16,2674.53759765625,36097.59375
12,2025-12-15,17,2980.87451171875,36097.59375
12,2025-12-15,18,3087.14990234375,36097.59375
12,2025-12-15,19,2250.82763671875,36097.59375
12,2025-12-15,20,1471.07763671875,36097.59375
12,2025-12-15,21,867.583251953125,36097.59375
12,2025-12-15,22,402.13479614257812,36097.59375
12,2025-12-15,23,226.96217346191406,36097.59375
12,2025-12-16,0,43.344818115234375,36890.3828125
12,2025-12-16,1,0.75551152229309082,36890.3828125
12,2025-12-16,2,0.00039098039269447327,36890.3828125
12,2025-12-16,3,0.00075343437492847443,36890.3828125
12,2025-12-16,4,5.2895693778991699,36890.3828125
12,2025-12-16,5,311.46762084960938,36890.3828125
12,2025-12-16,6,1381.417724609375,36890.3828125
12,2025-12-16,7,2603.1669921875,36890.3828125
12,2025-12-16,8,3434.86181640625,36890.3828125
12,2025-12-16,9,2496.770751953125,36890.3828125
12,2025-12-16,10,2086.661376953125,36890.3828125
12,2025-12-16,11,1998.870849609375,36890.3828125
12,2025-12-16,12,2059.081787109375,36890.3828125
12,2025-12-16,13,2093.548583984375,36890.3828125
12,2025-12-16,14,1939.435791015625,36890.3828125
12,2025-12-16,15,2237.908203125,36890.3828125
12,2025-12-16,16,2742.624755859375,36890.3828125
12,2025-12-16,17,3021.2509765625,36890.3828125
12,2025-12-16,18,3149.134521484375,36890.3828125
12,2025-12-16,19,2339.470947265625,36890.3828125
12,2025-12-16,20,1482.02001953125,36890.3828125
12,2025-12-16,21,894.15020751953125,36890.3828125
12,2025-12-16,22,425.07937622070312,36890.3828125
12,2025-12-16,23,238.21156311035156,36890.3828125
12,2025-12-17,0,50.686996459960938,37018.8984375
12,2025-12-17,1,0.92998456954956055,37018.8984375
12,2025-12-17,2,0.00066353566944599152,37018.8984375
12,2025-12-17,3,0.0010919291526079178,37018.8984375
12,2025-12-17,4,5.4512343406677246,37018.8984375
12,2025-12-17,5,310.31167602539062,37018.8984375
12,2025-12-17,6,1385.0369873046875,37018.8984375
12,2025-12-17,7,2594.92626953125,37018.8984375
12,2025-12-17,8,3398.09765625,37018.8984375
12,2025-12-17,9,2502.93359375,37018.8984375
12,2025-12-17,10,2085.73876953125,37018.8984375
12,2025-12-17,11,1988.953369140625,37018.8984375
12,2025-12-17,12,2058.1279296875,37018.8984375
12,2025-12-17,13,2089.5263671875,37018.8984375
12,2025-12-17,14,1937.3529052734375,37018.8984375
12,2025-12-17,15,2267.878662109375,37018.8984375
12,2025-12-17,16,2736.742919921875,37018.8984375
12,2025-12-17,17,3012.010009765625,37018.8984375
12,2025-12-17,18,3132.21728515625,37018.8984375
12,2025-12-17,19,2321.732177734375,37018.8984375
12,2025-12-17,20,1491.07080078125,37018.8984375
12,2025-12-17,21,924.0936279296875,37018.8984375
12,2025-12-17,22,436.34494018554688,37018.8984375
12,2025-12-17,23,247.71804809570312,37018.8984375
12,2025-12-18,0,47.347259521484375,36884.84765625
12,2025-12-18,1,0.94375252723693848,36884.84765625
12,2025-12-18,2,0.00076216273009777069,36884.84765625
12,2025-12-18,3,0.0014181956648826599,36884.84765625
12,2025-12-18,4,5.5276308059692383,36884.84765625
12,2025-12-18,5,308.20855712890625,36884.84765625
12,2025-12-18,6,1370.50390625,36884.84765625
12,2025-12-18,7,2604.14453125,36884.84765625
12,2025-12-18,8,3412.57958984375,36884.84765625
12,2025-12-18,9,2488.623291015625,36884.84765625
12,2025-12-18,10,2041.2960205078125,36884.84765625
12,2025-12-18,11,1961.5098876953125,36884.84765625
12,2025-12-18,12,2038.1085205078125,36884.84765625
12,2025-12-18,13,2080.4921875,36884.84765625
12,2025-12-18,14,1932.973388671875,36884.84765625
12,2025-12-18,15,2269.406982421875,36884.84765625
12,2025-12-18,16,2757.01611328125,36884.84765625
12,2025-12-18,17,3022.1611328125,36884.84765625
12,2025-12-18,18,3100.130126953125,36884.84765625
12,2025-12-18,19,2306.83837890625,36884.84765625
12,2025-12-18,20,1500.5048828125,36884.84765625
12,2025-12-18,21,920.1009521484375,36884.84765625
12,2025-12-18,22,449.28073120117188,36884.84765625
12,2025-12-18,23,261.84170532226562,36884.84765625
12,2025-12-19,0,52.354331970214844,36474.1171875
12,2025-12-19,1,1.072927713394165,36474.1171875
12,2025-12-19,2,0.00077993981540203094,36474.1171875
12,2025-12-19,3,0.0011747255921363831,36474.1171875
12,2025-12-19,4,4.7344799041748047,36474.1171875
12,2025-12-19,5,301.39535522460938,36474.1171875
12,2025-12-19,6,1321.0372314453125,36474.1171875
12,2025-12-19,7,2452.990966796875,36474.1171875
12,2025-12-19,8,3201.7177734375,36474.1171875
12,2025-12-19,9,2377.026123046875,36474.1171875
12,2025-12-19,10,1962.463134765625,36474.1171875
12,2025-12-19,11,1928.617919921875,36474.1171875
12,2025-12-19,12,1954.5159912109375,36474.1171875
12,2025-12-19,13,2033.9783935546875,36474.1171875
12,2025-12-19,14,1955.5213623046875,36474.1171875
12,2025-12-19,15,2349.388916015625,36474.1171875
12,2025-12-19,16,2834.051513671875,36474.1171875
12,2025-12-19,17,2922.594970703125,36474.1171875
12,2025-12-19,18,2564.06396484375,36474.1171875
12,2025-12-19,19,2077.171142578125,36474.1171875
12,2025-12-19,20,1411.657470703125,36474.1171875
12,2025-12-19,21,928.1031494140625,36474.1171875
12,2025-12-19,22,444.27850341796875,36474.1171875
12,2025-12-19,23,283.88656616210938,36474.1171875
12,2025-12-20,0,69.382240295410156,22246.1640625
12,2025-12-20,1,2.257218599319458,22246.1640625
12,2025-12-20,2,0.00042210333049297333,22246.1640625
12,2025-12-20,3,0.00050909072160720825,22246.1640625
12,2025-12-20,4,2.1667466163635254,22246.1640625
12,2025-12-20,5,217.13754272460938,22246.1640625
12,2025-12-20,6,817.6895751953125,22246.1640625
12,2025-12-20,7,898.7491455078125,22246.1640625
12,2025-12-20,8,996.8677978515625,22246.1640625
12,2025-12-20,9,1208.30712890625,22246.1640625
12,2025-12-20,10,1429.6453857421875,22246.1640625
12,2025-12-20,11,1451.7681884765625,22246.1640625
12,2025-12-20,12,1456.943603515625,22246.1640625
12,2025-12-20,13,1726.8211669921875,22246.1640625
12,2025-12-20,14,1557.0345458984375,22246.1640625
12,2025-12-20,15,1557.8822021484375,22246.1640625
12,2025-12-20,16,1648.939697265625,22246.1640625
12,2025-12-20,17,1569.7552490234375,22246.1640625
12,2025-12-20,18,1455.779052734375,22246.1640625
12,2025-12-20,19,1271.464599609375,22246.1640625
12,2025-12-20,20,940.8671875,22246.1640625
12,2025-12-20,21,654.98931884765625,22246.1640625
12,2025-12-20,22,380.78610229492188,22246.1640625
12,2025-12-20,23,266.19033813476562,22246.1640625
12,2025-12-21,0,77.062835693359375,18840.87890625
12,2025-12-21,1,5.1320614814758301,18840.87890625
12,2025-12-21,2,0.00067495554685592651,18840.87890625
12,2025-12-21,3,0.0010030902922153473,18840.87890625
12,2025-12-21,4,1.5806488990783691,18840.87890625
12,2025-12-21,5,129.24824523925781,18840.87890625
12,2025-12-21,6,526.60369873046875,18840.87890625
12,2025-12-21,7,701.5526123046875,18840.87890625
12,2025-12-21,8,770.371826171875,18840.87890625
12,2025-12-21,9,995.96533203125,18840.87890625
12,2025-12-21,10,1159.68310546875,18840.87890625
12,2025-12-21,11,1257.0877685546875,18840.87890625
12,2025-12-21,12,1331.2645263671875,18840.87890625
12,2025-12-21,13,1562.63427734375,18840.87890625
12,2025-12-21,14,1429.901123046875,18840.87890625
12,2025-12-21,15,1436.8765869140625,18840.87890625
12,2025-12-21,16,1534.0679931640625,18840.87890625
12,2025-12-21,17,1529.7073974609375,18840.87890625
12,2025-12-21,18,1335.489013671875,18840.87890625
12,2025-12-21,19,992.5704345703125,18840.87890625
12,2025-12-21,20,778.59417724609375,18840.87890625
12,2025-12-21,21,566.5836181640625,18840.87890625
12,2025-12-21,22,361.751953125,18840.87890625
12,2025-12-21,23,219.40660095214844,18840.87890625
12,2025-12-22,0,57.097450256347656,36371.5625
12,2025-12-22,1,2.1105880737304688,36371.5625
12,2025-12-22,2,0.00078504718840122223,36371.5625
12,2025-12-22,3,0.0012645963579416275,36371.5625
12,2025-12-22,4,5.4360814094543457,36371.5625
12,2025-12-22,5,305.39739990234375,36371.5625
12,2025-12-22,6,1353.90234375,36371.5625
12,2025-12-22,7,2542.3359375,36371.5625
12,2025-12-22,8,3344.77197265625,36371.5625
12,2025-12-22,9,2442.093994140625,36371.5625
12,2025-12-22,10,2026.72265625,36371.5625
12,2025-12-22,11,1961.0908203125,36371.5625
12,2025-12-22,12,2039.99365234375,36371.5625
12,2025-12-22,13,2081.072509765625,36371.5625
12,2025-12-22,14,1934.618896484375,36371.5625
12,2025-12-22,15,2305.3193359375,36371.5625
12,2025-12-22,16,2768.61669921875,36371.5625
12,2025-12-22,17,3001.54345703125,36371.5625
12,2025-12-22,18,3110.3349609375,36371.5625
12,2025-12-22,19,2300.8974609375,36371.5625
12,2025-12-22,20,1475.7677001953125,36371.5625
12,2025-12-22,21,894.975830078125,36371.5625
12,2025-12-22,22,410.57928466796875,36371.5625
12,2025-12-22,23,228.51727294921875,36371.5625
12,2025-12-23,0,43.763309478759766,36772.1796875
12,2025-12-23,1,0.71268391609191895,36772.1796875
12,2025-12-23,2,0.0009982772171497345,36772.1796875
12,2025-12-23,3,0.0010492987930774689,36772.1796875
12,2025-12-23,4,5.8307342529296875,36772.1796875
12,2025-12-23,5,311.32171630859375,36772.1796875
12,2025-12-23,6,1377.80859375,36772.1796875
12,2025-12-23,7,2575.00390625,36772.1796875
12,2025-12-23,8,3416.68017578125,36772.1796875
12,2025-12-23,9,2464.08642578125,36772.1796875
12,2025-12-23,10,2055.109619140625,36772.1796875
12,2025-12-23,11,1976.5201416015625,36772.1796875
12,2025-12-23,12,2029.501953125,36772.1796875
12,2025-12-23,13,2101.82470703125,36772.1796875
12,2025-12-23,14,1962.3009033203125,36772.1796875
12,2025-12-23,15,2309.458740234375,36772.1796875
12,2025-12-23,16,2786.826171875,36772.1796875
12,2025-12-23,17,3021.95703125,36772.1796875
12,2025-12-23,18,3114.517822265625,36772.1796875
12,2025-12-23,19,2322.55029296875,36772.1796875
12,2025-12-23,20,1468.8372802734375,36772.1796875
12,2025-12-23,21,901.1075439453125,36772.1796875
12,2025-12-23,22,420.76513671875,36772.1796875
12,2025-12-23,23,240.03030395507812,36772.1796875
12,2025-12-24,0,49.297016143798828,37004.3125
12,2025-12-24,1,0.78955292701721191,37004.3125
12,2025-12-24,2,0.001125609502196312,37004.3125
12,2025-12-24,3,0.0016702171415090561,37004.3125
12,2025-12-24,4,5.7608709335327148,37004.3125
12,2025-12-24,5,305.10687255859375,37004.3125
12,2025-12-24,6,1360.2381591796875,37004.3125
12,2025-12-24,7,2539.115966796875,37004.3125
12,2025-12-24,8,3335.92822265625,37004.3125
12,2025-12-24,9,2448.843017578125,37004.3125
12,2025-12-24,10,2037.789794921875,37004.3125
12,2025-12-24,11,1955.237548828125,37004.3125
12,2025-12-24,12,2003.878662109375,37004.3125
12,2025-12-24,13,2071.69580078125,37004.3125
12,2025-12-24,14,1938.74462890625,37004.3125
12,2025-12-24,15,2284.92626953125,37004.3125
12,2025-12-24,16,2769.84423828125,37004.3125
12,2025-12-24,17,3001.8671875,37004.3125
12,2025-12-24,18,3043.33837890625,37004.3125
12,2025-12-24,19,2265.196533203125,37004.3125
12,2025-12-24,20,1452.576904296875,37004.3125
12,2025-12-24,21,907.2259521484375,37004.3125
12,2025-12-24,22,427.54339599609375,37004.3125
12,2025-12-24,23,248.10435485839844,37004.3125
12,2025-12-25,0,46.908966064453125,36606.94921875
12,2025-12-25,1,0.86849880218505859,36606.94921875
12,2025-12-25,2,0.00041767209768295288,36606.94921875
12,2025-12-25,3,0.00073852576315402985,36606.94921875
12,2025-12-25,4,5.4289088249206543,36606.94921875
12,2025-12-25,5,299.49697875976562,36606.94921875
12,2025-12-25,6,1341.333984375,36606.94921875
12,2025-12-25,7,2532.26953125,36606.94921875
12,2025-12-25,8,3313.87255859375,36606.94921875
12,2025-12-25,9,2406.57373046875,36606.94921875
12,2025-12-25,10,2010.74365234375,36606.94921875
12,2025-12-25,11,1939.8126220703125,36606.94921875
12,2025-12-25,12,1984.2073974609375,36606.94921875
12,2025-12-25,13,2051.908447265625,36606.94921875
12,2025-12-25,14,1901.5369873046875,36606.94921875
12,2025-12-25,15,2263.08544921875,36606.94921875
12,2025-12-25,16,2744.011962890625,36606.94921875
12,2025-12-25,17,2975.66796875,36606.94921875
12,2025-12-25,18,3025.23193359375,36606.94921875
12,2025-12-25,19,2260.522705078125,36606.94921875
12,2025-12-25,20,1468.82177734375,36606.94921875
12,2025-12-25,21,895.46429443359375,36606.94921875
12,2025-12-25,22,435.07272338867188,36606.94921875
12,2025-12-25,23,260.1153564453125,36606.94921875
12,2025-12-26,0,51.188568115234375,35905.28515625
12,2025-12-26,1,1.1177518367767334,35905.28515625
12,2025-12-26,2,0.00066997110843658447,35905.28515625
12,2025-12-26,3,0.0010011028498411179,35905.28515625
12,2025-12-26,4,4.7363882064819336,35905.28515625
12,2025-12-26,5,296.68682861328125,35905.28515625
12,2025-12-26,6,1316.9185791015625,35905.28515625
12,2025-12-26,7,2428.641845703125,35905.28515625
12,2025-12-26,8,3142.951904296875,35905.28515625
12,2025-12-26,9,2321.1982421875,35905.28515625
12,2025-12-26,10,1930.4324951171875,35905.28515625
12,2025-12-26,11,1887.514892578125,35905.28515625
12,2025-12-26,12,1899.494384765625,35905.28515625
12,2025-12-26,13,2007.47607421875,35905.28515625
12,2025-12-26,14,1903.1376953125,35905.28515625
12,2025-12-26,15,2294.625732421875,35905.28515625
12,2025-12-26,16,2788.60009765625,35905.28515625
12,2025-12-26,17,2873.3759765625,35905.28515625
12,2025-12-26,18,2472.634765625,35905.28515625
12,2025-12-26,19,2018.61962890625,35905.28515625
12,2025-12-26,20,1351.4033203125,35905.28515625
12,2025-12-26,21,908.60498046875,35905.28515625
12,2025-12-26,22,438.98263549804688,35905.28515625
12,2025-12-26,23,285.10891723632812,35905.28515625
12,2025-12-27,0,68.412322998046875,20115.09375
12,2025-12-27,1,2.0841474533081055,20115.09375
12,2025-12-27,2,0.00073769316077232361,20115.09375
12,2025-12-27,3,0.0010206755250692368,20115.09375
12,2025-12-27,4,2.1838393211364746,20115.09375
12,2025-12-27,5,217.79757690429688,20115.09375
12,2025-12-27,6,837.2774658203125,20115.09375
12,2025-12-27,7,948.5010986328125,20115.09375
12,2025-12-27,8,1026.243896484375,20115.09375
12,2025-12-27,9,1296.8206787109375,20115.09375
12,2025-12-27,10,1479.777587890625,20115.09375
12,2025-12-27,11,1483.91162109375,20115.09375
12,2025-12-27,12,1490.6448974609375,20115.09375
12,2025-12-27,13,1753.9056396484375,20115.09375
12,2025-12-27,14,1569.000732421875,20115.09375
12,2025-12-27,15,1597.50927734375,20115.09375
12,2025-12-27,16,1692.2294921875,20115.09375
12,2025-12-27,17,1624.13623046875,20115.09375
12,2025-12-27,18,1518.1474609375,20115.09375
12,2025-12-27,19,1332.408203125,20115.09375
12,2025-12-27,20,958.41033935546875,20115.09375
12,2025-12-27,21,648.69232177734375,20115.09375
12,2025-12-27,22,383.77789306640625,20115.09375
12,2025-12-27,23,264.02633666992188,20115.09375
12,2025-12-28,0,76.94097900390625,18057.19921875
12,2025-12-28,1,4.7067451477050781,18057.19921875
12,2025-12-28,2,0.0007181260734796524,18057.19921875
12,2025-12-28,3,0.0010624043643474579,18057.19921875
12,2025-12-28,4,1.7533087730407715,18057.19921875
12,2025-12-28,5,135.86331176757812,18057.19921875
12,2025-12-28,6,551.96875,18057.19921875
12,2025-12-28,7,688.9901123046875,18057.19921875
12,2025-12-28,8,784.7645263671875,18057.19921875
12,2025-12-28,9,1006.2095336914062,18057.19921875
12,2025-12-28,10,1219.154052734375,18057.19921875
12,2025-12-28,11,1293.4422607421875,18057.19921875
12,2025-12-28,12,1358.1959228515625,18057.19921875
12,2025-12-28,13,1588.336181640625,18057.19921875
12,2025-12-28,14,1469.62451171875,18057.19921875
12,2025-12-28,15,1467.9345703125,18057.19921875
12,2025-12-28,16,1577.247802734375,18057.19921875
12,2025-12-28,17,1603.306640625,18057.19921875
12,2025-12-28,18,1393.95703125,18057.19921875
12,2025-12-28,19,979.651123046875,18057.19921875
12,2025-12-28,20,759.11328125,18057.19921875
12,2025-12-28,21,551.7322998046875,18057.19921875
12,2025-12-28,22,364.991455078125,18057.19921875
12,2025-12-28,23,220.16128540039062,18057.19921875
12,2025-12-29,0,56.428646087646484,36528.0390625
12,2025-12-29,1,1.9759910106658936,36528.0390625
12,2025-12-29,2,0.00085892528295516968,36528.0390625
12,2025-12-29,3,0.0014399290084838867,36528.0390625
12,2025-12-29,4,5.0514016151428223,36528.0390625
12,2025-12-29,5,301.72091674804688,36528.0390625
12,2025-12-29,6,1365.83740234375,36528.0390625
12,2025-12-29,7,2539.326171875,36528.0390625
12,2025-12-29,8,3366.254638671875,36528.0390625
12,2025-12-29,9,2448.75048828125,36528.0390625
12,2025-12-29,10,2024.3839111328125,36528.0390625
12,2025-12-29,11,1931.536865234375,36528.0390625
12,2025-12-29,12,2014.9671630859375,36528.0390625
12,2025-12-29,13,2045.7353515625,36528.0390625
12,2025-12-29,14,1915.0716552734375,36528.0390625
12,2025-12-29,15,2299.5263671875,36528.0390625
12,2025-12-29,16,2732.512939453125,36528.0390625
12,2025-12-29,17,2993.632080078125,36528.0390625
12,2025-12-29,18,3026.6611328125,36528.0390625
12,2025-12-29,19,2266.222412109375,36528.0390625
12,2025-12-29,20,1437.0631103515625,36528.0390625
12,2025-12-29,21,861.43951416015625,36528.0390625
12,2025-12-29,22,406.62442016601562,36528.0390625
12,2025-12-29,23,227.27517700195312,36528.0390625
12,2025-12-30,0,42.043106079101562,37086.23828125
12,2025-12-30,1,0.69309616088867188,37086.23828125
12,2025-12-30,2,0.00075316242873668671,37086.23828125
12,2025-12-30,3,0.0010376721620559692,37086.23828125
12,2025-12-30,4,5.298832893371582,37086.23828125
12,2025-12-30,5,307.82443237304688,37086.23828125
12,2025-12-30,6,1391.5206298828125,37086.23828125
12,2025-12-30,7,2597.549560546875,37086.23828125
12,2025-12-30,8,3434.494384765625,37086.23828125
12,2025-12-30,9,2486.845458984375,37086.23828125
12,2025-12-30,10,2057.146484375,37086.23828125
12,2025-12-30,11,1957.1005859375,37086.23828125
12,2025-12-30,12,2005.497314453125,37086.23828125
12,2025-12-30,13,2066.417724609375,37086.23828125
12,2025-12-30,14,1961.603515625,37086.23828125
12,2025-12-30,15,2304.34375,37086.23828125
12,2025-12-30,16,2774.211669921875,37086.23828125
12,2025-12-30,17,3038.96923828125,37086.23828125
12,2025-12-30,18,3067.49951171875,37086.23828125
12,2025-12-30,19,2298.671875,37086.23828125
12,2025-12-30,20,1423.3389892578125,37086.23828125
12,2025-12-30,21,879.8807373046875,37086.23828125
12,2025-12-30,22,423.20458984375,37086.23828125
12,2025-12-30,23,233.54570007324219,37086.23828125
12,2025-12-31,0,50.311195373535156,17024.8046875
12,2025-12-31,1,1.0397822856903076,17024.8046875
12,2025-12-31,2,0.00086555071175098419,17024.8046875
12,2025-12-31,3,0.0012647341936826706,17024.8046875
12,2025-12-31,4,3.2408280372619629,17024.8046875
12,2025-12-31,5,227.91094970703125,17024.8046875
12,2025-12-31,6,841.1484375,17024.8046875
12,2025-12-31,7,827.6837158203125,17024.8046875
12,2025-12-31,8,1007.910888671875,17024.8046875
12,2025-12-31,9,936.6961669921875,17024.8046875
12,2025-12-31,10,1125.4765625,17024.8046875
12,2025-12-31,11,1061.28564453125,17024.8046875
12,2025-12-31,12,1074.92138671875,17024.8046875
12,2025-12-31,13,1341.34912109375,17024.8046875
12,2025-12-31,14,1169.96826171875,17024.8046875
12,2025-12-31,15,1174.13671875,17024.8046875
12,2025-12-31,16,1343.00634765625,17024.8046875
12,2025-12-31,17,1220.217529296875,17024.8046875
12,2025-12-31,18,1069.8453369140625,17024.8046875
12,2025-12-31,19,1040.09326171875,17024.8046875
12,2025-12-31,20,669.45330810546875,17024.8046875
12,2025-12-31,21,629.52545166015625,17024.8046875
12,2025-12-31,22,334.9788818359375,17024.8046875
12,2025-12-31,23,231.39369201660156,17024.8046875
17,2025-11-01,0,195.70294189453125,49744.328125
17,2025-11-01,1,24.361328125,49744.328125
17,2025-11-01,2,0.0089791715145111084,49744.328125
17,2025-11-01,3,0.0072205662727355957,49744.328125
17,2025-11-01,4,2.4632740020751953,49744.328125
17,2025-11-01,5,95.97552490234375,49744.328125
17,2025-11-01,6,392.89422607421875,49744.328125
17,2025-11-01,7,809.4447021484375,49744.328125
17,2025-11-01,8,1158.98583984375,49744.328125
17,2025-11-01,9,1707.9041748046875,49744.328125
17,2025-11-01,10,1962.42529296875,49744.328125
17,2025-11-01,11,2593.364013671875,49744.328125
17,2025-11-01,12,2888.373046875,49744.328125
17,2025-11-01,13,3305.292236328125,49744.328125
17,2025-11-01,14,3282.483642578125,49744.328125
17,2025-11-01,15,3258.030029296875,49744.328125
17,2025-11-01,16,3295.724853515625,49744.328125
17,2025-11-01,17,2805.8203125,49744.328125
17,2025-11-01,18,2113.3095703125,49744.328125
17,2025-11-01,19,1884.46826171875,49744.328125
17,2025-11-01,20,1671.091552734375,49744.328125
17,2025-11-01,21,1278.274658203125,49744.328125
17,2025-11-01,22,698.9420166015625,49744.328125
17,2025-11-01,23,434.74844360351562,49744.328125
17,2025-11-02,0,189.58790588378906,32283.84765625
17,2025-11-02,1,27.21343994140625,32283.84765625
17,2025-11-02,2,0.010735273361206055,32283.84765625
17,2025-11-02,3,0.0062994509935379028,32283.84765625
17,2025-11-02,4,0.63356208801269531,32283.84765625
17,2025-11-02,5,68.793853759765625,32283.84765625
17,2025-11-02,6,251.53985595703125,32283.84765625
17,2025-11-02,7,486.28662109375,32283.84765625
17,2025-11-02,8,725.703125,32283.84765625
17,2025-11-02,9,1235.44775390625,32283.84765625
17,2025-11-02,10,1407.2352294921875,32283.84765625
17,2025-11-02,11,2052.043212890625,32283.84765625
17,2025-11-02,12,2610.235107421875,32283.84765625
17,2025-11-02,13,3062.39794921875,32283.84765625
17,2025-11-02,14,3150.83154296875,32283.84765625
17,2025-11-02,15,3068.42822265625,32283.84765625
17,2025-11-02,16,2983.43359375,32283.84765625
17,2025-11-02,17,2403.976806640625,32283.84765625
17,2025-11-02,18,1712.833984375,32283.84765625
17,2025-11-02,19,1526.96923828125,32283.84765625
17,2025-11-02,20,1402.91796875,32283.84765625
17,2025-11-02,21,1104.539306640625,32283.84765625
17,2025-11-02,22,577.9925537109375,32283.84765625
17,2025-11-02,23,330.77554321289062,32283.84765625
17,2025-11-03,0,119.12594604492188,36076.30859375
17,2025-11-03,1,16.761482238769531,36076.30859375
17,2025-11-03,2,0.010402023792266846,36076.30859375
17,2025-11-03,3,0.0087657719850540161,36076.30859375
17,2025-11-03,4,4.9044618606567383,36076.30859375
17,2025-11-03,5,87.232513427734375,36076.30859375
17,2025-11-03,6,448.08343505859375,36076.30859375
17,2025-11-03,7,1016.144775390625,36076.30859375
17,2025-11-03,8,1029.55908203125,36076.30859375
17,2025-11-03,9,1302.402587890625,36076.30859375
17,2025-11-03,10,1344.1123046875,36076.30859375
17,2025-11-03,11,1700.777099609375,36076.30859375
17,2025-11-03,12,2298.958740234375,36076.30859375
17,2025-11-03,13,2802.57666015625,36076.30859375
17,2025-11-03,14,2905.2744140625,36076.30859375
17,2025-11-03,15,2927.086181640625,36076.30859375
17,2025-11-03,16,3055.568603515625,36076.30859375
17,2025-11-03,17,2622.36865234375,36076.30859375
17,2025-11-03,18,2066.140625,36076.30859375
17,2025-11-03,19,1856.1466064453125,36076.30859375
17,2025-11-03,20,1718.049072265625,36076.30859375
17,2025-11-03,21,1254.8111572265625,36076.30859375
17,2025-11-03,22,585.42529296875,36076.30859375
17,2025-11-03,23,326.57763671875,36076.30859375
17,2025-11-04,0,118.94747924804688,35180.4296875
17,2025-11-04,1,14.56146240234375,35180.4296875
17,2025-11-04,2,0.013237178325653076,35180.4296875
17,2025-11-04,3,0.0090774446725845337,35180.4296875
17,2025-11-04,4,4.8351554870605469,35180.4296875
17,2025-11-04,5,88.402938842773438,35180.4296875
17,2025-11-04,6,463.559814453125,35180.4296875
17,2025-11-04,7,1112.130126953125,35180.4296875
17,2025-11-04,8,1100.7216796875,35180.4296875
17,2025-11-04,9,1402.2926025390625,35180.4296875
17,2025-11-04,10,1411.551513671875,35180.4296875
17,2025-11-04,11,1694.9984130859375,35180.4296875
17,2025-11-04,12,2438.6455078125,35180.4296875
17,2025-11-04,13,2916.5478515625,35180.4296875
17,2025-11-04,14,3071.53271484375,35180.4296875
17,2025-11-04,15,2999.02294921875,35180.4296875
17,2025-11-04,16,3030.230224609375,35180.4296875
17,2025-11-04,17,2636.898193359375,35180.4296875
17,2025-11-04,18,2091.4453125,35180.4296875
17,2025-11-04,19,1983.1448974609375,35180.4296875
17,2025-11-04,20,1834.3338623046875,35180.4296875
17,2025-11-04,21,1319.4677734375,35180.4296875
17,2025-11-04,22,628.76812744140625,35180.4296875
17,2025-11-04,23,345.720703125,35180.4296875
17,2025-11-05,0,120.83003997802734,53539.9140625
17,2025-11-05,1,11.894186019897461,53539.9140625
17,2025-11-05,2,0.011252135038375854,53539.9140625
17,2025-11-05,3,0.0073865056037902832,53539.9140625
17,2025-11-05,4,25.473846435546875,53539.9140625
17,2025-11-05,5,303.30361938476562,53539.9140625
17,2025-11-05,6,1488.694580078125,53539.9140625
17,2025-11-05,7,3862.8935546875,53539.9140625
17,2025-11-05,8,5083.53466796875,53539.9140625
17,2025-11-05,9,3733.68603515625,53539.9140625
17,2025-11-05,10,3001.2763671875,53539.9140625
17,2025-11-05,11,3014.4443359375,53539.9140625
17,2025-11-05,12,3048.4599609375,53539.9140625
17,2025-11-05,13,3140.11181640625,53539.9140625
17,2025-11-05,14,3213.122314453125,53539.9140625
17,2025-11-05,15,3217.865966796875,53539.9140625
17,2025-11-05,16,3611.12548828125,53539.9140625
17,2025-11-05,17,4325.48095703125,53539.9140625
17,2025-11-05,18,4429.53759765625,53539.9140625
17,2025-11-05,19,3199.15771484375,53539.9140625
17,2025-11-05,20,2265.908203125,53539.9140625
17,2025-11-05,21,1432.03515625,53539.9140625
17,2025-11-05,22,663.6483154296875,53539.9140625
17,2025-11-05,23,370.60720825195312,53539.9140625
17,2025-11-06,0,130.22645568847656,54106.296875
17,2025-11-06,1,11.200918197631836,54106.296875
17,2025-11-06,2,0.0091514885425567627,54106.296875
17,2025-11-06,3,0.0062550008296966553,54106.296875
17,2025-11-06,4,24.649642944335938,54106.296875
17,2025-11-06,5,303.40655517578125,54106.296875
17,2025-11-06,6,1481.947998046875,54106.296875
17,2025-11-06,7,3859.9091796875,54106.296875
17,2025-11-06,8,5083.6416015625,54106.296875
17,2025-11-06,9,3747.165283203125,54106.296875
17,2025-11-06,10,2989.574462890625,54106.296875
17,2025-11-06,11,3029.822021484375,54106.296875
17,2025-11-06,12,3065.2763671875,54106.296875
17,2025-11-06,13,3135.39990234375,54106.296875
17,2025-11-06,14,3206.122314453125,54106.296875
17,2025-11-06,15,3284.935546875,54106.296875
17,2025-11-06,16,3724.9287109375,54106.296875
17,2025-11-06,17,4385.02197265625,54106.296875
17,2025-11-06,18,4471.5009765625,54106.296875
17,2025-11-06,19,3227.424072265625,54106.296875
17,2025-11-06,20,2301.6767578125,54106.296875
17,2025-11-06,21,1474.9029541015625,54106.296875
17,2025-11-06,22,711.80816650390625,54106.296875
17,2025-11-06,23,393.25921630859375,54106.296875
17,2025-11-07,0,143.64552307128906,54060.3203125
17,2025-11-07,1,15.097051620483398,54060.3203125
17,2025-11-07,2,0.0053855776786804199,54060.3203125
17,2025-11-07,3,0.0030479878187179565,54060.3203125
17,2025-11-07,4,23.872276306152344,54060.3203125
17,2025-11-07,5,298.18328857421875,54060.3203125
17,2025-11-07,6,1476.146484375,54060.3203125
17,2025-11-07,7,3835.726806640625,54060.3203125
17,2025-11-07,8,5049.0244140625,54060.3203125
17,2025-11-07,9,3719.054443359375,54060.3203125
17,2025-11-07,10,2983.387939453125,54060.3203125
17,2025-11-07,11,3053.8359375,54060.3203125
17,2025-11-07,12,3084.71533203125,54060.3203125
17,2025-11-07,13,3191.4423828125,54060.3203125
17,2025-11-07,14,3247.39404296875,54060.3203125
17,2025-11-07,15,3455.3837890625,54060.3203125
17,2025-11-07,16,4002.449951171875,54060.3203125
17,2025-11-07,17,4402.05712890625,54060.3203125
17,2025-11-07,18,4106.35986328125,54060.3203125
17,2025-11-07,19,3038.6923828125,54060.3203125
17,2025-11-07,20,2265.9140625,54060.3203125
17,2025-11-07,21,1492.6807861328125,54060.3203125
17,2025-11-07,22,749.64398193359375,54060.3203125
17,2025-11-07,23,442.5743408203125,54060.3203125
17,2025-11-08,0,184.34712219238281,38944.125
17,2025-11-08,1,22.384494781494141,38944.125
17,2025-11-08,2,0.0051529407501220703,38944.125
17,2025-11-08,3,0.0046369582414627075,38944.125
17,2025-11-08,4,5.7330837249755859,38944.125
17,2025-11-08,5,136.87002563476562,38944.125
17,2025-11-08,6,618.6258544921875,38944.125
17,2025-11-08,7,1242.552734375,38944.125
17,2025-11-08,8,1797.879638671875,38944.125
17,2025-11-08,9,2293.4560546875,38944.125
17,2025-11-08,10,2485.264404296875,38944.125
17,2025-11-08,11,2944.45947265625,38944.125
17,2025-11-08,12,3083.951171875,38944.125
17,2025-11-08,13,3382.64208984375,38944.125
17,2025-11-08,14,3391.243896484375,38944.125
17,2025-11-08,15,3363.830322265625,38944.125
17,2025-11-08,16,3452.890380859375,38944.125
17,2025-11-08,17,3255.663818359375,38944.125
17,2025-11-08,18,2695.933349609375,38944.125
17,2025-11-08,19,2218.3818359375,38944.125
17,2025-11-08,20,1801.0621337890625,38944.125
17,2025-11-08,21,1299.8365478515625,38944.125
17,2025-11-08,22,728.17333984375,38944.125
17,2025-11-08,23,425.07955932617188,38944.125
17,2025-11-09,0,176.5460205078125,33701.7578125
17,2025-11-09,1,24.427093505859375,33701.7578125
17,2025-11-09,2,0.0084387063980102539,33701.7578125
17,2025-11-09,3,0.0058874338865280151,33701.7578125
17,2025-11-09,4,3.5819969177246094,33701.7578125
17,2025-11-09,5,98.868850708007812,33701.7578125
17,2025-11-09,6,407.0439453125,33701.7578125
17,2025-11-09,7,789.744384765625,33701.7578125
17,2025-11-09,8,1189.18896484375,33701.7578125
17,2025-11-09,9,1714.4202880859375,33701.7578125
17,2025-11-09,10,1986.5487060546875,33701.7578125
17,2025-11-09,11,2515.23876953125,33701.7578125
17,2025-11-09,12,2856.1083984375,33701.7578125
17,2025-11-09,13,3165.393798828125,33701.7578125
17,2025-11-09,14,3195.49462890625,33701.7578125
17,2025-11-09,15,3160.3369140625,33701.7578125
17,2025-11-09,16,3107.788330078125,33701.7578125
17,2025-11-09,17,2826.9765625,33701.7578125
17,2025-11-09,18,2266.690185546875,33701.7578125
17,2025-11-09,19,1850.474609375,33701.7578125
17,2025-11-09,20,1543.3714599609375,33701.7578125
17,2025-11-09,21,1127.957763671875,33701.7578125
17,2025-11-09,22,596.627197265625,33701.7578125
17,2025-11-09,23,331.28555297851562,33701.7578125
17,2025-11-10,0,113.77115631103516,53428.21875
17,2025-11-10,1,13.033764839172363,53428.21875
17,2025-11-10,2,0.0098126828670501709,53428.21875
17,2025-11-10,3,0.0060541480779647827,53428.21875
17,2025-11-10,4,24.255229949951172,53428.21875
17,2025-11-10,5,299.31930541992188,53428.21875
17,2025-11-10,6,1479.406982421875,53428.21875
17,2025-11-10,7,3841.350830078125,53428.21875
17,2025-11-10,8,5103.140625,53428.21875
17,2025-11-10,9,3761.396240234375,53428.21875
17,2025-11-10,10,2981.883056640625,53428.21875
17,2025-11-10,11,2979.30859375,53428.21875
17,2025-11-10,12,2969.111572265625,53428.21875
17,2025-11-10,13,3015.230712890625,53428.21875
17,2025-11-10,14,3071.94091796875,53428.21875
17,2025-11-10,15,3170.324951171875,53428.21875
17,2025-11-10,16,3567.653076171875,53428.21875
17,2025-11-10,17,4369.23193359375,53428.21875
17,2025-11-10,18,4514.45263671875,53428.21875
17,2025-11-10,19,3172.824951171875,53428.21875
17,2025-11-10,20,2209.603271484375,53428.21875
17,2025-11-10,21,1342.5087890625,53428.21875
17,2025-11-10,22,608.76983642578125,53428.21875
17,2025-11-10,23,331.7919921875,53428.21875
17,2025-11-11,0,117.82794189453125,54048
17,2025-11-11,1,11.212739944458008,54048
17,2025-11-11,2,0.0096323192119598389,54048
17,2025-11-11,3,0.0066053271293640137,54048
17,2025-11-11,4,24.762128829956055,54048
17,2025-11-11,5,299.66268920898438,54048
17,2025-11-11,6,1484.542724609375,54048
17,2025-11-11,7,3863.6484375,54048
17,2025-11-11,8,5111.92041015625,54048
17,2025-11-11,9,3767.076416015625,54048
17,2025-11-11,10,3001.24560546875,54048
17,2025-11-11,11,2994.869140625,54048
17,2025-11-11,12,3025.248046875,54048
17,2025-11-11,13,3087.872314453125,54048
17,2025-11-11,14,3211.78955078125,54048
17,2025-11-11,15,3216.792724609375,54048
17,2025-11-11,16,3585.70361328125,54048
17,2025-11-11,17,4413.98486328125,54048
17,2025-11-11,18,4535.02001953125,54048
17,2025-11-11,19,3219.767578125,54048
17,2025-11-11,20,2271.9345703125,54048
17,2025-11-11,21,1396.1351318359375,54048
17,2025-11-11,22,643.014892578125,54048
17,2025-11-11,23,348.41195678710938,54048
17,2025-11-12,0,122.45719909667969,54052.796875
17,2025-11-12,1,11.206375122070312,54052.796875
17,2025-11-12,2,0.010360032320022583,54052.796875
17,2025-11-12,3,0.00649261474609375,54052.796875
17,2025-11-12,4,25.020484924316406,54052.796875
17,2025-11-12,5,298.67999267578125,54052.796875
17,2025-11-12,6,1486.85595703125,54052.796875
17,2025-11-12,7,3853.314697265625,54052.796875
17,2025-11-12,8,5110.072265625,54052.796875
17,2025-11-12,9,3769.7177734375,54052.796875
17,2025-11-12,10,3004.618408203125,54052.796875
17,2025-11-12,11,3013.9560546875,54052.796875
17,2025-11-12,12,3042.306640625,54052.796875
17,2025-11-12,13,3115.528076171875,54052.796875
17,2025-11-12,14,3208.51513671875,54052.796875
17,2025-11-12,15,3224.8740234375,54052.796875
17,2025-11-12,16,3593.444091796875,54052.796875
17,2025-11-12,17,4363.2392578125,54052.796875
17,2025-11-12,18,4459.62939453125,54052.796875
17,2025-11-12,19,3188.328125,54052.796875
17,2025-11-12,20,2262.97607421875,54052.796875
17,2025-11-12,21,1431.8328857421875,54052.796875
17,2025-11-12,22,668.32440185546875,54052.796875
17,2025-11-12,23,369.95059204101562,54052.796875
17,2025-11-13,0,131.60368347167969,54601.56640625
17,2025-11-13,1,11.560636520385742,54601.56640625
17,2025-11-13,2,0.0033515989780426025,54601.56640625
17,2025-11-13,3,0.0034249871969223022,54601.56640625
17,2025-11-13,4,24.26177978515625,54601.56640625
17,2025-11-13,5,299.36148071289062,54601.56640625
17,2025-11-13,6,1473.891357421875,54601.56640625
17,2025-11-13,7,3838.67822265625,54601.56640625
17,2025-11-13,8,5076.9912109375,54601.56640625
17,2025-11-13,9,3743.006591796875,54601.56640625
17,2025-11-13,10,3006.867919921875,54601.56640625
17,2025-11-13,11,3036.42138671875,54601.56640625
17,2025-11-13,12,3067.035400390625,54601.56640625
17,2025-11-13,13,3141.86181640625,54601.56640625
17,2025-11-13,14,3214.75048828125,54601.56640625
17,2025-11-13,15,3283.905029296875,54601.56640625
17,2025-11-13,16,3728.716064453125,54601.56640625
17,2025-11-13,17,4401.4208984375,54601.56640625
17,2025-11-13,18,4467.22021484375,54601.56640625
17,2025-11-13,19,3218.962890625,54601.56640625
17,2025-11-13,20,2308.064208984375,54601.56640625
17,2025-11-13,21,1478.41796875,54601.56640625
17,2025-11-13,22,722.41845703125,54601.56640625
17,2025-11-13,23,393.54782104492188,54601.56640625
17,2025-11-14,0,146.51808166503906,54916.89453125
17,2025-11-14,1,15.081889152526855,54916.89453125
17,2025-11-14,2,-2.905726432800293e-05,54916.89453125
17,2025-11-14,3,0.0020027011632919312,54916.89453125
17,2025-11-14,4,23.822296142578125,54916.89453125
17,2025-11-14,5,297.4378662109375,54916.89453125
17,2025-11-14,6,1472.132568359375,54916.89453125
17,2025-11-14,7,3827.75732421875,54916.89453125
17,2025-11-14,8,5047.45361328125,54916.89453125
17,2025-11-14,9,3735.0595703125,54916.89453125
17,2025-11-14,10,3008.230224609375,54916.89453125
17,2025-11-14,11,3074.854248046875,54916.89453125
17,2025-11-14,12,3098.61572265625,54916.89453125
17,2025-11-14,13,3226.20751953125,54916.89453125
17,2025-11-14,14,3269.868408203125,54916.89453125
17,2025-11-14,15,3492.56884765625,54916.89453125
17,2025-11-14,16,4080.13720703125,54916.89453125
17,2025-11-14,17,4457.3720703125,54916.89453125
17,2025-11-14,18,4174.7841796875,54916.89453125
17,2025-11-14,19,3068.2958984375,54916.89453125
17,2025-11-14,20,2279.67041015625,54916.89453125
17,2025-11-14,21,1513.5360107421875,54916.89453125
17,2025-11-14,22,764.29937744140625,54916.89453125
17,2025-11-14,23,455.55599975585938,54916.89453125
17,2025-11-15,0,192.46028137207031,40238.71875
17,2025-11-15,1,22.187456130981445,40238.71875
17,2025-11-15,2,0.005448758602142334,40238.71875
17,2025-11-15,3,0.00509604811668396,40238.71875
17,2025-11-15,4,5.5005044937133789,40238.71875
17,2025-11-15,5,140.77458190917969,40238.71875
17,2025-11-15,6,612.78533935546875,40238.71875
17,2025-11-15,7,1223.423583984375,40238.71875
17,2025-11-15,8,1821.7760009765625,40238.71875
17,2025-11-15,9,2353.5087890625,40238.71875
17,2025-11-15,10,2546.078369140625,40238.71875
17,2025-11-15,11,2956.887939453125,40238.71875
17,2025-11-15,12,3104.7578125,40238.71875
17,2025-11-15,13,3428.34521484375,40238.71875
17,2025-11-15,14,3427.953857421875,40238.71875
17,2025-11-15,15,3389.016357421875,40238.71875
17,2025-11-15,16,3487.56640625,40238.71875
17,2025-11-15,17,3349.20751953125,40238.71875
17,2025-11-15,18,2829.84716796875,40238.71875
17,2025-11-15,19,2254.80712890625,40238.71875
17,2025-11-15,20,1792.020751953125,40238.71875
17,2025-11-15,21,1299.798095703125,40238.71875
17,2025-11-15,22,733.68408203125,40238.71875
17,2025-11-15,23,428.11868286132812,40238.71875
17,2025-11-16,0,182.24806213378906,34935.82421875
17,2025-11-16,1,24.918430328369141,34935.82421875
17,2025-11-16,2,0.0022330880165100098,34935.82421875
17,2025-11-16,3,0.004359900951385498,34935.82421875
17,2025-11-16,4,3.3635692596435547,34935.82421875
17,2025-11-16,5,99.482177734375,34935.82421875
17,2025-11-16,6,414.11376953125,34935.82421875
17,2025-11-16,7,767.295654296875,34935.82421875
17,2025-11-16,8,1218.160400390625,34935.82421875
17,2025-11-16,9,1766.294677734375,34935.82421875
17,2025-11-16,10,2027.169921875,34935.82421875
17,2025-11-16,11,2535.3154296875,34935.82421875
17,2025-11-16,12,2855.926025390625,34935.82421875
17,2025-11-16,13,3152.43798828125,34935.82421875
17,2025-11-16,14,3211.606689453125,34935.82421875
17,2025-11-16,15,3121.8603515625,34935.82421875
17,2025-11-16,16,3124.284423828125,34935.82421875
17,2025-11-16,17,2888.72021484375,34935.82421875
17,2025-11-16,18,2334.2548828125,34935.82421875
17,2025-11-16,19,1875.5430908203125,34935.82421875
17,2025-11-16,20,1540.0135498046875,34935.82421875
17,2025-11-16,21,1112.3839111328125,34935.82421875
17,2025-11-16,22,587.98846435546875,34935.82421875
17,2025-11-16,23,320.1351318359375,34935.82421875
17,2025-11-17,0,110.06687164306641,53960.609375
17,2025-11-17,1,11.904197692871094,53960.609375
17,2025-11-17,2,0.0080481767654418945,53960.609375
17,2025-11-17,3,0.0044195652008056641,53960.609375
17,2025-11-17,4,25.293285369873047,53960.609375
17,2025-11-17,5,305.76849365234375,53960.609375
17,2025-11-17,6,1515.667236328125,53960.609375
17,2025-11-17,7,3990.6904296875,53960.609375
17,2025-11-17,8,5333.25146484375,53960.609375
17,2025-11-17,9,3862.1630859375,53960.609375
17,2025-11-17,10,3030.3505859375,53960.609375
17,2025-11-17,11,2999.218994140625,53960.609375
17,2025-11-17,12,2939.4013671875,53960.609375
17,2025-11-17,13,2994.809814453125,53960.609375
17,2025-11-17,14,3020.56201171875,53960.609375
17,2025-11-17,15,3172.60009765625,53960.609375
17,2025-11-17,16,3589.550537109375,53960.609375
17,2025-11-17,17,4470.89892578125,53960.609375
17,2025-11-17,18,4651.72412109375,53960.609375
17,2025-11-17,19,3245.67529296875,53960.609375
17,2025-11-17,20,2255.82177734375,53960.609375
17,2025-11-17,21,1338.2767333984375,53960.609375
17,2025-11-17,22,604.224853515625,53960.609375
17,2025-11-17,23,318.10586547851562,53960.609375
17,2025-11-18,0,110.95166015625,54712.0390625
17,2025-11-18,1,9.8564167022705078,54712.0390625
17,2025-11-18,2,0.0050441920757293701,54712.0390625
17,2025-11-18,3,0.0019313246011734009,54712.0390625
17,2025-11-18,4,25.51068115234375,54712.0390625
17,2025-11-18,5,307.48486328125,54712.0390625
17,2025-11-18,6,1514.5579833984375,54712.0390625
17,2025-11-18,7,3998.061279296875,54712.0390625
17,2025-11-18,8,5317.025390625,54712.0390625
17,2025-11-18,9,3866.510009765625,54712.0390625
17,2025-11-18,10,3059.80908203125,54712.0390625
17,2025-11-18,11,3030.57568359375,54712.0390625
17,2025-11-18,12,3040.4775390625,54712.0390625
17,2025-11-18,13,3055.981201171875,54712.0390625
17,2025-11-18,14,3171.450439453125,54712.0390625
17,2025-11-18,15,3199.932373046875,54712.0390625
17,2025-11-18,16,3598.28173828125,54712.0390625
17,2025-11-18,17,4523.06591796875,54712.0390625
17,2025-11-18,18,4677.4765625,54712.0390625
17,2025-11-18,19,3295.188720703125,54712.0390625
17,2025-11-18,20,2302.9814453125,54712.0390625
17,2025-11-18,21,1397.515625,54712.0390625
17,2025-11-18,22,641.89141845703125,54712.0390625
17,2025-11-18,23,340.38589477539062,54712.0390625
17,2025-11-19,0,116.635009765625,54791.2109375
17,2025-11-19,1,10.594028472900391,54791.2109375
17,2025-11-19,2,0.0043327212333679199,54791.2109375
17,2025-11-19,3,0.0038452744483947754,54791.2109375
17,2025-11-19,4,25.476055145263672,54791.2109375
17,2025-11-19,5,308.20526123046875,54791.2109375
17,2025-11-19,6,1505.8408203125,54791.2109375
17,2025-11-19,7,3962.593017578125,54791.2109375
17,2025-11-19,8,5276.2890625,54791.2109375
17,2025-11-19,9,3845.94873046875,54791.2109375
17,2025-11-19,10,3074.105224609375,54791.2109375
17,2025-11-19,11,3060.4169921875,54791.2109375
17,2025-11-19,12,3076.334716796875,54791.2109375
17,2025-11-19,13,3131.6025390625,54791.2109375
17,2025-11-19,14,3208.6318359375,54791.2109375
17,2025-11-19,15,3239.4541015625,54791.2109375
17,2025-11-19,16,3651.05126953125,54791.2109375
17,2025-11-19,17,4477.271484375,54791.2109375
17,2025-11-19,18,4628.2099609375,54791.2109375
17,2025-11-19,19,3246.15625,54791.2109375
17,2025-11-19,20,2291.215087890625,54791.2109375
17,2025-11-19,21,1439.9013671875,54791.2109375
17,2025-11-19,22,668.95941162109375,54791.2109375
17,2025-11-19,23,371.16415405273438,54791.2109375
17,2025-11-20,0,129.2105712890625,55140.30859375
17,2025-11-20,1,10.474112510681152,55140.30859375
17,2025-11-20,2,0.0045353472232818604,55140.30859375
17,2025-11-20,3,0.0045369714498519897,55140.30859375
17,2025-11-20,4,25.086820602416992,55140.30859375
17,2025-11-20,5,308.22052001953125,55140.30859375
17,2025-11-20,6,1508.32177734375,55140.30859375
17,2025-11-20,7,3951.97900390625,55140.30859375
17,2025-11-20,8,5277.22900390625,55140.30859375
17,2025-11-20,9,3855.26025390625,55140.30859375
17,2025-11-20,10,3065.616943359375,55140.30859375
17,2025-11-20,11,3060.846435546875,55140.30859375
17,2025-11-20,12,3074.725341796875,55140.30859375
17,2025-11-20,13,3117.55224609375,55140.30859375
17,2025-11-20,14,3171.48095703125,55140.30859375
17,2025-11-20,15,3291.3076171875,55140.30859375
17,2025-11-20,16,3757.16943359375,55140.30859375
17,2025-11-20,17,4510.81396484375,55140.30859375
17,2025-11-20,18,4608.23046875,55140.30859375
17,2025-11-20,19,3263.56640625,55140.30859375
17,2025-11-20,20,2311.537109375,55140.30859375
17,2025-11-20,21,1477.2523193359375,55140.30859375
17,2025-11-20,22,706.17620849609375,55140.30859375
17,2025-11-20,23,396.186767578125,55140.30859375
17,2025-11-21,0,144.44746398925781,54668.82421875
17,2025-11-21,1,15.145979881286621,54668.82421875
17,2025-11-21,2,0.0073823630809783936,54668.82421875
17,2025-11-21,3,0.0046632736921310425,54668.82421875
17,2025-11-21,4,24.214134216308594,54668.82421875
17,2025-11-21,5,300.3590087890625,54668.82421875
17,2025-11-21,6,1486.8485107421875,54668.82421875
17,2025-11-21,7,3871.220458984375,54668.82421875
17,2025-11-21,8,5176.21630859375,54668.82421875
17,2025-11-21,9,3771.83935546875,54668.82421875
17,2025-11-21,10,3013.169921875,54668.82421875
17,2025-11-21,11,3065.69287109375,54668.82421875
17,2025-11-21,12,3089.317138671875,54668.82421875
17,2025-11-21,13,3167.816650390625,54668.82421875
17,2025-11-21,14,3237.02197265625,54668.82421875
17,2025-11-21,15,3502.169189453125,54668.82421875
17,2025-11-21,16,4068.134765625,54668.82421875
17,2025-11-21,17,4498.20703125,54668.82421875
17,2025-11-21,18,4112.32666015625,54668.82421875
17,2025-11-21,19,3009.134033203125,54668.82421875
17,2025-11-21,20,2261.00048828125,54668.82421875
17,2025-11-21,21,1502.0050048828125,54668.82421875
17,2025-11-21,22,760.015625,54668.82421875
17,2025-11-21,23,448.0780029296875,54668.82421875
17,2025-11-22,0,186.79168701171875,41275.28125
17,2025-11-22,1,21.824272155761719,41275.28125
17,2025-11-22,2,0.006199568510055542,41275.28125
17,2025-11-22,3,0.0041378289461135864,41275.28125
17,2025-11-22,4,5.0120906829833984,41275.28125
17,2025-11-22,5,127.67831420898438,41275.28125
17,2025-11-22,6,535.21923828125,41275.28125
17,2025-11-22,7,1073.0931396484375,41275.28125
17,2025-11-22,8,1607.835205078125,41275.28125
17,2025-11-22,9,2186.28662109375,41275.28125
17,2025-11-22,10,2460.657470703125,41275.28125
17,2025-11-22,11,2938.452392578125,41275.28125
17,2025-11-22,12,3201.8369140625,41275.28125
17,2025-11-22,13,3461.8330078125,41275.28125
17,2025-11-22,14,3490.533203125,41275.28125
17,2025-11-22,15,3400.789306640625,41275.28125
17,2025-11-22,16,3455.076171875,41275.28125
17,2025-11-22,17,3268.88330078125,41275.28125
17,2025-11-22,18,2830.643798828125,41275.28125
17,2025-11-22,19,2241.1103515625,41275.28125
17,2025-11-22,20,1792.07763671875,41275.28125
17,2025-11-22,21,1311.013916015625,41275.28125
17,2025-11-22,22,739.91424560546875,41275.28125
17,2025-11-22,23,434.48648071289062,41275.28125
17,2025-11-23,0,180.04429626464844,36508.234375
17,2025-11-23,1,24.594764709472656,36508.234375
17,2025-11-23,2,0.0031486749649047852,36508.234375
17,2025-11-23,3,0.00035037100315093994,36508.234375
17,2025-11-23,4,3.6754856109619141,36508.234375
17,2025-11-23,5,105.77398681640625,36508.234375
17,2025-11-23,6,420.46112060546875,36508.234375
17,2025-11-23,7,792.652587890625,36508.234375
17,2025-11-23,8,1266.697021484375,36508.234375
17,2025-11-23,9,1747.9324951171875,36508.234375
17,2025-11-23,10,2086.167236328125,36508.234375
17,2025-11-23,11,2584.284423828125,36508.234375
17,2025-11-23,12,2904.875732421875,36508.234375
17,2025-11-23,13,3190.767822265625,36508.234375
17,2025-11-23,14,3253.794921875,36508.234375
17,2025-11-23,15,3210.047607421875,36508.234375
17,2025-11-23,16,3225.3623046875,36508.234375
17,2025-11-23,17,3025.68896484375,36508.234375
17,2025-11-23,18,2513.72509765625,36508.234375
17,2025-11-23,19,1962.635498046875,36508.234375
17,2025-11-23,20,1574.691162109375,36508.234375
17,2025-11-23,21,1135.0186767578125,36508.234375
17,2025-11-23,22,616.3682861328125,36508.234375
17,2025-11-23,23,326.63763427734375,36508.234375
17,2025-11-24,0,111.00283813476562,53597.73828125
17,2025-11-24,1,12.592828750610352,53597.73828125
17,2025-11-24,2,0.0055344998836517334,53597.73828125
17,2025-11-24,3,0.0033248811960220337,53597.73828125
17,2025-11-24,4,24.722507476806641,53597.73828125
17,2025-11-24,5,300.90975952148438,53597.73828125
17,2025-11-24,6,1499.767822265625,53597.73828125
17,2025-11-24,7,3947.943603515625,53597.73828125
17,2025-11-24,8,5274.41552734375,53597.73828125
17,2025-11-24,9,3836.177734375,53597.73828125
17,2025-11-24,10,3026.3271484375,53597.73828125
17,2025-11-24,11,3016.983642578125,53597.73828125
17,2025-11-24,12,2943.689208984375,53597.73828125
17,2025-11-24,13,3001.483642578125,53597.73828125
17,2025-11-24,14,3047.904296875,53597.73828125
17,2025-11-24,15,3184.449951171875,53597.73828125
17,2025-11-24,16,3598.08544921875,53597.73828125
17,2025-11-24,17,4440.05615234375,53597.73828125
17,2025-11-24,18,4601.47802734375,53597.73828125
17,2025-11-24,19,3222.425048828125,53597.73828125
17,2025-11-24,20,2249.980712890625,53597.73828125
17,2025-11-24,21,1346.50244140625,53597.73828125
17,2025-11-24,22,609.927978515625,53597.73828125
17,2025-11-24,23,329.66043090820312,53597.73828125
17,2025-11-25,0,113.50267028808594,54664.28125
17,2025-11-25,1,10.573890686035156,54664.28125
17,2025-11-25,2,0.0064770281314849854,54664.28125
17,2025-11-25,3,0.0042482912540435791,54664.28125
17,2025-11-25,4,25.148395538330078,54664.28125
17,2025-11-25,5,305.51876831054688,54664.28125
17,2025-11-25,6,1509.81103515625,54664.28125
17,2025-11-25,7,3981.57861328125,54664.28125
17,2025-11-25,8,5288.146484375,54664.28125
17,2025-11-25,9,3864.39111328125,54664.28125
17,2025-11-25,10,3058.32958984375,54664.28125
17,2025-11-25,11,3037.495849609375,54664.28125
17,2025-11-25,12,3045.0712890625,54664.28125
17,2025-11-25,13,3070.857421875,54664.28125
17,2025-11-25,14,3205.813232421875,54664.28125
17,2025-11-25,15,3210.287353515625,54664.28125
17,2025-11-25,16,3638.192138671875,54664.28125
17,2025-11-25,17,4506.32421875,54664.28125
17,2025-11-25,18,4662.251953125,54664.28125
17,2025-11-25,19,3282.25927734375,54664.28125
17,2025-11-25,20,2307.04736328125,54664.28125
17,2025-11-25,21,1409.223876953125,54664.28125
17,2025-11-25,22,639.7548828125,54664.28125
17,2025-11-25,23,350.26080322265625,54664.28125
17,2025-11-26,0,117.89291381835938,54784.734375
17,2025-11-26,1,10.961880683898926,54784.734375
17,2025-11-26,2,0.0078092813491821289,54784.734375
17,2025-11-26,3,0.0038195699453353882,54784.734375
17,2025-11-26,4,25.365203857421875,54784.734375
17,2025-11-26,5,306.92962646484375,54784.734375
17,2025-11-26,6,1506.3363037109375,54784.734375
17,2025-11-26,7,3974.20849609375,54784.734375
17,2025-11-26,8,5294.34912109375,54784.734375
17,2025-11-26,9,3855.74658203125,54784.734375
17,2025-11-26,10,3063.2197265625,54784.734375
17,2025-11-26,11,3058.14599609375,54784.734375
17,2025-11-26,12,3064.406005859375,54784.734375
17,2025-11-26,13,3111.8662109375,54784.734375
17,2025-11-26,14,3209.336669921875,54784.734375
17,2025-11-26,15,3235.102294921875,54784.734375
17,2025-11-26,16,3652.170654296875,54784.734375
17,2025-11-26,17,4472.666015625,54784.734375
17,2025-11-26,18,4630.93359375,54784.734375
17,2025-11-26,19,3266.850830078125,54784.734375
17,2025-11-26,20,2297.228515625,54784.734375
17,2025-11-26,21,1450.6761474609375,54784.734375
17,2025-11-26,22,667.05950927734375,54784.734375
17,2025-11-26,23,369.61856079101562,54784.734375
17,2025-11-27,0,129.60104370117188,55179.4921875
17,2025-11-27,1,10.986400604248047,55179.4921875
17,2025-11-27,2,0.0077629983425140381,55179.4921875
17,2025-11-27,3,0.0048354417085647583,55179.4921875
17,2025-11-27,4,25.000247955322266,55179.4921875
17,2025-11-27,5,310.2598876953125,55179.4921875
17,2025-11-27,6,1508.7371826171875,55179.4921875
17,2025-11-27,7,3965.79150390625,55179.4921875
17,2025-11-27,8,5285.7314453125,55179.4921875
17,2025-11-27,9,3852.323974609375,55179.4921875
17,2025-11-27,10,3059.93359375,55179.4921875
17,2025-11-27,11,3061.8154296875,55179.4921875
17,2025-11-27,12,3069.194580078125,55179.4921875
17,2025-11-27,13,3122.56640625,55179.4921875
17,2025-11-27,14,3206.7841796875,55179.4921875
17,2025-11-27,15,3302.863525390625,55179.4921875
17,2025-11-27,16,3786.36767578125,55179.4921875
17,2025-11-27,17,4528.35107421875,55179.4921875
17,2025-11-27,18,4627.4140625,55179.4921875
17,2025-11-27,19,3278.259521484375,55179.4921875
17,2025-11-27,20,2321.80859375,55179.4921875
17,2025-11-27,21,1486.3819580078125,55179.4921875
17,2025-11-27,22,716.65618896484375,55179.4921875
17,2025-11-27,23,402.38992309570312,55179.4921875
17,2025-11-28,0,145.84590148925781,54895.8671875
17,2025-11-28,1,15.967704772949219,54895.8671875
17,2025-11-28,2,0.0073752701282501221,54895.8671875
17,2025-11-28,3,0.0041255950927734375,54895.8671875
17,2025-11-28,4,23.964939117431641,54895.8671875
17,2025-11-28,5,299.4149169921875,54895.8671875
17,2025-11-28,6,1484.33349609375,54895.8671875
17,2025-11-28,7,3855.206787109375,54895.8671875
17,2025-11-28,8,5173.13720703125,54895.8671875
17,2025-11-28,9,3787.019287109375,54895.8671875
17,2025-11-28,10,3017.48193359375,54895.8671875
17,2025-11-28,11,3074.986083984375,54895.8671875
17,2025-11-28,12,3092.17919921875,54895.8671875
17,2025-11-28,13,3181.525146484375,54895.8671875
17,2025-11-28,14,3247.240966796875,54895.8671875
17,2025-11-28,15,3533.8095703125,54895.8671875
17,2025-11-28,16,4122.69189453125,54895.8671875
17,2025-11-28,17,4533.478515625,54895.8671875
17,2025-11-28,18,4165.939453125,54895.8671875
17,2025-11-28,19,3082.118896484375,54895.8671875
17,2025-11-28,20,2287.12060546875,54895.8671875
17,2025-11-28,21,1515.5399169921875,54895.8671875
17,2025-11-28,22,781.34796142578125,54895.8671875
17,2025-11-28,23,457.65252685546875,54895.8671875
17,2025-11-29,0,189.8883056640625,41309.609375
17,2025-11-29,1,22.94074821472168,41309.609375
17,2025-11-29,2,0.0014442205429077148,41309.609375
17,2025-11-29,3,0.002284809947013855,41309.609375
17,2025-11-29,4,4.8107233047485352,41309.609375
17,2025-11-29,5,126.74882507324219,41309.609375
17,2025-11-29,6,553.98486328125,41309.609375
17,2025-11-29,7,1073.6298828125,41309.609375
17,2025-11-29,8,1628.36474609375,41309.609375
17,2025-11-29,9,2262.412353515625,41309.609375
17,2025-11-29,10,2482.021484375,41309.609375
17,2025-11-29,11,2936.78515625,41309.609375
17,2025-11-29,12,3214.158935546875,41309.609375
17,2025-11-29,13,3481.61962890625,41309.609375
17,2025-11-29,14,3536.79296875,41309.609375
17,2025-11-29,15,3410.10009765625,41309.609375
17,2025-11-29,16,3471.766845703125,41309.609375
17,2025-11-29,17,3283.5634765625,41309.609375
17,2025-11-29,18,2802.04541015625,41309.609375
17,2025-11-29,19,2254.68896484375,41309.609375
17,2025-11-29,20,1783.44091796875,41309.609375
17,2025-11-29,21,1303.89111328125,41309.609375
17,2025-11-29,22,735.2830810546875,41309.609375
17,2025-11-29,23,431.19009399414062,41309.609375
17,2025-11-30,0,177.49313354492188,36741.43359375
17,2025-11-30,1,25.056308746337891,36741.43359375
17,2025-11-30,2,0.0010640919208526611,36741.43359375
17,2025-11-30,3,0.0026520192623138428,36741.43359375
17,2025-11-30,4,3.5728340148925781,36741.43359375
17,2025-11-30,5,107.32353210449219,36741.43359375
17,2025-11-30,6,417.51202392578125,36741.43359375
17,2025-11-30,7,799.627685546875,36741.43359375
17,2025-11-30,8,1289.048095703125,36741.43359375
17,2025-11-30,9,1775.115478515625,36741.43359375
17,2025-11-30,10,2073.920166015625,36741.43359375
17,2025-11-30,11,2570.2255859375,36741.43359375
17,2025-11-30,12,2889.794677734375,36741.43359375
17,2025-11-30,13,3170.91015625,36741.43359375
17,2025-11-30,14,3265.7978515625,36741.43359375
17,2025-11-30,15,3181.951416015625,36741.43359375
17,2025-11-30,16,3193.9072265625,36741.43359375
17,2025-11-30,17,3048.280517578125,36741.43359375
17,2025-11-30,18,2545.695556640625,36741.43359375
17,2025-11-30,19,2016.803955078125,36741.43359375
17,2025-11-30,20,1583.4287109375,36741.43359375
17,2025-11-30,21,1139.296875,36741.43359375
17,2025-11-30,22,607.74273681640625,36741.43359375
17,2025-11-30,23,316.7725830078125,36741.43359375
17,2025-12-01,0,106.66175842285156,53958.578125
17,2025-12-01,1,12.719870567321777,53958.578125
17,2025-12-01,2,0.005827784538269043,53958.578125
17,2025-12-01,3,0.0043006092309951782,53958.578125
17,2025-12-01,4,24.756118774414062,53958.578125
17,2025-12-01,5,303.21792602539062,53958.578125
17,2025-12-01,6,1510.0863037109375,53958.578125
17,2025-12-01,7,3943.4990234375,53958.578125
17,2025-12-01,8,5315.3486328125,53958.578125
17,2025-12-01,9,3864.241455078125,53958.578125
17,2025-12-01,10,3032.22802734375,53958.578125
17,2025-12-01,11,2993.97314453125,53958.578125
17,2025-12-01,12,2923.682373046875,53958.578125
17,2025-12-01,13,2998.24755859375,53958.578125
17,2025-12-01,14,3041.6796875,53958.578125
17,2025-12-01,15,3184.813232421875,53958.578125
17,2025-12-01,16,3591.8896484375,53958.578125
17,2025-12-01,17,4451.78466796875,53958.578125
17,2025-12-01,18,4639.55224609375,53958.578125
17,2025-12-01,19,3255.345947265625,53958.578125
17,2025-12-01,20,2275.94677734375,53958.578125
17,2025-12-01,21,1341.37255859375,53958.578125
17,2025-12-01,22,607.37139892578125,53958.578125
17,2025-12-01,23,325.6583251953125,53958.578125
17,2025-12-02,0,112.203857421875,54829.9296875
17,2025-12-02,1,10.885334014892578,54829.9296875
17,2025-12-02,2,0.0027489364147186279,54829.9296875
17,2025-12-02,3,0.0034813284873962402,54829.9296875
17,2025-12-02,4,25.010459899902344,54829.9296875
17,2025-12-02,5,304.820556640625,54829.9296875
17,2025-12-02,6,1512.1260986328125,54829.9296875
17,2025-12-02,7,3967.6513671875,54829.9296875
17,2025-12-02,8,5305.224609375,54829.9296875
17,2025-12-02,9,3875.331298828125,54829.9296875
17,2025-12-02,10,3077.639892578125,54829.9296875
17,2025-12-02,11,3033.82568359375,54829.9296875
17,2025-12-02,12,3049.425537109375,54829.9296875
17,2025-12-02,13,3119.480712890625,54829.9296875
17,2025-12-02,14,3254.4033203125,54829.9296875
17,2025-12-02,15,3231.813232421875,54829.9296875
17,2025-12-02,16,3644.31982421875,54829.9296875
17,2025-12-02,17,4523.626953125,54829.9296875
17,2025-12-02,18,4706.15771484375,54829.9296875
17,2025-12-02,19,3310.16943359375,54829.9296875
17,2025-12-02,20,2306.056884765625,54829.9296875
17,2025-12-02,21,1406.824951171875,54829.9296875
17,2025-12-02,22,640.76336669921875,54829.9296875
17,2025-12-02,23,347.33807373046875,54829.9296875
17,2025-12-03,0,117.34855651855469,54824.171875
17,2025-12-03,1,11.319239616394043,54824.171875
17,2025-12-03,2,0.0065499544143676758,54824.171875
17,2025-12-03,3,0.0041773766279220581,54824.171875
17,2025-12-03,4,25.459333419799805,54824.171875
17,2025-12-03,5,305.97549438476562,54824.171875
17,2025-12-03,6,1505.4495849609375,54824.171875
17,2025-12-03,7,3916.232421875,54824.171875
17,2025-12-03,8,5261.3359375,54824.171875
17,2025-12-03,9,3869.176513671875,54824.171875
17,2025-12-03,10,3089.701171875,54824.171875
17,2025-12-03,11,3055.451416015625,54824.171875
17,2025-12-03,12,3069.990234375,54824.171875
17,2025-12-03,13,3122.7646484375,54824.171875
17,2025-12-03,14,3233.5,54824.171875
17,2025-12-03,15,3265.521728515625,54824.171875
17,2025-12-03,16,3643.4462890625,54824.171875
17,2025-12-03,17,4481.53369140625,54824.171875
17,2025-12-03,18,4581.91845703125,54824.171875
17,2025-12-03,19,3261.833984375,54824.171875
17,2025-12-03,20,2297.822265625,54824.171875
17,2025-12-03,21,1442.1083984375,54824.171875
17,2025-12-03,22,672.5633544921875,54824.171875
17,2025-12-03,23,374.78890991210938,54824.171875
17,2025-12-04,0,126.80970001220703,55129.828125
17,2025-12-04,1,11.304801940917969,55129.828125
17,2025-12-04,2,0.0063342154026031494,55129.828125
17,2025-12-04,3,0.0026980787515640259,55129.828125
17,2025-12-04,4,25.15618896484375,55129.828125
17,2025-12-04,5,306.78497314453125,55129.828125
17,2025-12-04,6,1504.92138671875,55129.828125
17,2025-12-04,7,3918.894775390625,55129.828125
17,2025-12-04,8,5246.298828125,55129.828125
17,2025-12-04,9,3863.634033203125,55129.828125
17,2025-12-04,10,3084.72412109375,55129.828125
17,2025-12-04,11,3071.5537109375,55129.828125
17,2025-12-04,12,3096.9267578125,55129.828125
17,2025-12-04,13,3127.375,55129.828125
17,2025-12-04,14,3206.528076171875,55129.828125
17,2025-12-04,15,3318.90283203125,55129.828125
17,2025-12-04,16,3748.791015625,55129.828125
17,2025-12-04,17,4514.166015625,55129.828125
17,2025-12-04,18,4585.55126953125,55129.828125
17,2025-12-04,19,3281.410888671875,55129.828125
17,2025-12-04,20,2323.89306640625,55129.828125
17,2025-12-04,21,1481.00634765625,55129.828125
17,2025-12-04,22,705.17822265625,55129.828125
17,2025-12-04,23,393.505859375,55129.828125
17,2025-12-05,0,139.83262634277344,55214.34765625
17,2025-12-05,1,15.018013000488281,55214.34765625
17,2025-12-05,2,0.005110323429107666,55214.34765625
17,2025-12-05,3,0.0035121440887451172,55214.34765625
17,2025-12-05,4,24.375347137451172,55214.34765625
17,2025-12-05,5,302.77374267578125,55214.34765625
17,2025-12-05,6,1494.6334228515625,55214.34765625
17,2025-12-05,7,3844.155029296875,55214.34765625
17,2025-12-05,8,5179.6796875,55214.34765625
17,2025-12-05,9,3819.0341796875,55214.34765625
17,2025-12-05,10,3057.805419921875,55214.34765625
17,2025-12-05,11,3091.790283203125,55214.34765625
17,2025-12-05,12,3120.53662109375,55214.34765625
17,2025-12-05,13,3184.67626953125,55214.34765625
17,2025-12-05,14,3266.6962890625,55214.34765625
17,2025-12-05,15,3538.593994140625,55214.34765625
17,2025-12-05,16,4128.4951171875,55214.34765625
17,2025-12-05,17,4536.798828125,55214.34765625
17,2025-12-05,18,4145.66259765625,55214.34765625
17,2025-12-05,19,3064.3671875,55214.34765625
17,2025-12-05,20,2295.26611328125,55214.34765625
17,2025-12-05,21,1528.7169189453125,55214.34765625
17,2025-12-05,22,770.7962646484375,55214.34765625
17,2025-12-05,23,458.4227294921875,55214.34765625
17,2025-12-06,0,188.46530151367188,41702.4296875
17,2025-12-06,1,23.054719924926758,41702.4296875
17,2025-12-06,2,0.0068784952163696289,41702.4296875
17,2025-12-06,3,0.004738539457321167,41702.4296875
17,2025-12-06,4,4.8025894165039062,41702.4296875
17,2025-12-06,5,126.91864013671875,41702.4296875
17,2025-12-06,6,565.0130615234375,41702.4296875
17,2025-12-06,7,1112.6942138671875,41702.4296875
17,2025-12-06,8,1660.501220703125,41702.4296875
17,2025-12-06,9,2228.206787109375,41702.4296875
17,2025-12-06,10,2484.7109375,41702.4296875
17,2025-12-06,11,2940.092529296875,41702.4296875
17,2025-12-06,12,3225.40625,41702.4296875
17,2025-12-06,13,3460.77978515625,41702.4296875
17,2025-12-06,14,3530.826171875,41702.4296875
17,2025-12-06,15,3427.1875,41702.4296875
17,2025-12-06,16,3497.912109375,41702.4296875
17,2025-12-06,17,3285.091064453125,41702.4296875
17,2025-12-06,18,2833.44873046875,41702.4296875
17,2025-12-06,19,2261.511962890625,41702.4296875
17,2025-12-06,20,1801.0167236328125,41702.4296875
17,2025-12-06,21,1327.3980712890625,41702.4296875
17,2025-12-06,22,757.10906982421875,41702.4296875
17,2025-12-06,23,441.62942504882812,41702.4296875
17,2025-12-07,0,184.71258544921875,37139.15625
17,2025-12-07,1,25.898765563964844,37139.15625
17,2025-12-07,2,0.010168373584747314,37139.15625
17,2025-12-07,3,0.0057154148817062378,37139.15625
17,2025-12-07,4,3.2646102905273438,37139.15625
17,2025-12-07,5,102.84283447265625,37139.15625
17,2025-12-07,6,410.8861083984375,37139.15625
17,2025-12-07,7,770.756591796875,37139.15625
17,2025-12-07,8,1267.9814453125,37139.15625
17,2025-12-07,9,1777.4901123046875,37139.15625
17,2025-12-07,10,2098.64306640625,37139.15625
17,2025-12-07,11,2616.406494140625,37139.15625
17,2025-12-07,12,2900.9619140625,37139.15625
17,2025-12-07,13,3197.400146484375,37139.15625
17,2025-12-07,14,3304.687255859375,37139.15625
17,2025-12-07,15,3183.012939453125,37139.15625
17,2025-12-07,16,3238.600341796875,37139.15625
17,2025-12-07,17,3048.533935546875,37139.15625
17,2025-12-07,18,2497.289306640625,37139.15625
17,2025-12-07,19,2000.09716796875,37139.15625
17,2025-12-07,20,1611.9580078125,37139.15625
17,2025-12-07,21,1149.08203125,37139.15625
17,2025-12-07,22,605.48858642578125,37139.15625
17,2025-12-07,23,328.60879516601562,37139.15625
17,2025-12-08,0,110.33993530273438,53569.78515625
17,2025-12-08,1,12.27226448059082,53569.78515625
17,2025-12-08,2,0.0080284774303436279,53569.78515625
17,2025-12-08,3,0.0050472021102905273,53569.78515625
17,2025-12-08,4,24.766870498657227,53569.78515625
17,2025-12-08,5,301.17733764648438,53569.78515625
17,2025-12-08,6,1490.2076416015625,53569.78515625
17,2025-12-08,7,3910.6845703125,53569.78515625
17,2025-12-08,8,5239.505859375,53569.78515625
17,2025-12-08,9,3843.88671875,53569.78515625
17,2025-12-08,10,3010.753662109375,53569.78515625
17,2025-12-08,11,2983.891357421875,53569.78515625
17,2025-12-08,12,2912.395263671875,53569.78515625
17,2025-12-08,13,2980.879638671875,53569.78515625
17,2025-12-08,14,3034.286376953125,53569.78515625
17,2025-12-08,15,3168.62939453125,53569.78515625
17,2025-12-08,16,3575.02734375,53569.78515625
17,2025-12-08,17,4428.6982421875,53569.78515625
17,2025-12-08,18,4581.2255859375,53569.78515625
17,2025-12-08,19,3230.37060546875,53569.78515625
17,2025-12-08,20,2257.2978515625,53569.78515625
17,2025-12-08,21,1337.5982666015625,53569.78515625
17,2025-12-08,22,600.7877197265625,53569.78515625
17,2025-12-08,23,326.71209716796875,53569.78515625
17,2025-12-09,0,112.44192504882812,54741.3828125
17,2025-12-09,1,10.374081611633301,54741.3828125
17,2025-12-09,2,0.0052716434001922607,54741.3828125
17,2025-12-09,3,0.0024583041667938232,54741.3828125
17,2025-12-09,4,25.030460357666016,54741.3828125
17,2025-12-09,5,306.27825927734375,54741.3828125
17,2025-12-09,6,1506.7579345703125,54741.3828125
17,2025-12-09,7,3947.34521484375,54741.3828125
17,2025-12-09,8,5269.29150390625,54741.3828125
17,2025-12-09,9,3867.491943359375,54741.3828125
17,2025-12-09,10,3057.521484375,54741.3828125
17,2025-12-09,11,3021.38818359375,54741.3828125
17,2025-12-09,12,3025.834228515625,54741.3828125
17,2025-12-09,13,3070.953857421875,54741.3828125
17,2025-12-09,14,3190.972900390625,54741.3828125
17,2025-12-09,15,3204.488037109375,54741.3828125
17,2025-12-09,16,3603.160888671875,54741.3828125
17,2025-12-09,17,4503.6669921875,54741.3828125
17,2025-12-09,18,4649.72265625,54741.3828125
17,2025-12-09,19,3300.4970703125,54741.3828125
17,2025-12-09,20,2324.342041015625,54741.3828125
17,2025-12-09,21,1399.537109375,54741.3828125
17,2025-12-09,22,637.13232421875,54741.3828125
17,2025-12-09,23,342.01034545898438,54741.3828125
17,2025-12-10,0,117.67908477783203,54886.53125
17,2025-12-10,1,10.896406173706055,54886.53125
17,2025-12-10,2,0.0064028501510620117,54886.53125
17,2025-12-10,3,0.0044875144958496094,54886.53125
17,2025-12-10,4,25.446090698242188,54886.53125
17,2025-12-10,5,307.472412109375,54886.53125
17,2025-12-10,6,1509.01025390625,54886.53125
17,2025-12-10,7,3946.689697265625,54886.53125
17,2025-12-10,8,5267.9111328125,54886.53125
17,2025-12-10,9,3869.314697265625,54886.53125
17,2025-12-10,10,3085.38818359375,54886.53125
17,2025-12-10,11,3049.565673828125,54886.53125
17,2025-12-10,12,3069.8525390625,54886.53125
17,2025-12-10,13,3126.51953125,54886.53125
17,2025-12-10,14,3212.097412109375,54886.53125
17,2025-12-10,15,3261.5458984375,54886.53125
17,2025-12-10,16,3642.28662109375,54886.53125
17,2025-12-10,17,4465.9453125,54886.53125
17,2025-12-10,18,4610.294921875,54886.53125
17,2025-12-10,19,3280.79541015625,54886.53125
17,2025-12-10,20,2316.708251953125,54886.53125
17,2025-12-10,21,1452.886474609375,54886.53125
17,2025-12-10,22,672.352294921875,54886.53125
17,2025-12-10,23,372.24728393554688,54886.53125
17,2025-12-11,0,129.04156494140625,55198.69921875
17,2025-12-11,1,10.889174461364746,55198.69921875
17,2025-12-11,2,0.0080421864986419678,55198.69921875
17,2025-12-11,3,0.00525665283203125,55198.69921875
17,2025-12-11,4,25.019670486450195,55198.69921875
17,2025-12-11,5,309.62274169921875,55198.69921875
17,2025-12-11,6,1504.630859375,55198.69921875
17,2025-12-11,7,3933.036376953125,55198.69921875
17,2025-12-11,8,5239.1962890625,55198.69921875
17,2025-12-11,9,3861.25537109375,55198.69921875
17,2025-12-11,10,3081.81689453125,55198.69921875
17,2025-12-11,11,3063.90576171875,55198.69921875
17,2025-12-11,12,3081.2783203125,55198.69921875
17,2025-12-11,13,3124.445068359375,55198.69921875
17,2025-12-11,14,3202.88330078125,55198.69921875
17,2025-12-11,15,3321.4814453125,55198.69921875
17,2025-12-11,16,3783.41162109375,55198.69921875
17,2025-12-11,17,4514.330078125,55198.69921875
17,2025-12-11,18,4626.4287109375,55198.69921875
17,2025-12-11,19,3309.484130859375,55198.69921875
17,2025-12-11,20,2349.351806640625,55198.69921875
17,2025-12-11,21,1494.947021484375,55198.69921875
17,2025-12-11,22,723.9119873046875,55198.69921875
17,2025-12-11,23,400.62606811523438,55198.69921875
17,2025-12-12,0,142.08964538574219,55050.953125
17,2025-12-12,1,14.292271614074707,55050.953125
17,2025-12-12,2,0.0095329880714416504,55050.953125
17,2025-12-12,3,0.0050325393676757812,55050.953125
17,2025-12-12,4,23.954750061035156,55050.953125
17,2025-12-12,5,300.37225341796875,55050.953125
17,2025-12-12,6,1482.775634765625,55050.953125
17,2025-12-12,7,3825.34423828125,55050.953125
17,2025-12-12,8,5118.68359375,55050.953125
17,2025-12-12,9,3793.5791015625,55050.953125
17,2025-12-12,10,3032.5380859375,55050.953125
17,2025-12-12,11,3082.53564453125,55050.953125
17,2025-12-12,12,3100.35595703125,55050.953125
17,2025-12-12,13,3182.9765625,55050.953125
17,2025-12-12,14,3250.968505859375,55050.953125
17,2025-12-12,15,3517.72119140625,55050.953125
17,2025-12-12,16,4093.8603515625,55050.953125
17,2025-12-12,17,4518.1181640625,55050.953125
17,2025-12-12,18,4129.7421875,55050.953125
17,2025-12-12,19,3068.27783203125,55050.953125
17,2025-12-12,20,2300.314208984375,55050.953125
17,2025-12-12,21,1517.01318359375,55050.953125
17,2025-12-12,22,773.1612548828125,55050.953125
17,2025-12-12,23,452.95989990234375,55050.953125
17,2025-12-13,0,187.20474243164062,40986.64453125
17,2025-12-13,1,22.551351547241211,40986.64453125
17,2025-12-13,2,0.0087455213069915771,40986.64453125
17,2025-12-13,3,0.0052262693643569946,40986.64453125
17,2025-12-13,4,4.5248527526855469,40986.64453125
17,2025-12-13,5,123.80240631103516,40986.64453125
17,2025-12-13,6,521.1182861328125,40986.64453125
17,2025-12-13,7,1034.670166015625,40986.64453125
17,2025-12-13,8,1558.35498046875,40986.64453125
17,2025-12-13,9,2194.88037109375,40986.64453125
17,2025-12-13,10,2455.0390625,40986.64453125
17,2025-12-13,11,2925.095703125,40986.64453125
17,2025-12-13,12,3210.60986328125,40986.64453125
17,2025-12-13,13,3499.260009765625,40986.64453125
17,2025-12-13,14,3535.8125,40986.64453125
17,2025-12-13,15,3411.572998046875,40986.64453125
17,2025-12-13,16,3472.352783203125,40986.64453125
17,2025-12-13,17,3247.176025390625,40986.64453125
17,2025-12-13,18,2736.23486328125,40986.64453125
17,2025-12-13,19,2224.04150390625,40986.64453125
17,2025-12-13,20,1793.3203125,40986.64453125
17,2025-12-13,21,1326.5599365234375,40986.64453125
17,2025-12-13,22,744.04803466796875,40986.64453125
17,2025-12-13,23,428.08160400390625,40986.64453125
17,2025-12-14,0,182.43467712402344,37014.27734375
17,2025-12-14,1,24.615348815917969,37014.27734375
17,2025-12-14,2,0.010268628597259521,37014.27734375
17,2025-12-14,3,0.0056503713130950928,37014.27734375
17,2025-12-14,4,3.4405374526977539,37014.27734375
17,2025-12-14,5,105.57261657714844,37014.27734375
17,2025-12-14,6,413.795166015625,37014.27734375
17,2025-12-14,7,801.084716796875,37014.27734375
17,2025-12-14,8,1274.669921875,37014.27734375
17,2025-12-14,9,1813.43603515625,37014.27734375
17,2025-12-14,10,2098.310791015625,37014.27734375
17,2025-12-14,11,2578.314453125,37014.27734375
17,2025-12-14,12,2894.00439453125,37014.27734375
17,2025-12-14,13,3178.535400390625,37014.27734375
17,2025-12-14,14,3255.11474609375,37014.27734375
17,2025-12-14,15,3170.179931640625,37014.27734375
17,2025-12-14,16,3190.2666015625,37014.27734375
17,2025-12-14,17,3029.54248046875,37014.27734375
17,2025-12-14,18,2524.3447265625,37014.27734375
17,2025-12-14,19,2037.09619140625,37014.27734375
17,2025-12-14,20,1636.4459228515625,37014.27734375
17,2025-12-14,21,1150.39013671875,37014.27734375
17,2025-12-14,22,607.303955078125,37014.27734375
17,2025-12-14,23,327.615478515625,37014.27734375
17,2025-12-15,0,110.78464508056641,53717.48046875
17,2025-12-15,1,11.871871948242188,53717.48046875
17,2025-12-15,2,0.0042591094970703125,53717.48046875
17,2025-12-15,3,0.0032280236482620239,53717.48046875
17,2025-12-15,4,24.994632720947266,53717.48046875
17,2025-12-15,5,304.90377807617188,53717.48046875
17,2025-12-15,6,1497.71484375,53717.48046875
17,2025-12-15,7,3899.091064453125,53717.48046875
17,2025-12-15,8,5249.287109375,53717.48046875
17,2025-12-15,9,3861.9462890625,53717.48046875
17,2025-12-15,10,3045.367431640625,53717.48046875
17,2025-12-15,11,2989.0830078125,53717.48046875
17,2025-12-15,12,2931.56494140625,53717.48046875
17,2025-12-15,13,3011.337158203125,53717.48046875
17,2025-12-15,14,3042.01123046875,53717.48046875
17,2025-12-15,15,3167.39306640625,53717.48046875
17,2025-12-15,16,3556.513671875,53717.48046875
17,2025-12-15,17,4416.55078125,53717.48046875
17,2025-12-15,18,4606.970703125,53717.48046875
17,2025-12-15,19,3255.07080078125,53717.48046875
17,2025-12-15,20,2276.149169921875,53717.48046875
17,2025-12-15,21,1335.930908203125,53717.48046875
17,2025-12-15,22,603.6092529296875,53717.48046875
17,2025-12-15,23,330.54702758789062,53717.48046875
17,2025-12-16,0,114.28216552734375,54543.765625
17,2025-12-16,1,9.9571619033813477,54543.765625
17,2025-12-16,2,0.00434914231300354,54543.765625
17,2025-12-16,3,0.004289478063583374,54543.765625
17,2025-12-16,4,24.981161117553711,54543.765625
17,2025-12-16,5,305.04568481445312,54543.765625
17,2025-12-16,6,1502.8541259765625,54543.765625
17,2025-12-16,7,3912.0927734375,54543.765625
17,2025-12-16,8,5243.984375,54543.765625
17,2025-12-16,9,3873.779052734375,54543.765625
17,2025-12-16,10,3075.343017578125,54543.765625
17,2025-12-16,11,3024.939453125,54543.765625
17,2025-12-16,12,3028.75537109375,54543.765625
17,2025-12-16,13,3092.556640625,54543.765625
17,2025-12-16,14,3208.567138671875,54543.765625
17,2025-12-16,15,3208.70263671875,54543.765625
17,2025-12-16,16,3598.538330078125,54543.765625
17,2025-12-16,17,4477.43017578125,54543.765625
17,2025-12-16,18,4658.62939453125,54543.765625
17,2025-12-16,19,3308.35400390625,54543.765625
17,2025-12-16,20,2325.638671875,54543.765625
17,2025-12-16,21,1400.258056640625,54543.765625
17,2025-12-16,22,642.64849853515625,54543.765625
17,2025-12-16,23,346.88638305664062,54543.765625
17,2025-12-17,0,118.50450134277344,54632.59375
17,2025-12-17,1,10.3560791015625,54632.59375
17,2025-12-17,2,0.0081819593906402588,54632.59375
17,2025-12-17,3,0.0056978315114974976,54632.59375
17,2025-12-17,4,25.359081268310547,54632.59375
17,2025-12-17,5,306.95925903320312,54632.59375
17,2025-12-17,6,1506.336181640625,54632.59375
17,2025-12-17,7,3898.956787109375,54632.59375
17,2025-12-17,8,5235.3525390625,54632.59375
17,2025-12-17,9,3866.87548828125,54632.59375
17,2025-12-17,10,3090.9873046875,54632.59375
17,2025-12-17,11,3056.754150390625,54632.59375
17,2025-12-17,12,3064.098876953125,54632.59375
17,2025-12-17,13,3120.897216796875,54632.59375
17,2025-12-17,14,3211.363037109375,54632.59375
17,2025-12-17,15,3250.76611328125,54632.59375
17,2025-12-17,16,3639.52294921875,54632.59375
17,2025-12-17,17,4434.376953125,54632.59375
17,2025-12-17,18,4587.07568359375,54632.59375
17,2025-12-17,19,3265.178466796875,54632.59375
17,2025-12-17,20,2307.975830078125,54632.59375
17,2025-12-17,21,1451.3516845703125,54632.59375
17,2025-12-17,22,674.01800537109375,54632.59375
17,2025-12-17,23,369.51748657226562,54632.59375
17,2025-12-18,0,126.67449188232422,55145.390625
17,2025-12-18,1,10.586393356323242,55145.390625
17,2025-12-18,2,0.0052767395973205566,55145.390625
17,2025-12-18,3,0.0042763501405715942,55145.390625
17,2025-12-18,4,25.124385833740234,55145.390625
17,2025-12-18,5,311.96295166015625,55145.390625
17,2025-12-18,6,1509.7550048828125,55145.390625
17,2025-12-18,7,3906.701171875,55145.390625
17,2025-12-18,8,5236.0478515625,55145.390625
17,2025-12-18,9,3867.44970703125,55145.390625
17,2025-12-18,10,3111.953369140625,55145.390625
17,2025-12-18,11,3074.254638671875,55145.390625
17,2025-12-18,12,3096.25146484375,55145.390625
17,2025-12-18,13,3117.7001953125,55145.390625
17,2025-12-18,14,3191.048828125,55145.390625
17,2025-12-18,15,3307.4609375,55145.390625
17,2025-12-18,16,3780.582275390625,55145.390625
17,2025-12-18,17,4504.62109375,55145.390625
17,2025-12-18,18,4611.630859375,55145.390625
17,2025-12-18,19,3310.697021484375,55145.390625
17,2025-12-18,20,2376.176025390625,55145.390625
17,2025-12-18,21,1504.16357421875,55145.390625
17,2025-12-18,22,730.21539306640625,55145.390625
17,2025-12-18,23,399.04226684570312,55145.390625
17,2025-12-19,0,142.28482055664062,55043.58203125
17,2025-12-19,1,14.920427322387695,55043.58203125
17,2025-12-19,2,0.0070243477821350098,55043.58203125
17,2025-12-19,3,0.0053430646657943726,55043.58203125
17,2025-12-19,4,23.398324966430664,55043.58203125
17,2025-12-19,5,298.87637329101562,55043.58203125
17,2025-12-19,6,1471.45556640625,55043.58203125
17,2025-12-19,7,3747.388671875,55043.58203125
17,2025-12-19,8,5089.84228515625,55043.58203125
17,2025-12-19,9,3769.4033203125,55043.58203125
17,2025-12-19,10,3042.887939453125,55043.58203125
17,2025-12-19,11,3081.50244140625,55043.58203125
17,2025-12-19,12,3103.788818359375,55043.58203125
17,2025-12-19,13,3192.697265625,55043.58203125
17,2025-12-19,14,3250.73291015625,55043.58203125
17,2025-12-19,15,3499.103515625,55043.58203125
17,2025-12-19,16,4097.046875,55043.58203125
17,2025-12-19,17,4473.52734375,55043.58203125
17,2025-12-19,18,4077.886962890625,55043.58203125
17,2025-12-19,19,3072.067138671875,55043.58203125
17,2025-12-19,20,2291.552490234375,55043.58203125
17,2025-12-19,21,1508.158447265625,55043.58203125
17,2025-12-19,22,750.952392578125,55043.58203125
17,2025-12-19,23,459.40771484375,55043.58203125
17,2025-12-20,0,190.46281433105469,41269.078125
17,2025-12-20,1,23.127704620361328,41269.078125
17,2025-12-20,2,0.0071235001087188721,41269.078125
17,2025-12-20,3,0.0042452514171600342,41269.078125
17,2025-12-20,4,5.2314977645874023,41269.078125
17,2025-12-20,5,131.1202392578125,41269.078125
17,2025-12-20,6,543.91436767578125,41269.078125
17,2025-12-20,7,1119.760498046875,41269.078125
17,2025-12-20,8,1660.88134765625,41269.078125
17,2025-12-20,9,2158.25927734375,41269.078125
17,2025-12-20,10,2438.844482421875,41269.078125
17,2025-12-20,11,2898.223876953125,41269.078125
17,2025-12-20,12,3151.834228515625,41269.078125
17,2025-12-20,13,3403.900146484375,41269.078125
17,2025-12-20,14,3418.42724609375,41269.078125
17,2025-12-20,15,3368.80859375,41269.078125
17,2025-12-20,16,3441.636474609375,41269.078125
17,2025-12-20,17,3225.494873046875,41269.078125
17,2025-12-20,18,2661.379150390625,41269.078125
17,2025-12-20,19,2228.187255859375,41269.078125
17,2025-12-20,20,1788.2958984375,41269.078125
17,2025-12-20,21,1301.81396484375,41269.078125
17,2025-12-20,22,736.21173095703125,41269.078125
17,2025-12-20,23,436.27804565429688,41269.078125
17,2025-12-21,0,184.15855407714844,35805.8671875
17,2025-12-21,1,25.40985107421875,35805.8671875
17,2025-12-21,2,0.0042462348937988281,35805.8671875
17,2025-12-21,3,0.0045464485883712769,35805.8671875
17,2025-12-21,4,3.7634363174438477,35805.8671875
17,2025-12-21,5,108.70863342285156,35805.8671875
17,2025-12-21,6,404.17218017578125,35805.8671875
17,2025-12-21,7,780.4345703125,35805.8671875
17,2025-12-21,8,1294.1044921875,35805.8671875
17,2025-12-21,9,1763.6724853515625,35805.8671875
17,2025-12-21,10,1992.0938720703125,35805.8671875
17,2025-12-21,11,2500.790771484375,35805.8671875
17,2025-12-21,12,2845.074462890625,35805.8671875
17,2025-12-21,13,3149.739990234375,35805.8671875
17,2025-12-21,14,3244.19775390625,35805.8671875
17,2025-12-21,15,3156.197021484375,35805.8671875
17,2025-12-21,16,3176.234130859375,35805.8671875
17,2025-12-21,17,2980.86474609375,35805.8671875
17,2025-12-21,18,2391.892822265625,35805.8671875
17,2025-12-21,19,1937.1859130859375,35805.8671875
17,2025-12-21,20,1574.761474609375,35805.8671875
17,2025-12-21,21,1136.8134765625,35805.8671875
17,2025-12-21,22,601.4752197265625,35805.8671875
17,2025-12-21,23,325.86959838867188,35805.8671875
17,2025-12-22,0,110.11878967285156,54118.40234375
17,2025-12-22,1,12.182853698730469,54118.40234375
17,2025-12-22,2,0.0063811540603637695,54118.40234375
17,2025-12-22,3,0.0054632127285003662,54118.40234375
17,2025-12-22,4,24.138460159301758,54118.40234375
17,2025-12-22,5,307.53594970703125,54118.40234375
17,2025-12-22,6,1495.093994140625,54118.40234375
17,2025-12-22,7,3875.2568359375,54118.40234375
17,2025-12-22,8,5197.30322265625,54118.40234375
17,2025-12-22,9,3836.80712890625,54118.40234375
17,2025-12-22,10,3052.681884765625,54118.40234375
17,2025-12-22,11,3034.706787109375,54118.40234375
17,2025-12-22,12,2952.053955078125,54118.40234375
17,2025-12-22,13,3010.267822265625,54118.40234375
17,2025-12-22,14,3069.44287109375,54118.40234375
17,2025-12-22,15,3180.19287109375,54118.40234375
17,2025-12-22,16,3593.1640625,54118.40234375
17,2025-12-22,17,4459.09228515625,54118.40234375
17,2025-12-22,18,4650.6025390625,54118.40234375
17,2025-12-22,19,3289.0361328125,54118.40234375
17,2025-12-22,20,2289.218017578125,54118.40234375
17,2025-12-22,21,1355.369140625,54118.40234375
17,2025-12-22,22,597.30255126953125,54118.40234375
17,2025-12-22,23,325.78826904296875,54118.40234375
17,2025-12-23,0,109.83268737792969,54619.859375
17,2025-12-23,1,9.9447441101074219,54619.859375
17,2025-12-23,2,0.010011672973632812,54619.859375
17,2025-12-23,3,0.0073670297861099243,54619.859375
17,2025-12-23,4,24.494453430175781,54619.859375
17,2025-12-23,5,307.85198974609375,54619.859375
17,2025-12-23,6,1508.5113525390625,54619.859375
17,2025-12-23,7,3899.10791015625,54619.859375
17,2025-12-23,8,5223.8505859375,54619.859375
17,2025-12-23,9,3865.18994140625,54619.859375
17,2025-12-23,10,3094.835205078125,54619.859375
17,2025-12-23,11,3055.937255859375,54619.859375
17,2025-12-23,12,3043.5009765625,54619.859375
17,2025-12-23,13,3075.15966796875,54619.859375
17,2025-12-23,14,3191.61279296875,54619.859375
17,2025-12-23,15,3213.3740234375,54619.859375
17,2025-12-23,16,3626.24560546875,54619.859375
17,2025-12-23,17,4499.85302734375,54619.859375
17,2025-12-23,18,4693.78173828125,54619.859375
17,2025-12-23,19,3309.789306640625,54619.859375
17,2025-12-23,20,2320.211181640625,54619.859375
17,2025-12-23,21,1415.86572265625,54619.859375
17,2025-12-23,22,638.8345947265625,54619.859375
17,2025-12-23,23,350.52023315429688,54619.859375
17,2025-12-24,0,117.21590423583984,54766.5546875
17,2025-12-24,1,10.534755706787109,54766.5546875
17,2025-12-24,2,0.0089098513126373291,54766.5546875
17,2025-12-24,3,0.0072335898876190186,54766.5546875
17,2025-12-24,4,24.382368087768555,54766.5546875
17,2025-12-24,5,305.30825805664062,54766.5546875
17,2025-12-24,6,1495.5216064453125,54766.5546875
17,2025-12-24,7,3864.83544921875,54766.5546875
17,2025-12-24,8,5169.14453125,54766.5546875
17,2025-12-24,9,3828.1982421875,54766.5546875
17,2025-12-24,10,3067.10205078125,54766.5546875
17,2025-12-24,11,3062.0302734375,54766.5546875
17,2025-12-24,12,3069.015869140625,54766.5546875
17,2025-12-24,13,3116.96337890625,54766.5546875
17,2025-12-24,14,3181.863037109375,54766.5546875
17,2025-12-24,15,3254.982177734375,54766.5546875
17,2025-12-24,16,3649.3583984375,54766.5546875
17,2025-12-24,17,4443.98095703125,54766.5546875
17,2025-12-24,18,4564.90771484375,54766.5546875
17,2025-12-24,19,3256.18408203125,54766.5546875
17,2025-12-24,20,2298.75048828125,54766.5546875
17,2025-12-24,21,1449.3516845703125,54766.5546875
17,2025-12-24,22,675.95574951171875,54766.5546875
17,2025-12-24,23,377.56222534179688,54766.5546875
17,2025-12-25,0,127.63603210449219,54768.921875
17,2025-12-25,1,10.9443359375,54768.921875
17,2025-12-25,2,0.0066406428813934326,54768.921875
17,2025-12-25,3,0.0043046623468399048,54768.921875
17,2025-12-25,4,23.953842163085938,54768.921875
17,2025-12-25,5,305.64898681640625,54768.921875
17,2025-12-25,6,1498.989501953125,54768.921875
17,2025-12-25,7,3859.811279296875,54768.921875
17,2025-12-25,8,5179.7822265625,54768.921875
17,2025-12-25,9,3840.4169921875,54768.921875
17,2025-12-25,10,3070.568359375,54768.921875
17,2025-12-25,11,3070.8388671875,54768.921875
17,2025-12-25,12,3076.58740234375,54768.921875
17,2025-12-25,13,3126.897705078125,54768.921875
17,2025-12-25,14,3176.227783203125,54768.921875
17,2025-12-25,15,3299.11962890625,54768.921875
17,2025-12-25,16,3763.28662109375,54768.921875
17,2025-12-25,17,4464.42529296875,54768.921875
17,2025-12-25,18,4559.9580078125,54768.921875
17,2025-12-25,19,3276.00732421875,54768.921875
17,2025-12-25,20,2324.278564453125,54768.921875
17,2025-12-25,21,1481.8031005859375,54768.921875
17,2025-12-25,22,714.6441650390625,54768.921875
17,2025-12-25,23,398.8790283203125,54768.921875
17,2025-12-26,0,141.81349182128906,54524.19140625
17,2025-12-26,1,15.185529708862305,54524.19140625
17,2025-12-26,2,0.0057628750801086426,54524.19140625
17,2025-12-26,3,0.0050507038831710815,54524.19140625
17,2025-12-26,4,22.667324066162109,54524.19140625
17,2025-12-26,5,297.8692626953125,54524.19140625
17,2025-12-26,6,1481.950439453125,54524.19140625
17,2025-12-26,7,3767.75634765625,54524.19140625
17,2025-12-26,8,5064.4990234375,54524.19140625
17,2025-12-26,9,3738.307373046875,54524.19140625
17,2025-12-26,10,3019.90185546875,54524.19140625
17,2025-12-26,11,3068.381591796875,54524.19140625
17,2025-12-26,12,3096.369384765625,54524.19140625
17,2025-12-26,13,3183.377685546875,54524.19140625
17,2025-12-26,14,3247.38134765625,54524.19140625
17,2025-12-26,15,3455.305908203125,54524.19140625
17,2025-12-26,16,4023.049072265625,54524.19140625
17,2025-12-26,17,4461.4736328125,54524.19140625
17,2025-12-26,18,4077.55419921875,54524.19140625
17,2025-12-26,19,3063.58740234375,54524.19140625
17,2025-12-26,20,2284.0283203125,54524.19140625
17,2025-12-26,21,1502.4344482421875,54524.19140625
17,2025-12-26,22,757.3924560546875,54524.19140625
17,2025-12-26,23,453.16497802734375,54524.19140625
17,2025-12-27,0,188.97067260742188,39432.2734375
17,2025-12-27,1,22.613960266113281,39432.2734375
17,2025-12-27,2,0.0065278708934783936,39432.2734375
17,2025-12-27,3,0.0054140686988830566,39432.2734375
17,2025-12-27,4,5.0130643844604492,39432.2734375
17,2025-12-27,5,138.79246520996094,39432.2734375
17,2025-12-27,6,580.525390625,39432.2734375
17,2025-12-27,7,1223.8095703125,39432.2734375
17,2025-12-27,8,1773.26904296875,39432.2734375
17,2025-12-27,9,2329.717529296875,39432.2734375
17,2025-12-27,10,2501.03369140625,39432.2734375
17,2025-12-27,11,2943.096435546875,39432.2734375
17,2025-12-27,12,3163.423583984375,39432.2734375
17,2025-12-27,13,3431.128662109375,39432.2734375
17,2025-12-27,14,3420.628662109375,39432.2734375
17,2025-12-27,15,3363.140380859375,39432.2734375
17,2025-12-27,16,3425.6240234375,39432.2734375
17,2025-12-27,17,3317.01806640625,39432.2734375
17,2025-12-27,18,2779.76318359375,39432.2734375
17,2025-12-27,19,2289.346923828125,39432.2734375
17,2025-12-27,20,1814.871826171875,39432.2734375
17,2025-12-27,21,1303.90869140625,39432.2734375
17,2025-12-27,22,731.84893798828125,39432.2734375
17,2025-12-27,23,427.39923095703125,39432.2734375
17,2025-12-28,0,181.19189453125,35522.73828125
17,2025-12-28,1,24.804195404052734,35522.73828125
17,2025-12-28,2,0.008533179759979248,35522.73828125
17,2025-12-28,3,0.0055210292339324951,35522.73828125
17,2025-12-28,4,3.3410606384277344,35522.73828125
17,2025-12-28,5,104.6002197265625,35522.73828125
17,2025-12-28,6,419.1988525390625,35522.73828125
17,2025-12-28,7,780.99560546875,35522.73828125
17,2025-12-28,8,1254.890869140625,35522.73828125
17,2025-12-28,9,1775.26806640625,35522.73828125
17,2025-12-28,10,2069.387451171875,35522.73828125
17,2025-12-28,11,2557.962646484375,35522.73828125
17,2025-12-28,12,2891.702880859375,35522.73828125
17,2025-12-28,13,3169.967529296875,35522.73828125
17,2025-12-28,14,3221.6533203125,35522.73828125
17,2025-12-28,15,3183.520263671875,35522.73828125
17,2025-12-28,16,3161.832275390625,35522.73828125
17,2025-12-28,17,3008.954833984375,35522.73828125
17,2025-12-28,18,2475.442626953125,35522.73828125
17,2025-12-28,19,1983.8233642578125,35522.73828125
17,2025-12-28,20,1573.87451171875,35522.73828125
17,2025-12-28,21,1138.4359130859375,35522.73828125
17,2025-12-28,22,605.604736328125,35522.73828125
17,2025-12-28,23,329.34967041015625,35522.73828125
17,2025-12-29,0,110.82766723632812,54398.8828125
17,2025-12-29,1,11.578824043273926,54398.8828125
17,2025-12-29,2,0.0082452595233917236,54398.8828125
17,2025-12-29,3,0.0063796490430831909,54398.8828125
17,2025-12-29,4,23.313690185546875,54398.8828125
17,2025-12-29,5,305.265380859375,54398.8828125
17,2025-12-29,6,1502.2554931640625,54398.8828125
17,2025-12-29,7,3873.83544921875,54398.8828125
17,2025-12-29,8,5191.87451171875,54398.8828125
17,2025-12-29,9,3793.214111328125,54398.8828125
17,2025-12-29,10,3040.24853515625,54398.8828125
17,2025-12-29,11,3025.225830078125,54398.8828125
17,2025-12-29,12,2981.238037109375,54398.8828125
17,2025-12-29,13,3044.227783203125,54398.8828125
17,2025-12-29,14,3074.4580078125,54398.8828125
17,2025-12-29,15,3201.7353515625,54398.8828125
17,2025-12-29,16,3595.4189453125,54398.8828125
17,2025-12-29,17,4460.2685546875,54398.8828125
17,2025-12-29,18,4613.4267578125,54398.8828125
17,2025-12-29,19,3244.83642578125,54398.8828125
17,2025-12-29,20,2275.52001953125,54398.8828125
17,2025-12-29,21,1357.54296875,54398.8828125
17,2025-12-29,22,605.137939453125,54398.8828125
17,2025-12-29,23,330.9595947265625,54398.8828125
17,2025-12-30,0,111.76976776123047,55245.70703125
17,2025-12-30,1,9.7401046752929688,55245.70703125
17,2025-12-30,2,0.0088109970092773438,55245.70703125
17,2025-12-30,3,0.006563335657119751,55245.70703125
17,2025-12-30,4,23.510322570800781,55245.70703125
17,2025-12-30,5,306.75234985351562,55245.70703125
17,2025-12-30,6,1518.01171875,55245.70703125
17,2025-12-30,7,3912.091552734375,55245.70703125
17,2025-12-30,8,5230.8349609375,55245.70703125
17,2025-12-30,9,3838.4921875,55245.70703125
17,2025-12-30,10,3086.49853515625,55245.70703125
17,2025-12-30,11,3050.3125,55245.70703125
17,2025-12-30,12,3040.394287109375,55245.70703125
17,2025-12-30,13,3083.64990234375,55245.70703125
17,2025-12-30,14,3202.576171875,55245.70703125
17,2025-12-30,15,3217.33056640625,55245.70703125
17,2025-12-30,16,3635.432861328125,55245.70703125
17,2025-12-30,17,4513.830078125,55245.70703125
17,2025-12-30,18,4655.5830078125,55245.70703125
17,2025-12-30,19,3308.41650390625,55245.70703125
17,2025-12-30,20,2326.832275390625,55245.70703125
17,2025-12-30,21,1422.93701171875,55245.70703125
17,2025-12-30,22,641.07171630859375,55245.70703125
17,2025-12-30,23,351.42791748046875,55245.70703125
17,2025-12-31,0,122.6326904296875,32613.16796875
17,2025-12-31,1,13.013884544372559,32613.16796875
17,2025-12-31,2,0.0060219764709472656,32613.16796875
17,2025-12-31,3,0.006937757134437561,32613.16796875
17,2025-12-31,4,3.1286945343017578,32613.16796875
17,2025-12-31,5,116.52703857421875,32613.16796875
17,2025-12-31,6,820.99884033203125,32613.16796875
17,2025-12-31,7,1549.4627685546875,32613.16796875
17,2025-12-31,8,2131.9658203125,32613.16796875
17,2025-12-31,9,1831.753173828125,32613.16796875
17,2025-12-31,10,2343.751953125,32613.16796875
17,2025-12-31,11,2481.332275390625,32613.16796875
17,2025-12-31,12,2762.256591796875,32613.16796875
17,2025-12-31,13,2979.3291015625,32613.16796875
17,2025-12-31,14,3122.764404296875,32613.16796875
17,2025-12-31,15,3084.898193359375,32613.16796875
17,2025-12-31,16,3276.76318359375,32613.16796875
17,2025-12-31,17,3079.6123046875,32613.16796875
17,2025-12-31,18,2666.798828125,32613.16796875
17,2025-12-31,19,2321.73876953125,32613.16796875
17,2025-12-31,20,1915.3009033203125,32613.16796875
17,2025-12-31,21,1384.61376953125,32613.16796875
17,2025-12-31,22,665.80035400390625,32613.16796875
17,2025-12-31,23,369.0146484375,32613.16796875
25,2025-11-01,0,0.72313213348388672,7238.14013671875
25,2025-11-01,1,0.0038295984268188477,7238.14013671875
25,2025-11-01,2,3.9488683434285576e-09,7238.14013671875
25,2025-11-01,3,3.9488496916817439e-09,7238.14013671875
25,2025-11-01,4,0.0013031847774982452,7238.14013671875
25,2025-11-01,5,15.360169410705566,7238.14013671875
25,2025-11-01,6,115.51833343505859,7238.14013671875
25,2025-11-01,7,104.2127685546875,7238.14013671875
25,2025-11-01,8,202.4090576171875,7238.14013671875
25,2025-11-01,9,214.52857971191406,7238.14013671875
25,2025-11-01,10,239.88008117675781,7238.14013671875
25,2025-11-01,11,315.9654541015625,7238.14013671875
25,2025-11-01,12,344.16183471679688,7238.14013671875
25,2025-11-01,13,489.57022094726562,7238.14013671875
25,2025-11-01,14,517.9783935546875,7238.14013671875
25,2025-11-01,15,626.43646240234375,7238.14013671875
25,2025-11-01,16,548.15972900390625,7238.14013671875
25,2025-11-01,17,453.24148559570312,7238.14013671875
25,2025-11-01,18,402.4539794921875,7238.14013671875
25,2025-11-01,19,453.00738525390625,7238.14013671875
25,2025-11-01,20,247.19125366210938,7238.14013671875
25,2025-11-01,21,190.73870849609375,7238.14013671875
25,2025-11-01,22,114.28166198730469,7238.14013671875
25,2025-11-01,23,50.598663330078125,7238.14013671875
25,2025-11-02,0,17.178401947021484,4365.66015625
25,2025-11-02,1,0.025904655456542969,4365.66015625
25,2025-11-02,2,4.947241283304038e-09,4365.66015625
25,2025-11-02,3,4.9472506091774449e-09,4365.66015625
25,2025-11-02,4,0.0011526886373758316,4365.66015625
25,2025-11-02,5,14.64614200592041,4365.66015625
25,2025-11-02,6,91.77838134765625,4365.66015625
25,2025-11-02,7,78.22113037109375,4365.66015625
25,2025-11-02,8,135.09133911132812,4365.66015625
25,2025-11-02,9,156.27850341796875,4365.66015625
25,2025-11-02,10,181.15782165527344,4365.66015625
25,2025-11-02,11,235.83187866210938,4365.66015625
25,2025-11-02,12,306.97427368164062,4365.66015625
25,2025-11-02,13,409.55892944335938,4365.66015625
25,2025-11-02,14,477.19247436523438,4365.66015625
25,2025-11-02,15,580.224365234375,4365.66015625
25,2025-11-02,16,461.9595947265625,4365.66015625
25,2025-11-02,17,419.08724975585938,4365.66015625
25,2025-11-02,18,351.22918701171875,4365.66015625
25,2025-11-02,19,345.7647705078125,4365.66015625
25,2025-11-02,20,209.06716918945312,4365.66015625
25,2025-11-02,21,175.91572570800781,4365.66015625
25,2025-11-02,22,93.88470458984375,4365.66015625
25,2025-11-02,23,43.896171569824219,4365.66015625
25,2025-11-03,0,11.089635848999023,4532.7001953125
25,2025-11-03,1,0.014887511730194092,4532.7001953125
25,2025-11-03,2,7.9437398881054833e-09,4532.7001953125
25,2025-11-03,3,7.9437398881054833e-09,4532.7001953125
25,2025-11-03,4,0.001240808516740799,4532.7001953125
25,2025-11-03,5,20.992359161376953,4532.7001953125
25,2025-11-03,6,202.41365051269531,4532.7001953125
25,2025-11-03,7,201.88319396972656,4532.7001953125
25,2025-11-03,8,261.27291870117188,4532.7001953125
25,2025-11-03,9,192.39126586914062,4532.7001953125
25,2025-11-03,10,189.68814086914062,4532.7001953125
25,2025-11-03,11,239.19961547851562,4532.7001953125
25,2025-11-03,12,251.91654968261719,4532.7001953125
25,2025-11-03,13,361.45303344726562,4532.7001953125
25,2025-11-03,14,387.5965576171875,4532.7001953125
25,2025-11-03,15,434.21435546875,4532.7001953125
25,2025-11-03,16,479.87124633789062,4532.7001953125
25,2025-11-03,17,467.23873901367188,4532.7001953125
25,2025-11-03,18,430.34332275390625,4532.7001953125
25,2025-11-03,19,481.37997436523438,4532.7001953125
25,2025-11-03,20,253.43740844726562,4532.7001953125
25,2025-11-03,21,179.08540344238281,4532.7001953125
25,2025-11-03,22,81.459403991699219,4532.7001953125
25,2025-11-03,23,24.330772399902344,4532.7001953125
25,2025-11-04,0,1.3290939331054688,4292.21337890625
25,2025-11-04,1,-0.00016936659812927246,4292.21337890625
25,2025-11-04,2,6.9141670167027769e-09,4292.21337890625
25,2025-11-04,3,6.914125272317051e-09,4292.21337890625
25,2025-11-04,4,0.0012237224727869034,4292.21337890625
25,2025-11-04,5,21.656204223632812,4292.21337890625
25,2025-11-04,6,197.86508178710938,4292.21337890625
25,2025-11-04,7,203.18338012695312,4292.21337890625
25,2025-11-04,8,231.95809936523438,4292.21337890625
25,2025-11-04,9,190.62197875976562,4292.21337890625
25,2025-11-04,10,204.29666137695312,4292.21337890625
25,2025-11-04,11,249.80215454101562,4292.21337890625
25,2025-11-04,12,243.33056640625,4292.21337890625
25,2025-11-04,13,333.59259033203125,4292.21337890625
25,2025-11-04,14,403.16122436523438,4292.21337890625
25,2025-11-04,15,458.0955810546875,4292.21337890625
25,2025-11-04,16,470.60040283203125,4292.21337890625
25,2025-11-04,17,436.16668701171875,4292.21337890625
25,2025-11-04,18,425.23773193359375,4292.21337890625
25,2025-11-04,19,511.46450805664062,4292.21337890625
25,2025-11-04,20,269.47625732421875,4292.21337890625
25,2025-11-04,21,182.60270690917969,4292.21337890625
25,2025-11-04,22,86.108566284179688,4292.21337890625
25,2025-11-04,23,22.973409652709961,4292.21337890625
25,2025-11-05,0,0.19902420043945312,7920.08740234375
25,2025-11-05,1,-0.00099658966064453125,7920.08740234375
25,2025-11-05,2,5.4789799364129976e-09,7920.08740234375
25,2025-11-05,3,5.4790123549253167e-09,7920.08740234375
25,2025-11-05,4,0.0011787489056587219,7920.08740234375
25,2025-11-05,5,21.623420715332031,7920.08740234375
25,2025-11-05,6,252.2158203125,7920.08740234375
25,2025-11-05,7,519.56915283203125,7920.08740234375
25,2025-11-05,8,850.534423828125,7920.08740234375
25,2025-11-05,9,440.14767456054688,7920.08740234375
25,2025-11-05,10,350.86328125,7920.08740234375
25,2025-11-05,11,414.4228515625,7920.08740234375
25,2025-11-05,12,415.69784545898438,7920.08740234375
25,2025-11-05,13,533.514404296875,7920.08740234375
25,2025-11-05,14,443.39892578125,7920.08740234375
25,2025-11-05,15,559.2474365234375,7920.08740234375
25,2025-11-05,16,656.53118896484375,7920.08740234375
25,2025-11-05,17,743.68896484375,7920.08740234375
25,2025-11-05,18,762.15924072265625,7920.08740234375
25,2025-11-05,19,566.8955078125,7920.08740234375
25,2025-11-05,20,315.85626220703125,7920.08740234375
25,2025-11-05,21,203.26724243164062,7920.08740234375
25,2025-11-05,22,93.041969299316406,7920.08740234375
25,2025-11-05,23,4.8711395263671875,7920.08740234375
25,2025-11-06,0,0.16312408447265625,8071.16796875
25,2025-11-06,1,-0.0017171204090118408,8071.16796875
25,2025-11-06,2,1.5502609196360595e-09,8071.16796875
25,2025-11-06,3,1.5502609196360595e-09,8071.16796875
25,2025-11-06,4,0.001181701198220253,8071.16796875
25,2025-11-06,5,21.329868316650391,8071.16796875
25,2025-11-06,6,252.7064208984375,8071.16796875
25,2025-11-06,7,514.84735107421875,8071.16796875
25,2025-11-06,8,847.44024658203125,8071.16796875
25,2025-11-06,9,437.3529052734375,8071.16796875
25,2025-11-06,10,358.69223022460938,8071.16796875
25,2025-11-06,11,415.71246337890625,8071.16796875
25,2025-11-06,12,409.26193237304688,8071.16796875
25,2025-11-06,13,515.40673828125,8071.16796875
25,2025-11-06,14,469.0816650390625,8071.16796875
25,2025-11-06,15,577.6956787109375,8071.16796875
25,2025-11-06,16,664.70068359375,8071.16796875
25,2025-11-06,17,737.41168212890625,8071.16796875
25,2025-11-06,18,744.111328125,8071.16796875
25,2025-11-06,19,564.399169921875,8071.16796875
25,2025-11-06,20,309.85964965820312,8071.16796875
25,2025-11-06,21,203.77369689941406,8071.16796875
25,2025-11-06,22,96.525550842285156,8071.16796875
25,2025-11-06,23,5.4589290618896484,8071.16796875
25,2025-11-07,0,0.15869951248168945,8006.79931640625
25,2025-11-07,1,0.00089654326438903809,8006.79931640625
25,2025-11-07,2,2.1639185998623134e-09,8006.79931640625
25,2025-11-07,3,2.16391393692561e-09,8006.79931640625
25,2025-11-07,4,0.00078452751040458679,8006.79931640625
25,2025-11-07,5,19.799617767333984,8006.79931640625
25,2025-11-07,6,254.57243347167969,8006.79931640625
25,2025-11-07,7,513.88006591796875,8006.79931640625
25,2025-11-07,8,821.8336181640625,8006.79931640625
25,2025-11-07,9,437.67904663085938,8006.79931640625
25,2025-11-07,10,353.77853393554688,8006.79931640625
25,2025-11-07,11,419.12945556640625,8006.79931640625
25,2025-11-07,12,407.89495849609375,8006.79931640625
25,2025-11-07,13,528.324462890625,8006.79931640625
25,2025-11-07,14,485.681640625,8006.79931640625
25,2025-11-07,15,605.10614013671875,8006.79931640625
25,2025-11-07,16,696.713134765625,8006.79931640625
25,2025-11-07,17,738.81793212890625,8006.79931640625
25,2025-11-07,18,669.6849365234375,8006.79931640625
25,2025-11-07,19,537.4349365234375,8006.79931640625
25,2025-11-07,20,304.38723754882812,8006.79931640625
25,2025-11-07,21,202.4281005859375,8006.79931640625
25,2025-11-07,22,106.66404724121094,8006.79931640625
25,2025-11-07,23,7.3977251052856445,8006.79931640625
25,2025-11-08,0,0.54738426208496094,6247.3603515625
25,2025-11-08,1,0.0037206709384918213,6247.3603515625
25,2025-11-08,2,4.2983048231803878e-09,6247.3603515625
25,2025-11-08,3,4.2983470116553235e-09,6247.3603515625
25,2025-11-08,4,0.00093604438006877899,6247.3603515625
25,2025-11-08,5,14.314496040344238,6247.3603515625
25,2025-11-08,6,126.57177734375,6247.3603515625
25,2025-11-08,7,144.44625854492188,6247.3603515625
25,2025-11-08,8,314.27755737304688,6247.3603515625
25,2025-11-08,9,299.2216796875,6247.3603515625
25,2025-11-08,10,283.29537963867188,6247.3603515625
25,2025-11-08,11,392.0849609375,6247.3603515625
25,2025-11-08,12,393.00338745117188,6247.3603515625
25,2025-11-08,13,528.95880126953125,6247.3603515625
25,2025-11-08,14,517.4901123046875,6247.3603515625
25,2025-11-08,15,640.12542724609375,6247.3603515625
25,2025-11-08,16,626.715576171875,6247.3603515625
25,2025-11-08,17,564.1905517578125,6247.3603515625
25,2025-11-08,18,522.31951904296875,6247.3603515625
25,2025-11-08,19,460.46316528320312,6247.3603515625
25,2025-11-08,20,263.10540771484375,6247.3603515625
25,2025-11-08,21,198.98367309570312,6247.3603515625
25,2025-11-08,22,113.48725128173828,6247.3603515625
25,2025-11-08,23,48.298191070556641,6247.3603515625
25,2025-11-09,0,15.6812744140625,5344.73046875
25,2025-11-09,1,0.024027258157730103,5344.73046875
25,2025-11-09,2,5.4494337931032533e-09,5344.73046875
25,2025-11-09,3,5.449387163736219e-09,5344.73046875
25,2025-11-09,4,0.0011965613812208176,5344.73046875
25,2025-11-09,5,14.118290901184082,5344.73046875
25,2025-11-09,6,104.37950134277344,5344.73046875
25,2025-11-09,7,114.89033508300781,5344.73046875
25,2025-11-09,8,209.77728271484375,5344.73046875
25,2025-11-09,9,223.14183044433594,5344.73046875
25,2025-11-09,10,234.5625,5344.73046875
25,2025-11-09,11,319.9786376953125,5344.73046875
25,2025-11-09,12,370.30087280273438,5344.73046875
25,2025-11-09,13,477.79959106445312,5344.73046875
25,2025-11-09,14,482.68539428710938,5344.73046875
25,2025-11-09,15,597.5369873046875,5344.73046875
25,2025-11-09,16,550.24310302734375,5344.73046875
25,2025-11-09,17,518.29290771484375,5344.73046875
25,2025-11-09,18,466.29937744140625,5344.73046875
25,2025-11-09,19,369.04876708984375,5344.73046875
25,2025-11-09,20,228.86627197265625,5344.73046875
25,2025-11-09,21,186.33685302734375,5344.73046875
25,2025-11-09,22,93.669952392578125,5344.73046875
25,2025-11-09,23,37.253654479980469,5344.73046875
25,2025-11-10,0,8.9277505874633789,7703.962890625
25,2025-11-10,1,0.018448412418365479,7703.962890625
25,2025-11-10,2,5.3970792279756097e-09,7703.962890625
25,2025-11-10,3,5.3971072055958302e-09,7703.962890625
25,2025-11-10,4,0.0011755283921957016,7703.962890625
25,2025-11-10,5,19.519065856933594,7703.962890625
25,2025-11-10,6,247.12179565429688,7703.962890625
25,2025-11-10,7,518.23681640625,7703.962890625
25,2025-11-10,8,849.6871337890625,7703.962890625
25,2025-11-10,9,443.48904418945312,7703.962890625
25,2025-11-10,10,335.946533203125,7703.962890625
25,2025-11-10,11,395.39068603515625,7703.962890625
25,2025-11-10,12,386.0662841796875,7703.962890625
25,2025-11-10,13,505.0233154296875,7703.962890625
25,2025-11-10,14,420.853759765625,7703.962890625
25,2025-11-10,15,518.568359375,7703.962890625
25,2025-11-10,16,662.80999755859375,7703.962890625
25,2025-11-10,17,722.68115234375,7703.962890625
25,2025-11-10,18,757.25,7703.962890625
25,2025-11-10,19,531.59234619140625,7703.962890625
25,2025-11-10,20,292.08242797851562,7703.962890625
25,2025-11-10,21,192.79483032226562,7703.962890625
25,2025-11-10,22,82.452613830566406,7703.962890625
25,2025-11-10,23,5.3706302642822266,7703.962890625
25,2025-11-11,0,0.57664060592651367,7740.4462890625
25,2025-11-11,1,0.0011267960071563721,7740.4462890625
25,2025-11-11,2,4.3210666156312527e-09,7740.4462890625
25,2025-11-11,3,4.3210737210586103e-09,7740.4462890625
25,2025-11-11,4,0.0011379644274711609,7740.4462890625
25,2025-11-11,5,20.534704208374023,7740.4462890625
25,2025-11-11,6,245.59613037109375,7740.4462890625
25,2025-11-11,7,518.25604248046875,7740.4462890625
25,2025-11-11,8,840.1243896484375,7740.4462890625
25,2025-11-11,9,436.88247680664062,7740.4462890625
25,2025-11-11,10,349.68194580078125,7740.4462890625
25,2025-11-11,11,409.58566284179688,7740.4462890625
25,2025-11-11,12,392.21066284179688,7740.4462890625
25,2025-11-11,13,492.11849975585938,7740.4462890625
25,2025-11-11,14,429.22802734375,7740.4462890625
25,2025-11-11,15,534.9388427734375,7740.4462890625
25,2025-11-11,16,660.80401611328125,7740.4462890625
25,2025-11-11,17,714.5972900390625,7740.4462890625
25,2025-11-11,18,748.080810546875,7740.4462890625
25,2025-11-11,19,559.07354736328125,7740.4462890625
25,2025-11-11,20,303.24978637695312,7740.4462890625
25,2025-11-11,21,195.02268981933594,7740.4462890625
25,2025-11-11,22,86.167320251464844,7740.4462890625
25,2025-11-11,23,5.1305217742919922,7740.4462890625
25,2025-11-12,0,0.20641660690307617,7809.9716796875
25,2025-11-12,1,-0.002098768949508667,7809.9716796875
25,2025-11-12,2,7.8545907555849226e-09,7809.9716796875
25,2025-11-12,3,7.8545188131329269e-09,7809.9716796875
25,2025-11-12,4,0.0011852346360683441,7809.9716796875
25,2025-11-12,5,20.336122512817383,7809.9716796875
25,2025-11-12,6,247.58453369140625,7809.9716796875
25,2025-11-12,7,516.068359375,7809.9716796875
25,2025-11-12,8,826.6337890625,7809.9716796875
25,2025-11-12,9,427.038818359375,7809.9716796875
25,2025-11-12,10,346.07559204101562,7809.9716796875
25,2025-11-12,11,401.912109375,7809.9716796875
25,2025-11-12,12,397.60244750976562,7809.9716796875
25,2025-11-12,13,505.7105712890625,7809.9716796875
25,2025-11-12,14,434.32891845703125,7809.9716796875
25,2025-11-12,15,536.0400390625,7809.9716796875
25,2025-11-12,16,652.6942138671875,7809.9716796875
25,2025-11-12,17,736.41119384765625,7809.9716796875
25,2025-11-12,18,755.12249755859375,7809.9716796875
25,2025-11-12,19,563.13671875,7809.9716796875
25,2025-11-12,20,312.39443969726562,7809.9716796875
25,2025-11-12,21,202.45979309082031,7809.9716796875
25,2025-11-12,22,93.021797180175781,7809.9716796875
25,2025-11-12,23,3.8605384826660156,7809.9716796875
25,2025-11-13,0,0.21231651306152344,7902.185546875
25,2025-11-13,1,0.0005957484245300293,7902.185546875
25,2025-11-13,2,5.7559952360008992e-09,7902.185546875
25,2025-11-13,3,5.7560280986024281e-09,7902.185546875
25,2025-11-13,4,0.00058892369270324707,7902.185546875
25,2025-11-13,5,19.900936126708984,7902.185546875
25,2025-11-13,6,240.55117797851562,7902.185546875
25,2025-11-13,7,506.2779541015625,7902.185546875
25,2025-11-13,8,808.09600830078125,7902.185546875
25,2025-11-13,9,427.54150390625,7902.185546875
25,2025-11-13,10,349.69522094726562,7902.185546875
25,2025-11-13,11,397.769287109375,7902.185546875
25,2025-11-13,12,398.041259765625,7902.185546875
25,2025-11-13,13,498.3494873046875,7902.185546875
25,2025-11-13,14,452.69711303710938,7902.185546875
25,2025-11-13,15,551.724853515625,7902.185546875
25,2025-11-13,16,656.02667236328125,7902.185546875
25,2025-11-13,17,734.0294189453125,7902.185546875
25,2025-11-13,18,738.43682861328125,7902.185546875
25,2025-11-13,19,550.80364990234375,7902.185546875
25,2025-11-13,20,306.59957885742188,7902.185546875
25,2025-11-13,21,200.74818420410156,7902.185546875
25,2025-11-13,22,96.43292236328125,7902.185546875
25,2025-11-13,23,4.7586650848388672,7902.185546875
25,2025-11-14,0,0.33001708984375,7943.513671875
25,2025-11-14,1,-0.00064346194267272949,7943.513671875
25,2025-11-14,2,1.0867858835084121e-09,7943.513671875
25,2025-11-14,3,1.0868533850683093e-09,7943.513671875
25,2025-11-14,4,0.00054865144193172455,7943.513671875
25,2025-11-14,5,18.256019592285156,7943.513671875
25,2025-11-14,6,243.11495971679688,7943.513671875
25,2025-11-14,7,510.3406982421875,7943.513671875
25,2025-11-14,8,797.0509033203125,7943.513671875
25,2025-11-14,9,427.705322265625,7943.513671875
25,2025-11-14,10,346.42742919921875,7943.513671875
25,2025-11-14,11,403.1658935546875,7943.513671875
25,2025-11-14,12,400.23171997070312,7943.513671875
25,2025-11-14,13,517.32135009765625,7943.513671875
25,2025-11-14,14,478.8184814453125,7943.513671875
25,2025-11-14,15,588.859130859375,7943.513671875
25,2025-11-14,16,698.9691162109375,7943.513671875
25,2025-11-14,17,743.52410888671875,7943.513671875
25,2025-11-14,18,658.35906982421875,7943.513671875
25,2025-11-14,19,530.978759765625,7943.513671875
25,2025-11-14,20,300.62631225585938,7943.513671875
25,2025-11-14,21,199.11845397949219,7943.513671875
25,2025-11-14,22,106.28041076660156,7943.513671875
25,2025-11-14,23,5.7751884460449219,7943.513671875
25,2025-11-15,0,0.38826322555541992,6122.17138671875
25,2025-11-15,1,0.002229154109954834,6122.17138671875
25,2025-11-15,2,3.028460593412774e-09,6122.17138671875
25,2025-11-15,3,3.0285585150835459e-09,6122.17138671875
25,2025-11-15,4,0.0010189339518547058,6122.17138671875
25,2025-11-15,5,12.961071014404297,6122.17138671875
25,2025-11-15,6,116.76246643066406,6122.17138671875
25,2025-11-15,7,140.17353820800781,6122.17138671875
25,2025-11-15,8,306.23416137695312,6122.17138671875
25,2025-11-15,9,289.76080322265625,6122.17138671875
25,2025-11-15,10,268.299560546875,6122.17138671875
25,2025-11-15,11,374.29965209960938,6122.17138671875
25,2025-11-15,12,384.16485595703125,6122.17138671875
25,2025-11-15,13,516.2451171875,6122.17138671875
25,2025-11-15,14,511.90396118164062,6122.17138671875
25,2025-11-15,15,637.17034912109375,6122.17138671875
25,2025-11-15,16,610.6495361328125,6122.17138671875
25,2025-11-15,17,560.75958251953125,6122.17138671875
25,2025-11-15,18,520.48193359375,6122.17138671875
25,2025-11-15,19,457.41876220703125,6122.17138671875
25,2025-11-15,20,257.37710571289062,6122.17138671875
25,2025-11-15,21,196.84703063964844,6122.17138671875
25,2025-11-15,22,113.27206420898438,6122.17138671875
25,2025-11-15,23,47.544326782226562,6122.17138671875
25,2025-11-16,0,15.903377532958984,5254.6669921875
25,2025-11-16,1,0.031503170728683472,5254.6669921875
25,2025-11-16,2,4.6304218237480654e-09,5254.6669921875
25,2025-11-16,3,4.6304546863495943e-09,5254.6669921875
25,2025-11-16,4,0.0010808352380990982,5254.6669921875
25,2025-11-16,5,12.638421058654785,5254.6669921875
25,2025-11-16,6,102.3726806640625,5254.6669921875
25,2025-11-16,7,111.82960510253906,5254.6669921875
25,2025-11-16,8,203.8291015625,5254.6669921875
25,2025-11-16,9,221.08296203613281,5254.6669921875
25,2025-11-16,10,217.60943603515625,5254.6669921875
25,2025-11-16,11,306.35366821289062,5254.6669921875
25,2025-11-16,12,355.7978515625,5254.6669921875
25,2025-11-16,13,459.05178833007812,5254.6669921875
25,2025-11-16,14,473.79705810546875,5254.6669921875
25,2025-11-16,15,584.81085205078125,5254.6669921875
25,2025-11-16,16,542.63494873046875,5254.6669921875
25,2025-11-16,17,522.1478271484375,5254.6669921875
25,2025-11-16,18,470.62863159179688,5254.6669921875
25,2025-11-16,19,373.02517700195312,5254.6669921875
25,2025-11-16,20,221.58140563964844,5254.6669921875
25,2025-11-16,21,183.22108459472656,5254.6669921875
25,2025-11-16,22,92.46820068359375,5254.6669921875
25,2025-11-16,23,37.348915100097656,5254.6669921875
25,2025-11-17,0,8.743840217590332,7648.17919921875
25,2025-11-17,1,0.0019830465316772461,7648.17919921875
25,2025-11-17,2,7.1298328352398244e-10,7648.17919921875
25,2025-11-17,3,7.1289013581221639e-10,7648.17919921875
25,2025-11-17,4,0.00087492726743221283,7648.17919921875
25,2025-11-17,5,19.314712524414062,7648.17919921875
25,2025-11-17,6,247.04953002929688,7648.17919921875
25,2025-11-17,7,533.538818359375,7648.17919921875
25,2025-11-17,8,880.437744140625,7648.17919921875
25,2025-11-17,9,442.99520874023438,7648.17919921875
25,2025-11-17,10,320.1790771484375,7648.17919921875
25,2025-11-17,11,377.298828125,7648.17919921875
25,2025-11-17,12,367.90780639648438,7648.17919921875
25,2025-11-17,13,478.819580078125,7648.17919921875
25,2025-11-17,14,396.53863525390625,7648.17919921875
25,2025-11-17,15,497.52615356445312,7648.17919921875
25,2025-11-17,16,653.22760009765625,7648.17919921875
25,2025-11-17,17,736.962646484375,7648.17919921875
25,2025-11-17,18,771.91845703125,7648.17919921875
25,2025-11-17,19,534.600830078125,7648.17919921875
25,2025-11-17,20,292.72857666015625,7648.17919921875
25,2025-11-17,21,190.79109191894531,7648.17919921875
25,2025-11-17,22,81.4072265625,7648.17919921875
25,2025-11-17,23,6.2464466094970703,7648.17919921875
25,2025-11-18,0,0.32169342041015625,7780.48876953125
25,2025-11-18,1,-0.0034382939338684082,7780.48876953125
25,2025-11-18,2,-5.0989911078158645e-12,7780.48876953125
25,2025-11-18,3,-5.0850209459829543e-12,7780.48876953125
25,2025-11-18,4,0.00070193037390708923,7780.48876953125
25,2025-11-18,5,19.907794952392578,7780.48876953125
25,2025-11-18,6,251.24618530273438,7780.48876953125
25,2025-11-18,7,533.0230712890625,7780.48876953125
25,2025-11-18,8,867.4542236328125,7780.48876953125
25,2025-11-18,9,449.98138427734375,7780.48876953125
25,2025-11-18,10,340.3822021484375,7780.48876953125
25,2025-11-18,11,395.30621337890625,7780.48876953125
25,2025-11-18,12,376.3587646484375,7780.48876953125
25,2025-11-18,13,464.35983276367188,7780.48876953125
25,2025-11-18,14,409.56069946289062,7780.48876953125
25,2025-11-18,15,517.15399169921875,7780.48876953125
25,2025-11-18,16,657.58551025390625,7780.48876953125
25,2025-11-18,17,726.1278076171875,7780.48876953125
25,2025-11-18,18,758.78216552734375,7780.48876953125
25,2025-11-18,19,563.35943603515625,7780.48876953125
25,2025-11-18,20,304.52114868164062,7780.48876953125
25,2025-11-18,21,194.02778625488281,7780.48876953125
25,2025-11-18,22,85.806465148925781,7780.48876953125
25,2025-11-18,23,4.3382377624511719,7780.48876953125
25,2025-11-19,0,0.16615390777587891,7872.66796875
25,2025-11-19,1,-0.0046750307083129883,7872.66796875
25,2025-11-19,2,2.0066623918069126e-09,7872.66796875
25,2025-11-19,3,2.0066670547436161e-09,7872.66796875
25,2025-11-19,4,0.00045225955545902252,7872.66796875
25,2025-11-19,5,19.932912826538086,7872.66796875
25,2025-11-19,6,249.17913818359375,7872.66796875
25,2025-11-19,7,525.4927978515625,7872.66796875
25,2025-11-19,8,857.77642822265625,7872.66796875
25,2025-11-19,9,445.91802978515625,7872.66796875
25,2025-11-19,10,339.86114501953125,7872.66796875
25,2025-11-19,11,397.92501831054688,7872.66796875
25,2025-11-19,12,387.0972900390625,7872.66796875
25,2025-11-19,13,494.11050415039062,7872.66796875
25,2025-11-19,14,419.759765625,7872.66796875
25,2025-11-19,15,526.25799560546875,7872.66796875
25,2025-11-19,16,656.5501708984375,7872.66796875
25,2025-11-19,17,744.958984375,7872.66796875
25,2025-11-19,18,765.0902099609375,7872.66796875
25,2025-11-19,19,567.41595458984375,7872.66796875
25,2025-11-19,20,314.29034423828125,7872.66796875
25,2025-11-19,21,200.51322937011719,7872.66796875
25,2025-11-19,22,94.586517333984375,7872.66796875
25,2025-11-19,23,3.8384914398193359,7872.66796875
25,2025-11-20,0,0.23560762405395508,7879.7041015625
25,2025-11-20,1,-0.0049396157264709473,7879.7041015625
25,2025-11-20,2,1.6630906651826649e-09,7879.7041015625
25,2025-11-20,3,1.6631138688438796e-09,7879.7041015625
25,2025-11-20,4,0.00052671320736408234,7879.7041015625
25,2025-11-20,5,19.843738555908203,7879.7041015625
25,2025-11-20,6,243.97447204589844,7879.7041015625
25,2025-11-20,7,525.417724609375,7879.7041015625
25,2025-11-20,8,857.6865234375,7879.7041015625
25,2025-11-20,9,440.39193725585938,7879.7041015625
25,2025-11-20,10,345.63937377929688,7879.7041015625
25,2025-11-20,11,394.8726806640625,7879.7041015625
25,2025-11-20,12,386.0338134765625,7879.7041015625
25,2025-11-20,13,483.13986206054688,7879.7041015625
25,2025-11-20,14,435.9805908203125,7879.7041015625
25,2025-11-20,15,538.43310546875,7879.7041015625
25,2025-11-20,16,653.26080322265625,7879.7041015625
25,2025-11-20,17,735.3494873046875,7879.7041015625
25,2025-11-20,18,741.194091796875,7879.7041015625
25,2025-11-20,19,556.12091064453125,7879.7041015625
25,2025-11-20,20,306.95159912109375,7879.7041015625
25,2025-11-20,21,200.14738464355469,7879.7041015625
25,2025-11-20,22,97.603050231933594,7879.7041015625
25,2025-11-20,23,4.2317581176757812,7879.7041015625
25,2025-11-21,0,0.2059016227722168,7771.357421875
25,2025-11-21,1,-0.0027094781398773193,7771.357421875
25,2025-11-21,2,3.6948288872906687e-09,7771.357421875
25,2025-11-21,3,3.6948801795944064e-09,7771.357421875
25,2025-11-21,4,0.0007505565881729126,7771.357421875
25,2025-11-21,5,18.32244873046875,7771.357421875
25,2025-11-21,6,241.77650451660156,7771.357421875
25,2025-11-21,7,516.0772705078125,7771.357421875
25,2025-11-21,8,805.30657958984375,7771.357421875
25,2025-11-21,9,416.74179077148438,7771.357421875
25,2025-11-21,10,332.94830322265625,7771.357421875
25,2025-11-21,11,387.64288330078125,7771.357421875
25,2025-11-21,12,379.98251342773438,7771.357421875
25,2025-11-21,13,495.3447265625,7771.357421875
25,2025-11-21,14,453.41995239257812,7771.357421875
25,2025-11-21,15,572.0599365234375,7771.357421875
25,2025-11-21,16,689.10565185546875,7771.357421875
25,2025-11-21,17,726.07061767578125,7771.357421875
25,2025-11-21,18,638.43365478515625,7771.357421875
25,2025-11-21,19,527.445556640625,7771.357421875
25,2025-11-21,20,296.54647827148438,7771.357421875
25,2025-11-21,21,194.72727966308594,7771.357421875
25,2025-11-21,22,106.57817840576172,7771.357421875
25,2025-11-21,23,5.8670616149902344,7771.357421875
25,2025-11-22,0,0.29587173461914062,5953.814453125
25,2025-11-22,1,0.0017581582069396973,5953.814453125
25,2025-11-22,2,2.6457755986086795e-09,5953.814453125
25,2025-11-22,3,2.6457662727352727e-09,5953.814453125
25,2025-11-22,4,0.00080649368464946747,5953.814453125
25,2025-11-22,5,12.53887939453125,5953.814453125
25,2025-11-22,6,118.77162170410156,5953.814453125
25,2025-11-22,7,130.63435363769531,5953.814453125
25,2025-11-22,8,272.58718872070312,5953.814453125
25,2025-11-22,9,269.31045532226562,5953.814453125
25,2025-11-22,10,256.195068359375,5953.814453125
25,2025-11-22,11,348.6866455078125,5953.814453125
25,2025-11-22,12,357.1729736328125,5953.814453125
25,2025-11-22,13,493.28402709960938,5953.814453125
25,2025-11-22,14,477.77825927734375,5953.814453125
25,2025-11-22,15,599.5364990234375,5953.814453125
25,2025-11-22,16,579.6116943359375,5953.814453125
25,2025-11-22,17,514.820556640625,5953.814453125
25,2025-11-22,18,472.07000732421875,5953.814453125
25,2025-11-22,19,449.86050415039062,5953.814453125
25,2025-11-22,20,249.01724243164062,5953.814453125
25,2025-11-22,21,192.21156311035156,5953.814453125
25,2025-11-22,22,113.72564697265625,5953.814453125
25,2025-11-22,23,45.252506256103516,5953.814453125
25,2025-11-23,0,14.969249725341797,5025.3583984375
25,2025-11-23,1,0.033679217100143433,5025.3583984375
25,2025-11-23,2,5.5334807846918466e-09,5025.3583984375
25,2025-11-23,3,5.5335322990401892e-09,5025.3583984375
25,2025-11-23,4,0.00039306655526161194,5025.3583984375
25,2025-11-23,5,12.383756637573242,5025.3583984375
25,2025-11-23,6,98.070816040039062,5025.3583984375
25,2025-11-23,7,107.88546752929688,5025.3583984375
25,2025-11-23,8,202.56124877929688,5025.3583984375
25,2025-11-23,9,210.60935974121094,5025.3583984375
25,2025-11-23,10,209.76727294921875,5025.3583984375
25,2025-11-23,11,290.2464599609375,5025.3583984375
25,2025-11-23,12,340.22964477539062,5025.3583984375
25,2025-11-23,13,434.30905151367188,5025.3583984375
25,2025-11-23,14,447.29608154296875,5025.3583984375
25,2025-11-23,15,559.36883544921875,5025.3583984375
25,2025-11-23,16,507.7730712890625,5025.3583984375
25,2025-11-23,17,479.77728271484375,5025.3583984375
25,2025-11-23,18,425.1956787109375,5025.3583984375
25,2025-11-23,19,363.16085815429688,5025.3583984375
25,2025-11-23,20,220.98870849609375,5025.3583984375
25,2025-11-23,21,179.50178527832031,5025.3583984375
25,2025-11-23,22,94.903350830078125,5025.3583984375
25,2025-11-23,23,37.368949890136719,5025.3583984375
25,2025-11-24,0,9.1497230529785156,7531.74853515625
25,2025-11-24,1,0.0076260268688201904,7531.74853515625
25,2025-11-24,2,3.4192251252562755e-09,7531.74853515625
25,2025-11-24,3,3.4192668696420014e-09,7531.74853515625
25,2025-11-24,4,0.00052788294851779938,7531.74853515625
25,2025-11-24,5,17.973993301391602,7531.74853515625
25,2025-11-24,6,239.38223266601562,7531.74853515625
25,2025-11-24,7,520.50262451171875,7531.74853515625
25,2025-11-24,8,842.253662109375,7531.74853515625
25,2025-11-24,9,433.62384033203125,7531.74853515625
25,2025-11-24,10,311.21078491210938,7531.74853515625
25,2025-11-24,11,359.6591796875,7531.74853515625
25,2025-11-24,12,358.26553344726562,7531.74853515625
25,2025-11-24,13,459.11776733398438,7531.74853515625
25,2025-11-24,14,386.24008178710938,7531.74853515625
25,2025-11-24,15,471.60269165039062,7531.74853515625
25,2025-11-24,16,642.78399658203125,7531.74853515625
25,2025-11-24,17,716.6236572265625,7531.74853515625
25,2025-11-24,18,746.49755859375,7531.74853515625
25,2025-11-24,19,537.3858642578125,7531.74853515625
25,2025-11-24,20,288.7860107421875,7531.74853515625
25,2025-11-24,21,186.2142333984375,7531.74853515625
25,2025-11-24,22,82.967514038085938,7531.74853515625
25,2025-11-24,23,7.1512317657470703,7531.74853515625
25,2025-11-25,0,0.41252565383911133,7692.8564453125
25,2025-11-25,1,-0.0023069083690643311,7692.8564453125
25,2025-11-25,2,3.0195992373194258e-09,7692.8564453125
25,2025-11-25,3,3.0196132261295361e-09,7692.8564453125
25,2025-11-25,4,0.00071385875344276428,7692.8564453125
25,2025-11-25,5,19.087181091308594,7692.8564453125
25,2025-11-25,6,243.72489929199219,7692.8564453125
25,2025-11-25,7,526.03863525390625,7692.8564453125
25,2025-11-25,8,851.92755126953125,7692.8564453125
25,2025-11-25,9,442.330078125,7692.8564453125
25,2025-11-25,10,334.57623291015625,7692.8564453125
25,2025-11-25,11,384.41796875,7692.8564453125
25,2025-11-25,12,372.8511962890625,7692.8564453125
25,2025-11-25,13,449.69586181640625,7692.8564453125
25,2025-11-25,14,399.41607666015625,7692.8564453125
25,2025-11-25,15,494.71002197265625,7692.8564453125
25,2025-11-25,16,648.3194580078125,7692.8564453125
25,2025-11-25,17,717.4630126953125,7692.8564453125
25,2025-11-25,18,745.648193359375,7692.8564453125
25,2025-11-25,19,563.8883056640625,7692.8564453125
25,2025-11-25,20,305.13955688476562,7692.8564453125
25,2025-11-25,21,189.08718872070312,7692.8564453125
25,2025-11-25,22,88.330718994140625,7692.8564453125
25,2025-11-25,23,5.6433296203613281,7692.8564453125
25,2025-11-26,0,0.20708322525024414,7839.93701171875
25,2025-11-26,1,-0.00096923112869262695,7839.93701171875
25,2025-11-26,2,3.019361649592156e-09,7839.93701171875
25,2025-11-26,3,3.0194129418958937e-09,7839.93701171875
25,2025-11-26,4,0.00076281279325485229,7839.93701171875
25,2025-11-26,5,18.894329071044922,7839.93701171875
25,2025-11-26,6,243.52764892578125,7839.93701171875
25,2025-11-26,7,520.0382080078125,7839.93701171875
25,2025-11-26,8,845.20904541015625,7839.93701171875
25,2025-11-26,9,440.27395629882812,7839.93701171875
25,2025-11-26,10,333.95904541015625,7839.93701171875
25,2025-11-26,11,384.60693359375,7839.93701171875
25,2025-11-26,12,380.82781982421875,7839.93701171875
25,2025-11-26,13,476.04769897460938,7839.93701171875
25,2025-11-26,14,407.62698364257812,7839.93701171875
25,2025-11-26,15,506.0791015625,7839.93701171875
25,2025-11-26,16,641.2493896484375,7839.93701171875
25,2025-11-26,17,737.01593017578125,7839.93701171875
25,2025-11-26,18,754.9393310546875,7839.93701171875
25,2025-11-26,19,568.82196044921875,7839.93701171875
25,2025-11-26,20,311.18698120117188,7839.93701171875
25,2025-11-26,21,195.32818603515625,7839.93701171875
25,2025-11-26,22,95.23974609375,7839.93701171875
25,2025-11-26,23,5.2729454040527344,7839.93701171875
25,2025-11-27,0,0.14680862426757812,7867.85498046875
25,2025-11-27,1,-0.0056345164775848389,7867.85498046875
25,2025-11-27,2,2.3265811499584288e-09,7867.85498046875
25,2025-11-27,3,2.3266277793254631e-09,7867.85498046875
25,2025-11-27,4,0.00083193928003311157,7867.85498046875
25,2025-11-27,5,18.826744079589844,7867.85498046875
25,2025-11-27,6,239.4007568359375,7867.85498046875
25,2025-11-27,7,520.62835693359375,7867.85498046875
25,2025-11-27,8,845.4354248046875,7867.85498046875
25,2025-11-27,9,432.45693969726562,7867.85498046875
25,2025-11-27,10,336.56948852539062,7867.85498046875
25,2025-11-27,11,383.49566650390625,7867.85498046875
25,2025-11-27,12,379.20864868164062,7867.85498046875
25,2025-11-27,13,464.39361572265625,7867.85498046875
25,2025-11-27,14,427.946044921875,7867.85498046875
25,2025-11-27,15,525.76959228515625,7867.85498046875
25,2025-11-27,16,641.1492919921875,7867.85498046875
25,2025-11-27,17,732.789794921875,7867.85498046875
25,2025-11-27,18,737.77020263671875,7867.85498046875
25,2025-11-27,19,559.2093505859375,7867.85498046875
25,2025-11-27,20,305.09707641601562,7867.85498046875
25,2025-11-27,21,194.16001892089844,7867.85498046875
25,2025-11-27,22,99.150718688964844,7867.85498046875
25,2025-11-27,23,7.012059211730957,7867.85498046875
25,2025-11-28,0,0.23303031921386719,7859.6328125
25,2025-11-28,1,-0.0014743804931640625,7859.6328125
25,2025-11-28,2,5.4353055389810834e-09,7859.6328125
25,2025-11-28,3,5.4352891076803189e-09,7859.6328125
25,2025-11-28,4,0.00091059878468513489,7859.6328125
25,2025-11-28,5,16.902210235595703,7859.6328125
25,2025-11-28,6,234.509033203125,7859.6328125
25,2025-11-28,7,510.89688110351562,7859.6328125
25,2025-11-28,8,806.94873046875,7859.6328125
25,2025-11-28,9,415.58181762695312,7859.6328125
25,2025-11-28,10,324.71585083007812,7859.6328125
25,2025-11-28,11,379.64102172851562,7859.6328125
25,2025-11-28,12,374.29238891601562,7859.6328125
25,2025-11-28,13,479.51223754882812,7859.6328125
25,2025-11-28,14,443.73287963867188,7859.6328125
25,2025-11-28,15,555.3953857421875,7859.6328125
25,2025-11-28,16,684.3394775390625,7859.6328125
25,2025-11-28,17,730.82623291015625,7859.6328125
25,2025-11-28,18,629.30975341796875,7859.6328125
25,2025-11-28,19,530.08416748046875,7859.6328125
25,2025-11-28,20,295.47509765625,7859.6328125
25,2025-11-28,21,189.08905029296875,7859.6328125
25,2025-11-28,22,107.80788421630859,7859.6328125
25,2025-11-28,23,11.388075828552246,7859.6328125
25,2025-11-29,0,0.58145761489868164,5844.70263671875
25,2025-11-29,1,-0.0026229619979858398,5844.70263671875
25,2025-11-29,2,5.0667741113841203e-09,5844.70263671875
25,2025-11-29,3,5.0667998685582916e-09,5844.70263671875
25,2025-11-29,4,0.00054657645523548126,5844.70263671875
25,2025-11-29,5,11.758489608764648,5844.70263671875
25,2025-11-29,6,109.48670196533203,5844.70263671875
25,2025-11-29,7,130.190673828125,5844.70263671875
25,2025-11-29,8,275.92318725585938,5844.70263671875
25,2025-11-29,9,261.20309448242188,5844.70263671875
25,2025-11-29,10,244.9910888671875,5844.70263671875
25,2025-11-29,11,336.79580688476562,5844.70263671875
25,2025-11-29,12,351.60165405273438,5844.70263671875
25,2025-11-29,13,476.27252197265625,5844.70263671875
25,2025-11-29,14,467.71548461914062,5844.70263671875
25,2025-11-29,15,583.3138427734375,5844.70263671875
25,2025-11-29,16,547.82000732421875,5844.70263671875
25,2025-11-29,17,502.58001708984375,5844.70263671875
25,2025-11-29,18,461.08071899414062,5844.70263671875
25,2025-11-29,19,435.47470092773438,5844.70263671875
25,2025-11-29,20,245.25,5844.70263671875
25,2025-11-29,21,184.87985229492188,5844.70263671875
25,2025-11-29,22,114.58672332763672,5844.70263671875
25,2025-11-29,23,47.053749084472656,5844.70263671875
25,2025-11-30,0,15.367062568664551,5006.5087890625
25,2025-11-30,1,0.01763075590133667,5006.5087890625
25,2025-11-30,2,1.317388309551859e-09,5006.5087890625
25,2025-11-30,3,1.3173627744222927e-09,5006.5087890625
25,2025-11-30,4,0.00054971314966678619,5006.5087890625
25,2025-11-30,5,11.075770378112793,5006.5087890625
25,2025-11-30,6,94.601310729980469,5006.5087890625
25,2025-11-30,7,111.76005554199219,5006.5087890625
25,2025-11-30,8,203.09735107421875,5006.5087890625
25,2025-11-30,9,209.18183898925781,5006.5087890625
25,2025-11-30,10,201.25439453125,5006.5087890625
25,2025-11-30,11,278.74627685546875,5006.5087890625
25,2025-11-30,12,332.30276489257812,5006.5087890625
25,2025-11-30,13,416.48468017578125,5006.5087890625
25,2025-11-30,14,437.49142456054688,5006.5087890625
25,2025-11-30,15,542.64703369140625,5006.5087890625
25,2025-11-30,16,491.12152099609375,5006.5087890625
25,2025-11-30,17,476.69790649414062,5006.5087890625
25,2025-11-30,18,416.76690673828125,5006.5087890625
25,2025-11-30,19,356.27883911132812,5006.5087890625
25,2025-11-30,20,213.6099853515625,5006.5087890625
25,2025-11-30,21,174.23252868652344,5006.5087890625
25,2025-11-30,22,94.831680297851562,5006.5087890625
25,2025-11-30,23,39.379863739013672,5006.5087890625
25,2025-12-01,0,9.8774147033691406,7502.87939453125
25,2025-12-01,1,0.013757437467575073,7502.87939453125
25,2025-12-01,2,3.6249774293395376e-09,7502.87939453125
25,2025-12-01,3,3.6250287216432753e-09,7502.87939453125
25,2025-12-01,4,0.00074781849980354309,7502.87939453125
25,2025-12-01,5,17.697658538818359,7502.87939453125
25,2025-12-01,6,234.71875,7502.87939453125
25,2025-12-01,7,519.5223388671875,7502.87939453125
25,2025-12-01,8,839.20849609375,7502.87939453125
25,2025-12-01,9,434.6441650390625,7502.87939453125
25,2025-12-01,10,305.48870849609375,7502.87939453125
25,2025-12-01,11,352.83306884765625,7502.87939453125
25,2025-12-01,12,350.85586547851562,7502.87939453125
25,2025-12-01,13,447.32595825195312,7502.87939453125
25,2025-12-01,14,375.36062622070312,7502.87939453125
25,2025-12-01,15,456.50039672851562,7502.87939453125
25,2025-12-01,16,625.63836669921875,7502.87939453125
25,2025-12-01,17,712.19244384765625,7502.87939453125
25,2025-12-01,18,747.48486328125,7502.87939453125
25,2025-12-01,19,528.216552734375,7502.87939453125
25,2025-12-01,20,285.413818359375,7502.87939453125
25,2025-12-01,21,181.44419860839844,7502.87939453125
25,2025-12-01,22,84.862884521484375,7502.87939453125
25,2025-12-01,23,6.0343151092529297,7502.87939453125
25,2025-12-02,0,0.65989780426025391,7616.3564453125
25,2025-12-02,1,0.0028559565544128418,7616.3564453125
25,2025-12-02,2,4.9991646378089172e-09,7616.3564453125
25,2025-12-02,3,4.9991601969168187e-09,7616.3564453125
25,2025-12-02,4,0.00054301135241985321,7616.3564453125
25,2025-12-02,5,17.742618560791016,7616.3564453125
25,2025-12-02,6,238.30947875976562,7616.3564453125
25,2025-12-02,7,526.25634765625,7616.3564453125
25,2025-12-02,8,842.63623046875,7616.3564453125
25,2025-12-02,9,439.94412231445312,7616.3564453125
25,2025-12-02,10,324.01779174804688,7616.3564453125
25,2025-12-02,11,374.82598876953125,7616.3564453125
25,2025-12-02,12,359.6058349609375,7616.3564453125
25,2025-12-02,13,435.66177368164062,7616.3564453125
25,2025-12-02,14,385.041259765625,7616.3564453125
25,2025-12-02,15,474.8734130859375,7616.3564453125
25,2025-12-02,16,631.7818603515625,7616.3564453125
25,2025-12-02,17,702.71502685546875,7616.3564453125
25,2025-12-02,18,735.56072998046875,7616.3564453125
25,2025-12-02,19,549.31103515625,7616.3564453125
25,2025-12-02,20,297.63308715820312,7616.3564453125
25,2025-12-02,21,184.41105651855469,7616.3564453125
25,2025-12-02,22,89.523788452148438,7616.3564453125
25,2025-12-02,23,4.9389228820800781,7616.3564453125
25,2025-12-03,0,0.18362665176391602,7687.59033203125
25,2025-12-03,1,-0.0028716623783111572,7687.59033203125
25,2025-12-03,2,-1.9866366329779339e-09,7687.59033203125
25,2025-12-03,3,-1.9865342704150635e-09,7687.59033203125
25,2025-12-03,4,0.00067108683288097382,7687.59033203125
25,2025-12-03,5,18.744380950927734,7687.59033203125
25,2025-12-03,6,231.470458984375,7687.59033203125
25,2025-12-03,7,515.94921875,7687.59033203125
25,2025-12-03,8,829.29095458984375,7687.59033203125
25,2025-12-03,9,424.55169677734375,7687.59033203125
25,2025-12-03,10,320.58966064453125,7687.59033203125
25,2025-12-03,11,367.01315307617188,7687.59033203125
25,2025-12-03,12,363.93017578125,7687.59033203125
25,2025-12-03,13,451.43115234375,7687.59033203125
25,2025-12-03,14,393.36029052734375,7687.59033203125
25,2025-12-03,15,486.76089477539062,7687.59033203125
25,2025-12-03,16,620.51458740234375,7687.59033203125
25,2025-12-03,17,717.69378662109375,7687.59033203125
25,2025-12-03,18,743.25439453125,7687.59033203125
25,2025-12-03,19,551.69830322265625,7687.59033203125
25,2025-12-03,20,301.05865478515625,7687.59033203125
25,2025-12-03,21,187.99787902832031,7687.59033203125
25,2025-12-03,22,95.329238891601562,7687.59033203125
25,2025-12-03,23,3.8338508605957031,7687.59033203125
25,2025-12-04,0,0.17003631591796875,7698.24267578125
25,2025-12-04,1,-0.0026310384273529053,7698.24267578125
25,2025-12-04,2,-1.4737621123472877e-09,7698.24267578125
25,2025-12-04,3,-1.4737341347270672e-09,7698.24267578125
25,2025-12-04,4,0.00055750645697116852,7698.24267578125
25,2025-12-04,5,19.039985656738281,7698.24267578125
25,2025-12-04,6,229.81187438964844,7698.24267578125
25,2025-12-04,7,516.56182861328125,7698.24267578125
25,2025-12-04,8,819.416015625,7698.24267578125
25,2025-12-04,9,422.34121704101562,7698.24267578125
25,2025-12-04,10,322.73904418945312,7698.24267578125
25,2025-12-04,11,363.57803344726562,7698.24267578125
25,2025-12-04,12,361.23934936523438,7698.24267578125
25,2025-12-04,13,434.82073974609375,7698.24267578125
25,2025-12-04,14,411.64566040039062,7698.24267578125
25,2025-12-04,15,501.49942016601562,7698.24267578125
25,2025-12-04,16,625.9976806640625,7698.24267578125
25,2025-12-04,17,714.0054931640625,7698.24267578125
25,2025-12-04,18,728.5052490234375,7698.24267578125
25,2025-12-04,19,538.9837646484375,7698.24267578125
25,2025-12-04,20,297.20928955078125,7698.24267578125
25,2025-12-04,21,188.45941162109375,7698.24267578125
25,2025-12-04,22,98.09478759765625,7698.24267578125
25,2025-12-04,23,4.6897144317626953,7698.24267578125
25,2025-12-05,0,0.15436935424804688,7757.1416015625
25,2025-12-05,1,-0.0011315047740936279,7757.1416015625
25,2025-12-05,2,9.6473140587249873e-10,7757.1416015625
25,2025-12-05,3,9.6475705202436757e-10,7757.1416015625
25,2025-12-05,4,0.00035401806235313416,7757.1416015625
25,2025-12-05,5,17.771202087402344,7757.1416015625
25,2025-12-05,6,231.74459838867188,7757.1416015625
25,2025-12-05,7,513.29931640625,7757.1416015625
25,2025-12-05,8,796.1368408203125,7757.1416015625
25,2025-12-05,9,406.96090698242188,7757.1416015625
25,2025-12-05,10,316.05682373046875,7757.1416015625
25,2025-12-05,11,363.864013671875,7757.1416015625
25,2025-12-05,12,360.39718627929688,7757.1416015625
25,2025-12-05,13,455.77841186523438,7757.1416015625
25,2025-12-05,14,429.68014526367188,7757.1416015625
25,2025-12-05,15,536.8577880859375,7757.1416015625
25,2025-12-05,16,674.3931884765625,7757.1416015625
25,2025-12-05,17,720.19873046875,7757.1416015625
25,2025-12-05,18,629.12176513671875,7757.1416015625
25,2025-12-05,19,522.15875244140625,7757.1416015625
25,2025-12-05,20,291.2620849609375,7757.1416015625
25,2025-12-05,21,188.84564208984375,7757.1416015625
25,2025-12-05,22,106.85440063476562,7757.1416015625
25,2025-12-05,23,6.7117366790771484,7757.1416015625
25,2025-12-06,0,0.43789148330688477,5802.52587890625
25,2025-12-06,1,-0.002478480339050293,5802.52587890625
25,2025-12-06,2,6.78412603871692e-10,5802.52587890625
25,2025-12-06,3,6.7844985185416817e-10,5802.52587890625
25,2025-12-06,4,0.00048429146409034729,5802.52587890625
25,2025-12-06,5,12.542333602905273,5802.52587890625
25,2025-12-06,6,109.72024536132812,5802.52587890625
25,2025-12-06,7,132.93679809570312,5802.52587890625
25,2025-12-06,8,276.966064453125,5802.52587890625
25,2025-12-06,9,249.06356811523438,5802.52587890625
25,2025-12-06,10,240.58613586425781,5802.52587890625
25,2025-12-06,11,321.68487548828125,5802.52587890625
25,2025-12-06,12,337.66998291015625,5802.52587890625
25,2025-12-06,13,458.00485229492188,5802.52587890625
25,2025-12-06,14,452.36257934570312,5802.52587890625
25,2025-12-06,15,563.4857177734375,5802.52587890625
25,2025-12-06,16,547.22833251953125,5802.52587890625
25,2025-12-06,17,502.19091796875,5802.52587890625
25,2025-12-06,18,462.81207275390625,5802.52587890625
25,2025-12-06,19,432.39862060546875,5802.52587890625
25,2025-12-06,20,243.91455078125,5802.52587890625
25,2025-12-06,21,186.69902038574219,5802.52587890625
25,2025-12-06,22,115.70974731445312,5802.52587890625
25,2025-12-06,23,45.263450622558594,5802.52587890625
25,2025-12-07,0,15.467472076416016,4851.33642578125
25,2025-12-07,1,0.02481880784034729,4851.33642578125
25,2025-12-07,2,3.2384901427207069e-09,4851.33642578125
25,2025-12-07,3,3.2385321091510377e-09,4851.33642578125
25,2025-12-07,4,0.00069424323737621307,4851.33642578125
25,2025-12-07,5,11.379632949829102,4851.33642578125
25,2025-12-07,6,89.358917236328125,4851.33642578125
25,2025-12-07,7,107.64471435546875,4851.33642578125
25,2025-12-07,8,197.28402709960938,4851.33642578125
25,2025-12-07,9,199.62211608886719,4851.33642578125
25,2025-12-07,10,196.68415832519531,4851.33642578125
25,2025-12-07,11,270.92462158203125,4851.33642578125
25,2025-12-07,12,323.93582153320312,4851.33642578125
25,2025-12-07,13,406.38912963867188,4851.33642578125
25,2025-12-07,14,417.44302368164062,4851.33642578125
25,2025-12-07,15,526.29083251953125,4851.33642578125
25,2025-12-07,16,483.415283203125,4851.33642578125
25,2025-12-07,17,460.21185302734375,4851.33642578125
25,2025-12-07,18,412.34078979492188,4851.33642578125
25,2025-12-07,19,349.1412353515625,4851.33642578125
25,2025-12-07,20,211.29336547851562,4851.33642578125
25,2025-12-07,21,171.99266052246094,4851.33642578125
25,2025-12-07,22,95.715934753417969,4851.33642578125
25,2025-12-07,23,36.192508697509766,4851.33642578125
25,2025-12-08,0,9.2082853317260742,7396.89208984375
25,2025-12-08,1,0.00730934739112854,7396.89208984375
25,2025-12-08,2,1.7456802670068328e-09,7396.89208984375
25,2025-12-08,3,1.7456617262823215e-09,7396.89208984375
25,2025-12-08,4,0.00065294839441776276,7396.89208984375
25,2025-12-08,5,17.637454986572266,7396.89208984375
25,2025-12-08,6,225.28121948242188,7396.89208984375
25,2025-12-08,7,514.4476318359375,7396.89208984375
25,2025-12-08,8,821.0216064453125,7396.89208984375
25,2025-12-08,9,420.7073974609375,7396.89208984375
25,2025-12-08,10,289.9178466796875,7396.89208984375
25,2025-12-08,11,331.80661010742188,7396.89208984375
25,2025-12-08,12,338.11334228515625,7396.89208984375
25,2025-12-08,13,418.64910888671875,7396.89208984375
25,2025-12-08,14,362.5081787109375,7396.89208984375
25,2025-12-08,15,440.94125366210938,7396.89208984375
25,2025-12-08,16,608.31365966796875,7396.89208984375
25,2025-12-08,17,697.732177734375,7396.89208984375
25,2025-12-08,18,735.19329833984375,7396.89208984375
25,2025-12-08,19,512.83013916015625,7396.89208984375
25,2025-12-08,20,274.32736206054688,7396.89208984375
25,2025-12-08,21,171.92674255371094,7396.89208984375
25,2025-12-08,22,83.074905395507812,7396.89208984375
25,2025-12-08,23,4.0064105987548828,7396.89208984375
25,2025-12-09,0,0.47563266754150391,7448.810546875
25,2025-12-09,1,-0.0029621422290802002,7448.810546875
25,2025-12-09,2,3.3738882798672876e-09,7448.810546875
25,2025-12-09,3,3.3739115945508047e-09,7448.810546875
25,2025-12-09,4,0.00029214099049568176,7448.810546875
25,2025-12-09,5,18.288482666015625,7448.810546875
25,2025-12-09,6,229.29035949707031,7448.810546875
25,2025-12-09,7,517.3885498046875,7448.810546875
25,2025-12-09,8,825.00250244140625,7448.810546875
25,2025-12-09,9,423.16116333007812,7448.810546875
25,2025-12-09,10,309.24075317382812,7448.810546875
25,2025-12-09,11,354.1151123046875,7448.810546875
25,2025-12-09,12,347.11968994140625,7448.810546875
25,2025-12-09,13,405.47549438476562,7448.810546875
25,2025-12-09,14,372.689697265625,7448.810546875
25,2025-12-09,15,463.29257202148438,7448.810546875
25,2025-12-09,16,617.08660888671875,7448.810546875
25,2025-12-09,17,690.219482421875,7448.810546875
25,2025-12-09,18,729.00811767578125,7448.810546875
25,2025-12-09,19,542.5987548828125,7448.810546875
25,2025-12-09,20,292.64117431640625,7448.810546875
25,2025-12-09,21,177.82310485839844,7448.810546875
25,2025-12-09,22,88.31744384765625,7448.810546875
25,2025-12-09,23,3.9496231079101562,7448.810546875
25,2025-12-10,0,0.16564655303955078,7657.03076171875
25,2025-12-10,1,0.0010922253131866455,7657.03076171875
25,2025-12-10,2,2.7369289057332935e-09,7657.03076171875
25,2025-12-10,3,2.73699862773924e-09,7657.03076171875
25,2025-12-10,4,0.00039464421570301056,7657.03076171875
25,2025-12-10,5,18.228000640869141,7657.03076171875
25,2025-12-10,6,231.25790405273438,7657.03076171875
25,2025-12-10,7,514.83349609375,7657.03076171875
25,2025-12-10,8,822.36474609375,7657.03076171875
25,2025-12-10,9,419.56204223632812,7657.03076171875
25,2025-12-10,10,311.04998779296875,7657.03076171875
25,2025-12-10,11,358.50924682617188,7657.03076171875
25,2025-12-10,12,357.322998046875,7657.03076171875
25,2025-12-10,13,431.30145263671875,7657.03076171875
25,2025-12-10,14,382.79672241210938,7657.03076171875
25,2025-12-10,15,471.82037353515625,7657.03076171875
25,2025-12-10,16,621.5576171875,7657.03076171875
25,2025-12-10,17,712.4185791015625,7657.03076171875
25,2025-12-10,18,739.825927734375,7657.03076171875
25,2025-12-10,19,547.8121337890625,7657.03076171875
25,2025-12-10,20,301.4405517578125,7657.03076171875
25,2025-12-10,21,184.46258544921875,7657.03076171875
25,2025-12-10,22,96.189056396484375,7657.03076171875
25,2025-12-10,23,3.5750503540039062,7657.03076171875
25,2025-12-11,0,0.15576601028442383,7702.0830078125
25,2025-12-11,1,-0.00089222192764282227,7702.0830078125
25,2025-12-11,2,2.1077413148162805e-09,7702.0830078125
25,2025-12-11,3,2.1078017109488201e-09,7702.0830078125
25,2025-12-11,4,0.00054279342293739319,7702.0830078125
25,2025-12-11,5,18.777656555175781,7702.0830078125
25,2025-12-11,6,228.02096557617188,7702.0830078125
25,2025-12-11,7,517.18927001953125,7702.0830078125
25,2025-12-11,8,823.968017578125,7702.0830078125
25,2025-12-11,9,418.13491821289062,7702.0830078125
25,2025-12-11,10,317.72457885742188,7702.0830078125
25,2025-12-11,11,358.22042846679688,7702.0830078125
25,2025-12-11,12,358.50018310546875,7702.0830078125
25,2025-12-11,13,426.11569213867188,7702.0830078125
25,2025-12-11,14,403.98651123046875,7702.0830078125
25,2025-12-11,15,493.06976318359375,7702.0830078125
25,2025-12-11,16,632.7161865234375,7702.0830078125
25,2025-12-11,17,717.5264892578125,7702.0830078125
25,2025-12-11,18,729.18414306640625,7702.0830078125
25,2025-12-11,19,542.264404296875,7702.0830078125
25,2025-12-11,20,300.02081298828125,7702.0830078125
25,2025-12-11,21,185.84939575195312,7702.0830078125
25,2025-12-11,22,99.5191650390625,7702.0830078125
25,2025-12-11,23,4.7624588012695312,7702.0830078125
25,2025-12-12,0,0.11871671676635742,7704.68115234375
25,2025-12-12,1,-0.00069004297256469727,7704.68115234375
25,2025-12-12,2,1.892219270160922e-09,7704.68115234375
25,2025-12-12,3,1.8922798883380665e-09,7704.68115234375
25,2025-12-12,4,0.000653853639960289,7704.68115234375
25,2025-12-12,5,16.728977203369141,7704.68115234375
25,2025-12-12,6,227.62652587890625,7704.68115234375
25,2025-12-12,7,505.7637939453125,7704.68115234375
25,2025-12-12,8,788.3585205078125,7704.68115234375
25,2025-12-12,9,404.92071533203125,7704.68115234375
25,2025-12-12,10,310.14053344726562,7704.68115234375
25,2025-12-12,11,357.660888671875,7704.68115234375
25,2025-12-12,12,357.35208129882812,7704.68115234375
25,2025-12-12,13,443.78683471679688,7704.68115234375
25,2025-12-12,14,421.8389892578125,7704.68115234375
25,2025-12-12,15,521.6600341796875,7704.68115234375
25,2025-12-12,16,678.80377197265625,7704.68115234375
25,2025-12-12,17,717.5377197265625,7704.68115234375
25,2025-12-12,18,622.75482177734375,7704.68115234375
25,2025-12-12,19,520.98468017578125,7704.68115234375
25,2025-12-12,20,291.17324829101562,7704.68115234375
25,2025-12-12,21,186.47444152832031,7704.68115234375
25,2025-12-12,22,107.18023681640625,7704.68115234375
25,2025-12-12,23,6.6189517974853516,7704.68115234375
25,2025-12-13,0,0.2799530029296875,5665.533203125
25,2025-12-13,1,-0.0021365880966186523,5665.533203125
25,2025-12-13,2,2.7995555526572069e-11,5665.533203125
25,2025-12-13,3,2.7995555526572069e-11,5665.533203125
25,2025-12-13,4,0.00070126540958881378,5665.533203125
25,2025-12-13,5,11.698047637939453,5665.533203125
25,2025-12-13,6,106.744140625,5665.533203125
25,2025-12-13,7,126.35795593261719,5665.533203125
25,2025-12-13,8,257.665283203125,5665.533203125
25,2025-12-13,9,247.43768310546875,5665.533203125
25,2025-12-13,10,231.201904296875,5665.533203125
25,2025-12-13,11,319.80718994140625,5665.533203125
25,2025-12-13,12,333.93170166015625,5665.533203125
25,2025-12-13,13,446.47299194335938,5665.533203125
25,2025-12-13,14,446.4141845703125,5665.533203125
25,2025-12-13,15,554.5618896484375,5665.533203125
25,2025-12-13,16,545.56585693359375,5665.533203125
25,2025-12-13,17,489.182373046875,5665.533203125
25,2025-12-13,18,449.19351196289062,5665.533203125
25,2025-12-13,19,438.243896484375,5665.533203125
25,2025-12-13,20,245.23680114746094,5665.533203125
25,2025-12-13,21,183.72398376464844,5665.533203125
25,2025-12-13,22,117.21903991699219,5665.533203125
25,2025-12-13,23,46.840507507324219,5665.533203125
25,2025-12-14,0,16.044086456298828,4793.84033203125
25,2025-12-14,1,0.035261869430541992,4793.84033203125
25,2025-12-14,2,4.8437551747326779e-09,4793.84033203125
25,2025-12-14,3,4.8436739064072754e-09,4793.84033203125
25,2025-12-14,4,0.00078526698052883148,4793.84033203125
25,2025-12-14,5,10.910823822021484,4793.84033203125
25,2025-12-14,6,89.580551147460938,4793.84033203125
25,2025-12-14,7,111.32756042480469,4793.84033203125
25,2025-12-14,8,197.60818481445312,4793.84033203125
25,2025-12-14,9,198.90274047851562,4793.84033203125
25,2025-12-14,10,192.74371337890625,4793.84033203125
25,2025-12-14,11,270.2010498046875,4793.84033203125
25,2025-12-14,12,319.22671508789062,4793.84033203125
25,2025-12-14,13,393.97845458984375,4793.84033203125
25,2025-12-14,14,409.948974609375,4793.84033203125
25,2025-12-14,15,512.17181396484375,4793.84033203125
25,2025-12-14,16,483.59661865234375,4793.84033203125
25,2025-12-14,17,461.61578369140625,4793.84033203125
25,2025-12-14,18,404.488525390625,4793.84033203125
25,2025-12-14,19,364.50186157226562,4793.84033203125
25,2025-12-14,20,217.4652099609375,4793.84033203125
25,2025-12-14,21,172.41146850585938,4793.84033203125
25,2025-12-14,22,96.5357666015625,4793.84033203125
25,2025-12-14,23,35.538490295410156,4793.84033203125
25,2025-12-15,0,8.7908611297607422,7369.1005859375
25,2025-12-15,1,0.014900445938110352,7369.1005859375
25,2025-12-15,2,4.0063028450276761e-09,7369.1005859375
25,2025-12-15,3,4.0062770878535048e-09,7369.1005859375
25,2025-12-15,4,0.00030382722616195679,7369.1005859375
25,2025-12-15,5,17.222097396850586,7369.1005859375
25,2025-12-15,6,221.92974853515625,7369.1005859375
25,2025-12-15,7,516.1268310546875,7369.1005859375
25,2025-12-15,8,816.37847900390625,7369.1005859375
25,2025-12-15,9,417.25839233398438,7369.1005859375
25,2025-12-15,10,291.49716186523438,7369.1005859375
25,2025-12-15,11,332.57479858398438,7369.1005859375
25,2025-12-15,12,334.46237182617188,7369.1005859375
25,2025-12-15,13,404.2005615234375,7369.1005859375
25,2025-12-15,14,352.38156127929688,7369.1005859375
25,2025-12-15,15,425.66949462890625,7369.1005859375
25,2025-12-15,16,607.72369384765625,7369.1005859375
25,2025-12-15,17,693.7314453125,7369.1005859375
25,2025-12-15,18,738.0921630859375,7369.1005859375
25,2025-12-15,19,520.9134521484375,7369.1005859375
25,2025-12-15,20,276.52011108398438,7369.1005859375
25,2025-12-15,21,172.92117309570312,7369.1005859375
25,2025-12-15,22,83.472908020019531,7369.1005859375
25,2025-12-15,23,4.3045234680175781,7369.1005859375
25,2025-12-16,0,0.45111799240112305,7377.2021484375
25,2025-12-16,1,0.0010389089584350586,7377.2021484375
25,2025-12-16,2,-3.8126599100074543e-10,7377.2021484375
25,2025-12-16,3,-3.8127995205528009e-10,7377.2021484375
25,2025-12-16,4,9.1018155217170715e-05,7377.2021484375
25,2025-12-16,5,18.001249313354492,7377.2021484375
25,2025-12-16,6,222.95779418945312,7377.2021484375
25,2025-12-16,7,512.454833984375,7377.2021484375
25,2025-12-16,8,812.879150390625,7377.2021484375
25,2025-12-16,9,419.09719848632812,7377.2021484375
25,2025-12-16,10,304.9495849609375,7377.2021484375
25,2025-12-16,11,354.1695556640625,7377.2021484375
25,2025-12-16,12,343.21945190429688,7377.2021484375
25,2025-12-16,13,390.70205688476562,7377.2021484375
25,2025-12-16,14,364.25973510742188,7377.2021484375
25,2025-12-16,15,443.5067138671875,7377.2021484375
25,2025-12-16,16,609.9989013671875,7377.2021484375
25,2025-12-16,17,679.07568359375,7377.2021484375
25,2025-12-16,18,724.8331298828125,7377.2021484375
25,2025-12-16,19,543.1953125,7377.2021484375
25,2025-12-16,20,291.09201049804688,7377.2021484375
25,2025-12-16,21,177.52015686035156,7377.2021484375
25,2025-12-16,22,87.852447509765625,7377.2021484375
25,2025-12-16,23,4.6552009582519531,7377.2021484375
25,2025-12-17,0,0.098804950714111328,7490.7236328125
25,2025-12-17,1,-0.0012776553630828857,7490.7236328125
25,2025-12-17,2,2.1887662793318441e-09,7490.7236328125
25,2025-12-17,3,2.1887709422685475e-09,7490.7236328125
25,2025-12-17,4,0.00061958655714988708,7490.7236328125
25,2025-12-17,5,18.24273681640625,7490.7236328125
25,2025-12-17,6,225.37527465820312,7490.7236328125
25,2025-12-17,7,508.7489013671875,7490.7236328125
25,2025-12-17,8,814.002197265625,7490.7236328125
25,2025-12-17,9,412.52096557617188,7490.7236328125
25,2025-12-17,10,305.81109619140625,7490.7236328125
25,2025-12-17,11,355.07705688476562,7490.7236328125
25,2025-12-17,12,352.18118286132812,7490.7236328125
25,2025-12-17,13,418.80728149414062,7490.7236328125
25,2025-12-17,14,372.87606811523438,7490.7236328125
25,2025-12-17,15,454.14306640625,7490.7236328125
25,2025-12-17,16,607.938720703125,7490.7236328125
25,2025-12-17,17,703.5283203125,7490.7236328125
25,2025-12-17,18,736.2926025390625,7490.7236328125
25,2025-12-17,19,550.427490234375,7490.7236328125
25,2025-12-17,20,300.73870849609375,7490.7236328125
25,2025-12-17,21,184.60041809082031,7490.7236328125
25,2025-12-17,22,96.00506591796875,7490.7236328125
25,2025-12-17,23,4.5408840179443359,7490.7236328125
25,2025-12-18,0,0.13456249237060547,7537.87451171875
25,2025-12-18,1,-0.0028111934661865234,7537.87451171875
25,2025-12-18,2,4.8334363178526019e-09,7537.87451171875
25,2025-12-18,3,4.833426991979195e-09,7537.87451171875
25,2025-12-18,4,0.0004262775182723999,7537.87451171875
25,2025-12-18,5,18.228618621826172,7537.87451171875
25,2025-12-18,6,223.42568969726562,7537.87451171875
25,2025-12-18,7,511.6300048828125,7537.87451171875
25,2025-12-18,8,809.654296875,7537.87451171875
25,2025-12-18,9,407.8038330078125,7537.87451171875
25,2025-12-18,10,311.37457275390625,7537.87451171875
25,2025-12-18,11,351.76983642578125,7537.87451171875
25,2025-12-18,12,352.34161376953125,7537.87451171875
25,2025-12-18,13,411.93618774414062,7537.87451171875
25,2025-12-18,14,391.60760498046875,7537.87451171875
25,2025-12-18,15,471.867431640625,7537.87451171875
25,2025-12-18,16,619.58380126953125,7537.87451171875
25,2025-12-18,17,705.99676513671875,7537.87451171875
25,2025-12-18,18,718.165771484375,7537.87451171875
25,2025-12-18,19,542.9578857421875,7537.87451171875
25,2025-12-18,20,297.5516357421875,7537.87451171875
25,2025-12-18,21,184.88710021972656,7537.87451171875
25,2025-12-18,22,98.699295043945312,7537.87451171875
25,2025-12-18,23,5.8732070922851562,7537.87451171875
25,2025-12-19,0,0.21213102340698242,7639.62939453125
25,2025-12-19,1,0.0054157078266143799,7639.62939453125
25,2025-12-19,2,-5.1167092784965007e-09,7639.62939453125
25,2025-12-19,3,-5.116755907863535e-09,7639.62939453125
25,2025-12-19,4,0.0006968080997467041,7639.62939453125
25,2025-12-19,5,16.402744293212891,7639.62939453125
25,2025-12-19,6,210.56887817382812,7639.62939453125
25,2025-12-19,7,492.52117919921875,7639.62939453125
25,2025-12-19,8,764.9898681640625,7639.62939453125
25,2025-12-19,9,395.09616088867188,7639.62939453125
25,2025-12-19,10,299.06210327148438,7639.62939453125
25,2025-12-19,11,347.4869384765625,7639.62939453125
25,2025-12-19,12,352.79428100585938,7639.62939453125
25,2025-12-19,13,438.97943115234375,7639.62939453125
25,2025-12-19,14,411.56814575195312,7639.62939453125
25,2025-12-19,15,514.7464599609375,7639.62939453125
25,2025-12-19,16,656.2255859375,7639.62939453125
25,2025-12-19,17,696.53240966796875,7639.62939453125
25,2025-12-19,18,627.130615234375,7639.62939453125
25,2025-12-19,19,519.1165771484375,7639.62939453125
25,2025-12-19,20,291.85317993164062,7639.62939453125
25,2025-12-19,21,184.39332580566406,7639.62939453125
25,2025-12-19,22,106.84185791015625,7639.62939453125
25,2025-12-19,23,10.705507278442383,7639.62939453125
25,2025-12-20,0,0.69512033462524414,5842.830078125
25,2025-12-20,1,0.0071229040622711182,5842.830078125
25,2025-12-20,2,-5.3260569288227089e-09,5842.830078125
25,2025-12-20,3,-5.3259450183418267e-09,5842.830078125
25,2025-12-20,4,0.00064308755099773407,5842.830078125
25,2025-12-20,5,11.176302909851074,5842.830078125
25,2025-12-20,6,95.909393310546875,5842.830078125
25,2025-12-20,7,135.49275207519531,5842.830078125
25,2025-12-20,8,261.44345092773438,5842.830078125
25,2025-12-20,9,247.55624389648438,5842.830078125
25,2025-12-20,10,226.24859619140625,5842.830078125
25,2025-12-20,11,309.9652099609375,5842.830078125
25,2025-12-20,12,329.07598876953125,5842.830078125
25,2025-12-20,13,437.46240234375,5842.830078125
25,2025-12-20,14,436.53134155273438,5842.830078125
25,2025-12-20,15,548.20257568359375,5842.830078125
25,2025-12-20,16,541.789306640625,5842.830078125
25,2025-12-20,17,475.16986083984375,5842.830078125
25,2025-12-20,18,447.786865234375,5842.830078125
25,2025-12-20,19,442.59033203125,5842.830078125
25,2025-12-20,20,247.0316162109375,5842.830078125
25,2025-12-20,21,183.47976684570312,5842.830078125
25,2025-12-20,22,115.92018127441406,5842.830078125
25,2025-12-20,23,53.172698974609375,5842.830078125
25,2025-12-21,0,16.485401153564453,4813.90673828125
25,2025-12-21,1,0.018347054719924927,4813.90673828125
25,2025-12-21,2,-2.5593906993748305e-09,4813.90673828125
25,2025-12-21,3,-2.5594419916785682e-09,4813.90673828125
25,2025-12-21,4,0.00054020434617996216,4813.90673828125
25,2025-12-21,5,10.729429244995117,4813.90673828125
25,2025-12-21,6,79.923751831054688,4813.90673828125
25,2025-12-21,7,115.02105712890625,4813.90673828125
25,2025-12-21,8,195.44915771484375,4813.90673828125
25,2025-12-21,9,190.04441833496094,4813.90673828125
25,2025-12-21,10,184.11068725585938,4813.90673828125
25,2025-12-21,11,260.66424560546875,4813.90673828125
25,2025-12-21,12,311.32186889648438,4813.90673828125
25,2025-12-21,13,387.19143676757812,4813.90673828125
25,2025-12-21,14,400.8074951171875,4813.90673828125
25,2025-12-21,15,508.61981201171875,4813.90673828125
25,2025-12-21,16,485.54611206054688,4813.90673828125
25,2025-12-21,17,456.74053955078125,4813.90673828125
25,2025-12-21,18,410.687255859375,4813.90673828125
25,2025-12-21,19,370.72952270507812,4813.90673828125
25,2025-12-21,20,221.11273193359375,4813.90673828125
25,2025-12-21,21,173.1109619140625,4813.90673828125
25,2025-12-21,22,96.962234497070312,4813.90673828125
25,2025-12-21,23,39.081893920898438,4813.90673828125
25,2025-12-22,0,9.2719688415527344,7337.38525390625
25,2025-12-22,1,0.008405536413192749,7337.38525390625
25,2025-12-22,2,1.2421980111199105e-09,7337.38525390625
25,2025-12-22,3,1.2421468298384752e-09,7337.38525390625
25,2025-12-22,4,0.00058049149811267853,7337.38525390625
25,2025-12-22,5,16.410808563232422,7337.38525390625
25,2025-12-22,6,204.88787841796875,7337.38525390625
25,2025-12-22,7,501.33163452148438,7337.38525390625
25,2025-12-22,8,806.20941162109375,7337.38525390625
25,2025-12-22,9,403.76278686523438,7337.38525390625
25,2025-12-22,10,282.23876953125,7337.38525390625
25,2025-12-22,11,331.02288818359375,7337.38525390625
25,2025-12-22,12,333.2877197265625,7337.38525390625
25,2025-12-22,13,408.11114501953125,7337.38525390625
25,2025-12-22,14,347.22998046875,7337.38525390625
25,2025-12-22,15,423.88055419921875,7337.38525390625
25,2025-12-22,16,623.32305908203125,7337.38525390625
25,2025-12-22,17,690.94598388671875,7337.38525390625
25,2025-12-22,18,732.69671630859375,7337.38525390625
25,2025-12-22,19,513.82550048828125,7337.38525390625
25,2025-12-22,20,280.79705810546875,7337.38525390625
25,2025-12-22,21,174.37617492675781,7337.38525390625
25,2025-12-22,22,84.873847961425781,7337.38525390625
25,2025-12-22,23,5.6217098236083984,7337.38525390625
25,2025-12-23,0,0.47395849227905273,7365.93408203125
25,2025-12-23,1,0.0086272060871124268,7365.93408203125
25,2025-12-23,2,3.1061959671063732e-09,7365.93408203125
25,2025-12-23,3,3.1061260230558219e-09,7365.93408203125
25,2025-12-23,4,0.0008813813328742981,7365.93408203125
25,2025-12-23,5,16.543972015380859,7365.93408203125
25,2025-12-23,6,206.32229614257812,7365.93408203125
25,2025-12-23,7,503.73663330078125,7365.93408203125
25,2025-12-23,8,803.72918701171875,7365.93408203125
25,2025-12-23,9,408.18008422851562,7365.93408203125
25,2025-12-23,10,298.08786010742188,7365.93408203125
25,2025-12-23,11,344.93548583984375,7365.93408203125
25,2025-12-23,12,342.04315185546875,7365.93408203125
25,2025-12-23,13,394.73492431640625,7365.93408203125
25,2025-12-23,14,358.36993408203125,7365.93408203125
25,2025-12-23,15,444.55279541015625,7365.93408203125
25,2025-12-23,16,618.7886962890625,7365.93408203125
25,2025-12-23,17,683.21002197265625,7365.93408203125
25,2025-12-23,18,721.60137939453125,7365.93408203125
25,2025-12-23,19,525.8565673828125,7365.93408203125
25,2025-12-23,20,294.9150390625,7365.93408203125
25,2025-12-23,21,176.06385803222656,7365.93408203125
25,2025-12-23,22,87.8804931640625,7365.93408203125
25,2025-12-23,23,5.2815189361572266,7365.93408203125
25,2025-12-24,0,0.1654353141784668,7514.9755859375
25,2025-12-24,1,-5.1766633987426758e-05,7514.9755859375
25,2025-12-24,2,2.899090745245303e-09,7514.9755859375
25,2025-12-24,3,2.8991697931246563e-09,7514.9755859375
25,2025-12-24,4,0.00091763027012348175,7514.9755859375
25,2025-12-24,5,16.917278289794922,7514.9755859375
25,2025-12-24,6,201.23146057128906,7514.9755859375
25,2025-12-24,7,492.4091796875,7514.9755859375
25,2025-12-24,8,787.9134521484375,7514.9755859375
25,2025-12-24,9,402.267578125,7514.9755859375
25,2025-12-24,10,298.43490600585938,7514.9755859375
25,2025-12-24,11,342.67578125,7514.9755859375
25,2025-12-24,12,348.75332641601562,7514.9755859375
25,2025-12-24,13,417.94345092773438,7514.9755859375
25,2025-12-24,14,367.60018920898438,7514.9755859375
25,2025-12-24,15,447.89266967773438,7514.9755859375
25,2025-12-24,16,614.27569580078125,7514.9755859375
25,2025-12-24,17,693.98675537109375,7514.9755859375
25,2025-12-24,18,719.51385498046875,7514.9755859375
25,2025-12-24,19,525.38409423828125,7514.9755859375
25,2025-12-24,20,297.56338500976562,7514.9755859375
25,2025-12-24,21,185.17034912109375,7514.9755859375
25,2025-12-24,22,96.499984741210938,7514.9755859375
25,2025-12-24,23,4.9320507049560547,7514.9755859375
25,2025-12-25,0,0.10781049728393555,7395.857421875
25,2025-12-25,1,0.00082060694694519043,7395.857421875
25,2025-12-25,2,3.8567185001170401e-09,7395.857421875
25,2025-12-25,3,3.856662544876599e-09,7395.857421875
25,2025-12-25,4,0.00060461089015007019,7395.857421875
25,2025-12-25,5,16.646879196166992,7395.857421875
25,2025-12-25,6,200.96646118164062,7395.857421875
25,2025-12-25,7,493.0892333984375,7395.857421875
25,2025-12-25,8,788.307373046875,7395.857421875
25,2025-12-25,9,396.50576782226562,7395.857421875
25,2025-12-25,10,301.1116943359375,7395.857421875
25,2025-12-25,11,342.47113037109375,7395.857421875
25,2025-12-25,12,348.35821533203125,7395.857421875
25,2025-12-25,13,410.51132202148438,7395.857421875
25,2025-12-25,14,387.24322509765625,7395.857421875
25,2025-12-25,15,465.08389282226562,7395.857421875
25,2025-12-25,16,614.44244384765625,7395.857421875
25,2025-12-25,17,692.9188232421875,7395.857421875
25,2025-12-25,18,712.4168701171875,7395.857421875
25,2025-12-25,19,517.12139892578125,7395.857421875
25,2025-12-25,20,293.00701904296875,7395.857421875
25,2025-12-25,21,185.356689453125,7395.857421875
25,2025-12-25,22,99.982528686523438,7395.857421875
25,2025-12-25,23,5.3104419708251953,7395.857421875
25,2025-12-26,0,0.13193178176879883,7339.5615234375
25,2025-12-26,1,0.0011940598487854004,7339.5615234375
25,2025-12-26,2,2.6939761532673856e-09,7339.5615234375
25,2025-12-26,3,2.6939110941981426e-09,7339.5615234375
25,2025-12-26,4,0.00064091570675373077,7339.5615234375
25,2025-12-26,5,15.087058067321777,7339.5615234375
25,2025-12-26,6,198.34042358398438,7339.5615234375
25,2025-12-26,7,482.38885498046875,7339.5615234375
25,2025-12-26,8,743.6031494140625,7339.5615234375
25,2025-12-26,9,386.544189453125,7339.5615234375
25,2025-12-26,10,290.98663330078125,7339.5615234375
25,2025-12-26,11,342.22845458984375,7339.5615234375
25,2025-12-26,12,345.63314819335938,7339.5615234375
25,2025-12-26,13,427.17532348632812,7339.5615234375
25,2025-12-26,14,405.26675415039062,7339.5615234375
25,2025-12-26,15,496.47933959960938,7339.5615234375
25,2025-12-26,16,637.64501953125,7339.5615234375
25,2025-12-26,17,689.3587646484375,7339.5615234375
25,2025-12-26,18,605.72369384765625,7339.5615234375
25,2025-12-26,19,490.5516357421875,7339.5615234375
25,2025-12-26,20,283.89993286132812,7339.5615234375
25,2025-12-26,21,182.87812805175781,7339.5615234375
25,2025-12-26,22,106.7098388671875,7339.5615234375
25,2025-12-26,23,7.7825460433959961,7339.5615234375
25,2025-12-27,0,0.24444723129272461,5379.60791015625
25,2025-12-27,1,0.0059127211570739746,5379.60791015625
25,2025-12-27,2,4.1772612036083956e-09,5379.60791015625
25,2025-12-27,3,4.1774099734936954e-09,5379.60791015625
25,2025-12-27,4,0.00076346844434738159,5379.60791015625
25,2025-12-27,5,10.100762367248535,5379.60791015625
25,2025-12-27,6,95.770439147949219,5379.60791015625
25,2025-12-27,7,140.66227722167969,5379.60791015625
25,2025-12-27,8,280.0157470703125,5379.60791015625
25,2025-12-27,9,259.05953979492188,5379.60791015625
25,2025-12-27,10,230.64274597167969,5379.60791015625
25,2025-12-27,11,312.26889038085938,5379.60791015625
25,2025-12-27,12,328.806884765625,5379.60791015625
25,2025-12-27,13,432.95513916015625,5379.60791015625
25,2025-12-27,14,427.921142578125,5379.60791015625
25,2025-12-27,15,537.94873046875,5379.60791015625
25,2025-12-27,16,529.2855224609375,5379.60791015625
25,2025-12-27,17,475.52206420898438,5379.60791015625
25,2025-12-27,18,461.8182373046875,5379.60791015625
25,2025-12-27,19,422.79998779296875,5379.60791015625
25,2025-12-27,20,242.39083862304688,5379.60791015625
25,2025-12-27,21,180.31581115722656,5379.60791015625
25,2025-12-27,22,113.88401031494141,5379.60791015625
25,2025-12-27,23,48.640327453613281,5379.60791015625
25,2025-12-28,0,15.787696838378906,4683.0244140625
25,2025-12-28,1,0.026327192783355713,4683.0244140625
25,2025-12-28,2,3.4553231387235428e-09,4683.0244140625
25,2025-12-28,3,3.4552718464198051e-09,4683.0244140625
25,2025-12-28,4,0.00089002028107643127,4683.0244140625
25,2025-12-28,5,9.1676673889160156,4683.0244140625
25,2025-12-28,6,77.453628540039062,4683.0244140625
25,2025-12-28,7,117.44911193847656,4683.0244140625
25,2025-12-28,8,189.51953125,4683.0244140625
25,2025-12-28,9,185.61294555664062,4683.0244140625
25,2025-12-28,10,189.00643920898438,4683.0244140625
25,2025-12-28,11,263.857421875,4683.0244140625
25,2025-12-28,12,311.76617431640625,4683.0244140625
25,2025-12-28,13,382.09906005859375,4683.0244140625
25,2025-12-28,14,398.80087280273438,4683.0244140625
25,2025-12-28,15,499.46072387695312,4683.0244140625
25,2025-12-28,16,469.37225341796875,4683.0244140625
25,2025-12-28,17,448.1431884765625,4683.0244140625
25,2025-12-28,18,407.464111328125,4683.0244140625
25,2025-12-28,19,351.34869384765625,4683.0244140625
25,2025-12-28,20,209.98753356933594,4683.0244140625
25,2025-12-28,21,171.94004821777344,4683.0244140625
25,2025-12-28,22,96.320686340332031,4683.0244140625
25,2025-12-28,23,36.259872436523438,4683.0244140625
25,2025-12-29,0,8.9036026000976562,7270.53369140625
25,2025-12-29,1,0.017828077077865601,7270.53369140625
25,2025-12-29,2,1.6575865124934808e-09,7270.53369140625
25,2025-12-29,3,1.6575701922150188e-09,7270.53369140625
25,2025-12-29,4,0.00088758207857608795,7270.53369140625
25,2025-12-29,5,15.112412452697754,7270.53369140625
25,2025-12-29,6,200.92233276367188,7270.53369140625
25,2025-12-29,7,502.08163452148438,7270.53369140625
25,2025-12-29,8,801.028564453125,7270.53369140625
25,2025-12-29,9,402.19271850585938,7270.53369140625
25,2025-12-29,10,286.30679321289062,7270.53369140625
25,2025-12-29,11,325.87869262695312,7270.53369140625
25,2025-12-29,12,331.13674926757812,7270.53369140625
25,2025-12-29,13,399.1107177734375,7270.53369140625
25,2025-12-29,14,342.27850341796875,7270.53369140625
25,2025-12-29,15,419.78314208984375,7270.53369140625
25,2025-12-29,16,602.75714111328125,7270.53369140625
25,2025-12-29,17,681.4326171875,7270.53369140625
25,2025-12-29,18,723.03387451171875,7270.53369140625
25,2025-12-29,19,488.47149658203125,7270.53369140625
25,2025-12-29,20,273.41983032226562,7270.53369140625
25,2025-12-29,21,173.840576171875,7270.53369140625
25,2025-12-29,22,84.017707824707031,7270.53369140625
25,2025-12-29,23,4.5437374114990234,7270.53369140625
25,2025-12-30,0,0.492584228515625,7328.890625
25,2025-12-30,1,0.0042303502559661865,7328.890625
25,2025-12-30,2,7.5691914958042616e-09,7328.890625
25,2025-12-30,3,7.5691151124601674e-09,7328.890625
25,2025-12-30,4,0.00098669901490211487,7328.890625
25,2025-12-30,5,15.079624176025391,7328.890625
25,2025-12-30,6,200.326171875,7328.890625
25,2025-12-30,7,512.81536865234375,7328.890625
25,2025-12-30,8,812.49609375,7328.890625
25,2025-12-30,9,403.75808715820312,7328.890625
25,2025-12-30,10,300.96310424804688,7328.890625
25,2025-12-30,11,336.101806640625,7328.890625
25,2025-12-30,12,334.29144287109375,7328.890625
25,2025-12-30,13,384.98715209960938,7328.890625
25,2025-12-30,14,350.07879638671875,7328.890625
25,2025-12-30,15,433.13739013671875,7328.890625
25,2025-12-30,16,608.69281005859375,7328.890625
25,2025-12-30,17,668.07879638671875,7328.890625
25,2025-12-30,18,719.36566162109375,7328.890625
25,2025-12-30,19,499.84197998046875,7328.890625
25,2025-12-30,20,282.51171875,7328.890625
25,2025-12-30,21,174.57945251464844,7328.890625
25,2025-12-30,22,86.043342590332031,7328.890625
25,2025-12-30,23,3.9104118347167969,7328.890625
25,2025-12-31,0,0.31335592269897461,4029.533447265625
25,2025-12-31,1,-0.00010484457015991211,4029.533447265625
25,2025-12-31,2,2.1574559028181284e-08,4029.533447265625
25,2025-12-31,3,2.1574484421194029e-08,4029.533447265625
25,2025-12-31,4,0.00098017044365406036,4029.533447265625
25,2025-12-31,5,15.17646312713623,4029.533447265625
25,2025-12-31,6,122.77828216552734,4029.533447265625
25,2025-12-31,7,175.07569885253906,4029.533447265625
25,2025-12-31,8,260.19540405273438,4029.533447265625
25,2025-12-31,9,192.60301208496094,4029.533447265625
25,2025-12-31,10,194.67361450195312,4029.533447265625
25,2025-12-31,11,279.57391357421875,4029.533447265625
25,2025-12-31,12,271.6097412109375,4029.533447265625
25,2025-12-31,13,327.52667236328125,4029.533447265625
25,2025-12-31,14,342.68734741210938,4029.533447265625
25,2025-12-31,15,392.89529418945312,4029.533447265625
25,2025-12-31,16,445.03875732421875,4029.533447265625
25,2025-12-31,17,502.13311767578125,4029.533447265625
25,2025-12-31,18,459.8907470703125,4029.533447265625
25,2025-12-31,19,469.77716064453125,4029.533447265625
25,2025-12-31,20,257.31903076171875,4029.533447265625
25,2025-12-31,21,176.42680358886719,4029.533447265625
25,2025-12-31,22,95.80047607421875,4029.533447265625
25,2025-12-31,23,12.83619213104248,4029.533447265625
26,2025-11-01,0,45.327617645263672,18247.51953125
26,2025-11-01,1,1.1668268442153931,18247.51953125
26,2025-11-01,2,0.020665884017944336,18247.51953125
26,2025-11-01,3,0.029953896999359131,18247.51953125
26,2025-11-01,4,0.96924471855163574,18247.51953125
26,2025-11-01,5,44.469215393066406,18247.51953125
26,2025-11-01,6,170.99723815917969,18247.51953125
26,2025-11-01,7,228.51947021484375,18247.51953125
26,2025-11-01,8,357.1561279296875,18247.51953125
26,2025-11-01,9,431.522705078125,18247.51953125
26,2025-11-01,10,570.9249267578125,18247.51953125
26,2025-11-01,11,786.15008544921875,18247.51953125
26,2025-11-01,12,814.425048828125,18247.51953125
26,2025-11-01,13,839.91650390625,18247.51953125
26,2025-11-01,14,912.449462890625,18247.51953125
26,2025-11-01,15,800.68536376953125,18247.51953125
26,2025-11-01,16,662.44744873046875,18247.51953125
26,2025-11-01,17,675.61358642578125,18247.51953125
26,2025-11-01,18,550.20452880859375,18247.51953125
26,2025-11-01,19,628.03363037109375,18247.51953125
26,2025-11-01,20,365.92156982421875,18247.51953125
26,2025-11-01,21,323.88345336914062,18247.51953125
26,2025-11-01,22,166.05792236328125,18247.51953125
26,2025-11-01,23,134.14895629882812,18247.51953125
26,2025-11-02,0,49.6517333984375,9103.15234375
26,2025-11-02,1,3.8342976570129395,9103.15234375
26,2025-11-02,2,0.027216434478759766,9103.15234375
26,2025-11-02,3,0.0472869873046875,9103.15234375
26,2025-11-02,4,0.92577457427978516,9103.15234375
26,2025-11-02,5,24.825721740722656,9103.15234375
26,2025-11-02,6,85.5386962890625,9103.15234375
26,2025-11-02,7,157.79449462890625,9103.15234375
26,2025-11-02,8,222.16650390625,9103.15234375
26,2025-11-02,9,322.17333984375,9103.15234375
26,2025-11-02,10,394.01953125,9103.15234375
26,2025-11-02,11,555.6087646484375,9103.15234375
26,2025-11-02,12,602.510009765625,9103.15234375
26,2025-11-02,13,655.768310546875,9103.15234375
26,2025-11-02,14,699.2337646484375,9103.15234375
26,2025-11-02,15,646.43658447265625,9103.15234375
26,2025-11-02,16,549.85198974609375,9103.15234375
26,2025-11-02,17,569.28076171875,9103.15234375
26,2025-11-02,18,430.66876220703125,9103.15234375
26,2025-11-02,19,396.06683349609375,9103.15234375
26,2025-11-02,20,275.84698486328125,9103.15234375
26,2025-11-02,21,251.47872924804688,9103.15234375
26,2025-11-02,22,146.03720092773438,9103.15234375
26,2025-11-02,23,97.890121459960938,9103.15234375
26,2025-11-03,0,31.714271545410156,10258.833984375
26,2025-11-03,1,1.821155309677124,10258.833984375
26,2025-11-03,2,0.023868441581726074,10258.833984375
26,2025-11-03,3,0.032038271427154541,10258.833984375
26,2025-11-03,4,1.3259260654449463,10258.833984375
26,2025-11-03,5,70.839241027832031,10258.833984375
26,2025-11-03,6,213.61878967285156,10258.833984375
26,2025-11-03,7,243.90838623046875,10258.833984375
26,2025-11-03,8,639.39752197265625,10258.833984375
26,2025-11-03,9,423.1177978515625,10258.833984375
26,2025-11-03,10,479.66122436523438,10258.833984375
26,2025-11-03,11,484.77548217773438,10258.833984375
26,2025-11-03,12,487.24163818359375,10258.833984375
26,2025-11-03,13,593.568115234375,10258.833984375
26,2025-11-03,14,760.86553955078125,10258.833984375
26,2025-11-03,15,667.9801025390625,10258.833984375
26,2025-11-03,16,630.15826416015625,10258.833984375
26,2025-11-03,17,705.98419189453125,10258.833984375
26,2025-11-03,18,746.9833984375,10258.833984375
26,2025-11-03,19,774.40081787109375,10258.833984375
26,2025-11-03,20,354.24819946289062,10258.833984375
26,2025-11-03,21,336.88525390625,10258.833984375
26,2025-11-03,22,147.87750244140625,10258.833984375
26,2025-11-03,23,92.657424926757812,10258.833984375
26,2025-11-04,0,31.358615875244141,9818.70703125
26,2025-11-04,1,0.79050588607788086,9818.70703125
26,2025-11-04,2,0.023002713918685913,9818.70703125
26,2025-11-04,3,0.047889769077301025,9818.70703125
26,2025-11-04,4,1.2631545066833496,9818.70703125
26,2025-11-04,5,71.826751708984375,9818.70703125
26,2025-11-04,6,208.45881652832031,9818.70703125
26,2025-11-04,7,252.2921142578125,9818.70703125
26,2025-11-04,8,687.997802734375,9818.70703125
26,2025-11-04,9,425.3153076171875,9818.70703125
26,2025-11-04,10,462.1561279296875,9818.70703125
26,2025-11-04,11,500.63568115234375,9818.70703125
26,2025-11-04,12,486.28253173828125,9818.70703125
26,2025-11-04,13,566.23931884765625,9818.70703125
26,2025-11-04,14,740.9273681640625,9818.70703125
26,2025-11-04,15,655.82958984375,9818.70703125
26,2025-11-04,16,624.82861328125,9818.70703125
26,2025-11-04,17,709.85736083984375,9818.70703125
26,2025-11-04,18,710.78033447265625,9818.70703125
26,2025-11-04,19,820.4471435546875,9818.70703125
26,2025-11-04,20,349.74313354492188,9818.70703125
26,2025-11-04,21,356.61978149414062,9818.70703125
26,2025-11-04,22,153.95004272460938,9818.70703125
26,2025-11-04,23,93.974609375,9818.70703125
26,2025-11-05,0,32.987621307373047,19188.66015625
26,2025-11-05,1,0.69206738471984863,19188.66015625
26,2025-11-05,2,0.016594201326370239,19188.66015625
26,2025-11-05,3,0.04318159818649292,19188.66015625
26,2025-11-05,4,1.5646204948425293,19188.66015625
26,2025-11-05,5,87.035064697265625,19188.66015625
26,2025-11-05,6,461.96047973632812,19188.66015625
26,2025-11-05,7,980.61541748046875,19188.66015625
26,2025-11-05,8,2109.00244140625,19188.66015625
26,2025-11-05,9,1381.603515625,19188.66015625
26,2025-11-05,10,1167.48876953125,19188.66015625
26,2025-11-05,11,1081.643310546875,19188.66015625
26,2025-11-05,12,1158.817138671875,19188.66015625
26,2025-11-05,13,1162.1534423828125,19188.66015625
26,2025-11-05,14,1319.8905029296875,19188.66015625
26,2025-11-05,15,1290.1219482421875,19188.66015625
26,2025-11-05,16,1441.365966796875,19188.66015625
26,2025-11-05,17,1624.5103759765625,19188.66015625
26,2025-11-05,18,1676.3687744140625,19188.66015625
26,2025-11-05,19,1158.713623046875,19188.66015625
26,2025-11-05,20,704.9017333984375,19188.66015625
26,2025-11-05,21,469.16387939453125,19188.66015625
26,2025-11-05,22,184.14019775390625,19188.66015625
26,2025-11-05,23,120.24452972412109,19188.66015625
26,2025-11-06,0,35.446239471435547,19329.1796875
26,2025-11-06,1,0.68481159210205078,19329.1796875
26,2025-11-06,2,0.011604189872741699,19329.1796875
26,2025-11-06,3,0.041527390480041504,19329.1796875
26,2025-11-06,4,1.3691332340240479,19329.1796875
26,2025-11-06,5,86.724029541015625,19329.1796875
26,2025-11-06,6,461.70526123046875,19329.1796875
26,2025-11-06,7,972.2515869140625,19329.1796875
26,2025-11-06,8,2079.185302734375,19329.1796875
26,2025-11-06,9,1370.8017578125,19329.1796875
26,2025-11-06,10,1152.4312744140625,19329.1796875
26,2025-11-06,11,1079.458984375,19329.1796875
26,2025-11-06,12,1132.9560546875,19329.1796875
26,2025-11-06,13,1146.5533447265625,19329.1796875
26,2025-11-06,14,1301.1785888671875,19329.1796875
26,2025-11-06,15,1279.1314697265625,19329.1796875
26,2025-11-06,16,1431.55908203125,19329.1796875
26,2025-11-06,17,1625.638427734375,19329.1796875
26,2025-11-06,18,1669.458740234375,19329.1796875
26,2025-11-06,19,1154.6923828125,19329.1796875
26,2025-11-06,20,689.8001708984375,19329.1796875
26,2025-11-06,21,468.16879272460938,19329.1796875
26,2025-11-06,22,188.182861328125,19329.1796875
26,2025-11-06,23,123.44864654541016,19329.1796875
26,2025-11-07,0,33.447139739990234,19020.18359375
26,2025-11-07,1,0.64765572547912598,19020.18359375
26,2025-11-07,2,0.012691974639892578,19020.18359375
26,2025-11-07,3,0.033370018005371094,19020.18359375
26,2025-11-07,4,1.2610094547271729,19020.18359375
26,2025-11-07,5,85.515060424804688,19020.18359375
26,2025-11-07,6,458.618896484375,19020.18359375
26,2025-11-07,7,945.70184326171875,19020.18359375
26,2025-11-07,8,2028.2484130859375,19020.18359375
26,2025-11-07,9,1321.921142578125,19020.18359375
26,2025-11-07,10,1143.8511962890625,19020.18359375
26,2025-11-07,11,1065.9637451171875,19020.18359375
26,2025-11-07,12,1133.5562744140625,19020.18359375
26,2025-11-07,13,1156.0858154296875,19020.18359375
26,2025-11-07,14,1303.9803466796875,19020.18359375
26,2025-11-07,15,1304.138427734375,19020.18359375
26,2025-11-07,16,1508.00341796875,19020.18359375
26,2025-11-07,17,1627.4617919921875,19020.18359375
26,2025-11-07,18,1337.3956298828125,19020.18359375
26,2025-11-07,19,1035.553955078125,19020.18359375
26,2025-11-07,20,646.95166015625,19020.18359375
26,2025-11-07,21,448.02069091796875,19020.18359375
26,2025-11-07,22,185.21832275390625,19020.18359375
26,2025-11-07,23,136.33506774902344,19020.18359375
26,2025-11-08,0,42.411495208740234,11912.642578125
26,2025-11-08,1,0.99231100082397461,11912.642578125
26,2025-11-08,2,0.016041994094848633,11912.642578125
26,2025-11-08,3,0.038313686847686768,11912.642578125
26,2025-11-08,4,1.1195287704467773,11912.642578125
26,2025-11-08,5,49.677398681640625,11912.642578125
26,2025-11-08,6,249.99967956542969,11912.642578125
26,2025-11-08,7,389.30294799804688,11912.642578125
26,2025-11-08,8,673.29498291015625,11912.642578125
26,2025-11-08,9,706.701171875,11912.642578125
26,2025-11-08,10,828.74285888671875,11912.642578125
26,2025-11-08,11,1013.03076171875,11912.642578125
26,2025-11-08,12,1061.34521484375,11912.642578125
26,2025-11-08,13,1064.556396484375,11912.642578125
26,2025-11-08,14,1122.528076171875,11912.642578125
26,2025-11-08,15,994.39398193359375,11912.642578125
26,2025-11-08,16,1003.3795166015625,11912.642578125
26,2025-11-08,17,964.6673583984375,11912.642578125
26,2025-11-08,18,798.17413330078125,11912.642578125
26,2025-11-08,19,761.3944091796875,11912.642578125
26,2025-11-08,20,492.36019897460938,11912.642578125
26,2025-11-08,21,367.66262817382812,11912.642578125
26,2025-11-08,22,170.45443725585938,11912.642578125
26,2025-11-08,23,131.13563537597656,11912.642578125
26,2025-11-09,0,44.245407104492188,9347.3935546875
26,2025-11-09,1,3.457467794418335,9347.3935546875
26,2025-11-09,2,0.0113239586353302,9347.3935546875
26,2025-11-09,3,0.036439359188079834,9347.3935546875
26,2025-11-09,4,1.0963926315307617,9347.3935546875
26,2025-11-09,5,29.081047058105469,9347.3935546875
26,2025-11-09,6,139.159912109375,9347.3935546875
26,2025-11-09,7,260.34698486328125,9347.3935546875
26,2025-11-09,8,422.7191162109375,9347.3935546875
26,2025-11-09,9,516.53302001953125,9347.3935546875
26,2025-11-09,10,585.882568359375,9347.3935546875
26,2025-11-09,11,814.5006103515625,9347.3935546875
26,2025-11-09,12,867.84429931640625,9347.3935546875
26,2025-11-09,13,897.7552490234375,9347.3935546875
26,2025-11-09,14,901.4847412109375,9347.3935546875
26,2025-11-09,15,801.03131103515625,9347.3935546875
26,2025-11-09,16,775.36297607421875,9347.3935546875
26,2025-11-09,17,776.1256103515625,9347.3935546875
26,2025-11-09,18,637.7744140625,9347.3935546875
26,2025-11-09,19,523.098388671875,9347.3935546875
26,2025-11-09,20,365.63604736328125,9347.3935546875
26,2025-11-09,21,298.13888549804688,9347.3935546875
26,2025-11-09,22,153.46817016601562,9347.3935546875
26,2025-11-09,23,101.82637786865234,9347.3935546875
26,2025-11-10,0,29.297863006591797,19395.59375
26,2025-11-10,1,1.5001814365386963,19395.59375
26,2025-11-10,2,0.017417669296264648,19395.59375
26,2025-11-10,3,0.037847340106964111,19395.59375
26,2025-11-10,4,1.5169310569763184,19395.59375
26,2025-11-10,5,85.526374816894531,19395.59375
26,2025-11-10,6,458.17739868164062,19395.59375
26,2025-11-10,7,969.33465576171875,19395.59375
26,2025-11-10,8,2067.7451171875,19395.59375
26,2025-11-10,9,1356.35595703125,19395.59375
26,2025-11-10,10,1167.666015625,19395.59375
26,2025-11-10,11,1063.8233642578125,19395.59375
26,2025-11-10,12,1120.104736328125,19395.59375
26,2025-11-10,13,1139.785400390625,19395.59375
26,2025-11-10,14,1243.4564208984375,19395.59375
26,2025-11-10,15,1255.7884521484375,19395.59375
26,2025-11-10,16,1419.05029296875,19395.59375
26,2025-11-10,17,1637.6722412109375,19395.59375
26,2025-11-10,18,1693.388916015625,19395.59375
26,2025-11-10,19,1144.7396240234375,19395.59375
26,2025-11-10,20,686.67071533203125,19395.59375
26,2025-11-10,21,439.34884643554688,19395.59375
26,2025-11-10,22,165.9940185546875,19395.59375
26,2025-11-10,23,99.561729431152344,19395.59375
26,2025-11-11,0,30.268051147460938,19698.54296875
26,2025-11-11,1,0.72034764289855957,19698.54296875
26,2025-11-11,2,0.018538355827331543,19698.54296875
26,2025-11-11,3,0.034916222095489502,19698.54296875
26,2025-11-11,4,1.3880922794342041,19698.54296875
26,2025-11-11,5,86.642501831054688,19698.54296875
26,2025-11-11,6,463.1497802734375,19698.54296875
26,2025-11-11,7,983.89892578125,19698.54296875
26,2025-11-11,8,2095.54638671875,19698.54296875
26,2025-11-11,9,1370.912353515625,19698.54296875
26,2025-11-11,10,1166.201904296875,19698.54296875
26,2025-11-11,11,1079.11962890625,19698.54296875
26,2025-11-11,12,1138.870849609375,19698.54296875
26,2025-11-11,13,1125.550537109375,19698.54296875
26,2025-11-11,14,1273.59326171875,19698.54296875
26,2025-11-11,15,1263.2515869140625,19698.54296875
26,2025-11-11,16,1428.557373046875,19698.54296875
26,2025-11-11,17,1665.189208984375,19698.54296875
26,2025-11-11,18,1701.3321533203125,19698.54296875
26,2025-11-11,19,1174.5615234375,19698.54296875
26,2025-11-11,20,701.2169189453125,19698.54296875
26,2025-11-11,21,457.982666015625,19698.54296875
26,2025-11-11,22,176.09170532226562,19698.54296875
26,2025-11-11,23,105.93926239013672,19698.54296875
26,2025-11-12,0,32.030647277832031,19526.361328125
26,2025-11-12,1,0.55999016761779785,19526.361328125
26,2025-11-12,2,0.018222153186798096,19526.361328125
26,2025-11-12,3,0.044910609722137451,19526.361328125
26,2025-11-12,4,1.5416293144226074,19526.361328125
26,2025-11-12,5,87.768447875976562,19526.361328125
26,2025-11-12,6,459.12646484375,19526.361328125
26,2025-11-12,7,967.57275390625,19526.361328125
26,2025-11-12,8,2070.45556640625,19526.361328125
26,2025-11-12,9,1365.5205078125,19526.361328125
26,2025-11-12,10,1159.411865234375,19526.361328125
26,2025-11-12,11,1080.28369140625,19526.361328125
26,2025-11-12,12,1144.3060302734375,19526.361328125
26,2025-11-12,13,1144.500732421875,19526.361328125
26,2025-11-12,14,1300.2322998046875,19526.361328125
26,2025-11-12,15,1274.303955078125,19526.361328125
26,2025-11-12,16,1421.10791015625,19526.361328125
26,2025-11-12,17,1629.7799072265625,19526.361328125
26,2025-11-12,18,1651.2674560546875,19526.361328125
26,2025-11-12,19,1160.528564453125,19526.361328125
26,2025-11-12,20,704.42645263671875,19526.361328125
26,2025-11-12,21,471.55819702148438,19526.361328125
26,2025-11-12,22,186.40731811523438,19526.361328125
26,2025-11-12,23,116.72653961181641,19526.361328125
26,2025-11-13,0,34.724452972412109,19782.0546875
26,2025-11-13,1,0.60852575302124023,19782.0546875
26,2025-11-13,2,0.014692544937133789,19782.0546875
26,2025-11-13,3,0.029830515384674072,19782.0546875
26,2025-11-13,4,1.3673443794250488,19782.0546875
26,2025-11-13,5,86.287200927734375,19782.0546875
26,2025-11-13,6,460.246337890625,19782.0546875
26,2025-11-13,7,952.531005859375,19782.0546875
26,2025-11-13,8,2018.855224609375,19782.0546875
26,2025-11-13,9,1349.9713134765625,19782.0546875
26,2025-11-13,10,1150.1143798828125,19782.0546875
26,2025-11-13,11,1088.5751953125,19782.0546875
26,2025-11-13,12,1152.196533203125,19782.0546875
26,2025-11-13,13,1146.6348876953125,19782.0546875
26,2025-11-13,14,1301.8436279296875,19782.0546875
26,2025-11-13,15,1277.395751953125,19782.0546875
26,2025-11-13,16,1434.92626953125,19782.0546875
26,2025-11-13,17,1633.665283203125,19782.0546875
26,2025-11-13,18,1651.5194091796875,19782.0546875
26,2025-11-13,19,1150.7437744140625,19782.0546875
26,2025-11-13,20,698.767578125,19782.0546875
26,2025-11-13,21,467.115234375,19782.0546875
26,2025-11-13,22,189.17124938964844,19782.0546875
26,2025-11-13,23,120.91343688964844,19782.0546875
26,2025-11-14,0,34.839122772216797,19550.19140625
26,2025-11-14,1,0.64035892486572266,19550.19140625
26,2025-11-14,2,0.017491847276687622,19550.19140625
26,2025-11-14,3,0.0280800461769104,19550.19140625
26,2025-11-14,4,1.2050967216491699,19550.19140625
26,2025-11-14,5,85.210365295410156,19550.19140625
26,2025-11-14,6,464.5765380859375,19550.19140625
26,2025-11-14,7,931.615966796875,19550.19140625
26,2025-11-14,8,1994.463623046875,19550.19140625
26,2025-11-14,9,1324.8009033203125,19550.19140625
26,2025-11-14,10,1156.234619140625,19550.19140625
26,2025-11-14,11,1083.719970703125,19550.19140625
26,2025-11-14,12,1158.67431640625,19550.19140625
26,2025-11-14,13,1166.4613037109375,19550.19140625
26,2025-11-14,14,1314.80859375,19550.19140625
26,2025-11-14,15,1310.9071044921875,19550.19140625
26,2025-11-14,16,1521.766357421875,19550.19140625
26,2025-11-14,17,1662.981201171875,19550.19140625
26,2025-11-14,18,1363.7135009765625,19550.19140625
26,2025-11-14,19,1040.812255859375,19550.19140625
26,2025-11-14,20,668.11907958984375,19550.19140625
26,2025-11-14,21,445.81967163085938,19550.19140625
26,2025-11-14,22,184.74655151367188,19550.19140625
26,2025-11-14,23,134.383544921875,19550.19140625
26,2025-11-15,0,43.708213806152344,12394.47265625
26,2025-11-15,1,1.058902382850647,12394.47265625
26,2025-11-15,2,0.014932245016098022,12394.47265625
26,2025-11-15,3,0.025319755077362061,12394.47265625
26,2025-11-15,4,1.0232546329498291,12394.47265625
26,2025-11-15,5,49.079803466796875,12394.47265625
26,2025-11-15,6,261.0020751953125,12394.47265625
26,2025-11-15,7,398.6676025390625,12394.47265625
26,2025-11-15,8,647.42047119140625,12394.47265625
26,2025-11-15,9,733.43939208984375,12394.47265625
26,2025-11-15,10,870.3450927734375,12394.47265625
26,2025-11-15,11,1014.152099609375,12394.47265625
26,2025-11-15,12,1066.7247314453125,12394.47265625
26,2025-11-15,13,1074.16064453125,12394.47265625
26,2025-11-15,14,1118.1939697265625,12394.47265625
26,2025-11-15,15,1004.79443359375,12394.47265625
26,2025-11-15,16,1026.17138671875,12394.47265625
26,2025-11-15,17,959.262451171875,12394.47265625
26,2025-11-15,18,835.555908203125,12394.47265625
26,2025-11-15,19,768.58599853515625,12394.47265625
26,2025-11-15,20,518.9532470703125,12394.47265625
26,2025-11-15,21,353.5147705078125,12394.47265625
26,2025-11-15,22,171.92710876464844,12394.47265625
26,2025-11-15,23,130.37228393554688,12394.47265625
26,2025-11-16,0,45.92694091796875,9876.33203125
26,2025-11-16,1,3.7499544620513916,9876.33203125
26,2025-11-16,2,0.018389642238616943,9876.33203125
26,2025-11-16,3,0.012663722038269043,9876.33203125
26,2025-11-16,4,0.94145464897155762,9876.33203125
26,2025-11-16,5,30.851272583007812,9876.33203125
26,2025-11-16,6,156.40560913085938,9876.33203125
26,2025-11-16,7,275.2598876953125,9876.33203125
26,2025-11-16,8,427.7935791015625,9876.33203125
26,2025-11-16,9,555.85919189453125,9876.33203125
26,2025-11-16,10,615.4930419921875,9876.33203125
26,2025-11-16,11,819.7998046875,9876.33203125
26,2025-11-16,12,890.59442138671875,9876.33203125
26,2025-11-16,13,922.48895263671875,9876.33203125
26,2025-11-16,14,914.2757568359375,9876.33203125
26,2025-11-16,15,800.7799072265625,9876.33203125
26,2025-11-16,16,788.89306640625,9876.33203125
26,2025-11-16,17,819.87664794921875,9876.33203125
26,2025-11-16,18,691.21234130859375,9876.33203125
26,2025-11-16,19,548.634765625,9876.33203125
26,2025-11-16,20,413.39019775390625,9876.33203125
26,2025-11-16,21,293.7962646484375,9876.33203125
26,2025-11-16,22,154.19534301757812,9876.33203125
26,2025-11-16,23,96.849761962890625,9876.33203125
26,2025-11-17,0,27.135730743408203,19622.21875
26,2025-11-17,1,1.2770699262619019,19622.21875
26,2025-11-17,2,0.0093431770801544189,19622.21875
26,2025-11-17,3,0.036965727806091309,19622.21875
26,2025-11-17,4,1.5482230186462402,19622.21875
26,2025-11-17,5,88.803947448730469,19622.21875
26,2025-11-17,6,469.67593383789062,19622.21875
26,2025-11-17,7,1022.5408935546875,19622.21875
26,2025-11-17,8,2134.05615234375,19622.21875
26,2025-11-17,9,1402.633056640625,19622.21875
26,2025-11-17,10,1192.9268798828125,19622.21875
26,2025-11-17,11,1080.474609375,19622.21875
26,2025-11-17,12,1136.767578125,19622.21875
26,2025-11-17,13,1171.4559326171875,19622.21875
26,2025-11-17,14,1276.103271484375,19622.21875
26,2025-11-17,15,1282.0694580078125,19622.21875
26,2025-11-17,16,1443.70849609375,19622.21875
26,2025-11-17,17,1696.475830078125,19622.21875
26,2025-11-17,18,1772.34716796875,19622.21875
26,2025-11-17,19,1175.6181640625,19622.21875
26,2025-11-17,20,718.31524658203125,19622.21875
26,2025-11-17,21,436.68948364257812,19622.21875
26,2025-11-17,22,169.5054931640625,19622.21875
26,2025-11-17,23,99.895294189453125,19622.21875
26,2025-11-18,0,27.948715209960938,19788.763671875
26,2025-11-18,1,0.47379350662231445,19788.763671875
26,2025-11-18,2,0.01229509711265564,19788.763671875
26,2025-11-18,3,0.033031105995178223,19788.763671875
26,2025-11-18,4,1.3693156242370605,19788.763671875
26,2025-11-18,5,89.232948303222656,19788.763671875
26,2025-11-18,6,470.10369873046875,19788.763671875
26,2025-11-18,7,1028.189208984375,19788.763671875
26,2025-11-18,8,2164.935546875,19788.763671875
26,2025-11-18,9,1411.09375,19788.763671875
26,2025-11-18,10,1195.38427734375,19788.763671875
26,2025-11-18,11,1110.9134521484375,19788.763671875
26,2025-11-18,12,1159.294189453125,19788.763671875
26,2025-11-18,13,1168.2802734375,19788.763671875
26,2025-11-18,14,1303.7706298828125,19788.763671875
26,2025-11-18,15,1292.6280517578125,19788.763671875
26,2025-11-18,16,1444.7210693359375,19788.763671875
26,2025-11-18,17,1698.250244140625,19788.763671875
26,2025-11-18,18,1768.52294921875,19788.763671875
26,2025-11-18,19,1212.772216796875,19788.763671875
26,2025-11-18,20,727.183349609375,19788.763671875
26,2025-11-18,21,458.9635009765625,19788.763671875
26,2025-11-18,22,178.75752258300781,19788.763671875
26,2025-11-18,23,104.61148071289062,19788.763671875
26,2025-11-19,0,30.470577239990234,19755.095703125
26,2025-11-19,1,0.49677491188049316,19755.095703125
26,2025-11-19,2,0.011655479669570923,19755.095703125
26,2025-11-19,3,0.034129917621612549,19755.095703125
26,2025-11-19,4,1.4935600757598877,19755.095703125
26,2025-11-19,5,89.449119567871094,19755.095703125
26,2025-11-19,6,465.11639404296875,19755.095703125
26,2025-11-19,7,1015.7192993164062,19755.095703125
26,2025-11-19,8,2132.9609375,19755.095703125
26,2025-11-19,9,1402.203857421875,19755.095703125
26,2025-11-19,10,1186.4822998046875,19755.095703125
26,2025-11-19,11,1105.3355712890625,19755.095703125
26,2025-11-19,12,1164.725830078125,19755.095703125
26,2025-11-19,13,1180.763427734375,19755.095703125
26,2025-11-19,14,1336.8641357421875,19755.095703125
26,2025-11-19,15,1301.758056640625,19755.095703125
26,2025-11-19,16,1425.443603515625,19755.095703125
26,2025-11-19,17,1662.4073486328125,19755.095703125
26,2025-11-19,18,1734.25146484375,19755.095703125
26,2025-11-19,19,1180.516357421875,19755.095703125
26,2025-11-19,20,717.807373046875,19755.095703125
26,2025-11-19,21,475.1092529296875,19755.095703125
26,2025-11-19,22,193.19453430175781,19755.095703125
26,2025-11-19,23,113.82184600830078,19755.095703125
26,2025-11-20,0,32.005466461181641,19755.82421875
26,2025-11-20,1,0.5306246280670166,19755.82421875
26,2025-11-20,2,0.013368189334869385,19755.82421875
26,2025-11-20,3,0.033457279205322266,19755.82421875
26,2025-11-20,4,1.406599760055542,19755.82421875
26,2025-11-20,5,88.73272705078125,19755.82421875
26,2025-11-20,6,465.97171020507812,19755.82421875
26,2025-11-20,7,1005.3182373046875,19755.82421875
26,2025-11-20,8,2118.73486328125,19755.82421875
26,2025-11-20,9,1393.559326171875,19755.82421875
26,2025-11-20,10,1180.837890625,19755.82421875
26,2025-11-20,11,1113.4105224609375,19755.82421875
26,2025-11-20,12,1161.790771484375,19755.82421875
26,2025-11-20,13,1172.9033203125,19755.82421875
26,2025-11-20,14,1324.4654541015625,19755.82421875
26,2025-11-20,15,1303.0018310546875,19755.82421875
26,2025-11-20,16,1433.381591796875,19755.82421875
26,2025-11-20,17,1672.103271484375,19755.82421875
26,2025-11-20,18,1732.11181640625,19755.82421875
26,2025-11-20,19,1166.8177490234375,19755.82421875
26,2025-11-20,20,722.22381591796875,19755.82421875
26,2025-11-20,21,470.98980712890625,19755.82421875
26,2025-11-20,22,197.38838195800781,19755.82421875
26,2025-11-20,23,118.7557373046875,19755.82421875
26,2025-11-21,0,34.25592041015625,19156.373046875
26,2025-11-21,1,0.52666521072387695,19156.373046875
26,2025-11-21,2,0.014527857303619385,19156.373046875
26,2025-11-21,3,0.038468897342681885,19156.373046875
26,2025-11-21,4,1.2899789810180664,19156.373046875
26,2025-11-21,5,86.347183227539062,19156.373046875
26,2025-11-21,6,458.3309326171875,19156.373046875
26,2025-11-21,7,948.92755126953125,19156.373046875
26,2025-11-21,8,2004.556640625,19156.373046875
26,2025-11-21,9,1305.5928955078125,19156.373046875
26,2025-11-21,10,1147.9708251953125,19156.373046875
26,2025-11-21,11,1064.736572265625,19156.373046875
26,2025-11-21,12,1139.486572265625,19156.373046875
26,2025-11-21,13,1154.0823974609375,19156.373046875
26,2025-11-21,14,1301.67529296875,19156.373046875
26,2025-11-21,15,1300.2220458984375,19156.373046875
26,2025-11-21,16,1507.836181640625,19156.373046875
26,2025-11-21,17,1650.8634033203125,19156.373046875
26,2025-11-21,18,1312.28369140625,19156.373046875
26,2025-11-21,19,1011.5241088867188,19156.373046875
26,2025-11-21,20,663.93994140625,19156.373046875
26,2025-11-21,21,447.81439208984375,19156.373046875
26,2025-11-21,22,190.92436218261719,19156.373046875
26,2025-11-21,23,135.58726501464844,19156.373046875
26,2025-11-22,0,39.379665374755859,12627.9609375
26,2025-11-22,1,0.92386674880981445,12627.9609375
26,2025-11-22,2,0.0090883374214172363,12627.9609375
26,2025-11-22,3,0.03854680061340332,12627.9609375
26,2025-11-22,4,1.0246281623840332,12627.9609375
26,2025-11-22,5,47.444869995117188,12627.9609375
26,2025-11-22,6,229.71624755859375,12627.9609375
26,2025-11-22,7,344.96768188476562,12627.9609375
26,2025-11-22,8,575.4049072265625,12627.9609375
26,2025-11-22,9,656.8232421875,12627.9609375
26,2025-11-22,10,786.648193359375,12627.9609375
26,2025-11-22,11,974.5054931640625,12627.9609375
26,2025-11-22,12,1028.435791015625,12627.9609375
26,2025-11-22,13,1018.1204833984375,12627.9609375
26,2025-11-22,14,1074.7650146484375,12627.9609375
26,2025-11-22,15,921.9344482421875,12627.9609375
26,2025-11-22,16,936.8201904296875,12627.9609375
26,2025-11-22,17,925.091064453125,12627.9609375
26,2025-11-22,18,825.4146728515625,12627.9609375
26,2025-11-22,19,750.237548828125,12627.9609375
26,2025-11-22,20,506.4503173828125,12627.9609375
26,2025-11-22,21,361.53778076171875,12627.9609375
26,2025-11-22,22,175.36892700195312,12627.9609375
26,2025-11-22,23,130.12315368652344,12627.9609375
26,2025-11-23,0,44.321258544921875,10254.697265625
26,2025-11-23,1,3.6639485359191895,10254.697265625
26,2025-11-23,2,0.014512211084365845,10254.697265625
26,2025-11-23,3,0.026082992553710938,10254.697265625
26,2025-11-23,4,1.0093228816986084,10254.697265625
26,2025-11-23,5,30.258171081542969,10254.697265625
26,2025-11-23,6,138.86495971679688,10254.697265625
26,2025-11-23,7,269.63406372070312,10254.697265625
26,2025-11-23,8,428.37109375,10254.697265625
26,2025-11-23,9,543.4595947265625,10254.697265625
26,2025-11-23,10,588.630615234375,10254.697265625
26,2025-11-23,11,806.06689453125,10254.697265625
26,2025-11-23,12,853.42822265625,10254.697265625
26,2025-11-23,13,882.8260498046875,10254.697265625
26,2025-11-23,14,878.1983642578125,10254.697265625
26,2025-11-23,15,785.96630859375,10254.697265625
26,2025-11-23,16,771.3916015625,10254.697265625
26,2025-11-23,17,826.6446533203125,10254.697265625
26,2025-11-23,18,728.1663818359375,10254.697265625
26,2025-11-23,19,557.5328369140625,10254.697265625
26,2025-11-23,20,412.25662231445312,10254.697265625
26,2025-11-23,21,295.66580200195312,10254.697265625
26,2025-11-23,22,163.06253051757812,10254.697265625
26,2025-11-23,23,102.57022094726562,10254.697265625
26,2025-11-24,0,27.692211151123047,19448.64453125
26,2025-11-24,1,1.2822809219360352,19448.64453125
26,2025-11-24,2,0.01252824068069458,19448.64453125
26,2025-11-24,3,0.031378209590911865,19448.64453125
26,2025-11-24,4,1.5297038555145264,19448.64453125
26,2025-11-24,5,87.502410888671875,19448.64453125
26,2025-11-24,6,462.033203125,19448.64453125
26,2025-11-24,7,986.7177734375,19448.64453125
26,2025-11-24,8,2068.79541015625,19448.64453125
26,2025-11-24,9,1361.631103515625,19448.64453125
26,2025-11-24,10,1170.7037353515625,19448.64453125
26,2025-11-24,11,1072.78564453125,19448.64453125
26,2025-11-24,12,1136.4158935546875,19448.64453125
26,2025-11-24,13,1160.54248046875,19448.64453125
26,2025-11-24,14,1256.39404296875,19448.64453125
26,2025-11-24,15,1265.51708984375,19448.64453125
26,2025-11-24,16,1423.791015625,19448.64453125
26,2025-11-24,17,1661.1622314453125,19448.64453125
26,2025-11-24,18,1732.4884033203125,19448.64453125
26,2025-11-24,19,1178.891845703125,19448.64453125
26,2025-11-24,20,723.9091796875,19448.64453125
26,2025-11-24,21,435.8739013671875,19448.64453125
26,2025-11-24,22,171.79710388183594,19448.64453125
26,2025-11-24,23,102.66470336914062,19448.64453125
26,2025-11-25,0,27.352659225463867,19765.208984375
26,2025-11-25,1,0.54091238975524902,19765.208984375
26,2025-11-25,2,0.010407835245132446,19765.208984375
26,2025-11-25,3,0.037500083446502686,19765.208984375
26,2025-11-25,4,1.3761675357818604,19765.208984375
26,2025-11-25,5,88.50982666015625,19765.208984375
26,2025-11-25,6,467.07009887695312,19765.208984375
26,2025-11-25,7,1013.5908203125,19765.208984375
26,2025-11-25,8,2139.74462890625,19765.208984375
26,2025-11-25,9,1392.66845703125,19765.208984375
26,2025-11-25,10,1187.2276611328125,19765.208984375
26,2025-11-25,11,1108.58203125,19765.208984375
26,2025-11-25,12,1160.142333984375,19765.208984375
26,2025-11-25,13,1161.536376953125,19765.208984375
26,2025-11-25,14,1294.546875,19765.208984375
26,2025-11-25,15,1288.4884033203125,19765.208984375
26,2025-11-25,16,1445.4749755859375,19765.208984375
26,2025-11-25,17,1684.3294677734375,19765.208984375
26,2025-11-25,18,1753.2877197265625,19765.208984375
26,2025-11-25,19,1218.18603515625,19765.208984375
26,2025-11-25,20,734.90234375,19765.208984375
26,2025-11-25,21,459.05126953125,19765.208984375
26,2025-11-25,22,181.00094604492188,19765.208984375
26,2025-11-25,23,109.05478668212891,19765.208984375
26,2025-11-26,0,29.324550628662109,19687.69921875
26,2025-11-26,1,0.57660031318664551,19687.69921875
26,2025-11-26,2,0.01263776421546936,19687.69921875
26,2025-11-26,3,0.034556865692138672,19687.69921875
26,2025-11-26,4,1.52677321434021,19687.69921875
26,2025-11-26,5,88.96551513671875,19687.69921875
26,2025-11-26,6,463.7119140625,19687.69921875
26,2025-11-26,7,1004.0841064453125,19687.69921875
26,2025-11-26,8,2125.14599609375,19687.69921875
26,2025-11-26,9,1386.6015625,19687.69921875
26,2025-11-26,10,1184.611083984375,19687.69921875
26,2025-11-26,11,1108.248291015625,19687.69921875
26,2025-11-26,12,1171.66357421875,19687.69921875
26,2025-11-26,13,1178.706298828125,19687.69921875
26,2025-11-26,14,1321.9613037109375,19687.69921875
26,2025-11-26,15,1296.3282470703125,19687.69921875
26,2025-11-26,16,1432.49658203125,19687.69921875
26,2025-11-26,17,1639.530029296875,19687.69921875
26,2025-11-26,18,1718.4541015625,19687.69921875
26,2025-11-26,19,1195.2724609375,19687.69921875
26,2025-11-26,20,727.00274658203125,19687.69921875
26,2025-11-26,21,472.90298461914062,19687.69921875
26,2025-11-26,22,193.36373901367188,19687.69921875
26,2025-11-26,23,118.4864501953125,19687.69921875
26,2025-11-27,0,32.467330932617188,19760.3046875
26,2025-11-27,1,0.62138462066650391,19760.3046875
26,2025-11-27,2,0.012023627758026123,19760.3046875
26,2025-11-27,3,0.038106083869934082,19760.3046875
26,2025-11-27,4,1.3655648231506348,19760.3046875
26,2025-11-27,5,88.123672485351562,19760.3046875
26,2025-11-27,6,465.68801879882812,19760.3046875
26,2025-11-27,7,1008.562744140625,19760.3046875
26,2025-11-27,8,2125.1806640625,19760.3046875
26,2025-11-27,9,1390.756591796875,19760.3046875
26,2025-11-27,10,1182.6641845703125,19760.3046875
26,2025-11-27,11,1117.7294921875,19760.3046875
26,2025-11-27,12,1169.8133544921875,19760.3046875
26,2025-11-27,13,1173.614990234375,19760.3046875
26,2025-11-27,14,1323.5526123046875,19760.3046875
26,2025-11-27,15,1303.645751953125,19760.3046875
26,2025-11-27,16,1456.140625,19760.3046875
26,2025-11-27,17,1670.2210693359375,19760.3046875
26,2025-11-27,18,1740.673583984375,19760.3046875
26,2025-11-27,19,1183.20263671875,19760.3046875
26,2025-11-27,20,728.91754150390625,19760.3046875
26,2025-11-27,21,469.342529296875,19760.3046875
26,2025-11-27,22,196.2486572265625,19760.3046875
26,2025-11-27,23,123.27958679199219,19760.3046875
26,2025-11-28,0,33.474639892578125,19224.021484375
26,2025-11-28,1,0.53922390937805176,19224.021484375
26,2025-11-28,2,0.013681381940841675,19224.021484375
26,2025-11-28,3,0.034601092338562012,19224.021484375
26,2025-11-28,4,1.192347526550293,19224.021484375
26,2025-11-28,5,85.1627197265625,19224.021484375
26,2025-11-28,6,458.96755981445312,19224.021484375
26,2025-11-28,7,948.6925048828125,19224.021484375
26,2025-11-28,8,1988.416748046875,19224.021484375
26,2025-11-28,9,1306.635986328125,19224.021484375
26,2025-11-28,10,1149.74951171875,19224.021484375
26,2025-11-28,11,1069.7896728515625,19224.021484375
26,2025-11-28,12,1151.6890869140625,19224.021484375
26,2025-11-28,13,1160.656494140625,19224.021484375
26,2025-11-28,14,1296.396240234375,19224.021484375
26,2025-11-28,15,1300.876708984375,19224.021484375
26,2025-11-28,16,1518.2840576171875,19224.021484375
26,2025-11-28,17,1648.4599609375,19224.021484375
26,2025-11-28,18,1333.560791015625,19224.021484375
26,2025-11-28,19,1035.538330078125,19224.021484375
26,2025-11-28,20,674.31988525390625,19224.021484375
26,2025-11-28,21,438.00994873046875,19224.021484375
26,2025-11-28,22,188.10247802734375,19224.021484375
26,2025-11-28,23,139.34115600585938,19224.021484375
26,2025-11-29,0,40.743610382080078,12538.470703125
26,2025-11-29,1,1.0732200145721436,12538.470703125
26,2025-11-29,2,0.013925254344940186,12538.470703125
26,2025-11-29,3,0.024758875370025635,12538.470703125
26,2025-11-29,4,1.0340712070465088,12538.470703125
26,2025-11-29,5,46.263916015625,12538.470703125
26,2025-11-29,6,234.54336547851562,12538.470703125
26,2025-11-29,7,354.53756713867188,12538.470703125
26,2025-11-29,8,569.00341796875,12538.470703125
26,2025-11-29,9,661.818359375,12538.470703125
26,2025-11-29,10,804.56439208984375,12538.470703125
26,2025-11-29,11,969.9420166015625,12538.470703125
26,2025-11-29,12,1034.141845703125,12538.470703125
26,2025-11-29,13,1023.7098388671875,12538.470703125
26,2025-11-29,14,1062.2899169921875,12538.470703125
26,2025-11-29,15,923.32794189453125,12538.470703125
26,2025-11-29,16,937.79296875,12538.470703125
26,2025-11-29,17,914.00933837890625,12538.470703125
26,2025-11-29,18,817.56927490234375,12538.470703125
26,2025-11-29,19,759.73724365234375,12538.470703125
26,2025-11-29,20,507.94790649414062,12538.470703125
26,2025-11-29,21,351.46783447265625,12538.470703125
26,2025-11-29,22,172.50044250488281,12538.470703125
26,2025-11-29,23,133.82254028320312,12538.470703125
26,2025-11-30,0,45.227928161621094,10224.90234375
26,2025-11-30,1,3.7619423866271973,10224.90234375
26,2025-11-30,2,0.01456606388092041,10224.90234375
26,2025-11-30,3,0.031691908836364746,10224.90234375
26,2025-11-30,4,0.91552519798278809,10224.90234375
26,2025-11-30,5,29.211662292480469,10224.90234375
26,2025-11-30,6,140.42315673828125,10224.90234375
26,2025-11-30,7,279.13427734375,10224.90234375
26,2025-11-30,8,455.2987060546875,10224.90234375
26,2025-11-30,9,542.084228515625,10224.90234375
26,2025-11-30,10,599.18060302734375,10224.90234375
26,2025-11-30,11,807.309814453125,10224.90234375
26,2025-11-30,12,862.4783935546875,10224.90234375
26,2025-11-30,13,891.8701171875,10224.90234375
26,2025-11-30,14,873.18603515625,10224.90234375
26,2025-11-30,15,786.85504150390625,10224.90234375
26,2025-11-30,16,781.5948486328125,10224.90234375
26,2025-11-30,17,832.90728759765625,10224.90234375
26,2025-11-30,18,737.7750244140625,10224.90234375
26,2025-11-30,19,569.7435302734375,10224.90234375
26,2025-11-30,20,418.26220703125,10224.90234375
26,2025-11-30,21,297.633056640625,10224.90234375
26,2025-11-30,22,160.13662719726562,10224.90234375
26,2025-11-30,23,105.13130187988281,10224.90234375
26,2025-12-01,0,27.552230834960938,19557.76171875
26,2025-12-01,1,1.3133412599563599,19557.76171875
26,2025-12-01,2,0.011291742324829102,19557.76171875
26,2025-12-01,3,0.038983702659606934,19557.76171875
26,2025-12-01,4,1.5350027084350586,19557.76171875
26,2025-12-01,5,88.122184753417969,19557.76171875
26,2025-12-01,6,465.62017822265625,19557.76171875
26,2025-12-01,7,999.1326904296875,19557.76171875
26,2025-12-01,8,2072.295654296875,19557.76171875
26,2025-12-01,9,1372.123291015625,19557.76171875
26,2025-12-01,10,1180.1590576171875,19557.76171875
26,2025-12-01,11,1074.5084228515625,19557.76171875
26,2025-12-01,12,1137.07275390625,19557.76171875
26,2025-12-01,13,1164.5791015625,19557.76171875
26,2025-12-01,14,1251.592041015625,19557.76171875
26,2025-12-01,15,1269.9639892578125,19557.76171875
26,2025-12-01,16,1430.15673828125,19557.76171875
26,2025-12-01,17,1667.68798828125,19557.76171875
26,2025-12-01,18,1743.2303466796875,19557.76171875
26,2025-12-01,19,1197.1239013671875,19557.76171875
26,2025-12-01,20,729.4820556640625,19557.76171875
26,2025-12-01,21,436.94192504882812,19557.76171875
26,2025-12-01,22,168.11331176757812,19557.76171875
26,2025-12-01,23,102.62488555908203,19557.76171875
26,2025-12-02,0,28.278324127197266,19771.556640625
26,2025-12-02,1,0.47258305549621582,19771.556640625
26,2025-12-02,2,0.0094265341758728027,19771.556640625
26,2025-12-02,3,0.037595510482788086,19771.556640625
26,2025-12-02,4,1.3495995998382568,19771.556640625
26,2025-12-02,5,88.928840637207031,19771.556640625
26,2025-12-02,6,469.49722290039062,19771.556640625
26,2025-12-02,7,1014.61572265625,19771.556640625
26,2025-12-02,8,2137.02490234375,19771.556640625
26,2025-12-02,9,1395.2330322265625,19771.556640625
26,2025-12-02,10,1180.3651123046875,19771.556640625
26,2025-12-02,11,1105.4801025390625,19771.556640625
26,2025-12-02,12,1156.1810302734375,19771.556640625
26,2025-12-02,13,1160.3861083984375,19771.556640625
26,2025-12-02,14,1273.064453125,19771.556640625
26,2025-12-02,15,1274.1485595703125,19771.556640625
26,2025-12-02,16,1430.546142578125,19771.556640625
26,2025-12-02,17,1676.4144287109375,19771.556640625
26,2025-12-02,18,1750.96533203125,19771.556640625
26,2025-12-02,19,1224.882568359375,19771.556640625
26,2025-12-02,20,735.26995849609375,19771.556640625
26,2025-12-02,21,452.584716796875,19771.556640625
26,2025-12-02,22,179.08695983886719,19771.556640625
26,2025-12-02,23,108.65802764892578,19771.556640625
26,2025-12-03,0,28.50128173828125,19659.30078125
26,2025-12-03,1,0.59197711944580078,19659.30078125
26,2025-12-03,2,0.010072559118270874,19659.30078125
26,2025-12-03,3,0.031076490879058838,19659.30078125
26,2025-12-03,4,1.5393033027648926,19659.30078125
26,2025-12-03,5,89.106170654296875,19659.30078125
26,2025-12-03,6,460.23675537109375,19659.30078125
26,2025-12-03,7,983.0164794921875,19659.30078125
26,2025-12-03,8,2087.643310546875,19659.30078125
26,2025-12-03,9,1382.434326171875,19659.30078125
26,2025-12-03,10,1178.868408203125,19659.30078125
26,2025-12-03,11,1101.1982421875,19659.30078125
26,2025-12-03,12,1170.333984375,19659.30078125
26,2025-12-03,13,1166.774658203125,19659.30078125
26,2025-12-03,14,1320.42041015625,19659.30078125
26,2025-12-03,15,1287.6790771484375,19659.30078125
26,2025-12-03,16,1420.00830078125,19659.30078125
26,2025-12-03,17,1649.773193359375,19659.30078125
26,2025-12-03,18,1703.5499267578125,19659.30078125
26,2025-12-03,19,1181.8834228515625,19659.30078125
26,2025-12-03,20,721.01580810546875,19659.30078125
26,2025-12-03,21,474.65591430664062,19659.30078125
26,2025-12-03,22,184.85792541503906,19659.30078125
26,2025-12-03,23,121.10340881347656,19659.30078125
26,2025-12-04,0,31.798171997070312,19632.447265625
26,2025-12-04,1,0.59980511665344238,19632.447265625
26,2025-12-04,2,0.012078940868377686,19632.447265625
26,2025-12-04,3,0.032405555248260498,19632.447265625
26,2025-12-04,4,1.3906888961791992,19632.447265625
26,2025-12-04,5,88.301353454589844,19632.447265625
26,2025-12-04,6,463.07366943359375,19632.447265625
26,2025-12-04,7,977.2130126953125,19632.447265625
26,2025-12-04,8,2072.58056640625,19632.447265625
26,2025-12-04,9,1378.38916015625,19632.447265625
26,2025-12-04,10,1175.2462158203125,19632.447265625
26,2025-12-04,11,1111.04736328125,19632.447265625
26,2025-12-04,12,1174.8311767578125,19632.447265625
26,2025-12-04,13,1163.0772705078125,19632.447265625
26,2025-12-04,14,1312.53466796875,19632.447265625
26,2025-12-04,15,1290.1346435546875,19632.447265625
26,2025-12-04,16,1439.0850830078125,19632.447265625
26,2025-12-04,17,1654.40966796875,19632.447265625
26,2025-12-04,18,1719.2899169921875,19632.447265625
26,2025-12-04,19,1177.9427490234375,19632.447265625
26,2025-12-04,20,717.7332763671875,19632.447265625
26,2025-12-04,21,471.07110595703125,19632.447265625
26,2025-12-04,22,185.41845703125,19632.447265625
26,2025-12-04,23,122.98104858398438,19632.447265625
26,2025-12-05,0,31.806526184082031,19257.962890625
26,2025-12-05,1,0.56034517288208008,19257.962890625
26,2025-12-05,2,0.013533532619476318,19257.962890625
26,2025-12-05,3,0.030679941177368164,19257.962890625
26,2025-12-05,4,1.2815172672271729,19257.962890625
26,2025-12-05,5,86.013687133789062,19257.962890625
26,2025-12-05,6,459.76882934570312,19257.962890625
26,2025-12-05,7,944.39215087890625,19257.962890625
26,2025-12-05,8,1985.168212890625,19257.962890625
26,2025-12-05,9,1311.1146240234375,19257.962890625
26,2025-12-05,10,1159.07763671875,19257.962890625
26,2025-12-05,11,1079.3485107421875,19257.962890625
26,2025-12-05,12,1165.9100341796875,19257.962890625
26,2025-12-05,13,1154.143310546875,19257.962890625
26,2025-12-05,14,1309.5645751953125,19257.962890625
26,2025-12-05,15,1300.0306396484375,19257.962890625
26,2025-12-05,16,1525.5888671875,19257.962890625
26,2025-12-05,17,1638.237548828125,19257.962890625
26,2025-12-05,18,1326.5828857421875,19257.962890625
26,2025-12-05,19,1033.462646484375,19257.962890625
26,2025-12-05,20,675.5029296875,19257.962890625
26,2025-12-05,21,448.60458374023438,19257.962890625
26,2025-12-05,22,178.70436096191406,19257.962890625
26,2025-12-05,23,139.00314331054688,19257.962890625
26,2025-12-06,0,39.293498992919922,12606.5087890625
26,2025-12-06,1,0.99724578857421875,12606.5087890625
26,2025-12-06,2,0.015960842370986938,12606.5087890625
26,2025-12-06,3,0.03536522388458252,12606.5087890625
26,2025-12-06,4,1.0533640384674072,12606.5087890625
26,2025-12-06,5,46.79833984375,12606.5087890625
26,2025-12-06,6,226.96125793457031,12606.5087890625
26,2025-12-06,7,351.97003173828125,12606.5087890625
26,2025-12-06,8,597.63787841796875,12606.5087890625
26,2025-12-06,9,651.291259765625,12606.5087890625
26,2025-12-06,10,786.138671875,12606.5087890625
26,2025-12-06,11,985.85455322265625,12606.5087890625
26,2025-12-06,12,1040.8873291015625,12606.5087890625
26,2025-12-06,13,1005.41552734375,12606.5087890625
26,2025-12-06,14,1064.44873046875,12606.5087890625
26,2025-12-06,15,921.1177978515625,12606.5087890625
26,2025-12-06,16,947.8568115234375,12606.5087890625
26,2025-12-06,17,932.96435546875,12606.5087890625
26,2025-12-06,18,840.21136474609375,12606.5087890625
26,2025-12-06,19,769.9388427734375,12606.5087890625
26,2025-12-06,20,514.26300048828125,12606.5087890625
26,2025-12-06,21,358.41537475585938,12606.5087890625
26,2025-12-06,22,166.06451416015625,12606.5087890625
26,2025-12-06,23,135.17831420898438,12606.5087890625
26,2025-12-07,0,46.2738037109375,10244.50390625
26,2025-12-07,1,3.6335611343383789,10244.50390625
26,2025-12-07,2,0.016701102256774902,10244.50390625
26,2025-12-07,3,0.042069196701049805,10244.50390625
26,2025-12-07,4,1.0433471202850342,10244.50390625
26,2025-12-07,5,29.809234619140625,10244.50390625
26,2025-12-07,6,136.28500366210938,10244.50390625
26,2025-12-07,7,264.3983154296875,10244.50390625
26,2025-12-07,8,439.68035888671875,10244.50390625
26,2025-12-07,9,535.4951171875,10244.50390625
26,2025-12-07,10,611.7943115234375,10244.50390625
26,2025-12-07,11,809.0633544921875,10244.50390625
26,2025-12-07,12,890.568115234375,10244.50390625
26,2025-12-07,13,883.7930908203125,10244.50390625
26,2025-12-07,14,879.76043701171875,10244.50390625
26,2025-12-07,15,794.25738525390625,10244.50390625
26,2025-12-07,16,796.55865478515625,10244.50390625
26,2025-12-07,17,829.720458984375,10244.50390625
26,2025-12-07,18,732.041748046875,10244.50390625
26,2025-12-07,19,591.395751953125,10244.50390625
26,2025-12-07,20,419.29617309570312,10244.50390625
26,2025-12-07,21,303.375732421875,10244.50390625
26,2025-12-07,22,152.15493774414062,10244.50390625
26,2025-12-07,23,109.73506927490234,10244.50390625
26,2025-12-08,0,28.612705230712891,19326.990234375
26,2025-12-08,1,1.2208497524261475,19326.990234375
26,2025-12-08,2,0.011204689741134644,19326.990234375
26,2025-12-08,3,0.040220737457275391,19326.990234375
26,2025-12-08,4,1.4840641021728516,19326.990234375
26,2025-12-08,5,87.115478515625,19326.990234375
26,2025-12-08,6,462.89974975585938,19326.990234375
26,2025-12-08,7,976.992431640625,19326.990234375
26,2025-12-08,8,2048.44140625,19326.990234375
26,2025-12-08,9,1352.8834228515625,19326.990234375
26,2025-12-08,10,1173.1949462890625,19326.990234375
26,2025-12-08,11,1069.1475830078125,19326.990234375
26,2025-12-08,12,1140.2099609375,19326.990234375
26,2025-12-08,13,1161.9202880859375,19326.990234375
26,2025-12-08,14,1241.140869140625,19326.990234375
26,2025-12-08,15,1265.613525390625,19326.990234375
26,2025-12-08,16,1420.9876708984375,19326.990234375
26,2025-12-08,17,1657.1390380859375,19326.990234375
26,2025-12-08,18,1736.89013671875,19326.990234375
26,2025-12-08,19,1184.515380859375,19326.990234375
26,2025-12-08,20,719.89697265625,19326.990234375
26,2025-12-08,21,438.10964965820312,19326.990234375
26,2025-12-08,22,158.27279663085938,19326.990234375
26,2025-12-08,23,105.5870361328125,19326.990234375
26,2025-12-09,0,27.563228607177734,19723.8359375
26,2025-12-09,1,0.47968149185180664,19723.8359375
26,2025-12-09,2,0.015342086553573608,19723.8359375
26,2025-12-09,3,0.028003454208374023,19723.8359375
26,2025-12-09,4,1.2712218761444092,19723.8359375
26,2025-12-09,5,87.786834716796875,19723.8359375
26,2025-12-09,6,464.92312622070312,19723.8359375
26,2025-12-09,7,996.295166015625,19723.8359375
26,2025-12-09,8,2105.564453125,19723.8359375
26,2025-12-09,9,1374.846923828125,19723.8359375
26,2025-12-09,10,1185.53564453125,19723.8359375
26,2025-12-09,11,1106.115234375,19723.8359375
26,2025-12-09,12,1171.0535888671875,19723.8359375
26,2025-12-09,13,1165.523681640625,19723.8359375
26,2025-12-09,14,1280.423828125,19723.8359375
26,2025-12-09,15,1280.20703125,19723.8359375
26,2025-12-09,16,1437.17138671875,19723.8359375
26,2025-12-09,17,1678.1397705078125,19723.8359375
26,2025-12-09,18,1752.423095703125,19723.8359375
26,2025-12-09,19,1213.9324951171875,19723.8359375
26,2025-12-09,20,732.19482421875,19723.8359375
26,2025-12-09,21,455.58050537109375,19723.8359375
26,2025-12-09,22,167.50497436523438,19723.8359375
26,2025-12-09,23,111.42964172363281,19723.8359375
26,2025-12-10,0,30.690927505493164,19733.376953125
26,2025-12-10,1,0.54982471466064453,19733.376953125
26,2025-12-10,2,0.014532625675201416,19733.376953125
26,2025-12-10,3,0.032766163349151611,19733.376953125
26,2025-12-10,4,1.5253593921661377,19733.376953125
26,2025-12-10,5,88.169525146484375,19733.376953125
26,2025-12-10,6,462.04360961914062,19733.376953125
26,2025-12-10,7,988.1103515625,19733.376953125
26,2025-12-10,8,2093.69921875,19733.376953125
26,2025-12-10,9,1375.08984375,19733.376953125
26,2025-12-10,10,1183.4661865234375,19733.376953125
26,2025-12-10,11,1107.4405517578125,19733.376953125
26,2025-12-10,12,1183.2080078125,19733.376953125
26,2025-12-10,13,1181.490478515625,19733.376953125
26,2025-12-10,14,1315.66162109375,19733.376953125
26,2025-12-10,15,1284.781494140625,19733.376953125
26,2025-12-10,16,1423.7852783203125,19733.376953125
26,2025-12-10,17,1640.7366943359375,19733.376953125
26,2025-12-10,18,1725.67578125,19733.376953125
26,2025-12-10,19,1194.8492431640625,19733.376953125
26,2025-12-10,20,726.960693359375,19733.376953125
26,2025-12-10,21,471.2257080078125,19733.376953125
26,2025-12-10,22,177.80381774902344,19733.376953125
26,2025-12-10,23,119.80983734130859,19733.376953125
26,2025-12-11,0,34.110366821289062,19673.197265625
26,2025-12-11,1,0.5913393497467041,19673.197265625
26,2025-12-11,2,0.011801064014434814,19673.197265625
26,2025-12-11,3,0.03574836254119873,19673.197265625
26,2025-12-11,4,1.2990930080413818,19673.197265625
26,2025-12-11,5,87.225776672363281,19673.197265625
26,2025-12-11,6,464.16769409179688,19673.197265625
26,2025-12-11,7,982.73724365234375,19673.197265625
26,2025-12-11,8,2086.45947265625,19673.197265625
26,2025-12-11,9,1372.146728515625,19673.197265625
26,2025-12-11,10,1175.900146484375,19673.197265625
26,2025-12-11,11,1112.1580810546875,19673.197265625
26,2025-12-11,12,1178.3743896484375,19673.197265625
26,2025-12-11,13,1176.16015625,19673.197265625
26,2025-12-11,14,1305.583740234375,19673.197265625
26,2025-12-11,15,1286.947509765625,19673.197265625
26,2025-12-11,16,1443.552734375,19673.197265625
26,2025-12-11,17,1652.5494384765625,19673.197265625
26,2025-12-11,18,1734.718505859375,19673.197265625
26,2025-12-11,19,1174.7554931640625,19673.197265625
26,2025-12-11,20,721.99957275390625,19673.197265625
26,2025-12-11,21,467.4205322265625,19673.197265625
26,2025-12-11,22,178.768310546875,19673.197265625
26,2025-12-11,23,123.11450958251953,19673.197265625
26,2025-12-12,0,34.270675659179688,19135.875
26,2025-12-12,1,0.58589816093444824,19135.875
26,2025-12-12,2,0.014402657747268677,19135.875
26,2025-12-12,3,0.039751946926116943,19135.875
26,2025-12-12,4,1.2306129932403564,19135.875
26,2025-12-12,5,84.643814086914062,19135.875
26,2025-12-12,6,456.72500610351562,19135.875
26,2025-12-12,7,937.89874267578125,19135.875
26,2025-12-12,8,1962.7587890625,19135.875
26,2025-12-12,9,1293.6077880859375,19135.875
26,2025-12-12,10,1154.6617431640625,19135.875
26,2025-12-12,11,1074.997314453125,19135.875
26,2025-12-12,12,1165.0504150390625,19135.875
26,2025-12-12,13,1170.847412109375,19135.875
26,2025-12-12,14,1293.88525390625,19135.875
26,2025-12-12,15,1292.7691650390625,19135.875
26,2025-12-12,16,1514.568359375,19135.875
26,2025-12-12,17,1626.9210205078125,19135.875
26,2025-12-12,18,1321.111083984375,19135.875
26,2025-12-12,19,1038.9068603515625,19135.875
26,2025-12-12,20,674.3133544921875,19135.875
26,2025-12-12,21,445.79489135742188,19135.875
26,2025-12-12,22,172.28375244140625,19135.875
26,2025-12-12,23,139.8934326171875,19135.875
26,2025-12-13,0,40.934986114501953,12469.919921875
26,2025-12-13,1,1.1141593456268311,12469.919921875
26,2025-12-13,2,0.013952583074569702,12469.919921875
26,2025-12-13,3,0.042373120784759521,12469.919921875
26,2025-12-13,4,1.0337538719177246,12469.919921875
26,2025-12-13,5,45.819801330566406,12469.919921875
26,2025-12-13,6,226.91326904296875,12469.919921875
26,2025-12-13,7,353.32492065429688,12469.919921875
26,2025-12-13,8,562.22589111328125,12469.919921875
26,2025-12-13,9,627.2076416015625,12469.919921875
26,2025-12-13,10,787.7073974609375,12469.919921875
26,2025-12-13,11,980.36041259765625,12469.919921875
26,2025-12-13,12,1033.6099853515625,12469.919921875
26,2025-12-13,13,1025.182861328125,12469.919921875
26,2025-12-13,14,1062.5592041015625,12469.919921875
26,2025-12-13,15,919.239990234375,12469.919921875
26,2025-12-13,16,946.232421875,12469.919921875
26,2025-12-13,17,914.92889404296875,12469.919921875
26,2025-12-13,18,814.8643798828125,12469.919921875
26,2025-12-13,19,758.7152099609375,12469.919921875
26,2025-12-13,20,507.706787109375,12469.919921875
26,2025-12-13,21,356.89608764648438,12469.919921875
26,2025-12-13,22,157.2984619140625,12469.919921875
26,2025-12-13,23,134.52342224121094,12469.919921875
26,2025-12-14,0,47.705055236816406,10410.4619140625
26,2025-12-14,1,3.4565410614013672,10410.4619140625
26,2025-12-14,2,0.017026126384735107,10410.4619140625
26,2025-12-14,3,0.041496992111206055,10410.4619140625
26,2025-12-14,4,1.0542902946472168,10410.4619140625
26,2025-12-14,5,30.394248962402344,10410.4619140625
26,2025-12-14,6,141.11703491210938,10410.4619140625
26,2025-12-14,7,280.56143188476562,10410.4619140625
26,2025-12-14,8,459.0107421875,10410.4619140625
26,2025-12-14,9,543.19140625,10410.4619140625
26,2025-12-14,10,612.093505859375,10410.4619140625
26,2025-12-14,11,827.2431640625,10410.4619140625
26,2025-12-14,12,891.2613525390625,10410.4619140625
26,2025-12-14,13,913.67144775390625,10410.4619140625
26,2025-12-14,14,892.7313232421875,10410.4619140625
26,2025-12-14,15,796.11346435546875,10410.4619140625
26,2025-12-14,16,800.0130615234375,10410.4619140625
26,2025-12-14,17,845.7982177734375,10410.4619140625
26,2025-12-14,18,743.148193359375,10410.4619140625
26,2025-12-14,19,588.8079833984375,10410.4619140625
26,2025-12-14,20,422.7730712890625,10410.4619140625
26,2025-12-14,21,304.54122924804688,10410.4619140625
26,2025-12-14,22,146.91616821289062,10410.4619140625
26,2025-12-14,23,107.47483825683594,10410.4619140625
26,2025-12-15,0,29.883365631103516,19476.861328125
26,2025-12-15,1,1.2705483436584473,19476.861328125
26,2025-12-15,2,0.016153186559677124,19476.861328125
26,2025-12-15,3,0.029368042945861816,19476.861328125
26,2025-12-15,4,1.4896936416625977,19476.861328125
26,2025-12-15,5,87.046478271484375,19476.861328125
26,2025-12-15,6,466.19210815429688,19476.861328125
26,2025-12-15,7,978.5257568359375,19476.861328125
26,2025-12-15,8,2041.2373046875,19476.861328125
26,2025-12-15,9,1349.282470703125,19476.861328125
26,2025-12-15,10,1164.189453125,19476.861328125
26,2025-12-15,11,1068.894775390625,19476.861328125
26,2025-12-15,12,1141.6932373046875,19476.861328125
26,2025-12-15,13,1162.66162109375,19476.861328125
26,2025-12-15,14,1243.43798828125,19476.861328125
26,2025-12-15,15,1259.0777587890625,19476.861328125
26,2025-12-15,16,1413.7132568359375,19476.861328125
26,2025-12-15,17,1666.1668701171875,19476.861328125
26,2025-12-15,18,1739.6658935546875,19476.861328125
26,2025-12-15,19,1166.9888916015625,19476.861328125
26,2025-12-15,20,720.83319091796875,19476.861328125
26,2025-12-15,21,440.74612426757812,19476.861328125
26,2025-12-15,22,153.87637329101562,19476.861328125
26,2025-12-15,23,103.25032043457031,19476.861328125
26,2025-12-16,0,28.024173736572266,19665.994140625
26,2025-12-16,1,0.52033734321594238,19665.994140625
26,2025-12-16,2,0.015010148286819458,19665.994140625
26,2025-12-16,3,0.030400276184082031,19665.994140625
26,2025-12-16,4,1.3395416736602783,19665.994140625
26,2025-12-16,5,87.766525268554688,19665.994140625
26,2025-12-16,6,467.1976318359375,19665.994140625
26,2025-12-16,7,993.812744140625,19665.994140625
26,2025-12-16,8,2094.35693359375,19665.994140625
26,2025-12-16,9,1370.0572509765625,19665.994140625
26,2025-12-16,10,1182.2183837890625,19665.994140625
26,2025-12-16,11,1099.90771484375,19665.994140625
26,2025-12-16,12,1167.8438720703125,19665.994140625
26,2025-12-16,13,1157.22119140625,19665.994140625
26,2025-12-16,14,1277.46728515625,19665.994140625
26,2025-12-16,15,1268.241455078125,19665.994140625
26,2025-12-16,16,1424.1650390625,19665.994140625
26,2025-12-16,17,1674.77783203125,19665.994140625
26,2025-12-16,18,1747.1142578125,19665.994140625
26,2025-12-16,19,1193.957763671875,19665.994140625
26,2025-12-16,20,728.325927734375,19665.994140625
26,2025-12-16,21,457.16708374023438,19665.994140625
26,2025-12-16,22,163.912109375,19665.994140625
26,2025-12-16,23,109.48971557617188,19665.994140625
26,2025-12-17,0,30.572000503540039,19638.509765625
26,2025-12-17,1,0.59996771812438965,19638.509765625
26,2025-12-17,2,0.011177569627761841,19638.509765625
26,2025-12-17,3,0.036918699741363525,19638.509765625
26,2025-12-17,4,1.5535595417022705,19638.509765625
26,2025-12-17,5,88.117210388183594,19638.509765625
26,2025-12-17,6,462.44601440429688,19638.509765625
26,2025-12-17,7,985.672607421875,19638.509765625
26,2025-12-17,8,2075.44873046875,19638.509765625
26,2025-12-17,9,1361.679931640625,19638.509765625
26,2025-12-17,10,1175.4864501953125,19638.509765625
26,2025-12-17,11,1101.4501953125,19638.509765625
26,2025-12-17,12,1169.84765625,19638.509765625
26,2025-12-17,13,1167.361328125,19638.509765625
26,2025-12-17,14,1310.2615966796875,19638.509765625
26,2025-12-17,15,1275.98095703125,19638.509765625
26,2025-12-17,16,1406.8331298828125,19638.509765625
26,2025-12-17,17,1636.003662109375,19638.509765625
26,2025-12-17,18,1711.052490234375,19638.509765625
26,2025-12-17,19,1162.0697021484375,19638.509765625
26,2025-12-17,20,717.89703369140625,19638.509765625
26,2025-12-17,21,470.83978271484375,19638.509765625
26,2025-12-17,22,171.15325927734375,19638.509765625
26,2025-12-17,23,118.99113464355469,19638.509765625
26,2025-12-18,0,32.793514251708984,19618.341796875
26,2025-12-18,1,0.610198974609375,19618.341796875
26,2025-12-18,2,0.012542963027954102,19618.341796875
26,2025-12-18,3,0.035006999969482422,19618.341796875
26,2025-12-18,4,1.3853366374969482,19618.341796875
26,2025-12-18,5,86.950607299804688,19618.341796875
26,2025-12-18,6,465.1881103515625,19618.341796875
26,2025-12-18,7,981.1160888671875,19618.341796875
26,2025-12-18,8,2061.237548828125,19618.341796875
26,2025-12-18,9,1361.4903564453125,19618.341796875
26,2025-12-18,10,1167.2330322265625,19618.341796875
26,2025-12-18,11,1102.489013671875,19618.341796875
26,2025-12-18,12,1169.5257568359375,19618.341796875
26,2025-12-18,13,1158.693603515625,19618.341796875
26,2025-12-18,14,1299.04443359375,19618.341796875
26,2025-12-18,15,1281.1175537109375,19618.341796875
26,2025-12-18,16,1453.783935546875,19618.341796875
26,2025-12-18,17,1653.874267578125,19618.341796875
26,2025-12-18,18,1722.81298828125,19618.341796875
26,2025-12-18,19,1151.4755859375,19618.341796875
26,2025-12-18,20,717.451171875,19618.341796875
26,2025-12-18,21,463.13253784179688,19618.341796875
26,2025-12-18,22,171.86312866210938,19618.341796875
26,2025-12-18,23,123.39266967773438,19618.341796875
26,2025-12-19,0,34.359989166259766,19025.94921875
26,2025-12-19,1,0.60535597801208496,19025.94921875
26,2025-12-19,2,0.012104660272598267,19025.94921875
26,2025-12-19,3,0.03726649284362793,19025.94921875
26,2025-12-19,4,1.3828880786895752,19025.94921875
26,2025-12-19,5,83.235572814941406,19025.94921875
26,2025-12-19,6,456.76126098632812,19025.94921875
26,2025-12-19,7,914.755859375,19025.94921875
26,2025-12-19,8,1908.7955322265625,19025.94921875
26,2025-12-19,9,1286.11279296875,19025.94921875
26,2025-12-19,10,1140.320556640625,19025.94921875
26,2025-12-19,11,1059.0662841796875,19025.94921875
26,2025-12-19,12,1132.2354736328125,19025.94921875
26,2025-12-19,13,1150.2799072265625,19025.94921875
26,2025-12-19,14,1268.09130859375,19025.94921875
26,2025-12-19,15,1289.2537841796875,19025.94921875
26,2025-12-19,16,1516.682861328125,19025.94921875
26,2025-12-19,17,1621.9808349609375,19025.94921875
26,2025-12-19,18,1288.8428955078125,19025.94921875
26,2025-12-19,19,1020.6219482421875,19025.94921875
26,2025-12-19,20,666.46075439453125,19025.94921875
26,2025-12-19,21,441.52191162109375,19025.94921875
26,2025-12-19,22,163.91867065429688,19025.94921875
26,2025-12-19,23,138.76069641113281,19025.94921875
26,2025-12-20,0,43.713523864746094,12937.6806640625
26,2025-12-20,1,1.1911016702651978,12937.6806640625
26,2025-12-20,2,0.013256072998046875,12937.6806640625
26,2025-12-20,3,0.038007974624633789,12937.6806640625
26,2025-12-20,4,1.2043726444244385,12937.6806640625
26,2025-12-20,5,47.903236389160156,12937.6806640625
26,2025-12-20,6,247.14732360839844,12937.6806640625
26,2025-12-20,7,352.4920654296875,12937.6806640625
26,2025-12-20,8,575.63616943359375,12937.6806640625
26,2025-12-20,9,638.9283447265625,12937.6806640625
26,2025-12-20,10,777.8564453125,12937.6806640625
26,2025-12-20,11,974.41668701171875,12937.6806640625
26,2025-12-20,12,1030.10107421875,12937.6806640625
26,2025-12-20,13,1027.8795166015625,12937.6806640625
26,2025-12-20,14,1063.4383544921875,12937.6806640625
26,2025-12-20,15,952.339111328125,12937.6806640625
26,2025-12-20,16,960.14361572265625,12937.6806640625
26,2025-12-20,17,940.764892578125,12937.6806640625
26,2025-12-20,18,802.43646240234375,12937.6806640625
26,2025-12-20,19,751.89501953125,12937.6806640625
26,2025-12-20,20,504.14422607421875,12937.6806640625
26,2025-12-20,21,348.70651245117188,12937.6806640625
26,2025-12-20,22,151.12362670898438,12937.6806640625
26,2025-12-20,23,134.14826965332031,12937.6806640625
26,2025-12-21,0,46.907203674316406,10067.4326171875
26,2025-12-21,1,3.7746851444244385,10067.4326171875
26,2025-12-21,2,0.014144688844680786,10067.4326171875
26,2025-12-21,3,0.028956294059753418,10067.4326171875
26,2025-12-21,4,1.1511642932891846,10067.4326171875
26,2025-12-21,5,28.574092864990234,10067.4326171875
26,2025-12-21,6,145.73370361328125,10067.4326171875
26,2025-12-21,7,270.41574096679688,10067.4326171875
26,2025-12-21,8,435.18597412109375,10067.4326171875
26,2025-12-21,9,527.52569580078125,10067.4326171875
26,2025-12-21,10,577.86065673828125,10067.4326171875
26,2025-12-21,11,802.0552978515625,10067.4326171875
26,2025-12-21,12,863.50555419921875,10067.4326171875
26,2025-12-21,13,889.6246337890625,10067.4326171875
26,2025-12-21,14,888.02923583984375,10067.4326171875
26,2025-12-21,15,796.630126953125,10067.4326171875
26,2025-12-21,16,799.56884765625,10067.4326171875
26,2025-12-21,17,828.438232421875,10067.4326171875
26,2025-12-21,18,713.1348876953125,10067.4326171875
26,2025-12-21,19,558.19189453125,10067.4326171875
26,2025-12-21,20,406.34490966796875,10067.4326171875
26,2025-12-21,21,289.60791015625,10067.4326171875
26,2025-12-21,22,141.49990844726562,10067.4326171875
26,2025-12-21,23,104.62210083007812,10067.4326171875
26,2025-12-22,0,29.432268142700195,19332.83203125
26,2025-12-22,1,1.2982026338577271,19332.83203125
26,2025-12-22,2,0.015369027853012085,19332.83203125
26,2025-12-22,3,0.033391118049621582,19332.83203125
26,2025-12-22,4,1.606842041015625,19332.83203125
26,2025-12-22,5,84.989089965820312,19332.83203125
26,2025-12-22,6,465.29263305664062,19332.83203125
26,2025-12-22,7,968.718505859375,19332.83203125
26,2025-12-22,8,2029.668701171875,19332.83203125
26,2025-12-22,9,1346.0721435546875,19332.83203125
26,2025-12-22,10,1172.2703857421875,19332.83203125
26,2025-12-22,11,1080.4383544921875,19332.83203125
26,2025-12-22,12,1155.5352783203125,19332.83203125
26,2025-12-22,13,1187.127197265625,19332.83203125
26,2025-12-22,14,1256.126220703125,19332.83203125
26,2025-12-22,15,1279.0067138671875,19332.83203125
26,2025-12-22,16,1438.197265625,19332.83203125
26,2025-12-22,17,1665.14599609375,19332.83203125
26,2025-12-22,18,1730.4296875,19332.83203125
26,2025-12-22,19,1154.786376953125,19332.83203125
26,2025-12-22,20,719.41461181640625,19332.83203125
26,2025-12-22,21,430.54208374023438,19332.83203125
26,2025-12-22,22,147.83053588867188,19332.83203125
26,2025-12-22,23,101.53123474121094,19332.83203125
26,2025-12-23,0,28.840875625610352,19378.94921875
26,2025-12-23,1,0.48567509651184082,19378.94921875
26,2025-12-23,2,0.016368865966796875,19378.94921875
26,2025-12-23,3,0.043972373008728027,19378.94921875
26,2025-12-23,4,1.4320657253265381,19378.94921875
26,2025-12-23,5,85.820556640625,19378.94921875
26,2025-12-23,6,469.54312133789062,19378.94921875
26,2025-12-23,7,977.422607421875,19378.94921875
26,2025-12-23,8,2066.43505859375,19378.94921875
26,2025-12-23,9,1353.726318359375,19378.94921875
26,2025-12-23,10,1166.124267578125,19378.94921875
26,2025-12-23,11,1094.7635498046875,19378.94921875
26,2025-12-23,12,1158.8280029296875,19378.94921875
26,2025-12-23,13,1178.330810546875,19378.94921875
26,2025-12-23,14,1274.3358154296875,19378.94921875
26,2025-12-23,15,1274.8856201171875,19378.94921875
26,2025-12-23,16,1438.177001953125,19378.94921875
26,2025-12-23,17,1673.779052734375,19378.94921875
26,2025-12-23,18,1732.630615234375,19378.94921875
26,2025-12-23,19,1174.5079345703125,19378.94921875
26,2025-12-23,20,725.09613037109375,19378.94921875
26,2025-12-23,21,451.23171997070312,19378.94921875
26,2025-12-23,22,156.010986328125,19378.94921875
26,2025-12-23,23,108.88603210449219,19378.94921875
26,2025-12-24,0,31.915077209472656,19344.15234375
26,2025-12-24,1,0.48513054847717285,19344.15234375
26,2025-12-24,2,0.013023495674133301,19344.15234375
26,2025-12-24,3,0.046300113201141357,19344.15234375
26,2025-12-24,4,1.6258065700531006,19344.15234375
26,2025-12-24,5,85.582061767578125,19344.15234375
26,2025-12-24,6,461.81768798828125,19344.15234375
26,2025-12-24,7,956.212890625,19344.15234375
26,2025-12-24,8,2030.78564453125,19344.15234375
26,2025-12-24,9,1332.8671875,19344.15234375
26,2025-12-24,10,1150.79150390625,19344.15234375
26,2025-12-24,11,1080.420654296875,19344.15234375
26,2025-12-24,12,1147.572021484375,19344.15234375
26,2025-12-24,13,1175.467529296875,19344.15234375
26,2025-12-24,14,1276.37890625,19344.15234375
26,2025-12-24,15,1266.1617431640625,19344.15234375
26,2025-12-24,16,1409.086181640625,19344.15234375
26,2025-12-24,17,1627.155517578125,19344.15234375
26,2025-12-24,18,1677.504150390625,19344.15234375
26,2025-12-24,19,1145.9058837890625,19344.15234375
26,2025-12-24,20,717.11505126953125,19344.15234375
26,2025-12-24,21,458.03982543945312,19344.15234375
26,2025-12-24,22,162.33755493164062,19344.15234375
26,2025-12-24,23,117.20799255371094,19344.15234375
26,2025-12-25,0,34.238945007324219,19234.48046875
26,2025-12-25,1,0.53803801536560059,19234.48046875
26,2025-12-25,2,0.017337232828140259,19234.48046875
26,2025-12-25,3,0.038807213306427002,19234.48046875
26,2025-12-25,4,1.4421281814575195,19234.48046875
26,2025-12-25,5,84.622970581054688,19234.48046875
26,2025-12-25,6,464.36325073242188,19234.48046875
26,2025-12-25,7,958.4090576171875,19234.48046875
26,2025-12-25,8,2027.156494140625,19234.48046875
26,2025-12-25,9,1334.1881103515625,19234.48046875
26,2025-12-25,10,1145.659912109375,19234.48046875
26,2025-12-25,11,1089.1162109375,19234.48046875
26,2025-12-25,12,1145.061279296875,19234.48046875
26,2025-12-25,13,1163.9451904296875,19234.48046875
26,2025-12-25,14,1273.3631591796875,19234.48046875
26,2025-12-25,15,1274.942138671875,19234.48046875
26,2025-12-25,16,1426.8427734375,19234.48046875
26,2025-12-25,17,1642.74951171875,19234.48046875
26,2025-12-25,18,1695.5101318359375,19234.48046875
26,2025-12-25,19,1138.5087890625,19234.48046875
26,2025-12-25,20,707.1669921875,19234.48046875
26,2025-12-25,21,454.29913330078125,19234.48046875
26,2025-12-25,22,163.85459899902344,19234.48046875
26,2025-12-25,23,121.70693969726562,19234.48046875
26,2025-12-26,0,34.791397094726562,18832
26,2025-12-26,1,0.58074522018432617,18832
26,2025-12-26,2,0.01607474684715271,18832
26,2025-12-26,3,0.038038432598114014,18832
26,2025-12-26,4,1.3929376602172852,18832
26,2025-12-26,5,83.639320373535156,18832
26,2025-12-26,6,461.29949951171875,18832
26,2025-12-26,7,917.107177734375,18832
26,2025-12-26,8,1920.85986328125,18832
26,2025-12-26,9,1278.665283203125,18832
26,2025-12-26,10,1129.976806640625,18832
26,2025-12-26,11,1058.6787109375,18832
26,2025-12-26,12,1132.6834716796875,18832
26,2025-12-26,13,1158.1142578125,18832
26,2025-12-26,14,1253.328369140625,18832
26,2025-12-26,15,1270.090576171875,18832
26,2025-12-26,16,1507.061279296875,18832
26,2025-12-26,17,1629.877197265625,18832
26,2025-12-26,18,1306.790771484375,18832
26,2025-12-26,19,1011.111328125,18832
26,2025-12-26,20,656.7774658203125,18832
26,2025-12-26,21,441.82119750976562,18832
26,2025-12-26,22,160.9427490234375,18832
26,2025-12-26,23,136.21334838867188,18832
26,2025-12-27,0,44.800655364990234,11864.2734375
26,2025-12-27,1,1.1104403734207153,11864.2734375
26,2025-12-27,2,0.0097869634628295898,11864.2734375
26,2025-12-27,3,0.037491798400878906,11864.2734375
26,2025-12-27,4,1.2416017055511475,11864.2734375
26,2025-12-27,5,49.326740264892578,11864.2734375
26,2025-12-27,6,256.3936767578125,11864.2734375
26,2025-12-27,7,394.2381591796875,11864.2734375
26,2025-12-27,8,630.4473876953125,11864.2734375
26,2025-12-27,9,713.560791015625,11864.2734375
26,2025-12-27,10,834.65533447265625,11864.2734375
26,2025-12-27,11,999.0850830078125,11864.2734375
26,2025-12-27,12,1052.9024658203125,11864.2734375
26,2025-12-27,13,1048.62939453125,11864.2734375
26,2025-12-27,14,1092.146728515625,11864.2734375
26,2025-12-27,15,981.29620361328125,11864.2734375
26,2025-12-27,16,1009.6148681640625,11864.2734375
26,2025-12-27,17,985.027099609375,11864.2734375
26,2025-12-27,18,848.6800537109375,11864.2734375
26,2025-12-27,19,768.797607421875,11864.2734375
26,2025-12-27,20,513.55865478515625,11864.2734375
26,2025-12-27,21,356.17919921875,11864.2734375
26,2025-12-27,22,148.34832763671875,11864.2734375
26,2025-12-27,23,132.54022216796875,11864.2734375
26,2025-12-28,0,47.476448059082031,9629.375
26,2025-12-28,1,3.3477654457092285,9629.375
26,2025-12-28,2,0.01427459716796875,9629.375
26,2025-12-28,3,0.039657533168792725,9629.375
26,2025-12-28,4,1.1359293460845947,9629.375
26,2025-12-28,5,30.775959014892578,9629.375
26,2025-12-28,6,156.46859741210938,9629.375
26,2025-12-28,7,275.42636108398438,9629.375
26,2025-12-28,8,447.42694091796875,9629.375
26,2025-12-28,9,537.70135498046875,9629.375
26,2025-12-28,10,602.8375244140625,9629.375
26,2025-12-28,11,834.7757568359375,9629.375
26,2025-12-28,12,893.7117919921875,9629.375
26,2025-12-28,13,905.794921875,9629.375
26,2025-12-28,14,915.75225830078125,9629.375
26,2025-12-28,15,814.1798095703125,9629.375
26,2025-12-28,16,820.35235595703125,9629.375
26,2025-12-28,17,848.5623779296875,9629.375
26,2025-12-28,18,729.475830078125,9629.375
26,2025-12-28,19,560.5244140625,9629.375
26,2025-12-28,20,400.77557373046875,9629.375
26,2025-12-28,21,296.2469482421875,9629.375
26,2025-12-28,22,141.17855834960938,9629.375
26,2025-12-28,23,102.25306701660156,9629.375
26,2025-12-29,0,27.786136627197266,19197.140625
26,2025-12-29,1,1.3036869764328003,19197.140625
26,2025-12-29,2,0.01330256462097168,19197.140625
26,2025-12-29,3,0.042287111282348633,19197.140625
26,2025-12-29,4,1.5710189342498779,19197.140625
26,2025-12-29,5,85.087783813476562,19197.140625
26,2025-12-29,6,472.0533447265625,19197.140625
26,2025-12-29,7,976.03094482421875,19197.140625
26,2025-12-29,8,2031.7462158203125,19197.140625
26,2025-12-29,9,1336.3759765625,19197.140625
26,2025-12-29,10,1166.06005859375,19197.140625
26,2025-12-29,11,1076.8560791015625,19197.140625
26,2025-12-29,12,1139.79736328125,19197.140625
26,2025-12-29,13,1166.9644775390625,19197.140625
26,2025-12-29,14,1246.9521484375,19197.140625
26,2025-12-29,15,1270.3428955078125,19197.140625
26,2025-12-29,16,1440.8212890625,19197.140625
26,2025-12-29,17,1657.8297119140625,19197.140625
26,2025-12-29,18,1723.173828125,19197.140625
26,2025-12-29,19,1155.9215087890625,19197.140625
26,2025-12-29,20,715.62646484375,19197.140625
26,2025-12-29,21,434.81927490234375,19197.140625
26,2025-12-29,22,146.28170776367188,19197.140625
26,2025-12-29,23,98.962211608886719,19197.140625
26,2025-12-30,0,27.951210021972656,19476.681640625
26,2025-12-30,1,0.44666361808776855,19476.681640625
26,2025-12-30,2,0.01520991325378418,19476.681640625
26,2025-12-30,3,0.044817566871643066,19476.681640625
26,2025-12-30,4,1.3783738613128662,19476.681640625
26,2025-12-30,5,85.2342529296875,19476.681640625
26,2025-12-30,6,478.36953735351562,19476.681640625
26,2025-12-30,7,989.5555419921875,19476.681640625
26,2025-12-30,8,2091.8271484375,19476.681640625
26,2025-12-30,9,1350.396728515625,19476.681640625
26,2025-12-30,10,1175.5537109375,19476.681640625
26,2025-12-30,11,1101.6878662109375,19476.681640625
26,2025-12-30,12,1156.553955078125,19476.681640625
26,2025-12-30,13,1161.0830078125,19476.681640625
26,2025-12-30,14,1257.52978515625,19476.681640625
26,2025-12-30,15,1283.374755859375,19476.681640625
26,2025-12-30,16,1461.296875,19476.681640625
26,2025-12-30,17,1684.201171875,19476.681640625
26,2025-12-30,18,1734.6658935546875,19476.681640625
26,2025-12-30,19,1181.7314453125,19476.681640625
26,2025-12-30,20,725.59521484375,19476.681640625
26,2025-12-30,21,448.3902587890625,19476.681640625
26,2025-12-30,22,154.10975646972656,19476.681640625
26,2025-12-30,23,106.43524169921875,19476.681640625
26,2025-12-31,0,30.550559997558594,9506.583984375
26,2025-12-31,1,0.75727128982543945,9506.583984375
26,2025-12-31,2,0.018844753503799438,9506.583984375
26,2025-12-31,3,0.044549703598022461,9506.583984375
26,2025-12-31,4,1.4250702857971191,9506.583984375
26,2025-12-31,5,69.29156494140625,9506.583984375
26,2025-12-31,6,220.9033203125,9506.583984375
26,2025-12-31,7,358.481689453125,9506.583984375
26,2025-12-31,8,861.14947509765625,9506.583984375
26,2025-12-31,9,514.599853515625,9506.583984375
26,2025-12-31,10,622.58612060546875,9506.583984375
26,2025-12-31,11,651.47509765625,9506.583984375
26,2025-12-31,12,620.3509521484375,9506.583984375
26,2025-12-31,13,723.35693359375,9506.583984375
26,2025-12-31,14,870.52532958984375,9506.583984375
26,2025-12-31,15,745.118896484375,9506.583984375
26,2025-12-31,16,831.8511962890625,9506.583984375
26,2025-12-31,17,836.92633056640625,9506.583984375
26,2025-12-31,18,892.68505859375,9506.583984375
26,2025-12-31,19,788.13092041015625,9506.583984375
26,2025-12-31,20,429.05807495117188,9506.583984375
26,2025-12-31,21,394.5147705078125,9506.583984375
26,2025-12-31,22,156.38090515136719,9506.583984375
26,2025-12-31,23,110.17227935791016,9506.583984375
28,2025-11-01,0,0.078957557678222656,10904.052734375
28,2025-11-01,1,0.030282974243164062,10904.052734375
28,2025-11-01,2,0.016130000352859497,10904.052734375
28,2025-11-01,3,0.011554017663002014,10904.052734375
28,2025-11-01,4,0.091711282730102539,10904.052734375
28,2025-11-01,5,27.645278930664062,10904.052734375
28,2025-11-01,6,81.401298522949219,10904.052734375
28,2025-11-01,7,154.23379516601562,10904.052734375
28,2025-11-01,8,252.57568359375,10904.052734375
28,2025-11-01,9,337.15924072265625,10904.052734375
28,2025-11-01,10,388.70465087890625,10904.052734375
28,2025-11-01,11,391.16067504882812,10904.052734375
28,2025-11-01,12,485.98446655273438,10904.052734375
28,2025-11-01,13,510.04660034179688,10904.052734375
28,2025-11-01,14,541.003662109375,10904.052734375
28,2025-11-01,15,498.11764526367188,10904.052734375
28,2025-11-01,16,452.97802734375,10904.052734375
28,2025-11-01,17,460.70394897460938,10904.052734375
28,2025-11-01,18,379.42575073242188,10904.052734375
28,2025-11-01,19,322.69198608398438,10904.052734375
28,2025-11-01,20,259.05120849609375,10904.052734375
28,2025-11-01,21,250.59320068359375,10904.052734375
28,2025-11-01,22,102.45843505859375,10904.052734375
28,2025-11-01,23,9.4754781723022461,10904.052734375
28,2025-11-02,0,0.11927986145019531,5215.14501953125
28,2025-11-02,1,0.038468062877655029,5215.14501953125
28,2025-11-02,2,0.01724281907081604,5215.14501953125
28,2025-11-02,3,0.010460034012794495,5215.14501953125
28,2025-11-02,4,0.08113408088684082,5215.14501953125
28,2025-11-02,5,22.275135040283203,5215.14501953125
28,2025-11-02,6,68.358062744140625,5215.14501953125
28,2025-11-02,7,109.14657592773438,5215.14501953125
28,2025-11-02,8,185.94500732421875,5215.14501953125
28,2025-11-02,9,261.40267944335938,5215.14501953125
28,2025-11-02,10,303.3031005859375,5215.14501953125
28,2025-11-02,11,313.05752563476562,5215.14501953125
28,2025-11-02,12,394.81964111328125,5215.14501953125
28,2025-11-02,13,408.1898193359375,5215.14501953125
28,2025-11-02,14,457.33859252929688,5215.14501953125
28,2025-11-02,15,424.69107055664062,5215.14501953125
28,2025-11-02,16,400.5848388671875,5215.14501953125
28,2025-11-02,17,410.34115600585938,5215.14501953125
28,2025-11-02,18,334.74542236328125,5215.14501953125
28,2025-11-02,19,288.29745483398438,5215.14501953125
28,2025-11-02,20,241.83253479003906,5215.14501953125
28,2025-11-02,21,221.852783203125,5215.14501953125
28,2025-11-02,22,85.010719299316406,5215.14501953125
28,2025-11-02,23,9.0827522277832031,5215.14501953125
28,2025-11-03,0,0.12200093269348145,4906.802734375
28,2025-11-03,1,0.025728225708007812,4906.802734375
28,2025-11-03,2,0.016212940216064453,4906.802734375
28,2025-11-03,3,0.015215128660202026,4906.802734375
28,2025-11-03,4,1.13014817237854,4906.802734375
28,2025-11-03,5,23.835838317871094,4906.802734375
28,2025-11-03,6,70.155349731445312,4906.802734375
28,2025-11-03,7,126.00161743164062,4906.802734375
28,2025-11-03,8,226.2281494140625,4906.802734375
28,2025-11-03,9,310.38217163085938,4906.802734375
28,2025-11-03,10,317.12054443359375,4906.802734375
28,2025-11-03,11,281.4632568359375,4906.802734375
28,2025-11-03,12,405.37054443359375,4906.802734375
28,2025-11-03,13,382.31869506835938,4906.802734375
28,2025-11-03,14,428.48968505859375,4906.802734375
28,2025-11-03,15,376.129150390625,4906.802734375
28,2025-11-03,16,392.38546752929688,4906.802734375
28,2025-11-03,17,435.37750244140625,4906.802734375
28,2025-11-03,18,333.5130615234375,4906.802734375
28,2025-11-03,19,294.35662841796875,4906.802734375
28,2025-11-03,20,233.55905151367188,4906.802734375
28,2025-11-03,21,225.0670166015625,4906.802734375
28,2025-11-03,22,77.010902404785156,4906.802734375
28,2025-11-03,23,8.4754428863525391,4906.802734375
28,2025-11-04,0,0.11355018615722656,4514.80029296875
28,2025-11-04,1,0.030578851699829102,4514.80029296875
28,2025-11-04,2,0.017744004726409912,4514.80029296875
28,2025-11-04,3,0.015262246131896973,4514.80029296875
28,2025-11-04,4,1.0914652347564697,4514.80029296875
28,2025-11-04,5,23.176914215087891,4514.80029296875
28,2025-11-04,6,66.715118408203125,4514.80029296875
28,2025-11-04,7,132.50820922851562,4514.80029296875
28,2025-11-04,8,233.0203857421875,4514.80029296875
28,2025-11-04,9,318.443359375,4514.80029296875
28,2025-11-04,10,324.27166748046875,4514.80029296875
28,2025-11-04,11,285.09967041015625,4514.80029296875
28,2025-11-04,12,396.65692138671875,4514.80029296875
28,2025-11-04,13,397.83660888671875,4514.80029296875
28,2025-11-04,14,422.81878662109375,4514.80029296875
28,2025-11-04,15,377.14715576171875,4514.80029296875
28,2025-11-04,16,378.47015380859375,4514.80029296875
28,2025-11-04,17,433.10504150390625,4514.80029296875
28,2025-11-04,18,331.1859130859375,4514.80029296875
28,2025-11-04,19,298.24295043945312,4514.80029296875
28,2025-11-04,20,237.656982421875,4514.80029296875
28,2025-11-04,21,232.2900390625,4514.80029296875
28,2025-11-04,22,85.873336791992188,4514.80029296875
28,2025-11-04,23,8.4644365310668945,4514.80029296875
28,2025-11-05,0,0.11995577812194824,10515.224609375
28,2025-11-05,1,0.026348769664764404,10515.224609375
28,2025-11-05,2,0.016081333160400391,10515.224609375
28,2025-11-05,3,0.0088055729866027832,10515.224609375
28,2025-11-05,4,0.46030616760253906,10515.224609375
28,2025-11-05,5,76.740310668945312,10515.224609375
28,2025-11-05,6,254.23921203613281,10515.224609375
28,2025-11-05,7,752.38580322265625,10515.224609375
28,2025-11-05,8,1172.8587646484375,10515.224609375
28,2025-11-05,9,767.4376220703125,10515.224609375
28,2025-11-05,10,559.36669921875,10515.224609375
28,2025-11-05,11,527.2781982421875,10515.224609375
28,2025-11-05,12,662.94146728515625,10515.224609375
28,2025-11-05,13,661.84912109375,10515.224609375
28,2025-11-05,14,591.53570556640625,10515.224609375
28,2025-11-05,15,647.4039306640625,10515.224609375
28,2025-11-05,16,817.8984375,10515.224609375
28,2025-11-05,17,948.2054443359375,10515.224609375
28,2025-11-05,18,920.33172607421875,10515.224609375
28,2025-11-05,19,665.2021484375,10515.224609375
28,2025-11-05,20,462.99746704101562,10515.224609375
28,2025-11-05,21,298.84173583984375,10515.224609375
28,2025-11-05,22,114.82528686523438,10515.224609375
28,2025-11-05,23,8.2753448486328125,10515.224609375
28,2025-11-06,0,0.083100318908691406,10899.35546875
28,2025-11-06,1,0.025228440761566162,10899.35546875
28,2025-11-06,2,0.014423489570617676,10899.35546875
28,2025-11-06,3,0.0096368640661239624,10899.35546875
28,2025-11-06,4,0.42155289649963379,10899.35546875
28,2025-11-06,5,74.218330383300781,10899.35546875
28,2025-11-06,6,252.21759033203125,10899.35546875
28,2025-11-06,7,744.46923828125,10899.35546875
28,2025-11-06,8,1163.226318359375,10899.35546875
28,2025-11-06,9,767.762939453125,10899.35546875
28,2025-11-06,10,566.4656982421875,10899.35546875
28,2025-11-06,11,517.0655517578125,10899.35546875
28,2025-11-06,12,657.252685546875,10899.35546875
28,2025-11-06,13,671.2880859375,10899.35546875
28,2025-11-06,14,609.08563232421875,10899.35546875
28,2025-11-06,15,643.32708740234375,10899.35546875
28,2025-11-06,16,812.01531982421875,10899.35546875
28,2025-11-06,17,951.90008544921875,10899.35546875
28,2025-11-06,18,914.1943359375,10899.35546875
28,2025-11-06,19,652.71392822265625,10899.35546875
28,2025-11-06,20,464.44760131835938,10899.35546875
28,2025-11-06,21,302.10614013671875,10899.35546875
28,2025-11-06,22,116.69979858398438,10899.35546875
28,2025-11-06,23,8.0697107315063477,10899.35546875
28,2025-11-07,0,0.077196121215820312,10809.90625
28,2025-11-07,1,0.024298369884490967,10809.90625
28,2025-11-07,2,0.011633098125457764,10809.90625
28,2025-11-07,3,0.0067117214202880859,10809.90625
28,2025-11-07,4,1.1590409278869629,10809.90625
28,2025-11-07,5,71.953178405761719,10809.90625
28,2025-11-07,6,247.53033447265625,10809.90625
28,2025-11-07,7,733.41326904296875,10809.90625
28,2025-11-07,8,1140.484375,10809.90625
28,2025-11-07,9,754.4058837890625,10809.90625
28,2025-11-07,10,560.7777099609375,10809.90625
28,2025-11-07,11,520.55889892578125,10809.90625
28,2025-11-07,12,664.52325439453125,10809.90625
28,2025-11-07,13,661.04364013671875,10809.90625
28,2025-11-07,14,617.4498291015625,10809.90625
28,2025-11-07,15,654.8529052734375,10809.90625
28,2025-11-07,16,834.524169921875,10809.90625
28,2025-11-07,17,936.16583251953125,10809.90625
28,2025-11-07,18,840.28070068359375,10809.90625
28,2025-11-07,19,609.8621826171875,10809.90625
28,2025-11-07,20,447.94635009765625,10809.90625
28,2025-11-07,21,297.0328369140625,10809.90625
28,2025-11-07,22,116.34955596923828,10809.90625
28,2025-11-07,23,8.1549386978149414,10809.90625
28,2025-11-08,0,0.089100837707519531,6667.2822265625
28,2025-11-08,1,0.029388964176177979,6667.2822265625
28,2025-11-08,2,0.01148611307144165,6667.2822265625
28,2025-11-08,3,0.010376825928688049,6667.2822265625
28,2025-11-08,4,0.26155376434326172,6667.2822265625
28,2025-11-08,5,36.903823852539062,6667.2822265625
28,2025-11-08,6,104.11933135986328,6667.2822265625
28,2025-11-08,7,236.7166748046875,6667.2822265625
28,2025-11-08,8,389.8387451171875,6667.2822265625
28,2025-11-08,9,420.1060791015625,6667.2822265625
28,2025-11-08,10,435.80978393554688,6667.2822265625
28,2025-11-08,11,448.45944213867188,6667.2822265625
28,2025-11-08,12,547.437255859375,6667.2822265625
28,2025-11-08,13,547.83099365234375,6667.2822265625
28,2025-11-08,14,555.614501953125,6667.2822265625
28,2025-11-08,15,567.73321533203125,6667.2822265625
28,2025-11-08,16,542.771484375,6667.2822265625
28,2025-11-08,17,578.089599609375,6667.2822265625
28,2025-11-08,18,529.7713623046875,6667.2822265625
28,2025-11-08,19,396.42648315429688,6667.2822265625
28,2025-11-08,20,327.73123168945312,6667.2822265625
28,2025-11-08,21,270.94732666015625,6667.2822265625
28,2025-11-08,22,109.80343627929688,6667.2822265625
28,2025-11-08,23,8.0977993011474609,6667.2822265625
28,2025-11-09,0,0.10378360748291016,5651.92431640625
28,2025-11-09,1,0.03412163257598877,5651.92431640625
28,2025-11-09,2,0.014623850584030151,5651.92431640625
28,2025-11-09,3,0.011660382151603699,5651.92431640625
28,2025-11-09,4,0.072989106178283691,5651.92431640625
28,2025-11-09,5,29.193374633789062,5651.92431640625
28,2025-11-09,6,83.849205017089844,5651.92431640625
28,2025-11-09,7,159.80755615234375,5651.92431640625
28,2025-11-09,8,279.31494140625,5651.92431640625
28,2025-11-09,9,327.8677978515625,5651.92431640625
28,2025-11-09,10,340.94815063476562,5651.92431640625
28,2025-11-09,11,389.95639038085938,5651.92431640625
28,2025-11-09,12,451.7392578125,5651.92431640625
28,2025-11-09,13,488.41067504882812,5651.92431640625
28,2025-11-09,14,497.87118530273438,5651.92431640625
28,2025-11-09,15,519.569580078125,5651.92431640625
28,2025-11-09,16,470.1903076171875,5651.92431640625
28,2025-11-09,17,494.92608642578125,5651.92431640625
28,2025-11-09,18,449.94879150390625,5651.92431640625
28,2025-11-09,19,353.6641845703125,5651.92431640625
28,2025-11-09,20,305.31076049804688,5651.92431640625
28,2025-11-09,21,243.31477355957031,5651.92431640625
28,2025-11-09,22,94.336181640625,5651.92431640625
28,2025-11-09,23,7.6113386154174805,5651.92431640625
28,2025-11-10,0,0.09165644645690918,11020.49609375
28,2025-11-10,1,0.039206802845001221,11020.49609375
28,2025-11-10,2,0.015675753355026245,11020.49609375
28,2025-11-10,3,0.0083861202001571655,11020.49609375
28,2025-11-10,4,0.28855741024017334,11020.49609375
28,2025-11-10,5,73.703102111816406,11020.49609375
28,2025-11-10,6,252.62017822265625,11020.49609375
28,2025-11-10,7,737.6275634765625,11020.49609375
28,2025-11-10,8,1169.01611328125,11020.49609375
28,2025-11-10,9,792.8988037109375,11020.49609375
28,2025-11-10,10,591.57330322265625,11020.49609375
28,2025-11-10,11,513.9400634765625,11020.49609375
28,2025-11-10,12,653.8079833984375,11020.49609375
28,2025-11-10,13,657.93096923828125,11020.49609375
28,2025-11-10,14,592.80621337890625,11020.49609375
28,2025-11-10,15,632.2518310546875,11020.49609375
28,2025-11-10,16,825.01593017578125,11020.49609375
28,2025-11-10,17,975.48687744140625,11020.49609375
28,2025-11-10,18,934.85198974609375,11020.49609375
28,2025-11-10,19,671.61029052734375,11020.49609375
28,2025-11-10,20,469.6357421875,11020.49609375
28,2025-11-10,21,292.7164306640625,11020.49609375
28,2025-11-10,22,102.85928344726562,11020.49609375
28,2025-11-10,23,7.8159980773925781,11020.49609375
28,2025-11-11,0,0.11128830909729004,11078.015625
28,2025-11-11,1,0.037162601947784424,11078.015625
28,2025-11-11,2,0.014327079057693481,11078.015625
28,2025-11-11,3,0.010485038161277771,11078.015625
28,2025-11-11,4,1.609067440032959,11078.015625
28,2025-11-11,5,73.539382934570312,11078.015625
28,2025-11-11,6,250.75651550292969,11078.015625
28,2025-11-11,7,754.888427734375,11078.015625
28,2025-11-11,8,1186.219482421875,11078.015625
28,2025-11-11,9,805.24090576171875,11078.015625
28,2025-11-11,10,607.1915283203125,11078.015625
28,2025-11-11,11,532.14410400390625,11078.015625
28,2025-11-11,12,662.49676513671875,11078.015625
28,2025-11-11,13,697.44354248046875,11078.015625
28,2025-11-11,14,610.9959716796875,11078.015625
28,2025-11-11,15,647.90277099609375,11078.015625
28,2025-11-11,16,825.20941162109375,11078.015625
28,2025-11-11,17,976.611083984375,11078.015625
28,2025-11-11,18,925.37591552734375,11078.015625
28,2025-11-11,19,680.02362060546875,11078.015625
28,2025-11-11,20,476.62033081054688,11078.015625
28,2025-11-11,21,304.67169189453125,11078.015625
28,2025-11-11,22,111.06362915039062,11078.015625
28,2025-11-11,23,7.9298696517944336,11078.015625
28,2025-11-12,0,0.11735248565673828,11087.7568359375
28,2025-11-12,1,0.037781596183776855,11087.7568359375
28,2025-11-12,2,0.016838908195495605,11087.7568359375
28,2025-11-12,3,0.01159706711769104,11087.7568359375
28,2025-11-12,4,1.0556058883666992,11087.7568359375
28,2025-11-12,5,75.909111022949219,11087.7568359375
28,2025-11-12,6,251.48165893554688,11087.7568359375
28,2025-11-12,7,741.739501953125,11087.7568359375
28,2025-11-12,8,1180.510498046875,11087.7568359375
28,2025-11-12,9,796.77508544921875,11087.7568359375
28,2025-11-12,10,602.9141845703125,11087.7568359375
28,2025-11-12,11,535.71490478515625,11087.7568359375
28,2025-11-12,12,668.96954345703125,11087.7568359375
28,2025-11-12,13,715.33251953125,11087.7568359375
28,2025-11-12,14,611.978759765625,11087.7568359375
28,2025-11-12,15,670.85064697265625,11087.7568359375
28,2025-11-12,16,841.94622802734375,11087.7568359375
28,2025-11-12,17,980.29205322265625,11087.7568359375
28,2025-11-12,18,926.31610107421875,11087.7568359375
28,2025-11-12,19,684.62774658203125,11087.7568359375
28,2025-11-12,20,474.56378173828125,11087.7568359375
28,2025-11-12,21,308.27734375,11087.7568359375
28,2025-11-12,22,113.97299194335938,11087.7568359375
28,2025-11-12,23,8.5413990020751953,11087.7568359375
28,2025-11-13,0,0.10482168197631836,11213.123046875
28,2025-11-13,1,0.021895408630371094,11213.123046875
28,2025-11-13,2,0.011293172836303711,11213.123046875
28,2025-11-13,3,0.0093646198511123657,11213.123046875
28,2025-11-13,4,0.28180432319641113,11213.123046875
28,2025-11-13,5,74.997207641601562,11213.123046875
28,2025-11-13,6,249.80485534667969,11213.123046875
28,2025-11-13,7,739.2664794921875,11213.123046875
28,2025-11-13,8,1151.5189208984375,11213.123046875
28,2025-11-13,9,789.16937255859375,11213.123046875
28,2025-11-13,10,605.39208984375,11213.123046875
28,2025-11-13,11,526.65704345703125,11213.123046875
28,2025-11-13,12,663.40753173828125,11213.123046875
28,2025-11-13,13,709.432861328125,11213.123046875
28,2025-11-13,14,621.86663818359375,11213.123046875
28,2025-11-13,15,667.58856201171875,11213.123046875
28,2025-11-13,16,836.61810302734375,11213.123046875
28,2025-11-13,17,974.2469482421875,11213.123046875
28,2025-11-13,18,903.936767578125,11213.123046875
28,2025-11-13,19,674.65277099609375,11213.123046875
28,2025-11-13,20,471.54754638671875,11213.123046875
28,2025-11-13,21,306.60791015625,11213.123046875
28,2025-11-13,22,114.140869140625,11213.123046875
28,2025-11-13,23,9.0902853012084961,11213.123046875
28,2025-11-14,0,0.093344449996948242,11194.677734375
28,2025-11-14,1,0.027918636798858643,11194.677734375
28,2025-11-14,2,0.0078116357326507568,11194.677734375
28,2025-11-14,3,0.0080920010805130005,11194.677734375
28,2025-11-14,4,0.27051639556884766,11194.677734375
28,2025-11-14,5,74.482597351074219,11194.677734375
28,2025-11-14,6,247.97335815429688,11194.677734375
28,2025-11-14,7,729.30364990234375,11194.677734375
28,2025-11-14,8,1131.3941650390625,11194.677734375
28,2025-11-14,9,775.01226806640625,11194.677734375
28,2025-11-14,10,601.8052978515625,11194.677734375
28,2025-11-14,11,535.6304931640625,11194.677734375
28,2025-11-14,12,675.323974609375,11194.677734375
28,2025-11-14,13,689.16363525390625,11194.677734375
28,2025-11-14,14,635.32061767578125,11194.677734375
28,2025-11-14,15,679.64251708984375,11194.677734375
28,2025-11-14,16,851.2806396484375,11194.677734375
28,2025-11-14,17,963.98681640625,11194.677734375
28,2025-11-14,18,844.30865478515625,11194.677734375
28,2025-11-14,19,644.1844482421875,11194.677734375
28,2025-11-14,20,447.05426025390625,11194.677734375
28,2025-11-14,21,302.81747436523438,11194.677734375
28,2025-11-14,22,116.01544189453125,11194.677734375
28,2025-11-14,23,9.6255264282226562,11194.677734375
28,2025-11-15,0,0.12200164794921875,6891.869140625
28,2025-11-15,1,0.030010044574737549,6891.869140625
28,2025-11-15,2,0.013021260499954224,6891.869140625
28,2025-11-15,3,0.0094468295574188232,6891.869140625
28,2025-11-15,4,0.45555400848388672,6891.869140625
28,2025-11-15,5,39.471328735351562,6891.869140625
28,2025-11-15,6,104.44568634033203,6891.869140625
28,2025-11-15,7,247.77883911132812,6891.869140625
28,2025-11-15,8,388.04910278320312,6891.869140625
28,2025-11-15,9,449.3912353515625,6891.869140625
28,2025-11-15,10,473.82513427734375,6891.869140625
28,2025-11-15,11,465.16876220703125,6891.869140625
28,2025-11-15,12,563.6903076171875,6891.869140625
28,2025-11-15,13,594.64093017578125,6891.869140625
28,2025-11-15,14,569.97723388671875,6891.869140625
28,2025-11-15,15,592.01617431640625,6891.869140625
28,2025-11-15,16,572.9554443359375,6891.869140625
28,2025-11-15,17,589.55072021484375,6891.869140625
28,2025-11-15,18,515.895751953125,6891.869140625
28,2025-11-15,19,422.60696411132812,6891.869140625
28,2025-11-15,20,316.28140258789062,6891.869140625
28,2025-11-15,21,271.10360717773438,6891.869140625
28,2025-11-15,22,107.03983306884766,6891.869140625
28,2025-11-15,23,9.380763053894043,6891.869140625
28,2025-11-16,0,0.11615204811096191,5815.0576171875
28,2025-11-16,1,0.02376633882522583,5815.0576171875
28,2025-11-16,2,0.00923117995262146,5815.0576171875
28,2025-11-16,3,0.010344654321670532,5815.0576171875
28,2025-11-16,4,0.17646002769470215,5815.0576171875
28,2025-11-16,5,30.209484100341797,5815.0576171875
28,2025-11-16,6,81.153144836425781,5815.0576171875
28,2025-11-16,7,164.42446899414062,5815.0576171875
28,2025-11-16,8,279.41571044921875,5815.0576171875
28,2025-11-16,9,332.78305053710938,5815.0576171875
28,2025-11-16,10,362.83087158203125,5815.0576171875
28,2025-11-16,11,383.014404296875,5815.0576171875
28,2025-11-16,12,437.9539794921875,5815.0576171875
28,2025-11-16,13,528.0592041015625,5815.0576171875
28,2025-11-16,14,496.14694213867188,5815.0576171875
28,2025-11-16,15,510.0279541015625,5815.0576171875
28,2025-11-16,16,478.78231811523438,5815.0576171875
28,2025-11-16,17,498.13092041015625,5815.0576171875
28,2025-11-16,18,447.5966796875,5815.0576171875
28,2025-11-16,19,366.89276123046875,5815.0576171875
28,2025-11-16,20,294.10787963867188,5815.0576171875
28,2025-11-16,21,242.45097351074219,5815.0576171875
28,2025-11-16,22,91.140541076660156,5815.0576171875
28,2025-11-16,23,8.3096523284912109,5815.0576171875
28,2025-11-17,0,0.077278375625610352,11188.0771484375
28,2025-11-17,1,0.033551275730133057,11188.0771484375
28,2025-11-17,2,0.010847806930541992,11188.0771484375
28,2025-11-17,3,0.0051631629467010498,11188.0771484375
28,2025-11-17,4,0.4387052059173584,11188.0771484375
28,2025-11-17,5,77.263847351074219,11188.0771484375
28,2025-11-17,6,252.943115234375,11188.0771484375
28,2025-11-17,7,777.3009033203125,11188.0771484375
28,2025-11-17,8,1235.1956787109375,11188.0771484375
28,2025-11-17,9,830.93023681640625,11188.0771484375
28,2025-11-17,10,618.169189453125,11188.0771484375
28,2025-11-17,11,531.67010498046875,11188.0771484375
28,2025-11-17,12,677.680908203125,11188.0771484375
28,2025-11-17,13,694.10906982421875,11188.0771484375
28,2025-11-17,14,618.78546142578125,11188.0771484375
28,2025-11-17,15,656.680908203125,11188.0771484375
28,2025-11-17,16,868.1199951171875,11188.0771484375
28,2025-11-17,17,1005.7750244140625,11188.0771484375
28,2025-11-17,18,983.67230224609375,11188.0771484375
28,2025-11-17,19,717.193359375,11188.0771484375
28,2025-11-17,20,483.29437255859375,11188.0771484375
28,2025-11-17,21,292.98025512695312,11188.0771484375
28,2025-11-17,22,102.18990325927734,11188.0771484375
28,2025-11-17,23,7.6446084976196289,11188.0771484375
28,2025-11-18,0,0.087988376617431641,11366.78125
28,2025-11-18,1,0.031456172466278076,11366.78125
28,2025-11-18,2,0.0089116394519805908,11366.78125
28,2025-11-18,3,0.0050095468759536743,11366.78125
28,2025-11-18,4,0.71924674510955811,11366.78125
28,2025-11-18,5,76.680999755859375,11366.78125
28,2025-11-18,6,255.23835754394531,11366.78125
28,2025-11-18,7,790.348388671875,11366.78125
28,2025-11-18,8,1262.853271484375,11366.78125
28,2025-11-18,9,836.611328125,11366.78125
28,2025-11-18,10,635.02294921875,11366.78125
28,2025-11-18,11,552.354736328125,11366.78125
28,2025-11-18,12,682.9554443359375,11366.78125
28,2025-11-18,13,716.416259765625,11366.78125
28,2025-11-18,14,640.4127197265625,11366.78125
28,2025-11-18,15,664.24468994140625,11366.78125
28,2025-11-18,16,869.177734375,11366.78125
28,2025-11-18,17,1010.7607421875,11366.78125
28,2025-11-18,18,972.5772705078125,11366.78125
28,2025-11-18,19,720.87567138671875,11366.78125
28,2025-11-18,20,497.66070556640625,11366.78125
28,2025-11-18,21,305.48410034179688,11366.78125
28,2025-11-18,22,113.18082427978516,11366.78125
28,2025-11-18,23,7.782196044921875,11366.78125
28,2025-11-19,0,0.089716434478759766,11396.0380859375
28,2025-11-19,1,0.029998481273651123,11396.0380859375
28,2025-11-19,2,0.007970273494720459,11396.0380859375
28,2025-11-19,3,0.0073676258325576782,11396.0380859375
28,2025-11-19,4,1.6955734491348267,11396.0380859375
28,2025-11-19,5,78.889419555664062,11396.0380859375
28,2025-11-19,6,252.86549377441406,11396.0380859375
28,2025-11-19,7,769.1353759765625,11396.0380859375
28,2025-11-19,8,1246.194091796875,11396.0380859375
28,2025-11-19,9,818.0439453125,11396.0380859375
28,2025-11-19,10,622.46417236328125,11396.0380859375
28,2025-11-19,11,569.95556640625,11396.0380859375
28,2025-11-19,12,687.2352294921875,11396.0380859375
28,2025-11-19,13,716.74298095703125,11396.0380859375
28,2025-11-19,14,651.104248046875,11396.0380859375
28,2025-11-19,15,690.8201904296875,11396.0380859375
28,2025-11-19,16,871.88018798828125,11396.0380859375
28,2025-11-19,17,1012.0338134765625,11396.0380859375
28,2025-11-19,18,975.000244140625,11396.0380859375
28,2025-11-19,19,712.17913818359375,11396.0380859375
28,2025-11-19,20,494.81607055664062,11396.0380859375
28,2025-11-19,21,311.13662719726562,11396.0380859375
28,2025-11-19,22,117.70378875732422,11396.0380859375
28,2025-11-19,23,7.7123270034790039,11396.0380859375
28,2025-11-20,0,0.094304561614990234,11423.7958984375
28,2025-11-20,1,0.022756099700927734,11423.7958984375
28,2025-11-20,2,0.008373260498046875,11423.7958984375
28,2025-11-20,3,0.0077045708894729614,11423.7958984375
28,2025-11-20,4,1.3205872774124146,11423.7958984375
28,2025-11-20,5,77.616729736328125,11423.7958984375
28,2025-11-20,6,252.69978332519531,11423.7958984375
28,2025-11-20,7,771.639404296875,11423.7958984375
28,2025-11-20,8,1217.0072021484375,11423.7958984375
28,2025-11-20,9,817.1812744140625,11423.7958984375
28,2025-11-20,10,618.92413330078125,11423.7958984375
28,2025-11-20,11,555.4766845703125,11423.7958984375
28,2025-11-20,12,683.99200439453125,11423.7958984375
28,2025-11-20,13,712.15972900390625,11423.7958984375
28,2025-11-20,14,654.761962890625,11423.7958984375
28,2025-11-20,15,680.43780517578125,11423.7958984375
28,2025-11-20,16,873.68634033203125,11423.7958984375
28,2025-11-20,17,1008.72216796875,11423.7958984375
28,2025-11-20,18,963.7218017578125,11423.7958984375
28,2025-11-20,19,697.9906005859375,11423.7958984375
28,2025-11-20,20,490.99359130859375,11423.7958984375
28,2025-11-20,21,311.49246215820312,11423.7958984375
28,2025-11-20,22,117.80875396728516,11423.7958984375
28,2025-11-20,23,7.9400787353515625,11423.7958984375
28,2025-11-21,0,0.093791723251342773,11137.0595703125
28,2025-11-21,1,0.025922417640686035,11137.0595703125
28,2025-11-21,2,0.010415405035018921,11137.0595703125
28,2025-11-21,3,0.0066778361797332764,11137.0595703125
28,2025-11-21,4,0.44362711906433105,11137.0595703125
28,2025-11-21,5,74.213897705078125,11137.0595703125
28,2025-11-21,6,245.94058227539062,11137.0595703125
28,2025-11-21,7,754.23028564453125,11137.0595703125
28,2025-11-21,8,1155.96728515625,11137.0595703125
28,2025-11-21,9,783.1531982421875,11137.0595703125
28,2025-11-21,10,603.843994140625,11137.0595703125
28,2025-11-21,11,542.43804931640625,11137.0595703125
28,2025-11-21,12,673.66143798828125,11137.0595703125
28,2025-11-21,13,694.752197265625,11137.0595703125
28,2025-11-21,14,655.64666748046875,11137.0595703125
28,2025-11-21,15,685.35858154296875,11137.0595703125
28,2025-11-21,16,888.6083984375,11137.0595703125
28,2025-11-21,17,974.07513427734375,11137.0595703125
28,2025-11-21,18,835.95928955078125,11137.0595703125
28,2025-11-21,19,625.550048828125,11137.0595703125
28,2025-11-21,20,453.59295654296875,11137.0595703125
28,2025-11-21,21,301.7100830078125,11137.0595703125
28,2025-11-21,22,117.80139923095703,11137.0595703125
28,2025-11-21,23,8.1469240188598633,11137.0595703125
28,2025-11-22,0,0.075758934020996094,6986.103515625
28,2025-11-22,1,0.02750164270401001,6986.103515625
28,2025-11-22,2,0.010655045509338379,6986.103515625
28,2025-11-22,3,0.0068350285291671753,6986.103515625
28,2025-11-22,4,0.14064884185791016,6986.103515625
28,2025-11-22,5,35.116447448730469,6986.103515625
28,2025-11-22,6,97.538032531738281,6986.103515625
28,2025-11-22,7,216.52999877929688,6986.103515625
28,2025-11-22,8,362.21408081054688,6986.103515625
28,2025-11-22,9,428.67059326171875,6986.103515625
28,2025-11-22,10,466.08120727539062,6986.103515625
28,2025-11-22,11,455.85543823242188,6986.103515625
28,2025-11-22,12,542.8748779296875,6986.103515625
28,2025-11-22,13,581.86151123046875,6986.103515625
28,2025-11-22,14,575.1256103515625,6986.103515625
28,2025-11-22,15,558.46234130859375,6986.103515625
28,2025-11-22,16,541.531005859375,6986.103515625
28,2025-11-22,17,568.86712646484375,6986.103515625
28,2025-11-22,18,490.55575561523438,6986.103515625
28,2025-11-22,19,394.9345703125,6986.103515625
28,2025-11-22,20,301.13824462890625,6986.103515625
28,2025-11-22,21,266.80902099609375,6986.103515625
28,2025-11-22,22,108.71753692626953,6986.103515625
28,2025-11-22,23,8.1603775024414062,6986.103515625
28,2025-11-23,0,0.082148551940917969,5971.7900390625
28,2025-11-23,1,0.024979710578918457,5971.7900390625
28,2025-11-23,2,0.0073485374450683594,5971.7900390625
28,2025-11-23,3,0.0066451579332351685,5971.7900390625
28,2025-11-23,4,0.77977705001831055,5971.7900390625
28,2025-11-23,5,28.97137451171875,5971.7900390625
28,2025-11-23,6,82.79638671875,5971.7900390625
28,2025-11-23,7,166.08529663085938,5971.7900390625
28,2025-11-23,8,282.6181640625,5971.7900390625
28,2025-11-23,9,342.55105590820312,5971.7900390625
28,2025-11-23,10,370.0689697265625,5971.7900390625
28,2025-11-23,11,398.60736083984375,5971.7900390625
28,2025-11-23,12,448.244873046875,5971.7900390625
28,2025-11-23,13,527.7139892578125,5971.7900390625
28,2025-11-23,14,512.86474609375,5971.7900390625
28,2025-11-23,15,506.52020263671875,5971.7900390625
28,2025-11-23,16,489.27203369140625,5971.7900390625
28,2025-11-23,17,506.96917724609375,5971.7900390625
28,2025-11-23,18,444.836181640625,5971.7900390625
28,2025-11-23,19,361.29510498046875,5971.7900390625
28,2025-11-23,20,286.09307861328125,5971.7900390625
28,2025-11-23,21,240.46231079101562,5971.7900390625
28,2025-11-23,22,93.2940673828125,5971.7900390625
28,2025-11-23,23,8.0538330078125,5971.7900390625
28,2025-11-24,0,0.081951379776000977,11096.3994140625
28,2025-11-24,1,0.028871595859527588,11096.3994140625
28,2025-11-24,2,0.0092573165893554688,11096.3994140625
28,2025-11-24,3,0.0067234635353088379,11096.3994140625
28,2025-11-24,4,1.7579194307327271,11096.3994140625
28,2025-11-24,5,75.930229187011719,11096.3994140625
28,2025-11-24,6,249.37191772460938,11096.3994140625
28,2025-11-24,7,752.85174560546875,11096.3994140625
28,2025-11-24,8,1197.6265869140625,11096.3994140625
28,2025-11-24,9,808.64605712890625,11096.3994140625
28,2025-11-24,10,613.3975830078125,11096.3994140625
28,2025-11-24,11,536.0667724609375,11096.3994140625
28,2025-11-24,12,669.23663330078125,11096.3994140625
28,2025-11-24,13,683.467529296875,11096.3994140625
28,2025-11-24,14,622.853759765625,11096.3994140625
28,2025-11-24,15,653.4049072265625,11096.3994140625
28,2025-11-24,16,852.9901123046875,11096.3994140625
28,2025-11-24,17,992.927490234375,11096.3994140625
28,2025-11-24,18,956.7642822265625,11096.3994140625
28,2025-11-24,19,701.91436767578125,11096.3994140625
28,2025-11-24,20,480.90383911132812,11096.3994140625
28,2025-11-24,21,295.3126220703125,11096.3994140625
28,2025-11-24,22,104.48226928710938,11096.3994140625
28,2025-11-24,23,8.0615882873535156,11096.3994140625
28,2025-11-25,0,0.091691732406616211,11335.6455078125
28,2025-11-25,1,0.031044185161590576,11335.6455078125
28,2025-11-25,2,0.010198295116424561,11335.6455078125
28,2025-11-25,3,0.0071747153997421265,11335.6455078125
28,2025-11-25,4,1.1842973232269287,11335.6455078125
28,2025-11-25,5,76.090812683105469,11335.6455078125
28,2025-11-25,6,254.26361083984375,11335.6455078125
28,2025-11-25,7,777.78973388671875,11335.6455078125
28,2025-11-25,8,1236.913818359375,11335.6455078125
28,2025-11-25,9,825.94580078125,11335.6455078125
28,2025-11-25,10,633.826171875,11335.6455078125
28,2025-11-25,11,555.3206787109375,11335.6455078125
28,2025-11-25,12,680.211669921875,11335.6455078125
28,2025-11-25,13,710.18359375,11335.6455078125
28,2025-11-25,14,643.6903076171875,11335.6455078125
28,2025-11-25,15,665.8131103515625,11335.6455078125
28,2025-11-25,16,856.4154052734375,11335.6455078125
28,2025-11-25,17,1002.8787841796875,11335.6455078125
28,2025-11-25,18,960.1951904296875,11335.6455078125
28,2025-11-25,19,713.32257080078125,11335.6455078125
28,2025-11-25,20,494.34439086914062,11335.6455078125
28,2025-11-25,21,307.842041015625,11335.6455078125
28,2025-11-25,22,114.95726776123047,11335.6455078125
28,2025-11-25,23,8.1846036911010742,11335.6455078125
28,2025-11-26,0,0.083463191986083984,11365.94140625
28,2025-11-26,1,0.022776484489440918,11365.94140625
28,2025-11-26,2,0.010642945766448975,11365.94140625
28,2025-11-26,3,0.0044669061899185181,11365.94140625
28,2025-11-26,4,0.84702950716018677,11365.94140625
28,2025-11-26,5,78.057632446289062,11365.94140625
28,2025-11-26,6,255.02301025390625,11365.94140625
28,2025-11-26,7,771.4649658203125,11365.94140625
28,2025-11-26,8,1233.6982421875,11365.94140625
28,2025-11-26,9,819.30267333984375,11365.94140625
28,2025-11-26,10,622.23114013671875,11365.94140625
28,2025-11-26,11,564.981201171875,11365.94140625
28,2025-11-26,12,683.9219970703125,11365.94140625
28,2025-11-26,13,712.79071044921875,11365.94140625
28,2025-11-26,14,650.1883544921875,11365.94140625
28,2025-11-26,15,686.82733154296875,11365.94140625
28,2025-11-26,16,867.57391357421875,11365.94140625
28,2025-11-26,17,1001.078125,11365.94140625
28,2025-11-26,18,967.23040771484375,11365.94140625
28,2025-11-26,19,712.25701904296875,11365.94140625
28,2025-11-26,20,495.54598999023438,11365.94140625
28,2025-11-26,21,310.3486328125,11365.94140625
28,2025-11-26,22,117.99095153808594,11365.94140625
28,2025-11-26,23,8.2389469146728516,11365.94140625
28,2025-11-27,0,0.10179591178894043,11412.4267578125
28,2025-11-27,1,0.023689806461334229,11412.4267578125
28,2025-11-27,2,0.010684788227081299,11412.4267578125
28,2025-11-27,3,0.0063303560018539429,11412.4267578125
28,2025-11-27,4,1.9050980806350708,11412.4267578125
28,2025-11-27,5,77.977195739746094,11412.4267578125
28,2025-11-27,6,256.12799072265625,11412.4267578125
28,2025-11-27,7,777.53497314453125,11412.4267578125
28,2025-11-27,8,1227.3597412109375,11412.4267578125
28,2025-11-27,9,819.46380615234375,11412.4267578125
28,2025-11-27,10,621.44940185546875,11412.4267578125
28,2025-11-27,11,555.14654541015625,11412.4267578125
28,2025-11-27,12,681.18035888671875,11412.4267578125
28,2025-11-27,13,712.5228271484375,11412.4267578125
28,2025-11-27,14,657.926513671875,11412.4267578125
28,2025-11-27,15,684.85498046875,11412.4267578125
28,2025-11-27,16,871.43939208984375,11412.4267578125
28,2025-11-27,17,1007.30810546875,11412.4267578125
28,2025-11-27,18,961.948974609375,11412.4267578125
28,2025-11-27,19,702.08001708984375,11412.4267578125
28,2025-11-27,20,495.17706298828125,11412.4267578125
28,2025-11-27,21,312.58938598632812,11412.4267578125
28,2025-11-27,22,117.09503936767578,11412.4267578125
28,2025-11-27,23,8.1649208068847656,11412.4267578125
28,2025-11-28,0,0.09543299674987793,11191.72265625
28,2025-11-28,1,0.033384025096893311,11191.72265625
28,2025-11-28,2,0.010259836912155151,11191.72265625
28,2025-11-28,3,0.0080588459968566895,11191.72265625
28,2025-11-28,4,1.7354274988174438,11191.72265625
28,2025-11-28,5,74.543251037597656,11191.72265625
28,2025-11-28,6,249.22846984863281,11191.72265625
28,2025-11-28,7,748.6888427734375,11191.72265625
28,2025-11-28,8,1165.25244140625,11191.72265625
28,2025-11-28,9,789.8431396484375,11191.72265625
28,2025-11-28,10,613.21368408203125,11191.72265625
28,2025-11-28,11,545.88934326171875,11191.72265625
28,2025-11-28,12,676.42852783203125,11191.72265625
28,2025-11-28,13,701.533447265625,11191.72265625
28,2025-11-28,14,664.16748046875,11191.72265625
28,2025-11-28,15,691.3095703125,11191.72265625
28,2025-11-28,16,886.3609619140625,11191.72265625
28,2025-11-28,17,977.81085205078125,11191.72265625
28,2025-11-28,18,840.968505859375,11191.72265625
28,2025-11-28,19,639.99176025390625,11191.72265625
28,2025-11-28,20,463.28524780273438,11191.72265625
28,2025-11-28,21,304.89837646484375,11191.72265625
28,2025-11-28,22,116.94888305664062,11191.72265625
28,2025-11-28,23,8.3397617340087891,11191.72265625
28,2025-11-29,0,0.088641881942749023,7118.70703125
28,2025-11-29,1,0.027610659599304199,7118.70703125
28,2025-11-29,2,0.0056611895561218262,7118.70703125
28,2025-11-29,3,0.007623329758644104,7118.70703125
28,2025-11-29,4,0.26431477069854736,7118.70703125
28,2025-11-29,5,35.643150329589844,7118.70703125
28,2025-11-29,6,99.150222778320312,7118.70703125
28,2025-11-29,7,219.82156372070312,7118.70703125
28,2025-11-29,8,371.59194946289062,7118.70703125
28,2025-11-29,9,443.45416259765625,7118.70703125
28,2025-11-29,10,473.3238525390625,7118.70703125
28,2025-11-29,11,457.29470825195312,7118.70703125
28,2025-11-29,12,549.567626953125,7118.70703125
28,2025-11-29,13,594.49261474609375,7118.70703125
28,2025-11-29,14,581.701171875,7118.70703125
28,2025-11-29,15,567.9482421875,7118.70703125
28,2025-11-29,16,546.90673828125,7118.70703125
28,2025-11-29,17,567.49908447265625,7118.70703125
28,2025-11-29,18,491.97021484375,7118.70703125
28,2025-11-29,19,395.21942138671875,7118.70703125
28,2025-11-29,20,297.54302978515625,7118.70703125
28,2025-11-29,21,267.0552978515625,7118.70703125
28,2025-11-29,22,108.29072570800781,7118.70703125
28,2025-11-29,23,8.2883081436157227,7118.70703125
28,2025-11-30,0,0.088097572326660156,5954.0732421875
28,2025-11-30,1,0.031516373157501221,5954.0732421875
28,2025-11-30,2,0.0066646039485931396,5954.0732421875
28,2025-11-30,3,0.006816476583480835,5954.0732421875
28,2025-11-30,4,0.17997479438781738,5954.0732421875
28,2025-11-30,5,30.002254486083984,5954.0732421875
28,2025-11-30,6,86.392463684082031,5954.0732421875
28,2025-11-30,7,174.80923461914062,5954.0732421875
28,2025-11-30,8,305.56890869140625,5954.0732421875
28,2025-11-30,9,347.355712890625,5954.0732421875
28,2025-11-30,10,371.32196044921875,5954.0732421875
28,2025-11-30,11,392.86233520507812,5954.0732421875
28,2025-11-30,12,448.30267333984375,5954.0732421875
28,2025-11-30,13,526.38525390625,5954.0732421875
28,2025-11-30,14,508.35162353515625,5954.0732421875
28,2025-11-30,15,500.72491455078125,5954.0732421875
28,2025-11-30,16,492.88616943359375,5954.0732421875
28,2025-11-30,17,503.28399658203125,5954.0732421875
28,2025-11-30,18,446.43695068359375,5954.0732421875
28,2025-11-30,19,367.00787353515625,5954.0732421875
28,2025-11-30,20,287.43951416015625,5954.0732421875
28,2025-11-30,21,237.36154174804688,5954.0732421875
28,2025-11-30,22,91.706069946289062,5954.0732421875
28,2025-11-30,23,7.9122152328491211,5954.0732421875
28,2025-12-01,0,0.10362648963928223,11216.052734375
28,2025-12-01,1,0.028071284294128418,11216.052734375
28,2025-12-01,2,0.010466575622558594,11216.052734375
28,2025-12-01,3,0.0076985806226730347,11216.052734375
28,2025-12-01,4,2.0386388301849365,11216.052734375
28,2025-12-01,5,77.242507934570312,11216.052734375
28,2025-12-01,6,253.53242492675781,11216.052734375
28,2025-12-01,7,755.73004150390625,11216.052734375
28,2025-12-01,8,1197.8681640625,11216.052734375
28,2025-12-01,9,814.3345947265625,11216.052734375
28,2025-12-01,10,617.47296142578125,11216.052734375
28,2025-12-01,11,534.221923828125,11216.052734375
28,2025-12-01,12,672.62371826171875,11216.052734375
28,2025-12-01,13,681.21905517578125,11216.052734375
28,2025-12-01,14,619.586181640625,11216.052734375
28,2025-12-01,15,642.6634521484375,11216.052734375
28,2025-12-01,16,839.60479736328125,11216.052734375
28,2025-12-01,17,992.7235107421875,11216.052734375
28,2025-12-01,18,966.501708984375,11216.052734375
28,2025-12-01,19,704.38232421875,11216.052734375
28,2025-12-01,20,485.32138061523438,11216.052734375
28,2025-12-01,21,291.659912109375,11216.052734375
28,2025-12-01,22,102.94863891601562,11216.052734375
28,2025-12-01,23,7.8680229187011719,11216.052734375
28,2025-12-02,0,0.09679102897644043,11344.609375
28,2025-12-02,1,0.032445967197418213,11344.609375
28,2025-12-02,2,0.0094030797481536865,11344.609375
28,2025-12-02,3,0.0096175670623779297,11344.609375
28,2025-12-02,4,2.0758681297302246,11344.609375
28,2025-12-02,5,75.696334838867188,11344.609375
28,2025-12-02,6,256.54061889648438,11344.609375
28,2025-12-02,7,772.67791748046875,11344.609375
28,2025-12-02,8,1229.4208984375,11344.609375
28,2025-12-02,9,826.89990234375,11344.609375
28,2025-12-02,10,635.1295166015625,11344.609375
28,2025-12-02,11,553.5205078125,11344.609375
28,2025-12-02,12,672.62481689453125,11344.609375
28,2025-12-02,13,699.430908203125,11344.609375
28,2025-12-02,14,631.71282958984375,11344.609375
28,2025-12-02,15,647.191650390625,11344.609375
28,2025-12-02,16,832.3499755859375,11344.609375
28,2025-12-02,17,993.86602783203125,11344.609375
28,2025-12-02,18,954.093017578125,11344.609375
28,2025-12-02,19,703.625,11344.609375
28,2025-12-02,20,489.34814453125,11344.609375
28,2025-12-02,21,304.84051513671875,11344.609375
28,2025-12-02,22,115.28949737548828,11344.609375
28,2025-12-02,23,7.5743274688720703,11344.609375
28,2025-12-03,0,0.085827112197875977,11283.92578125
28,2025-12-03,1,0.038351655006408691,11283.92578125
28,2025-12-03,2,0.0099204778671264648,11283.92578125
28,2025-12-03,3,0.0064388513565063477,11283.92578125
28,2025-12-03,4,0.79686492681503296,11283.92578125
28,2025-12-03,5,78.573219299316406,11283.92578125
28,2025-12-03,6,256.3133544921875,11283.92578125
28,2025-12-03,7,747.97906494140625,11283.92578125
28,2025-12-03,8,1201.4403076171875,11283.92578125
28,2025-12-03,9,811.04534912109375,11283.92578125
28,2025-12-03,10,625.04034423828125,11283.92578125
28,2025-12-03,11,564.7142333984375,11283.92578125
28,2025-12-03,12,679.3260498046875,11283.92578125
28,2025-12-03,13,704.3978271484375,11283.92578125
28,2025-12-03,14,646.4302978515625,11283.92578125
28,2025-12-03,15,674.760498046875,11283.92578125
28,2025-12-03,16,851.2784423828125,11283.92578125
28,2025-12-03,17,1003.7761840820312,11283.92578125
28,2025-12-03,18,967.591796875,11283.92578125
28,2025-12-03,19,701.87628173828125,11283.92578125
28,2025-12-03,20,495.70065307617188,11283.92578125
28,2025-12-03,21,310.1502685546875,11283.92578125
28,2025-12-03,22,116.75099945068359,11283.92578125
28,2025-12-03,23,7.3644027709960938,11283.92578125
28,2025-12-04,0,0.088732004165649414,11288.8818359375
28,2025-12-04,1,0.034203290939331055,11288.8818359375
28,2025-12-04,2,0.010009676218032837,11288.8818359375
28,2025-12-04,3,0.0046903938055038452,11288.8818359375
28,2025-12-04,4,0.68618226051330566,11288.8818359375
28,2025-12-04,5,77.886390686035156,11288.8818359375
28,2025-12-04,6,256.00137329101562,11288.8818359375
28,2025-12-04,7,753.0548095703125,11288.8818359375
28,2025-12-04,8,1187.236572265625,11288.8818359375
28,2025-12-04,9,811.95233154296875,11288.8818359375
28,2025-12-04,10,627.12347412109375,11288.8818359375
28,2025-12-04,11,554.068359375,11288.8818359375
28,2025-12-04,12,681.1256103515625,11288.8818359375
28,2025-12-04,13,708.62750244140625,11288.8818359375
28,2025-12-04,14,653.70123291015625,11288.8818359375
28,2025-12-04,15,674.17462158203125,11288.8818359375
28,2025-12-04,16,853.2464599609375,11288.8818359375
28,2025-12-04,17,1007.894287109375,11288.8818359375
28,2025-12-04,18,963.0191650390625,11288.8818359375
28,2025-12-04,19,694.7708740234375,11288.8818359375
28,2025-12-04,20,496.24298095703125,11288.8818359375
28,2025-12-04,21,312.45489501953125,11288.8818359375
28,2025-12-04,22,117.71623229980469,11288.8818359375
28,2025-12-04,23,7.7906780242919922,11288.8818359375
28,2025-12-05,0,0.093309640884399414,11138.33203125
28,2025-12-05,1,0.030745804309844971,11138.33203125
28,2025-12-05,2,0.0083118975162506104,11138.33203125
28,2025-12-05,3,0.0075313597917556763,11138.33203125
28,2025-12-05,4,1.6869840621948242,11138.33203125
28,2025-12-05,5,75.586067199707031,11138.33203125
28,2025-12-05,6,250.0635986328125,11138.33203125
28,2025-12-05,7,735.7186279296875,11138.33203125
28,2025-12-05,8,1144.887939453125,11138.33203125
28,2025-12-05,9,788.6153564453125,11138.33203125
28,2025-12-05,10,619.3753662109375,11138.33203125
28,2025-12-05,11,550.34283447265625,11138.33203125
28,2025-12-05,12,678.7266845703125,11138.33203125
28,2025-12-05,13,702.817626953125,11138.33203125
28,2025-12-05,14,657.64068603515625,11138.33203125
28,2025-12-05,15,687.13360595703125,11138.33203125
28,2025-12-05,16,867.9835205078125,11138.33203125
28,2025-12-05,17,985.06488037109375,11138.33203125
28,2025-12-05,18,857.99908447265625,11138.33203125
28,2025-12-05,19,649.80706787109375,11138.33203125
28,2025-12-05,20,470.2039794921875,11138.33203125
28,2025-12-05,21,307.34967041015625,11138.33203125
28,2025-12-05,22,118.72843170166016,11138.33203125
28,2025-12-05,23,8.1438961029052734,11138.33203125
28,2025-12-06,0,0.10210680961608887,7187.8779296875
28,2025-12-06,1,0.033771097660064697,7187.8779296875
28,2025-12-06,2,0.0094659030437469482,7187.8779296875
28,2025-12-06,3,0.0082249641418457031,7187.8779296875
28,2025-12-06,4,0.9421616792678833,7187.8779296875
28,2025-12-06,5,36.018348693847656,7187.8779296875
28,2025-12-06,6,96.619606018066406,7187.8779296875
28,2025-12-06,7,210.1212158203125,7187.8779296875
28,2025-12-06,8,368.91644287109375,7187.8779296875
28,2025-12-06,9,447.0067138671875,7187.8779296875
28,2025-12-06,10,477.29025268554688,7187.8779296875
28,2025-12-06,11,460.63735961914062,7187.8779296875
28,2025-12-06,12,551.438720703125,7187.8779296875
28,2025-12-06,13,595.09625244140625,7187.8779296875
28,2025-12-06,14,588.14471435546875,7187.8779296875
28,2025-12-06,15,580.3779296875,7187.8779296875
28,2025-12-06,16,550.13031005859375,7187.8779296875
28,2025-12-06,17,581.39007568359375,7187.8779296875
28,2025-12-06,18,504.77264404296875,7187.8779296875
28,2025-12-06,19,401.07540893554688,7187.8779296875
28,2025-12-06,20,306.59478759765625,7187.8779296875
28,2025-12-06,21,270.39248657226562,7187.8779296875
28,2025-12-06,22,109.99822998046875,7187.8779296875
28,2025-12-06,23,8.5930070877075195,7187.8779296875
28,2025-12-07,0,0.10637211799621582,6025.42578125
28,2025-12-07,1,0.03263092041015625,6025.42578125
28,2025-12-07,2,0.012262403964996338,6025.42578125
28,2025-12-07,3,0.0073218494653701782,6025.42578125
28,2025-12-07,4,0.075903058052062988,6025.42578125
28,2025-12-07,5,29.716594696044922,6025.42578125
28,2025-12-07,6,82.647705078125,6025.42578125
28,2025-12-07,7,163.40347290039062,6025.42578125
28,2025-12-07,8,285.092529296875,6025.42578125
28,2025-12-07,9,343.01388549804688,6025.42578125
28,2025-12-07,10,378.91912841796875,6025.42578125
28,2025-12-07,11,401.8797607421875,6025.42578125
28,2025-12-07,12,453.71826171875,6025.42578125
28,2025-12-07,13,534.9854736328125,6025.42578125
28,2025-12-07,14,516.83367919921875,6025.42578125
28,2025-12-07,15,508.98211669921875,6025.42578125
28,2025-12-07,16,485.58578491210938,6025.42578125
28,2025-12-07,17,500.77117919921875,6025.42578125
28,2025-12-07,18,438.48672485351562,6025.42578125
28,2025-12-07,19,358.80816650390625,6025.42578125
28,2025-12-07,20,287.507568359375,6025.42578125
28,2025-12-07,21,243.02615356445312,6025.42578125
28,2025-12-07,22,94.469650268554688,6025.42578125
28,2025-12-07,23,8.2370157241821289,6025.42578125
28,2025-12-08,0,0.076776742935180664,11012.587890625
28,2025-12-08,1,0.030017554759979248,11012.587890625
28,2025-12-08,2,0.01095658540725708,11012.587890625
28,2025-12-08,3,0.0076618939638137817,11012.587890625
28,2025-12-08,4,0.59541058540344238,11012.587890625
28,2025-12-08,5,76.450103759765625,11012.587890625
28,2025-12-08,6,252.38166809082031,11012.587890625
28,2025-12-08,7,737.3739013671875,11012.587890625
28,2025-12-08,8,1187.4718017578125,11012.587890625
28,2025-12-08,9,806.0693359375,11012.587890625
28,2025-12-08,10,617.38470458984375,11012.587890625
28,2025-12-08,11,528.6602783203125,11012.587890625
28,2025-12-08,12,662.1881103515625,11012.587890625
28,2025-12-08,13,672.6422119140625,11012.587890625
28,2025-12-08,14,622.54095458984375,11012.587890625
28,2025-12-08,15,641.08673095703125,11012.587890625
28,2025-12-08,16,829.13824462890625,11012.587890625
28,2025-12-08,17,981.239501953125,11012.587890625
28,2025-12-08,18,960.06488037109375,11012.587890625
28,2025-12-08,19,697.03399658203125,11012.587890625
28,2025-12-08,20,478.42269897460938,11012.587890625
28,2025-12-08,21,289.31906127929688,11012.587890625
28,2025-12-08,22,102.00502777099609,11012.587890625
28,2025-12-08,23,7.8497381210327148,11012.587890625
28,2025-12-09,0,0.079162836074829102,11229.6337890625
28,2025-12-09,1,0.029623448848724365,11229.6337890625
28,2025-12-09,2,0.0082781612873077393,11229.6337890625
28,2025-12-09,3,0.0052462220191955566,11229.6337890625
28,2025-12-09,4,1.805509090423584,11229.6337890625
28,2025-12-09,5,75.59368896484375,11229.6337890625
28,2025-12-09,6,253.20718383789062,11229.6337890625
28,2025-12-09,7,756.55859375,11229.6337890625
28,2025-12-09,8,1215.2362060546875,11229.6337890625
28,2025-12-09,9,818.4456787109375,11229.6337890625
28,2025-12-09,10,635.12322998046875,11229.6337890625
28,2025-12-09,11,551.65966796875,11229.6337890625
28,2025-12-09,12,674.28851318359375,11229.6337890625
28,2025-12-09,13,708.51495361328125,11229.6337890625
28,2025-12-09,14,639.51123046875,11229.6337890625
28,2025-12-09,15,655.46258544921875,11229.6337890625
28,2025-12-09,16,829.62872314453125,11229.6337890625
28,2025-12-09,17,988.9500732421875,11229.6337890625
28,2025-12-09,18,957.5416259765625,11229.6337890625
28,2025-12-09,19,705.3062744140625,11229.6337890625
28,2025-12-09,20,494.83950805664062,11229.6337890625
28,2025-12-09,21,302.02716064453125,11229.6337890625
28,2025-12-09,22,111.55850219726562,11229.6337890625
28,2025-12-09,23,7.9376373291015625,11229.6337890625
28,2025-12-10,0,0.087852239608764648,11279.9140625
28,2025-12-10,1,0.03310924768447876,11279.9140625
28,2025-12-10,2,0.0092749297618865967,11279.9140625
28,2025-12-10,3,0.0077816694974899292,11279.9140625
28,2025-12-10,4,1.4495823383331299,11279.9140625
28,2025-12-10,5,77.774192810058594,11279.9140625
28,2025-12-10,6,253.17300415039062,11279.9140625
28,2025-12-10,7,742.1883544921875,11279.9140625
28,2025-12-10,8,1202.7078857421875,11279.9140625
28,2025-12-10,9,805.4693603515625,11279.9140625
28,2025-12-10,10,620.6060791015625,11279.9140625
28,2025-12-10,11,560.05084228515625,11279.9140625
28,2025-12-10,12,675.32421875,11279.9140625
28,2025-12-10,13,708.82794189453125,11279.9140625
28,2025-12-10,14,642.9808349609375,11279.9140625
28,2025-12-10,15,668.4656982421875,11279.9140625
28,2025-12-10,16,838.79083251953125,11279.9140625
28,2025-12-10,17,994.22503662109375,11279.9140625
28,2025-12-10,18,967.30450439453125,11279.9140625
28,2025-12-10,19,706.887939453125,11279.9140625
28,2025-12-10,20,493.7132568359375,11279.9140625
28,2025-12-10,21,307.68414306640625,11279.9140625
28,2025-12-10,22,115.357666015625,11279.9140625
28,2025-12-10,23,8.0063266754150391,11279.9140625
28,2025-12-11,0,0.097762346267700195,11287.251953125
28,2025-12-11,1,0.033264756202697754,11287.251953125
28,2025-12-11,2,0.011700063943862915,11287.251953125
28,2025-12-11,3,0.008757367730140686,11287.251953125
28,2025-12-11,4,0.32869982719421387,11287.251953125
28,2025-12-11,5,77.291221618652344,11287.251953125
28,2025-12-11,6,253.26681518554688,11287.251953125
28,2025-12-11,7,751.9990234375,11287.251953125
28,2025-12-11,8,1196.7548828125,11287.251953125
28,2025-12-11,9,807.19000244140625,11287.251953125
28,2025-12-11,10,620.5863037109375,11287.251953125
28,2025-12-11,11,553.78289794921875,11287.251953125
28,2025-12-11,12,674.44732666015625,11287.251953125
28,2025-12-11,13,707.83624267578125,11287.251953125
28,2025-12-11,14,655.5322265625,11287.251953125
28,2025-12-11,15,674.16650390625,11287.251953125
28,2025-12-11,16,841.5814208984375,11287.251953125
28,2025-12-11,17,998.7933349609375,11287.251953125
28,2025-12-11,18,962.6107177734375,11287.251953125
28,2025-12-11,19,697.84136962890625,11287.251953125
28,2025-12-11,20,493.9481201171875,11287.251953125
28,2025-12-11,21,310.88400268554688,11287.251953125
28,2025-12-11,22,116.99177551269531,11287.251953125
28,2025-12-11,23,8.168269157409668,11287.251953125
28,2025-12-12,0,0.085778236389160156,11040.9013671875
28,2025-12-12,1,0.034626007080078125,11040.9013671875
28,2025-12-12,2,0.013324230909347534,11040.9013671875
28,2025-12-12,3,0.0064690262079238892,11040.9013671875
28,2025-12-12,4,0.33689284324645996,11040.9013671875
28,2025-12-12,5,74.565895080566406,11040.9013671875
28,2025-12-12,6,245.72834777832031,11040.9013671875
28,2025-12-12,7,726.48486328125,11040.9013671875
28,2025-12-12,8,1137.7471923828125,11040.9013671875
28,2025-12-12,9,775.97967529296875,11040.9013671875
28,2025-12-12,10,609.73138427734375,11040.9013671875
28,2025-12-12,11,548.2237548828125,11040.9013671875
28,2025-12-12,12,668.77435302734375,11040.9013671875
28,2025-12-12,13,698.96405029296875,11040.9013671875
28,2025-12-12,14,655.39471435546875,11040.9013671875
28,2025-12-12,15,677.916748046875,11040.9013671875
28,2025-12-12,16,859.51513671875,11040.9013671875
28,2025-12-12,17,966.2230224609375,11040.9013671875
28,2025-12-12,18,852.54730224609375,11040.9013671875
28,2025-12-12,19,643.9718017578125,11040.9013671875
28,2025-12-12,20,463.13082885742188,11040.9013671875
28,2025-12-12,21,303.27972412109375,11040.9013671875
28,2025-12-12,22,118.08670043945312,11040.9013671875
28,2025-12-12,23,8.205265998840332,11040.9013671875
28,2025-12-13,0,0.096018791198730469,7049.8046875
28,2025-12-13,1,0.033801138401031494,7049.8046875
28,2025-12-13,2,0.013402789831161499,7049.8046875
28,2025-12-13,3,0.0088696032762527466,7049.8046875
28,2025-12-13,4,0.64380097389221191,7049.8046875
28,2025-12-13,5,34.74005126953125,7049.8046875
28,2025-12-13,6,93.177978515625,7049.8046875
28,2025-12-13,7,206.34176635742188,7049.8046875
28,2025-12-13,8,359.05355834960938,7049.8046875
28,2025-12-13,9,425.64813232421875,7049.8046875
28,2025-12-13,10,461.88156127929688,7049.8046875
28,2025-12-13,11,455.07513427734375,7049.8046875
28,2025-12-13,12,544.15509033203125,7049.8046875
28,2025-12-13,13,593.613525390625,7049.8046875
28,2025-12-13,14,582.32379150390625,7049.8046875
28,2025-12-13,15,570.19049072265625,7049.8046875
28,2025-12-13,16,537.80999755859375,7049.8046875
28,2025-12-13,17,566.04833984375,7049.8046875
28,2025-12-13,18,488.42535400390625,7049.8046875
28,2025-12-13,19,391.12457275390625,7049.8046875
28,2025-12-13,20,299.06204223632812,7049.8046875
28,2025-12-13,21,267.3529052734375,7049.8046875
28,2025-12-13,22,109.31475830078125,7049.8046875
28,2025-12-13,23,8.209721565246582,7049.8046875
28,2025-12-14,0,0.091820478439331055,5937.0703125
28,2025-12-14,1,0.033688902854919434,5937.0703125
28,2025-12-14,2,0.013404428958892822,5937.0703125
28,2025-12-14,3,0.010556548833847046,5937.0703125
28,2025-12-14,4,0.27226638793945312,5937.0703125
28,2025-12-14,5,29.535301208496094,5937.0703125
28,2025-12-14,6,82.871238708496094,5937.0703125
28,2025-12-14,7,166.44650268554688,5937.0703125
28,2025-12-14,8,289.062255859375,5937.0703125
28,2025-12-14,9,340.17022705078125,5937.0703125
28,2025-12-14,10,372.22958374023438,5937.0703125
28,2025-12-14,11,400.21389770507812,5937.0703125
28,2025-12-14,12,447.38885498046875,5937.0703125
28,2025-12-14,13,532.42822265625,5937.0703125
28,2025-12-14,14,503.6566162109375,5937.0703125
28,2025-12-14,15,500.44338989257812,5937.0703125
28,2025-12-14,16,477.817138671875,5937.0703125
28,2025-12-14,17,502.2010498046875,5937.0703125
28,2025-12-14,18,441.34701538085938,5937.0703125
28,2025-12-14,19,360.142822265625,5937.0703125
28,2025-12-14,20,285.44207763671875,5937.0703125
28,2025-12-14,21,242.58425903320312,5937.0703125
28,2025-12-14,22,92.944198608398438,5937.0703125
28,2025-12-14,23,7.9503307342529297,5937.0703125
28,2025-12-15,0,0.097243785858154297,11040.095703125
28,2025-12-15,1,0.029851257801055908,11040.095703125
28,2025-12-15,2,0.0080966949462890625,11040.095703125
28,2025-12-15,3,0.008372962474822998,11040.095703125
28,2025-12-15,4,0.40013325214385986,11040.095703125
28,2025-12-15,5,75.537277221679688,11040.095703125
28,2025-12-15,6,250.06526184082031,11040.095703125
28,2025-12-15,7,711.585693359375,11040.095703125
28,2025-12-15,8,1171.2393798828125,11040.095703125
28,2025-12-15,9,798.16546630859375,11040.095703125
28,2025-12-15,10,609.34716796875,11040.095703125
28,2025-12-15,11,526.54498291015625,11040.095703125
28,2025-12-15,12,654.86474609375,11040.095703125
28,2025-12-15,13,673.12567138671875,11040.095703125
28,2025-12-15,14,611.66748046875,11040.095703125
28,2025-12-15,15,633.4791259765625,11040.095703125
28,2025-12-15,16,813.86993408203125,11040.095703125
28,2025-12-15,17,980.89447021484375,11040.095703125
28,2025-12-15,18,960.4417724609375,11040.095703125
28,2025-12-15,19,695.599853515625,11040.095703125
28,2025-12-15,20,477.01251220703125,11040.095703125
28,2025-12-15,21,288.03018188476562,11040.095703125
28,2025-12-15,22,100.31614685058594,11040.095703125
28,2025-12-15,23,7.8205156326293945,11040.095703125
28,2025-12-16,0,0.098341703414916992,11197.95703125
28,2025-12-16,1,0.029186248779296875,11197.95703125
28,2025-12-16,2,0.0085724592208862305,11197.95703125
28,2025-12-16,3,0.0079158097505569458,11197.95703125
28,2025-12-16,4,0.64688324928283691,11197.95703125
28,2025-12-16,5,74.461349487304688,11197.95703125
28,2025-12-16,6,250.86824035644531,11197.95703125
28,2025-12-16,7,736.58642578125,11197.95703125
28,2025-12-16,8,1192.9111328125,11197.95703125
28,2025-12-16,9,810.2921142578125,11197.95703125
28,2025-12-16,10,626.82794189453125,11197.95703125
28,2025-12-16,11,549.8980712890625,11197.95703125
28,2025-12-16,12,662.83160400390625,11197.95703125
28,2025-12-16,13,704.75164794921875,11197.95703125
28,2025-12-16,14,630.87176513671875,11197.95703125
28,2025-12-16,15,647.1044921875,11197.95703125
28,2025-12-16,16,811.90338134765625,11197.95703125
28,2025-12-16,17,984.6370849609375,11197.95703125
28,2025-12-16,18,961.89910888671875,11197.95703125
28,2025-12-16,19,699.941162109375,11197.95703125
28,2025-12-16,20,492.44403076171875,11197.95703125
28,2025-12-16,21,300.73568725585938,11197.95703125
28,2025-12-16,22,112.23089599609375,11197.95703125
28,2025-12-16,23,7.8988561630249023,11197.95703125
28,2025-12-17,0,0.11336612701416016,11199.298828125
28,2025-12-17,1,0.03091132640838623,11199.298828125
28,2025-12-17,2,0.011026144027709961,11199.298828125
28,2025-12-17,3,0.0085839629173278809,11199.298828125
28,2025-12-17,4,1.6029690504074097,11199.298828125
28,2025-12-17,5,78.050559997558594,11199.298828125
28,2025-12-17,6,251.09806823730469,11199.298828125
28,2025-12-17,7,727.3233642578125,11199.298828125
28,2025-12-17,8,1181.297119140625,11199.298828125
28,2025-12-17,9,797.92901611328125,11199.298828125
28,2025-12-17,10,610.52685546875,11199.298828125
28,2025-12-17,11,556.059814453125,11199.298828125
28,2025-12-17,12,667.14068603515625,11199.298828125
28,2025-12-17,13,709.18121337890625,11199.298828125
28,2025-12-17,14,632.3419189453125,11199.298828125
28,2025-12-17,15,662.9239501953125,11199.298828125
28,2025-12-17,16,826.50506591796875,11199.298828125
28,2025-12-17,17,985.4423828125,11199.298828125
28,2025-12-17,18,966.930908203125,11199.298828125
28,2025-12-17,19,699.78570556640625,11199.298828125
28,2025-12-17,20,491.7515869140625,11199.298828125
28,2025-12-17,21,306.9853515625,11199.298828125
28,2025-12-17,22,115.21275329589844,11199.298828125
28,2025-12-17,23,8.1399316787719727,11199.298828125
28,2025-12-18,0,0.096496105194091797,11176.01171875
28,2025-12-18,1,0.027264177799224854,11176.01171875
28,2025-12-18,2,0.0087088942527770996,11176.01171875
28,2025-12-18,3,0.0084856003522872925,11176.01171875
28,2025-12-18,4,1.2273377180099487,11176.01171875
28,2025-12-18,5,76.778427124023438,11176.01171875
28,2025-12-18,6,251.68148803710938,11176.01171875
28,2025-12-18,7,733.06585693359375,11176.01171875
28,2025-12-18,8,1170.57568359375,11176.01171875
28,2025-12-18,9,797.18341064453125,11176.01171875
28,2025-12-18,10,614.0535888671875,11176.01171875
28,2025-12-18,11,543.81072998046875,11176.01171875
28,2025-12-18,12,665.1900634765625,11176.01171875
28,2025-12-18,13,707.9271240234375,11176.01171875
28,2025-12-18,14,643.6219482421875,11176.01171875
28,2025-12-18,15,665.9822998046875,11176.01171875
28,2025-12-18,16,824.87017822265625,11176.01171875
28,2025-12-18,17,988.47222900390625,11176.01171875
28,2025-12-18,18,949.39715576171875,11176.01171875
28,2025-12-18,19,690.73907470703125,11176.01171875
28,2025-12-18,20,490.26397705078125,11176.01171875
28,2025-12-18,21,310.556396484375,11176.01171875
28,2025-12-18,22,116.62514495849609,11176.01171875
28,2025-12-18,23,8.3530950546264648,11176.01171875
28,2025-12-19,0,0.089486360549926758,11063.587890625
28,2025-12-19,1,0.020593881607055664,11063.587890625
28,2025-12-19,2,0.010865867137908936,11063.587890625
28,2025-12-19,3,0.0096887648105621338,11063.587890625
28,2025-12-19,4,0.30327892303466797,11063.587890625
28,2025-12-19,5,74.606254577636719,11063.587890625
28,2025-12-19,6,241.92738342285156,11063.587890625
28,2025-12-19,7,690.35833740234375,11063.587890625
28,2025-12-19,8,1088.7489013671875,11063.587890625
28,2025-12-19,9,759.95050048828125,11063.587890625
28,2025-12-19,10,598.77130126953125,11063.587890625
28,2025-12-19,11,536.218994140625,11063.587890625
28,2025-12-19,12,652.80419921875,11063.587890625
28,2025-12-19,13,688.64178466796875,11063.587890625
28,2025-12-19,14,648.2696533203125,11063.587890625
28,2025-12-19,15,677.8333740234375,11063.587890625
28,2025-12-19,16,834.62432861328125,11063.587890625
28,2025-12-19,17,953.03326416015625,11063.587890625
28,2025-12-19,18,857.893310546875,11063.587890625
28,2025-12-19,19,647.924560546875,11063.587890625
28,2025-12-19,20,460.5791015625,11063.587890625
28,2025-12-19,21,300.90240478515625,11063.587890625
28,2025-12-19,22,113.81400299072266,11063.587890625
28,2025-12-19,23,8.8091440200805664,11063.587890625
28,2025-12-20,0,0.106201171875,7267.5
28,2025-12-20,1,0.025363743305206299,7267.5
28,2025-12-20,2,0.011370629072189331,7267.5
28,2025-12-20,3,0.0052533894777297974,7267.5
28,2025-12-20,4,0.093736529350280762,7267.5
28,2025-12-20,5,35.541957855224609,7267.5
28,2025-12-20,6,96.684074401855469,7267.5
28,2025-12-20,7,230.62835693359375,7267.5
28,2025-12-20,8,372.57656860351562,7267.5
28,2025-12-20,9,420.84246826171875,7267.5
28,2025-12-20,10,462.0186767578125,7267.5
28,2025-12-20,11,460.24154663085938,7267.5
28,2025-12-20,12,542.1826171875,7267.5
28,2025-12-20,13,591.6019287109375,7267.5
28,2025-12-20,14,575.6514892578125,7267.5
28,2025-12-20,15,571.76812744140625,7267.5
28,2025-12-20,16,528.73162841796875,7267.5
28,2025-12-20,17,566.9796142578125,7267.5
28,2025-12-20,18,499.18988037109375,7267.5
28,2025-12-20,19,398.818359375,7267.5
28,2025-12-20,20,302.6451416015625,7267.5
28,2025-12-20,21,266.92416381835938,7267.5
28,2025-12-20,22,108.08506774902344,7267.5
28,2025-12-20,23,9.1805124282836914,7267.5
28,2025-12-21,0,0.11075282096862793,5896.5537109375
28,2025-12-21,1,0.027722477912902832,5896.5537109375
28,2025-12-21,2,0.0091648399829864502,5896.5537109375
28,2025-12-21,3,0.0087004899978637695,5896.5537109375
28,2025-12-21,4,0.32162332534790039,5896.5537109375
28,2025-12-21,5,29.721992492675781,5896.5537109375
28,2025-12-21,6,83.333114624023438,5896.5537109375
28,2025-12-21,7,173.2574462890625,5896.5537109375
28,2025-12-21,8,289.7655029296875,5896.5537109375
28,2025-12-21,9,330.64910888671875,5896.5537109375
28,2025-12-21,10,360.25640869140625,5896.5537109375
28,2025-12-21,11,390.53387451171875,5896.5537109375
28,2025-12-21,12,446.35397338867188,5896.5537109375
28,2025-12-21,13,530.5621337890625,5896.5537109375
28,2025-12-21,14,519.050537109375,5896.5537109375
28,2025-12-21,15,503.401123046875,5896.5537109375
28,2025-12-21,16,472.543212890625,5896.5537109375
28,2025-12-21,17,494.7606201171875,5896.5537109375
28,2025-12-21,18,437.2635498046875,5896.5537109375
28,2025-12-21,19,358.6295166015625,5896.5537109375
28,2025-12-21,20,284.40655517578125,5896.5537109375
28,2025-12-21,21,240.66610717773438,5896.5537109375
28,2025-12-21,22,94.458297729492188,5896.5537109375
28,2025-12-21,23,8.2310752868652344,5896.5537109375
28,2025-12-22,0,0.096120119094848633,10894.7080078125
28,2025-12-22,1,0.03941953182220459,10894.7080078125
28,2025-12-22,2,0.0093295872211456299,10894.7080078125
28,2025-12-22,3,0.009039759635925293,10894.7080078125
28,2025-12-22,4,1.017757773399353,10894.7080078125
28,2025-12-22,5,76.015365600585938,10894.7080078125
28,2025-12-22,6,248.41365051269531,10894.7080078125
28,2025-12-22,7,718.57684326171875,10894.7080078125
28,2025-12-22,8,1130.9622802734375,10894.7080078125
28,2025-12-22,9,790.9873046875,10894.7080078125
28,2025-12-22,10,598.1368408203125,10894.7080078125
28,2025-12-22,11,526.15185546875,10894.7080078125
28,2025-12-22,12,642.87799072265625,10894.7080078125
28,2025-12-22,13,684.96826171875,10894.7080078125
28,2025-12-22,14,609.12725830078125,10894.7080078125
28,2025-12-22,15,648.46734619140625,10894.7080078125
28,2025-12-22,16,813.311767578125,10894.7080078125
28,2025-12-22,17,957.318115234375,10894.7080078125
28,2025-12-22,18,937.300048828125,10894.7080078125
28,2025-12-22,19,687.34906005859375,10894.7080078125
28,2025-12-22,20,474.89453125,10894.7080078125
28,2025-12-22,21,288.1650390625,10894.7080078125
28,2025-12-22,22,100.33161926269531,10894.7080078125
28,2025-12-22,23,7.7229375839233398,10894.7080078125
28,2025-12-23,0,0.095692873001098633,11026.1630859375
28,2025-12-23,1,0.029473662376403809,11026.1630859375
28,2025-12-23,2,0.012846320867538452,11026.1630859375
28,2025-12-23,3,0.0086873918771743774,11026.1630859375
28,2025-12-23,4,0.58697545528411865,11026.1630859375
28,2025-12-23,5,75.97235107421875,11026.1630859375
28,2025-12-23,6,248.24671936035156,11026.1630859375
28,2025-12-23,7,726.8936767578125,11026.1630859375
28,2025-12-23,8,1143.7105712890625,11026.1630859375
28,2025-12-23,9,795.8367919921875,11026.1630859375
28,2025-12-23,10,608.546630859375,11026.1630859375
28,2025-12-23,11,540.81317138671875,11026.1630859375
28,2025-12-23,12,648.2607421875,11026.1630859375
28,2025-12-23,13,703.4049072265625,11026.1630859375
28,2025-12-23,14,625.108642578125,11026.1630859375
28,2025-12-23,15,657.2900390625,11026.1630859375
28,2025-12-23,16,812.371337890625,11026.1630859375
28,2025-12-23,17,960.591064453125,11026.1630859375
28,2025-12-23,18,937.2276611328125,11026.1630859375
28,2025-12-23,19,690.7977294921875,11026.1630859375
28,2025-12-23,20,482.2659912109375,11026.1630859375
28,2025-12-23,21,295.97653198242188,11026.1630859375
28,2025-12-23,22,109.45480346679688,11026.1630859375
28,2025-12-23,23,7.9667625427246094,11026.1630859375
28,2025-12-24,0,0.071104764938354492,11131.677734375
28,2025-12-24,1,0.027770876884460449,11131.677734375
28,2025-12-24,2,0.011769205331802368,11131.677734375
28,2025-12-24,3,0.011031225323677063,11131.677734375
28,2025-12-24,4,0.55418086051940918,11131.677734375
28,2025-12-24,5,76.470237731933594,11131.677734375
28,2025-12-24,6,243.14106750488281,11131.677734375
28,2025-12-24,7,700.7242431640625,11131.677734375
28,2025-12-24,8,1111.845458984375,11131.677734375
28,2025-12-24,9,773.124267578125,11131.677734375
28,2025-12-24,10,589.5960693359375,11131.677734375
28,2025-12-24,11,542.7655029296875,11131.677734375
28,2025-12-24,12,643.19866943359375,11131.677734375
28,2025-12-24,13,694.66986083984375,11131.677734375
28,2025-12-24,14,617.037109375,11131.677734375
28,2025-12-24,15,661.232421875,11131.677734375
28,2025-12-24,16,811.626953125,11131.677734375
28,2025-12-24,17,953.19903564453125,11131.677734375
28,2025-12-24,18,929.6072998046875,11131.677734375
28,2025-12-24,19,682.87030029296875,11131.677734375
28,2025-12-24,20,474.9818115234375,11131.677734375
28,2025-12-24,21,298.140625,11131.677734375
28,2025-12-24,22,113.17089080810547,11131.677734375
28,2025-12-24,23,7.9059896469116211,11131.677734375
28,2025-12-25,0,0.075585126876831055,11044.5595703125
28,2025-12-25,1,0.028070569038391113,11044.5595703125
28,2025-12-25,2,0.0097981095314025879,11044.5595703125
28,2025-12-25,3,0.0061995387077331543,11044.5595703125
28,2025-12-25,4,1.2035386562347412,11044.5595703125
28,2025-12-25,5,75.728225708007812,11044.5595703125
28,2025-12-25,6,243.80621337890625,11044.5595703125
28,2025-12-25,7,708.10595703125,11044.5595703125
28,2025-12-25,8,1110.224609375,11044.5595703125
28,2025-12-25,9,775.29730224609375,11044.5595703125
28,2025-12-25,10,595.09783935546875,11044.5595703125
28,2025-12-25,11,536.876708984375,11044.5595703125
28,2025-12-25,12,642.7620849609375,11044.5595703125
28,2025-12-25,13,692.51519775390625,11044.5595703125
28,2025-12-25,14,621.932373046875,11044.5595703125
28,2025-12-25,15,662.1494140625,11044.5595703125
28,2025-12-25,16,811.9471435546875,11044.5595703125
28,2025-12-25,17,962.26123046875,11044.5595703125
28,2025-12-25,18,928.91375732421875,11044.5595703125
28,2025-12-25,19,679.29925537109375,11044.5595703125
28,2025-12-25,20,476.58950805664062,11044.5595703125
28,2025-12-25,21,301.07290649414062,11044.5595703125
28,2025-12-25,22,114.08488464355469,11044.5595703125
28,2025-12-25,23,8.044921875,11044.5595703125
28,2025-12-26,0,0.090454339981079102,10819.8134765625
28,2025-12-26,1,0.032319188117980957,10819.8134765625
28,2025-12-26,2,0.0089139640331268311,10819.8134765625
28,2025-12-26,3,0.0094256848096847534,10819.8134765625
28,2025-12-26,4,0.91931307315826416,10819.8134765625
28,2025-12-26,5,73.364448547363281,10819.8134765625
28,2025-12-26,6,234.94877624511719,10819.8134765625
28,2025-12-26,7,678.04925537109375,10819.8134765625
28,2025-12-26,8,1047.3104248046875,10819.8134765625
28,2025-12-26,9,742.56756591796875,10819.8134765625
28,2025-12-26,10,587.01123046875,10819.8134765625
28,2025-12-26,11,532.5179443359375,10819.8134765625
28,2025-12-26,12,640.5479736328125,10819.8134765625
28,2025-12-26,13,683.116455078125,10819.8134765625
28,2025-12-26,14,620.996826171875,10819.8134765625
28,2025-12-26,15,662.47955322265625,10819.8134765625
28,2025-12-26,16,816.134033203125,10819.8134765625
28,2025-12-26,17,934.6905517578125,10819.8134765625
28,2025-12-26,18,822.9886474609375,10819.8134765625
28,2025-12-26,19,627.775146484375,10819.8134765625
28,2025-12-26,20,448.63284301757812,10819.8134765625
28,2025-12-26,21,295.73260498046875,10819.8134765625
28,2025-12-26,22,113.94355773925781,10819.8134765625
28,2025-12-26,23,8.2549591064453125,10819.8134765625
28,2025-12-27,0,0.096677303314208984,6607.90771484375
28,2025-12-27,1,0.035781919956207275,6607.90771484375
28,2025-12-27,2,0.0098618865013122559,6607.90771484375
28,2025-12-27,3,0.0095101743936538696,6607.90771484375
28,2025-12-27,4,0.053894400596618652,6607.90771484375
28,2025-12-27,5,37.407360076904297,6607.90771484375
28,2025-12-27,6,99.626808166503906,6607.90771484375
28,2025-12-27,7,240.56088256835938,6607.90771484375
28,2025-12-27,8,379.12252807617188,6607.90771484375
28,2025-12-27,9,435.2314453125,6607.90771484375
28,2025-12-27,10,474.63348388671875,6607.90771484375
28,2025-12-27,11,463.62725830078125,6607.90771484375
28,2025-12-27,12,544.18695068359375,6607.90771484375
28,2025-12-27,13,589.11004638671875,6607.90771484375
28,2025-12-27,14,564.40765380859375,6607.90771484375
28,2025-12-27,15,576.06842041015625,6607.90771484375
28,2025-12-27,16,535.2969970703125,6607.90771484375
28,2025-12-27,17,577.0126953125,6607.90771484375
28,2025-12-27,18,501.3604736328125,6607.90771484375
28,2025-12-27,19,400.3994140625,6607.90771484375
28,2025-12-27,20,305.01461791992188,6607.90771484375
28,2025-12-27,21,264.23406982421875,6607.90771484375
28,2025-12-27,22,109.47714233398438,6607.90771484375
28,2025-12-27,23,8.2235450744628906,6607.90771484375
28,2025-12-28,0,0.10494065284729004,5596.4541015625
28,2025-12-28,1,0.042186856269836426,5596.4541015625
28,2025-12-28,2,0.011771351099014282,5596.4541015625
28,2025-12-28,3,0.0091667473316192627,5596.4541015625
28,2025-12-28,4,0.064870238304138184,5596.4541015625
28,2025-12-28,5,29.188556671142578,5596.4541015625
28,2025-12-28,6,82.127464294433594,5596.4541015625
28,2025-12-28,7,165.9779052734375,5596.4541015625
28,2025-12-28,8,276.83038330078125,5596.4541015625
28,2025-12-28,9,318.6485595703125,5596.4541015625
28,2025-12-28,10,351.99761962890625,5596.4541015625
28,2025-12-28,11,389.61459350585938,5596.4541015625
28,2025-12-28,12,437.14193725585938,5596.4541015625
28,2025-12-28,13,511.97744750976562,5596.4541015625
28,2025-12-28,14,497.18792724609375,5596.4541015625
28,2025-12-28,15,499.777587890625,5596.4541015625
28,2025-12-28,16,456.96246337890625,5596.4541015625
28,2025-12-28,17,476.58563232421875,5596.4541015625
28,2025-12-28,18,423.33258056640625,5596.4541015625
28,2025-12-28,19,344.75625610351562,5596.4541015625
28,2025-12-28,20,280.06585693359375,5596.4541015625
28,2025-12-28,21,239.38731384277344,5596.4541015625
28,2025-12-28,22,94.413192749023438,5596.4541015625
28,2025-12-28,23,8.04132080078125,5596.4541015625
28,2025-12-29,0,0.087317943572998047,11004.986328125
28,2025-12-29,1,0.033353924751281738,11004.986328125
28,2025-12-29,2,0.010469257831573486,11004.986328125
28,2025-12-29,3,0.010865092277526855,11004.986328125
28,2025-12-29,4,1.4001338481903076,11004.986328125
28,2025-12-29,5,76.073074340820312,11004.986328125
28,2025-12-29,6,242.16357421875,11004.986328125
28,2025-12-29,7,715.29791259765625,11004.986328125
28,2025-12-29,8,1096.352294921875,11004.986328125
28,2025-12-29,9,781.2623291015625,11004.986328125
28,2025-12-29,10,584.104248046875,11004.986328125
28,2025-12-29,11,534.799072265625,11004.986328125
28,2025-12-29,12,640.0609130859375,11004.986328125
28,2025-12-29,13,680.01806640625,11004.986328125
28,2025-12-29,14,601.20965576171875,11004.986328125
28,2025-12-29,15,646.5531005859375,11004.986328125
28,2025-12-29,16,808.2520751953125,11004.986328125
28,2025-12-29,17,945.1614990234375,11004.986328125
28,2025-12-29,18,917.177734375,11004.986328125
28,2025-12-29,19,675.982421875,11004.986328125
28,2025-12-29,20,470.23919677734375,11004.986328125
28,2025-12-29,21,289.22628784179688,11004.986328125
28,2025-12-29,22,102.53160095214844,11004.986328125
28,2025-12-29,23,7.8473148345947266,11004.986328125
28,2025-12-30,0,0.088173866271972656,11112.5927734375
28,2025-12-30,1,0.031249642372131348,11112.5927734375
28,2025-12-30,2,0.012704581022262573,11112.5927734375
28,2025-12-30,3,0.0092630982398986816,11112.5927734375
28,2025-12-30,4,1.2357308864593506,11112.5927734375
28,2025-12-30,5,75.742988586425781,11112.5927734375
28,2025-12-30,6,242.66889953613281,11112.5927734375
28,2025-12-30,7,728.57391357421875,11112.5927734375
28,2025-12-30,8,1108.767578125,11112.5927734375
28,2025-12-30,9,781.0250244140625,11112.5927734375
28,2025-12-30,10,596.6597900390625,11112.5927734375
28,2025-12-30,11,544.9835205078125,11112.5927734375
28,2025-12-30,12,639.96453857421875,11112.5927734375
28,2025-12-30,13,688.4140625,11112.5927734375
28,2025-12-30,14,613.99688720703125,11112.5927734375
28,2025-12-30,15,648.22894287109375,11112.5927734375
28,2025-12-30,16,794.2158203125,11112.5927734375
28,2025-12-30,17,931.39111328125,11112.5927734375
28,2025-12-30,18,903.71844482421875,11112.5927734375
28,2025-12-30,19,673.27301025390625,11112.5927734375
28,2025-12-30,20,475.51858520507812,11112.5927734375
28,2025-12-30,21,295.45431518554688,11112.5927734375
28,2025-12-30,22,109.97059631347656,11112.5927734375
28,2025-12-30,23,8.4416913986206055,11112.5927734375
28,2025-12-31,0,0.12037992477416992,5164.8359375
28,2025-12-31,1,0.026630699634552002,5164.8359375
28,2025-12-31,2,0.010349571704864502,5164.8359375
28,2025-12-31,3,0.011657699942588806,5164.8359375
28,2025-12-31,4,0.24727606773376465,5164.8359375
28,2025-12-31,5,33.094280242919922,5164.8359375
28,2025-12-31,6,68.118423461914062,5164.8359375
28,2025-12-31,7,171.77047729492188,5164.8359375
28,2025-12-31,8,306.09002685546875,5164.8359375
28,2025-12-31,9,363.99490356445312,5164.8359375
28,2025-12-31,10,384.71337890625,5164.8359375
28,2025-12-31,11,370.17767333984375,5164.8359375
28,2025-12-31,12,458.34701538085938,5164.8359375
28,2025-12-31,13,509.97467041015625,5164.8359375
28,2025-12-31,14,501.2255859375,5164.8359375
28,2025-12-31,15,448.31454467773438,5164.8359375
28,2025-12-31,16,454.79611206054688,5164.8359375
28,2025-12-31,17,529.7376708984375,5164.8359375
28,2025-12-31,18,442.77435302734375,5164.8359375
28,2025-12-31,19,356.98419189453125,5164.8359375
28,2025-12-31,20,282.318603515625,5164.8359375
28,2025-12-31,21,252.4185791015625,5164.8359375
28,2025-12-31,22,96.35052490234375,5164.8359375
28,2025-12-31,23,8.7277317047119141,5164.8359375
50,2025-11-01,0,40.978271484375,15286.970703125
50,2025-11-01,1,1.1370301246643066,15286.970703125
50,2025-11-01,2,0.010534524917602539,15286.970703125
50,2025-11-01,3,0.010872721672058105,15286.970703125
50,2025-11-01,4,0.077183008193969727,15286.970703125
50,2025-11-01,5,11.993671417236328,15286.970703125
50,2025-11-01,6,18.557098388671875,15286.970703125
50,2025-11-01,7,63.593994140625,15286.970703125
50,2025-11-01,8,90.0623779296875,15286.970703125
50,2025-11-01,9,86.502685546875,15286.970703125
50,2025-11-01,10,20.4290771484375,15286.970703125
50,2025-11-01,11,-142.06494140625,15286.970703125
50,2025-11-01,12,-139.90869140625,15286.970703125
50,2025-11-01,13,-84.425048828125,15286.970703125
50,2025-11-01,14,-35.9404296875,15286.970703125
50,2025-11-01,15,-80.9761962890625,15286.970703125
50,2025-11-01,16,-24.8458251953125,15286.970703125
50,2025-11-01,17,-27.54638671875,15286.970703125
50,2025-11-01,18,-28.4786376953125,15286.970703125
50,2025-11-01,19,-110.4166259765625,15286.970703125
50,2025-11-01,20,-107.90997314453125,15286.970703125
50,2025-11-01,21,-109.8671875,15286.970703125
50,2025-11-01,22,-58.77435302734375,15286.970703125
50,2025-11-01,23,-27.277069091796875,15286.970703125
50,2025-11-02,0,4.6557235717773438,1013.998046875
50,2025-11-02,1,1.2191562652587891,1013.998046875
50,2025-11-02,2,0.015449732542037964,1013.998046875
50,2025-11-02,3,0.015245243906974792,1013.998046875
50,2025-11-02,4,0.055110931396484375,1013.998046875
50,2025-11-02,5,1.1508598327636719,1013.998046875
50,2025-11-02,6,-29.831024169921875,1013.998046875
50,2025-11-02,7,-66.8836669921875,1013.998046875
50,2025-11-02,8,-105.930419921875,1013.998046875
50,2025-11-02,9,-124.9466552734375,1013.998046875
50,2025-11-02,10,-175.593505859375,1013.998046875
50,2025-11-02,11,-286.229736328125,1013.998046875
50,2025-11-02,12,-285.126708984375,1013.998046875
50,2025-11-02,13,-290.5181884765625,1013.998046875
50,2025-11-02,14,-178.8077392578125,1013.998046875
50,2025-11-02,15,-204.258056640625,1013.998046875
50,2025-11-02,16,-284.9921875,1013.998046875
50,2025-11-02,17,-255.2711181640625,1013.998046875
50,2025-11-02,18,-233.0018310546875,1013.998046875
50,2025-11-02,19,-298.954345703125,1013.998046875
50,2025-11-02,20,-198.915771484375,1013.998046875
50,2025-11-02,21,-220.40472412109375,1013.998046875
50,2025-11-02,22,-64.330902099609375,1013.998046875
50,2025-11-02,23,-29.680496215820312,1013.998046875
50,2025-11-03,0,4.7344551086425781,7150.1416015625
50,2025-11-03,1,1.1754434108734131,7150.1416015625
50,2025-11-03,2,0.014220297336578369,7150.1416015625
50,2025-11-03,3,0.013819754123687744,7150.1416015625
50,2025-11-03,4,2.1501953601837158,7150.1416015625
50,2025-11-03,5,56.338279724121094,7150.1416015625
50,2025-11-03,6,77.920135498046875,7150.1416015625
50,2025-11-03,7,234.9400634765625,7150.1416015625
50,2025-11-03,8,944.6962890625,7150.1416015625
50,2025-11-03,9,1104.62841796875,7150.1416015625
50,2025-11-03,10,462.54376220703125,7150.1416015625
50,2025-11-03,11,511.21038818359375,7150.1416015625
50,2025-11-03,12,310.53118896484375,7150.1416015625
50,2025-11-03,13,701.5740966796875,7150.1416015625
50,2025-11-03,14,833.0560302734375,7150.1416015625
50,2025-11-03,15,671.1671142578125,7150.1416015625
50,2025-11-03,16,557.43621826171875,7150.1416015625
50,2025-11-03,17,849.5318603515625,7150.1416015625
50,2025-11-03,18,771.860107421875,7150.1416015625
50,2025-11-03,19,577.224609375,7150.1416015625
50,2025-11-03,20,577.2991943359375,7150.1416015625
50,2025-11-03,21,356.05667114257812,7150.1416015625
50,2025-11-03,22,154.22213745117188,7150.1416015625
50,2025-11-03,23,103.29747009277344,7150.1416015625
50,2025-11-04,0,21.879085540771484,6650.1591796875
50,2025-11-04,1,0.69423127174377441,6650.1591796875
50,2025-11-04,2,0.017875730991363525,6650.1591796875
50,2025-11-04,3,0.014969184994697571,6650.1591796875
50,2025-11-04,4,1.9752854108810425,6650.1591796875
50,2025-11-04,5,61.538005828857422,6650.1591796875
50,2025-11-04,6,142.85769653320312,6650.1591796875
50,2025-11-04,7,323.40234375,6650.1591796875
50,2025-11-04,8,1084.01025390625,6650.1591796875
50,2025-11-04,9,1095.95263671875,6650.1591796875
50,2025-11-04,10,615.90667724609375,6650.1591796875
50,2025-11-04,11,561.4622802734375,6650.1591796875
50,2025-11-04,12,511.95635986328125,6650.1591796875
50,2025-11-04,13,721.1007080078125,6650.1591796875
50,2025-11-04,14,816.4591064453125,6650.1591796875
50,2025-11-04,15,702.42431640625,6650.1591796875
50,2025-11-04,16,485.08209228515625,6650.1591796875
50,2025-11-04,17,1007.11279296875,6650.1591796875
50,2025-11-04,18,852.9537353515625,6650.1591796875
50,2025-11-04,19,792.7669677734375,6650.1591796875
50,2025-11-04,20,639.29364013671875,6650.1591796875
50,2025-11-04,21,408.44097900390625,6650.1591796875
50,2025-11-04,22,134.02725219726562,6650.1591796875
50,2025-11-04,23,134.35855102539062,6650.1591796875
50,2025-11-05,0,24.478919982910156,24895.48828125
50,2025-11-05,1,0.70585894584655762,24895.48828125
50,2025-11-05,2,0.015710771083831787,24895.48828125
50,2025-11-05,3,0.014002040028572083,24895.48828125
50,2025-11-05,4,2.6341302394866943,24895.48828125
50,2025-11-05,5,78.005348205566406,24895.48828125
50,2025-11-05,6,510.53073120117188,24895.48828125
50,2025-11-05,7,1651.782958984375,24895.48828125
50,2025-11-05,8,2714.262939453125,24895.48828125
50,2025-11-05,9,2205.6748046875,24895.48828125
50,2025-11-05,10,1625.391845703125,24895.48828125
50,2025-11-05,11,1483.294921875,24895.48828125
50,2025-11-05,12,1452.3914794921875,24895.48828125
50,2025-11-05,13,1460.243896484375,24895.48828125
50,2025-11-05,14,1431.8131103515625,24895.48828125
50,2025-11-05,15,1601.127685546875,24895.48828125
50,2025-11-05,16,1706.2611083984375,24895.48828125
50,2025-11-05,17,2238.150146484375,24895.48828125
50,2025-11-05,18,2324.8525390625,24895.48828125
50,2025-11-05,19,1420.4111328125,24895.48828125
50,2025-11-05,20,882.0277099609375,24895.48828125
50,2025-11-05,21,607.94775390625,24895.48828125
50,2025-11-05,22,229.59223937988281,24895.48828125
50,2025-11-05,23,155.87548828125,24895.48828125
50,2025-11-06,0,35.936302185058594,25548.21484375
50,2025-11-06,1,0.66460108757019043,25548.21484375
50,2025-11-06,2,0.012415558099746704,25548.21484375
50,2025-11-06,3,0.011726126074790955,25548.21484375
50,2025-11-06,4,2.4415991306304932,25548.21484375
50,2025-11-06,5,78.344345092773438,25548.21484375
50,2025-11-06,6,502.00479125976562,25548.21484375
50,2025-11-06,7,1645.76953125,25548.21484375
50,2025-11-06,8,2692.8291015625,25548.21484375
50,2025-11-06,9,2170.31982421875,25548.21484375
50,2025-11-06,10,1618.13623046875,25548.21484375
50,2025-11-06,11,1479.8125,25548.21484375
50,2025-11-06,12,1435.078857421875,25548.21484375
50,2025-11-06,13,1446.7841796875,25548.21484375
50,2025-11-06,14,1423.3721923828125,25548.21484375
50,2025-11-06,15,1567.791015625,25548.21484375
50,2025-11-06,16,1739.3681640625,25548.21484375
50,2025-11-06,17,2217.864013671875,25548.21484375
50,2025-11-06,18,2332.41162109375,25548.21484375
50,2025-11-06,19,1373.49267578125,25548.21484375
50,2025-11-06,20,908.85565185546875,25548.21484375
50,2025-11-06,21,641.01068115234375,25548.21484375
50,2025-11-06,22,237.73744201660156,25548.21484375
50,2025-11-06,23,155.52616882324219,25548.21484375
50,2025-11-07,0,34.559040069580078,25029.578125
50,2025-11-07,1,0.63441705703735352,25029.578125
50,2025-11-07,2,0.013760656118392944,25029.578125
50,2025-11-07,3,0.010745033621788025,25029.578125
50,2025-11-07,4,2.4978876113891602,25029.578125
50,2025-11-07,5,72.049751281738281,25029.578125
50,2025-11-07,6,495.45660400390625,25029.578125
50,2025-11-07,7,1625.35986328125,25029.578125
50,2025-11-07,8,2675.630615234375,25029.578125
50,2025-11-07,9,2143.4521484375,25029.578125
50,2025-11-07,10,1546.17333984375,25029.578125
50,2025-11-07,11,1476.62158203125,25029.578125
50,2025-11-07,12,1385.7967529296875,25029.578125
50,2025-11-07,13,1449.91748046875,25029.578125
50,2025-11-07,14,1409.5244140625,25029.578125
50,2025-11-07,15,1586.1064453125,25029.578125
50,2025-11-07,16,2008.701416015625,25029.578125
50,2025-11-07,17,2114.94482421875,25029.578125
50,2025-11-07,18,1735.7901611328125,25029.578125
50,2025-11-07,19,1191.2332763671875,25029.578125
50,2025-11-07,20,847.417724609375,25029.578125
50,2025-11-07,21,538.829833984375,25029.578125
50,2025-11-07,22,236.73220825195312,25029.578125
50,2025-11-07,23,152.25111389160156,25029.578125
50,2025-11-08,0,42.363800048828125,2218.08203125
50,2025-11-08,1,0.91871476173400879,2218.08203125
50,2025-11-08,2,0.013251692056655884,2218.08203125
50,2025-11-08,3,0.014254212379455566,2218.08203125
50,2025-11-08,4,0.036873102188110352,2218.08203125
50,2025-11-08,5,11.624408721923828,2218.08203125
50,2025-11-08,6,23.941680908203125,2218.08203125
50,2025-11-08,7,112.1761474609375,2218.08203125
50,2025-11-08,8,185.658203125,2218.08203125
50,2025-11-08,9,154.071533203125,2218.08203125
50,2025-11-08,10,106.298095703125,2218.08203125
50,2025-11-08,11,-92.809814453125,2218.08203125
50,2025-11-08,12,-48.197509765625,2218.08203125
50,2025-11-08,13,-77.1644287109375,2218.08203125
50,2025-11-08,14,-94.8740234375,2218.08203125
50,2025-11-08,15,-49.555419921875,2218.08203125
50,2025-11-08,16,-100.33935546875,2218.08203125
50,2025-11-08,17,41.4283447265625,2218.08203125
50,2025-11-08,18,101.28564453125,2218.08203125
50,2025-11-08,19,-65.67236328125,2218.08203125
50,2025-11-08,20,-96.972900390625,2218.08203125
50,2025-11-08,21,-103.69451904296875,2218.08203125
50,2025-11-08,22,-48.69036865234375,2218.08203125
50,2025-11-08,23,-24.602691650390625,2218.08203125
50,2025-11-09,0,5.3490829467773438,854.060546875
50,2025-11-09,1,0.80971026420593262,854.060546875
50,2025-11-09,2,0.0088548064231872559,854.060546875
50,2025-11-09,3,0.005055844783782959,854.060546875
50,2025-11-09,4,-0.039406061172485352,854.060546875
50,2025-11-09,5,7.4646873474121094,854.060546875
50,2025-11-09,6,1.764678955078125,854.060546875
50,2025-11-09,7,26.2554931640625,854.060546875
50,2025-11-09,8,63.70556640625,854.060546875
50,2025-11-09,9,35.6470947265625,854.060546875
50,2025-11-09,10,16.626953125,854.060546875
50,2025-11-09,11,-146.822998046875,854.060546875
50,2025-11-09,12,-106.7159423828125,854.060546875
50,2025-11-09,13,-140.5692138671875,854.060546875
50,2025-11-09,14,-99.4776611328125,854.060546875
50,2025-11-09,15,-114.8922119140625,854.060546875
50,2025-11-09,16,-101.150146484375,854.060546875
50,2025-11-09,17,-37.5908203125,854.060546875
50,2025-11-09,18,23.5828857421875,854.060546875
50,2025-11-09,19,-106.618408203125,854.060546875
50,2025-11-09,20,-124.55657958984375,854.060546875
50,2025-11-09,21,-92.73577880859375,854.060546875
50,2025-11-09,22,-54.05035400390625,854.060546875
50,2025-11-09,23,-27.031005859375,854.060546875
50,2025-11-10,0,6.4475746154785156,25777.986328125
50,2025-11-10,1,0.62630629539489746,25777.986328125
50,2025-11-10,2,0.013236105442047119,25777.986328125
50,2025-11-10,3,0.0088889896869659424,25777.986328125
50,2025-11-10,4,2.6529879570007324,25777.986328125
50,2025-11-10,5,75.22076416015625,25777.986328125
50,2025-11-10,6,504.49508666992188,25777.986328125
50,2025-11-10,7,1650.98583984375,25777.986328125
50,2025-11-10,8,2716.5146484375,25777.986328125
50,2025-11-10,9,2198.75048828125,25777.986328125
50,2025-11-10,10,1615.532958984375,25777.986328125
50,2025-11-10,11,1479.2763671875,25777.986328125
50,2025-11-10,12,1423.5721435546875,25777.986328125
50,2025-11-10,13,1465.582763671875,25777.986328125
50,2025-11-10,14,1431.78515625,25777.986328125
50,2025-11-10,15,1589.1112060546875,25777.986328125
50,2025-11-10,16,1780.9169921875,25777.986328125
50,2025-11-10,17,2223.547607421875,25777.986328125
50,2025-11-10,18,2374.504150390625,25777.986328125
50,2025-11-10,19,1388.1898193359375,25777.986328125
50,2025-11-10,20,886.905029296875,25777.986328125
50,2025-11-10,21,613.19189453125,25777.986328125
50,2025-11-10,22,224.89328002929688,25777.986328125
50,2025-11-10,23,140.94622802734375,25777.986328125
50,2025-11-11,0,25.597829818725586,26061.083984375
50,2025-11-11,1,0.50553441047668457,26061.083984375
50,2025-11-11,2,0.011119753122329712,26061.083984375
50,2025-11-11,3,0.0097264349460601807,26061.083984375
50,2025-11-11,4,2.5937380790710449,26061.083984375
50,2025-11-11,5,77.726905822753906,26061.083984375
50,2025-11-11,6,523.7559814453125,26061.083984375
50,2025-11-11,7,1671.0816650390625,26061.083984375
50,2025-11-11,8,2736.65576171875,26061.083984375
50,2025-11-11,9,2209.7724609375,26061.083984375
50,2025-11-11,10,1640.819580078125,26061.083984375
50,2025-11-11,11,1492.897216796875,26061.083984375
50,2025-11-11,12,1463.355224609375,26061.083984375
50,2025-11-11,13,1481.5325927734375,26061.083984375
50,2025-11-11,14,1443.888916015625,26061.083984375
50,2025-11-11,15,1597.1837158203125,26061.083984375
50,2025-11-11,16,1759.63916015625,26061.083984375
50,2025-11-11,17,2278.3828125,26061.083984375
50,2025-11-11,18,2399.504638671875,26061.083984375
50,2025-11-11,19,1444.72802734375,26061.083984375
50,2025-11-11,20,924.37310791015625,26061.083984375
50,2025-11-11,21,629.969482421875,26061.083984375
50,2025-11-11,22,236.18438720703125,26061.083984375
50,2025-11-11,23,148.05973815917969,26061.083984375
50,2025-11-12,0,25.446317672729492,25601.931640625
50,2025-11-12,1,0.58472156524658203,25601.931640625
50,2025-11-12,2,0.013878613710403442,25601.931640625
50,2025-11-12,3,0.0090834349393844604,25601.931640625
50,2025-11-12,4,2.6300592422485352,25601.931640625
50,2025-11-12,5,79.045127868652344,25601.931640625
50,2025-11-12,6,526.16473388671875,25601.931640625
50,2025-11-12,7,1680.4052734375,25601.931640625
50,2025-11-12,8,2751.884521484375,25601.931640625
50,2025-11-12,9,2219.07080078125,25601.931640625
50,2025-11-12,10,1649.1298828125,25601.931640625
50,2025-11-12,11,1509.564453125,25601.931640625
50,2025-11-12,12,1473.3193359375,25601.931640625
50,2025-11-12,13,1479.7080078125,25601.931640625
50,2025-11-12,14,1434.15869140625,25601.931640625
50,2025-11-12,15,1547.236328125,25601.931640625
50,2025-11-12,16,1623.982666015625,25601.931640625
50,2025-11-12,17,2290.577392578125,25601.931640625
50,2025-11-12,18,2419.860595703125,25601.931640625
50,2025-11-12,19,1471.0831298828125,25601.931640625
50,2025-11-12,20,936.03564453125,25601.931640625
50,2025-11-12,21,648.6336669921875,25601.931640625
50,2025-11-12,22,266.27877807617188,25601.931640625
50,2025-11-12,23,159.25738525390625,25601.931640625
50,2025-11-13,0,36.140457153320312,26038.15234375
50,2025-11-13,1,0.6048424243927002,26038.15234375
50,2025-11-13,2,0.01305156946182251,26038.15234375
50,2025-11-13,3,0.011311352252960205,26038.15234375
50,2025-11-13,4,2.5239317417144775,26038.15234375
50,2025-11-13,5,77.672897338867188,26038.15234375
50,2025-11-13,6,517.968505859375,26038.15234375
50,2025-11-13,7,1660.5694580078125,26038.15234375
50,2025-11-13,8,2696.32861328125,26038.15234375
50,2025-11-13,9,2164.518798828125,26038.15234375
50,2025-11-13,10,1621.791015625,26038.15234375
50,2025-11-13,11,1489.181396484375,26038.15234375
50,2025-11-13,12,1451.925537109375,26038.15234375
50,2025-11-13,13,1456.1923828125,26038.15234375
50,2025-11-13,14,1396.9189453125,26038.15234375
50,2025-11-13,15,1567.726318359375,26038.15234375
50,2025-11-13,16,1602.0225830078125,26038.15234375
50,2025-11-13,17,2242.697998046875,26038.15234375
50,2025-11-13,18,2378.589111328125,26038.15234375
50,2025-11-13,19,1426.156982421875,26038.15234375
50,2025-11-13,20,974.738037109375,26038.15234375
50,2025-11-13,21,661.41815185546875,26038.15234375
50,2025-11-13,22,273.35543823242188,26038.15234375
50,2025-11-13,23,163.91886901855469,26038.15234375
50,2025-11-14,0,38.484851837158203,25792.390625
50,2025-11-14,1,0.71255683898925781,25792.390625
50,2025-11-14,2,0.013308584690093994,25792.390625
50,2025-11-14,3,0.011405333876609802,25792.390625
50,2025-11-14,4,2.6254260540008545,25792.390625
50,2025-11-14,5,74.051437377929688,25792.390625
50,2025-11-14,6,519.644287109375,25792.390625
50,2025-11-14,7,1637.50732421875,25792.390625
50,2025-11-14,8,2669.9521484375,25792.390625
50,2025-11-14,9,2135.303955078125,25792.390625
50,2025-11-14,10,1562.952392578125,25792.390625
50,2025-11-14,11,1473.9019775390625,25792.390625
50,2025-11-14,12,1424.2738037109375,25792.390625
50,2025-11-14,13,1474.236572265625,25792.390625
50,2025-11-14,14,1424.8505859375,25792.390625
50,2025-11-14,15,1631.174072265625,25792.390625
50,2025-11-14,16,2012.9627685546875,25792.390625
50,2025-11-14,17,2165.895263671875,25792.390625
50,2025-11-14,18,1852.7623291015625,25792.390625
50,2025-11-14,19,1275.208251953125,25792.390625
50,2025-11-14,20,933.1990966796875,25792.390625
50,2025-11-14,21,587.30865478515625,25792.390625
50,2025-11-14,22,273.15859985351562,25792.390625
50,2025-11-14,23,164.12150573730469,25792.390625
50,2025-11-15,0,46.162185668945312,4722.5390625
50,2025-11-15,1,0.86258959770202637,4722.5390625
50,2025-11-15,2,0.0091502368450164795,4722.5390625
50,2025-11-15,3,0.0094154775142669678,4722.5390625
50,2025-11-15,4,0.24601447582244873,4722.5390625
50,2025-11-15,5,22.141269683837891,4722.5390625
50,2025-11-15,6,130.69781494140625,4722.5390625
50,2025-11-15,7,319.5601806640625,4722.5390625
50,2025-11-15,8,501.532958984375,4722.5390625
50,2025-11-15,9,458.281982421875,4722.5390625
50,2025-11-15,10,450.62420654296875,4722.5390625
50,2025-11-15,11,533.38671875,4722.5390625
50,2025-11-15,12,528.944580078125,4722.5390625
50,2025-11-15,13,603.1474609375,4722.5390625
50,2025-11-15,14,601.5689697265625,4722.5390625
50,2025-11-15,15,484.063232421875,4722.5390625
50,2025-11-15,16,591.88818359375,4722.5390625
50,2025-11-15,17,542.64013671875,4722.5390625
50,2025-11-15,18,487.0762939453125,4722.5390625
50,2025-11-15,19,407.2822265625,4722.5390625
50,2025-11-15,20,289.15155029296875,4722.5390625
50,2025-11-15,21,238.35455322265625,4722.5390625
50,2025-11-15,22,140.76687622070312,4722.5390625
50,2025-11-15,23,54.105522155761719,4722.5390625
50,2025-11-16,0,7.3891487121582031,3001.01171875
50,2025-11-16,1,0.87534952163696289,3001.01171875
50,2025-11-16,2,0.0088227391242980957,3001.01171875
50,2025-11-16,3,0.0098086744546890259,3001.01171875
50,2025-11-16,4,0.19235920906066895,3001.01171875
50,2025-11-16,5,13.233760833740234,3001.01171875
50,2025-11-16,6,64.5364990234375,3001.01171875
50,2025-11-16,7,138.456298828125,3001.01171875
50,2025-11-16,8,210.9676513671875,3001.01171875
50,2025-11-16,9,212.906005859375,3001.01171875
50,2025-11-16,10,223.75323486328125,3001.01171875
50,2025-11-16,11,344.07745361328125,3001.01171875
50,2025-11-16,12,391.42437744140625,3001.01171875
50,2025-11-16,13,427.2418212890625,3001.01171875
50,2025-11-16,14,432.61053466796875,3001.01171875
50,2025-11-16,15,291.32232666015625,3001.01171875
50,2025-11-16,16,345.24041748046875,3001.01171875
50,2025-11-16,17,343.75,3001.01171875
50,2025-11-16,18,296.08349609375,3001.01171875
50,2025-11-16,19,254.18682861328125,3001.01171875
50,2025-11-16,20,231.080322265625,3001.01171875
50,2025-11-16,21,184.36569213867188,3001.01171875
50,2025-11-16,22,121.91253662109375,3001.01171875
50,2025-11-16,23,40.671859741210938,3001.01171875
50,2025-11-17,0,9.6987533569335938,26041.345703125
50,2025-11-17,1,0.56812310218811035,26041.345703125
50,2025-11-17,2,0.0068238675594329834,26041.345703125
50,2025-11-17,3,0.0018167644739151001,26041.345703125
50,2025-11-17,4,2.5632200241088867,26041.345703125
50,2025-11-17,5,73.743293762207031,26041.345703125
50,2025-11-17,6,539.732666015625,26041.345703125
50,2025-11-17,7,1730.527099609375,26041.345703125
50,2025-11-17,8,2752.15087890625,26041.345703125
50,2025-11-17,9,2215.6748046875,26041.345703125
50,2025-11-17,10,1645.13330078125,26041.345703125
50,2025-11-17,11,1491.171142578125,26041.345703125
50,2025-11-17,12,1443.3438720703125,26041.345703125
50,2025-11-17,13,1446.986572265625,26041.345703125
50,2025-11-17,14,1409.1434326171875,26041.345703125
50,2025-11-17,15,1577.2080078125,26041.345703125
50,2025-11-17,16,1589.6942138671875,26041.345703125
50,2025-11-17,17,2242.5771484375,26041.345703125
50,2025-11-17,18,2494.542236328125,26041.345703125
50,2025-11-17,19,1466.5947265625,26041.345703125
50,2025-11-17,20,933.33428955078125,26041.345703125
50,2025-11-17,21,608.0196533203125,26041.345703125
50,2025-11-17,22,254.5679931640625,26041.345703125
50,2025-11-17,23,130.01141357421875,26041.345703125
50,2025-11-18,0,25.851760864257812,26312.6875
50,2025-11-18,1,0.4317467212677002,26312.6875
50,2025-11-18,2,0.011063516139984131,26312.6875
50,2025-11-18,3,0.0048181265592575073,26312.6875
50,2025-11-18,4,2.6074793338775635,26312.6875
50,2025-11-18,5,76.790962219238281,26312.6875
50,2025-11-18,6,546.41046142578125,26312.6875
50,2025-11-18,7,1746.98583984375,26312.6875
50,2025-11-18,8,2762.96875,26312.6875
50,2025-11-18,9,2216.038330078125,26312.6875
50,2025-11-18,10,1651.82177734375,26312.6875
50,2025-11-18,11,1505.20458984375,26312.6875
50,2025-11-18,12,1462.21728515625,26312.6875
50,2025-11-18,13,1456.831787109375,26312.6875
50,2025-11-18,14,1425.5625,26312.6875
50,2025-11-18,15,1587.547607421875,26312.6875
50,2025-11-18,16,1620.704345703125,26312.6875
50,2025-11-18,17,2267.449462890625,26312.6875
50,2025-11-18,18,2500.2978515625,26312.6875
50,2025-11-18,19,1485.102294921875,26312.6875
50,2025-11-18,20,954.7445068359375,26312.6875
50,2025-11-18,21,626.18438720703125,26312.6875
50,2025-11-18,22,258.03500366210938,26312.6875
50,2025-11-18,23,137.12203979492188,26312.6875
50,2025-11-19,0,28.61747932434082,25932.359375
50,2025-11-19,1,0.45157098770141602,25932.359375
50,2025-11-19,2,0.011031389236450195,25932.359375
50,2025-11-19,3,0.0070324093103408813,25932.359375
50,2025-11-19,4,2.7054171562194824,25932.359375
50,2025-11-19,5,75.521202087402344,25932.359375
50,2025-11-19,6,528.08624267578125,25932.359375
50,2025-11-19,7,1723.6217041015625,25932.359375
50,2025-11-19,8,2726.681884765625,25932.359375
50,2025-11-19,9,2179.81982421875,25932.359375
50,2025-11-19,10,1631.3599853515625,25932.359375
50,2025-11-19,11,1497.7373046875,25932.359375
50,2025-11-19,12,1452.4776611328125,25932.359375
50,2025-11-19,13,1443.01806640625,25932.359375
50,2025-11-19,14,1419.668701171875,25932.359375
50,2025-11-19,15,1569.4073486328125,25932.359375
50,2025-11-19,16,1673.1326904296875,25932.359375
50,2025-11-19,17,2221.712158203125,25932.359375
50,2025-11-19,18,2444.4794921875,25932.359375
50,2025-11-19,19,1460.35009765625,25932.359375
50,2025-11-19,20,930.954345703125,25932.359375
50,2025-11-19,21,622.12701416015625,25932.359375
50,2025-11-19,22,264.31771850585938,25932.359375
50,2025-11-19,23,143.84202575683594,25932.359375
50,2025-11-20,0,35.435379028320312,25961.02734375
50,2025-11-20,1,0.46537208557128906,25961.02734375
50,2025-11-20,2,0.01499485969543457,25961.02734375
50,2025-11-20,3,0.010604053735733032,25961.02734375
50,2025-11-20,4,2.4607150554656982,25961.02734375
50,2025-11-20,5,74.991416931152344,25961.02734375
50,2025-11-20,6,529.212158203125,25961.02734375
50,2025-11-20,7,1709.7554931640625,25961.02734375
50,2025-11-20,8,2699.34716796875,25961.02734375
50,2025-11-20,9,2143.798828125,25961.02734375
50,2025-11-20,10,1616.685546875,25961.02734375
50,2025-11-20,11,1496.4046630859375,25961.02734375
50,2025-11-20,12,1442.3511962890625,25961.02734375
50,2025-11-20,13,1428.200439453125,25961.02734375
50,2025-11-20,14,1395.665771484375,25961.02734375
50,2025-11-20,15,1553.740234375,25961.02734375
50,2025-11-20,16,1676.208740234375,25961.02734375
50,2025-11-20,17,2199.503173828125,25961.02734375
50,2025-11-20,18,2396.70849609375,25961.02734375
50,2025-11-20,19,1420.072998046875,25961.02734375
50,2025-11-20,20,939.3756103515625,25961.02734375
50,2025-11-20,21,637.8621826171875,25961.02734375
50,2025-11-20,22,268.10400390625,25961.02734375
50,2025-11-20,23,154.77149963378906,25961.02734375
50,2025-11-21,0,38.19342041015625,25347.814453125
50,2025-11-21,1,0.55084061622619629,25347.814453125
50,2025-11-21,2,0.015836268663406372,25347.814453125
50,2025-11-21,3,0.011477410793304443,25347.814453125
50,2025-11-21,4,2.5713458061218262,25347.814453125
50,2025-11-21,5,69.476486206054688,25347.814453125
50,2025-11-21,6,518.7896728515625,25347.814453125
50,2025-11-21,7,1629.287353515625,25347.814453125
50,2025-11-21,8,2609.6728515625,25347.814453125
50,2025-11-21,9,2051.673828125,25347.814453125
50,2025-11-21,10,1539.1844482421875,25347.814453125
50,2025-11-21,11,1471.552978515625,25347.814453125
50,2025-11-21,12,1424.941162109375,25347.814453125
50,2025-11-21,13,1409.9739990234375,25347.814453125
50,2025-11-21,14,1382.916259765625,25347.814453125
50,2025-11-21,15,1584.55322265625,25347.814453125
50,2025-11-21,16,1821.617431640625,25347.814453125
50,2025-11-21,17,2041.991943359375,25347.814453125
50,2025-11-21,18,1705.5762939453125,25347.814453125
50,2025-11-21,19,1169.7801513671875,25347.814453125
50,2025-11-21,20,820.778076171875,25347.814453125
50,2025-11-21,21,567.16552734375,25347.814453125
50,2025-11-21,22,261.973876953125,25347.814453125
50,2025-11-21,23,158.08285522460938,25347.814453125
50,2025-11-22,0,44.467178344726562,7196.734375
50,2025-11-22,1,0.80929207801818848,7196.734375
50,2025-11-22,2,0.011872202157974243,7196.734375
50,2025-11-22,3,0.0068537741899490356,7196.734375
50,2025-11-22,4,0.28648638725280762,7196.734375
50,2025-11-22,5,22.558364868164062,7196.734375
50,2025-11-22,6,131.89401245117188,7196.734375
50,2025-11-22,7,321.06292724609375,7196.734375
50,2025-11-22,8,467.5289306640625,7196.734375
50,2025-11-22,9,495.8968505859375,7196.734375
50,2025-11-22,10,474.9261474609375,7196.734375
50,2025-11-22,11,590.92156982421875,7196.734375
50,2025-11-22,12,656.99688720703125,7196.734375
50,2025-11-22,13,656.29901123046875,7196.734375
50,2025-11-22,14,674.25048828125,7196.734375
50,2025-11-22,15,580.33050537109375,7196.734375
50,2025-11-22,16,615.70257568359375,7196.734375
50,2025-11-22,17,660.984375,7196.734375
50,2025-11-22,18,496.0250244140625,7196.734375
50,2025-11-22,19,481.81890869140625,7196.734375
50,2025-11-22,20,423.10440063476562,7196.734375
50,2025-11-22,21,332.14645385742188,7196.734375
50,2025-11-22,22,206.55839538574219,7196.734375
50,2025-11-22,23,106.84700012207031,7196.734375
50,2025-11-23,0,13.492183685302734,5771.404296875
50,2025-11-23,1,0.66122102737426758,5771.404296875
50,2025-11-23,2,0.01355057954788208,5771.404296875
50,2025-11-23,3,0.0093600153923034668,5771.404296875
50,2025-11-23,4,0.21666812896728516,5771.404296875
50,2025-11-23,5,16.684516906738281,5771.404296875
50,2025-11-23,6,95.33599853515625,5771.404296875
50,2025-11-23,7,202.8629150390625,5771.404296875
50,2025-11-23,8,285.2626953125,5771.404296875
50,2025-11-23,9,329.1065673828125,5771.404296875
50,2025-11-23,10,329.5128173828125,5771.404296875
50,2025-11-23,11,414.4873046875,5771.404296875
50,2025-11-23,12,474.82562255859375,5771.404296875
50,2025-11-23,13,516.9013671875,5771.404296875
50,2025-11-23,14,548.7523193359375,5771.404296875
50,2025-11-23,15,466.81024169921875,5771.404296875
50,2025-11-23,16,494.34295654296875,5771.404296875
50,2025-11-23,17,548.7183837890625,5771.404296875
50,2025-11-23,18,429.0799560546875,5771.404296875
50,2025-11-23,19,390.47821044921875,5771.404296875
50,2025-11-23,20,364.09408569335938,5771.404296875
50,2025-11-23,21,300.60345458984375,5771.404296875
50,2025-11-23,22,196.26786804199219,5771.404296875
50,2025-11-23,23,79.485549926757812,5771.404296875
50,2025-11-24,0,11.139701843261719,25837.484375
50,2025-11-24,1,0.57314920425415039,25837.484375
50,2025-11-24,2,0.012825369834899902,25837.484375
50,2025-11-24,3,0.010149046778678894,25837.484375
50,2025-11-24,4,2.6988027095794678,25837.484375
50,2025-11-24,5,73.659271240234375,25837.484375
50,2025-11-24,6,529.32061767578125,25837.484375
50,2025-11-24,7,1706.5765380859375,25837.484375
50,2025-11-24,8,2702.08056640625,25837.484375
50,2025-11-24,9,2180.275390625,25837.484375
50,2025-11-24,10,1607.0323486328125,25837.484375
50,2025-11-24,11,1478.2041015625,25837.484375
50,2025-11-24,12,1421.844482421875,25837.484375
50,2025-11-24,13,1421.119140625,25837.484375
50,2025-11-24,14,1392.29150390625,25837.484375
50,2025-11-24,15,1565.4144287109375,25837.484375
50,2025-11-24,16,1578.683349609375,25837.484375
50,2025-11-24,17,2189.830810546875,25837.484375
50,2025-11-24,18,2400.77392578125,25837.484375
50,2025-11-24,19,1427.0076904296875,25837.484375
50,2025-11-24,20,920.78662109375,25837.484375
50,2025-11-24,21,596.384521484375,25837.484375
50,2025-11-24,22,253.66297912597656,25837.484375
50,2025-11-24,23,130.01663208007812,25837.484375
50,2025-11-25,0,26.515096664428711,26205.052734375
50,2025-11-25,1,0.39082217216491699,26205.052734375
50,2025-11-25,2,0.010885089635848999,26205.052734375
50,2025-11-25,3,0.0050997436046600342,26205.052734375
50,2025-11-25,4,2.6118783950805664,26205.052734375
50,2025-11-25,5,76.055160522460938,26205.052734375
50,2025-11-25,6,539.5740966796875,26205.052734375
50,2025-11-25,7,1724.6983642578125,26205.052734375
50,2025-11-25,8,2722.53173828125,26205.052734375
50,2025-11-25,9,2184.9072265625,26205.052734375
50,2025-11-25,10,1631.2528076171875,26205.052734375
50,2025-11-25,11,1499.996826171875,26205.052734375
50,2025-11-25,12,1453.990966796875,26205.052734375
50,2025-11-25,13,1448.6029052734375,26205.052734375
50,2025-11-25,14,1417.3001708984375,26205.052734375
50,2025-11-25,15,1579.09423828125,26205.052734375
50,2025-11-25,16,1626.828857421875,26205.052734375
50,2025-11-25,17,2230.4375,26205.052734375
50,2025-11-25,18,2444.621826171875,26205.052734375
50,2025-11-25,19,1456.4896240234375,26205.052734375
50,2025-11-25,20,948.9158935546875,26205.052734375
50,2025-11-25,21,621.41766357421875,26205.052734375
50,2025-11-25,22,260.9718017578125,26205.052734375
50,2025-11-25,23,137.97665405273438,26205.052734375
50,2025-11-26,0,27.463613510131836,25981.1953125
50,2025-11-26,1,0.51964855194091797,25981.1953125
50,2025-11-26,2,0.012563705444335938,25981.1953125
50,2025-11-26,3,0.0072590261697769165,25981.1953125
50,2025-11-26,4,2.6702253818511963,25981.1953125
50,2025-11-26,5,75.685943603515625,25981.1953125
50,2025-11-26,6,531.42108154296875,25981.1953125
50,2025-11-26,7,1713.229736328125,25981.1953125
50,2025-11-26,8,2694.7939453125,25981.1953125
50,2025-11-26,9,2167.079345703125,25981.1953125
50,2025-11-26,10,1619.203369140625,25981.1953125
50,2025-11-26,11,1498.3475341796875,25981.1953125
50,2025-11-26,12,1457.1517333984375,25981.1953125
50,2025-11-26,13,1440.15771484375,25981.1953125
50,2025-11-26,14,1418.1837158203125,25981.1953125
50,2025-11-26,15,1569.8558349609375,25981.1953125
50,2025-11-26,16,1681.330078125,25981.1953125
50,2025-11-26,17,2216.316162109375,25981.1953125
50,2025-11-26,18,2420.142822265625,25981.1953125
50,2025-11-26,19,1456.833251953125,25981.1953125
50,2025-11-26,20,937.91827392578125,25981.1953125
50,2025-11-26,21,627.37451171875,25981.1953125
50,2025-11-26,22,264.26153564453125,25981.1953125
50,2025-11-26,23,145.38522338867188,25981.1953125
50,2025-11-27,0,32.881847381591797,26007.283203125
50,2025-11-27,1,0.54633092880249023,26007.283203125
50,2025-11-27,2,0.012052446603775024,26007.283203125
50,2025-11-27,3,0.006828799843788147,26007.283203125
50,2025-11-27,4,2.5403823852539062,26007.283203125
50,2025-11-27,5,74.958747863769531,26007.283203125
50,2025-11-27,6,530.1678466796875,26007.283203125
50,2025-11-27,7,1712.54736328125,26007.283203125
50,2025-11-27,8,2672.720947265625,26007.283203125
50,2025-11-27,9,2136.062255859375,26007.283203125
50,2025-11-27,10,1615.535888671875,26007.283203125
50,2025-11-27,11,1503.329833984375,26007.283203125
50,2025-11-27,12,1448.94970703125,26007.283203125
50,2025-11-27,13,1425.2652587890625,26007.283203125
50,2025-11-27,14,1396.8087158203125,26007.283203125
50,2025-11-27,15,1562.43505859375,26007.283203125
50,2025-11-27,16,1693.46826171875,26007.283203125
50,2025-11-27,17,2199.30517578125,26007.283203125
50,2025-11-27,18,2386.5009765625,26007.283203125
50,2025-11-27,19,1431.211181640625,26007.283203125
50,2025-11-27,20,946.73663330078125,26007.283203125
50,2025-11-27,21,642.91802978515625,26007.283203125
50,2025-11-27,22,268.10403442382812,26007.283203125
50,2025-11-27,23,153.93721008300781,26007.283203125
50,2025-11-28,0,37.754806518554688,25375.662109375
50,2025-11-28,1,0.61221051216125488,25375.662109375
50,2025-11-28,2,0.014300882816314697,25375.662109375
50,2025-11-28,3,0.0081395506858825684,25375.662109375
50,2025-11-28,4,2.5383176803588867,25375.662109375
50,2025-11-28,5,70.2423095703125,25375.662109375
50,2025-11-28,6,518.2930908203125,25375.662109375
50,2025-11-28,7,1645.90673828125,25375.662109375
50,2025-11-28,8,2597.472900390625,25375.662109375
50,2025-11-28,9,2060.45751953125,25375.662109375
50,2025-11-28,10,1538.145263671875,25375.662109375
50,2025-11-28,11,1470.2794189453125,25375.662109375
50,2025-11-28,12,1428.8165283203125,25375.662109375
50,2025-11-28,13,1411.69580078125,25375.662109375
50,2025-11-28,14,1378.0487060546875,25375.662109375
50,2025-11-28,15,1585.7901611328125,25375.662109375
50,2025-11-28,16,1869.845703125,25375.662109375
50,2025-11-28,17,2033.41455078125,25375.662109375
50,2025-11-28,18,1708.359130859375,25375.662109375
50,2025-11-28,19,1224.1392822265625,25375.662109375
50,2025-11-28,20,860.24871826171875,25375.662109375
50,2025-11-28,21,581.82391357421875,25375.662109375
50,2025-11-28,22,263.2926025390625,25375.662109375
50,2025-11-28,23,159.31729125976562,25375.662109375
50,2025-11-29,0,44.931625366210938,7094.1796875
50,2025-11-29,1,0.81698465347290039,7094.1796875
50,2025-11-29,2,0.014457136392593384,7094.1796875
50,2025-11-29,3,0.010404258966445923,7094.1796875
50,2025-11-29,4,0.28961408138275146,7094.1796875
50,2025-11-29,5,23.441513061523438,7094.1796875
50,2025-11-29,6,141.26821899414062,7094.1796875
50,2025-11-29,7,354.66827392578125,7094.1796875
50,2025-11-29,8,494.8028564453125,7094.1796875
50,2025-11-29,9,528.8260498046875,7094.1796875
50,2025-11-29,10,512.18414306640625,7094.1796875
50,2025-11-29,11,646.1903076171875,7094.1796875
50,2025-11-29,12,714.4649658203125,7094.1796875
50,2025-11-29,13,730.1949462890625,7094.1796875
50,2025-11-29,14,727.181884765625,7094.1796875
50,2025-11-29,15,676.08056640625,7094.1796875
50,2025-11-29,16,696.00860595703125,7094.1796875
50,2025-11-29,17,674.0279541015625,7094.1796875
50,2025-11-29,18,512.0203857421875,7094.1796875
50,2025-11-29,19,515.1624755859375,7094.1796875
50,2025-11-29,20,463.34429931640625,7094.1796875
50,2025-11-29,21,343.57180786132812,7094.1796875
50,2025-11-29,22,206.41488647460938,7094.1796875
50,2025-11-29,23,107.5350341796875,7094.1796875
50,2025-11-30,0,14.206659317016602,5796.71875
50,2025-11-30,1,0.73889422416687012,5796.71875
50,2025-11-30,2,0.013445615768432617,5796.71875
50,2025-11-30,3,0.0072472989559173584,5796.71875
50,2025-11-30,4,0.24413931369781494,5796.71875
50,2025-11-30,5,17.463199615478516,5796.71875
50,2025-11-30,6,112.91510009765625,5796.71875
50,2025-11-30,7,244.3851318359375,5796.71875
50,2025-11-30,8,343.030517578125,5796.71875
50,2025-11-30,9,378.4356689453125,5796.71875
50,2025-11-30,10,357.1240234375,5796.71875
50,2025-11-30,11,470.36883544921875,5796.71875
50,2025-11-30,12,535.46405029296875,5796.71875
50,2025-11-30,13,568.15924072265625,5796.71875
50,2025-11-30,14,615.86767578125,5796.71875
50,2025-11-30,15,546.09356689453125,5796.71875
50,2025-11-30,16,610.29388427734375,5796.71875
50,2025-11-30,17,580.83251953125,5796.71875
50,2025-11-30,18,463.494873046875,5796.71875
50,2025-11-30,19,421.189453125,5796.71875
50,2025-11-30,20,403.47439575195312,5796.71875
50,2025-11-30,21,320.6466064453125,5796.71875
50,2025-11-30,22,199.19448852539062,5796.71875
50,2025-11-30,23,82.730781555175781,5796.71875
50,2025-12-01,0,12.22735595703125,26071.234375
50,2025-12-01,1,0.56440877914428711,26071.234375
50,2025-12-01,2,0.0099565386772155762,26071.234375
50,2025-12-01,3,0.0041721165180206299,26071.234375
50,2025-12-01,4,2.5852565765380859,26071.234375
50,2025-12-01,5,72.282341003417969,26071.234375
50,2025-12-01,6,532.6334228515625,26071.234375
50,2025-12-01,7,1715.7247314453125,26071.234375
50,2025-12-01,8,2691.62548828125,26071.234375
50,2025-12-01,9,2199.3681640625,26071.234375
50,2025-12-01,10,1614.322509765625,26071.234375
50,2025-12-01,11,1483.01513671875,26071.234375
50,2025-12-01,12,1431.0526123046875,26071.234375
50,2025-12-01,13,1423.634033203125,26071.234375
50,2025-12-01,14,1398.84375,26071.234375
50,2025-12-01,15,1570.24365234375,26071.234375
50,2025-12-01,16,1579.425048828125,26071.234375
50,2025-12-01,17,2206.8720703125,26071.234375
50,2025-12-01,18,2424.96533203125,26071.234375
50,2025-12-01,19,1458.9609375,26071.234375
50,2025-12-01,20,932.380126953125,26071.234375
50,2025-12-01,21,595.31109619140625,26071.234375
50,2025-12-01,22,254.46037292480469,26071.234375
50,2025-12-01,23,125.59400177001953,26071.234375
50,2025-12-02,0,28.449047088623047,26255.349609375
50,2025-12-02,1,0.47764039039611816,26255.349609375
50,2025-12-02,2,0.0083163082599639893,26255.349609375
50,2025-12-02,3,0.004808083176612854,26255.349609375
50,2025-12-02,4,2.5613715648651123,26255.349609375
50,2025-12-02,5,75.162178039550781,26255.349609375
50,2025-12-02,6,542.47869873046875,26255.349609375
50,2025-12-02,7,1725.119384765625,26255.349609375
50,2025-12-02,8,2712.080078125,26255.349609375
50,2025-12-02,9,2189.26220703125,26255.349609375
50,2025-12-02,10,1631.6553955078125,26255.349609375
50,2025-12-02,11,1507.2720947265625,26255.349609375
50,2025-12-02,12,1461.157470703125,26255.349609375
50,2025-12-02,13,1445.756103515625,26255.349609375
50,2025-12-02,14,1415.6455078125,26255.349609375
50,2025-12-02,15,1583.3013916015625,26255.349609375
50,2025-12-02,16,1629.9613037109375,26255.349609375
50,2025-12-02,17,2254.59326171875,26255.349609375
50,2025-12-02,18,2464.8798828125,26255.349609375
50,2025-12-02,19,1490.514892578125,26255.349609375
50,2025-12-02,20,948.5018310546875,26255.349609375
50,2025-12-02,21,623.0626220703125,26255.349609375
50,2025-12-02,22,258.90283203125,26255.349609375
50,2025-12-02,23,137.02520751953125,26255.349609375
50,2025-12-03,0,26.599510192871094,25918.716796875
50,2025-12-03,1,0.63339924812316895,25918.716796875
50,2025-12-03,2,0.0095293223857879639,25918.716796875
50,2025-12-03,3,0.0098232924938201904,25918.716796875
50,2025-12-03,4,2.6204986572265625,25918.716796875
50,2025-12-03,5,72.767417907714844,25918.716796875
50,2025-12-03,6,518.3472900390625,25918.716796875
50,2025-12-03,7,1680.72607421875,25918.716796875
50,2025-12-03,8,2658.89697265625,25918.716796875
50,2025-12-03,9,2158.276611328125,25918.716796875
50,2025-12-03,10,1598.9449462890625,25918.716796875
50,2025-12-03,11,1504.5869140625,25918.716796875
50,2025-12-03,12,1455.0211181640625,25918.716796875
50,2025-12-03,13,1415.0439453125,25918.716796875
50,2025-12-03,14,1406.9638671875,25918.716796875
50,2025-12-03,15,1552.312255859375,25918.716796875
50,2025-12-03,16,1658.81396484375,25918.716796875
50,2025-12-03,17,2182.349365234375,25918.716796875
50,2025-12-03,18,2396.283203125,25918.716796875
50,2025-12-03,19,1447.3248291015625,25918.716796875
50,2025-12-03,20,892.7061767578125,25918.716796875
50,2025-12-03,21,608.785888671875,25918.716796875
50,2025-12-03,22,260.1348876953125,25918.716796875
50,2025-12-03,23,133.74786376953125,25918.716796875
50,2025-12-04,0,34.638675689697266,26133.953125
50,2025-12-04,1,0.69500637054443359,26133.953125
50,2025-12-04,2,0.014120727777481079,26133.953125
50,2025-12-04,3,0.011706545948982239,26133.953125
50,2025-12-04,4,2.5457973480224609,26133.953125
50,2025-12-04,5,72.104034423828125,26133.953125
50,2025-12-04,6,516.92315673828125,26133.953125
50,2025-12-04,7,1680.653564453125,26133.953125
50,2025-12-04,8,2646.92578125,26133.953125
50,2025-12-04,9,2147.7392578125,26133.953125
50,2025-12-04,10,1603.365478515625,26133.953125
50,2025-12-04,11,1507.5008544921875,26133.953125
50,2025-12-04,12,1461.7384033203125,26133.953125
50,2025-12-04,13,1407.712646484375,26133.953125
50,2025-12-04,14,1389.715087890625,26133.953125
50,2025-12-04,15,1549.00244140625,26133.953125
50,2025-12-04,16,1698.2841796875,26133.953125
50,2025-12-04,17,2154.222900390625,26133.953125
50,2025-12-04,18,2373.306640625,26133.953125
50,2025-12-04,19,1423.23388671875,26133.953125
50,2025-12-04,20,915.573974609375,26133.953125
50,2025-12-04,21,627.39288330078125,26133.953125
50,2025-12-04,22,265.68368530273438,26133.953125
50,2025-12-04,23,149.21768188476562,26133.953125
50,2025-12-05,0,37.065078735351562,25708.2734375
50,2025-12-05,1,0.83299517631530762,25708.2734375
50,2025-12-05,2,0.014954835176467896,25708.2734375
50,2025-12-05,3,0.011688455939292908,25708.2734375
50,2025-12-05,4,2.6184256076812744,25708.2734375
50,2025-12-05,5,67.287002563476562,25708.2734375
50,2025-12-05,6,507.3984375,25708.2734375
50,2025-12-05,7,1625.4332275390625,25708.2734375
50,2025-12-05,8,2598.80078125,25708.2734375
50,2025-12-05,9,2088.544677734375,25708.2734375
50,2025-12-05,10,1546.9432373046875,25708.2734375
50,2025-12-05,11,1486.553955078125,25708.2734375
50,2025-12-05,12,1464.691650390625,25708.2734375
50,2025-12-05,13,1411.3818359375,25708.2734375
50,2025-12-05,14,1394.98876953125,25708.2734375
50,2025-12-05,15,1599.89599609375,25708.2734375
50,2025-12-05,16,1921.529052734375,25708.2734375
50,2025-12-05,17,2063.43994140625,25708.2734375
50,2025-12-05,18,1702.2664794921875,25708.2734375
50,2025-12-05,19,1187.2205810546875,25708.2734375
50,2025-12-05,20,815.010986328125,25708.2734375
50,2025-12-05,21,570.25860595703125,25708.2734375
50,2025-12-05,22,264.0526123046875,25708.2734375
50,2025-12-05,23,152.87966918945312,25708.2734375
50,2025-12-06,0,48.019363403320312,7936.9541015625
50,2025-12-06,1,1.0744748115539551,7936.9541015625
50,2025-12-06,2,0.018651664257049561,7936.9541015625
50,2025-12-06,3,0.014351308345794678,7936.9541015625
50,2025-12-06,4,0.49085557460784912,7936.9541015625
50,2025-12-06,5,27.451816558837891,7936.9541015625
50,2025-12-06,6,143.43154907226562,7936.9541015625
50,2025-12-06,7,345.1497802734375,7936.9541015625
50,2025-12-06,8,503.190185546875,7936.9541015625
50,2025-12-06,9,545.93377685546875,7936.9541015625
50,2025-12-06,10,530.38525390625,7936.9541015625
50,2025-12-06,11,661.14581298828125,7936.9541015625
50,2025-12-06,12,731.48577880859375,7936.9541015625
50,2025-12-06,13,739.80059814453125,7936.9541015625
50,2025-12-06,14,756.741455078125,7936.9541015625
50,2025-12-06,15,689.02496337890625,7936.9541015625
50,2025-12-06,16,734.28668212890625,7936.9541015625
50,2025-12-06,17,752.01361083984375,7936.9541015625
50,2025-12-06,18,574.8077392578125,7936.9541015625
50,2025-12-06,19,567.88055419921875,7936.9541015625
50,2025-12-06,20,474.88653564453125,7936.9541015625
50,2025-12-06,21,354.2415771484375,7936.9541015625
50,2025-12-06,22,199.68058776855469,7936.9541015625
50,2025-12-06,23,115.98927307128906,7936.9541015625
50,2025-12-07,0,19.081081390380859,6134.6875
50,2025-12-07,1,1.036623477935791,6134.6875
50,2025-12-07,2,0.018187105655670166,6134.6875
50,2025-12-07,3,0.016499936580657959,6134.6875
50,2025-12-07,4,0.35046446323394775,6134.6875
50,2025-12-07,5,18.497394561767578,6134.6875
50,2025-12-07,6,110.05014038085938,6134.6875
50,2025-12-07,7,216.8572998046875,6134.6875
50,2025-12-07,8,330.8343505859375,6134.6875
50,2025-12-07,9,377.7403564453125,6134.6875
50,2025-12-07,10,391.060791015625,6134.6875
50,2025-12-07,11,514.17596435546875,6134.6875
50,2025-12-07,12,602.99090576171875,6134.6875
50,2025-12-07,13,615.7744140625,6134.6875
50,2025-12-07,14,670.96405029296875,6134.6875
50,2025-12-07,15,598.14947509765625,6134.6875
50,2025-12-07,16,649.0234375,6134.6875
50,2025-12-07,17,617.3800048828125,6134.6875
50,2025-12-07,18,491.98046875,6134.6875
50,2025-12-07,19,461.70135498046875,6134.6875
50,2025-12-07,20,420.01473999023438,6134.6875
50,2025-12-07,21,331.15240478515625,6134.6875
50,2025-12-07,22,190.29339599609375,6134.6875
50,2025-12-07,23,94.043350219726562,6134.6875
50,2025-12-08,0,15.735322952270508,26094.89453125
50,2025-12-08,1,1.0344841480255127,26094.89453125
50,2025-12-08,2,0.013889580965042114,26094.89453125
50,2025-12-08,3,0.013852551579475403,26094.89453125
50,2025-12-08,4,2.6746184825897217,26094.89453125
50,2025-12-08,5,70.541099548339844,26094.89453125
50,2025-12-08,6,526.83740234375,26094.89453125
50,2025-12-08,7,1700.29052734375,26094.89453125
50,2025-12-08,8,2685.364990234375,26094.89453125
50,2025-12-08,9,2180.390380859375,26094.89453125
50,2025-12-08,10,1599.741455078125,26094.89453125
50,2025-12-08,11,1509.84765625,26094.89453125
50,2025-12-08,12,1436.357177734375,26094.89453125
50,2025-12-08,13,1425.220703125,26094.89453125
50,2025-12-08,14,1398.8731689453125,26094.89453125
50,2025-12-08,15,1581.4521484375,26094.89453125
50,2025-12-08,16,1598.085205078125,26094.89453125
50,2025-12-08,17,2191.732421875,26094.89453125
50,2025-12-08,18,2432.87109375,26094.89453125
50,2025-12-08,19,1465.73876953125,26094.89453125
50,2025-12-08,20,915.72760009765625,26094.89453125
50,2025-12-08,21,586.482666015625,26094.89453125
50,2025-12-08,22,252.17457580566406,26094.89453125
50,2025-12-08,23,126.36304473876953,26094.89453125
50,2025-12-09,0,27.469272613525391,26310.337890625
50,2025-12-09,1,0.88079595565795898,26310.337890625
50,2025-12-09,2,0.016082137823104858,26310.337890625
50,2025-12-09,3,0.014021962881088257,26310.337890625
50,2025-12-09,4,2.6711137294769287,26310.337890625
50,2025-12-09,5,72.462890625,26310.337890625
50,2025-12-09,6,532.17779541015625,26310.337890625
50,2025-12-09,7,1706.65234375,26310.337890625
50,2025-12-09,8,2702.51123046875,26310.337890625
50,2025-12-09,9,2181.257568359375,26310.337890625
50,2025-12-09,10,1612.659423828125,26310.337890625
50,2025-12-09,11,1506.51708984375,26310.337890625
50,2025-12-09,12,1460.62646484375,26310.337890625
50,2025-12-09,13,1427.2423095703125,26310.337890625
50,2025-12-09,14,1419.935546875,26310.337890625
50,2025-12-09,15,1591.044921875,26310.337890625
50,2025-12-09,16,1607.6121826171875,26310.337890625
50,2025-12-09,17,2208.216552734375,26310.337890625
50,2025-12-09,18,2453.837646484375,26310.337890625
50,2025-12-09,19,1454.838623046875,26310.337890625
50,2025-12-09,20,925.94061279296875,26310.337890625
50,2025-12-09,21,606.46160888671875,26310.337890625
50,2025-12-09,22,255.95454406738281,26310.337890625
50,2025-12-09,23,128.294677734375,26310.337890625
50,2025-12-10,0,28.261280059814453,26307.8125
50,2025-12-10,1,0.98957204818725586,26307.8125
50,2025-12-10,2,0.01573413610458374,26307.8125
50,2025-12-10,3,0.013244062662124634,26307.8125
50,2025-12-10,4,2.6716701984405518,26307.8125
50,2025-12-10,5,73.611076354980469,26307.8125
50,2025-12-10,6,524.17279052734375,26307.8125
50,2025-12-10,7,1697.725830078125,26307.8125
50,2025-12-10,8,2674.1796875,26307.8125
50,2025-12-10,9,2150.548828125,26307.8125
50,2025-12-10,10,1598.323974609375,26307.8125
50,2025-12-10,11,1502.627197265625,26307.8125
50,2025-12-10,12,1453.991943359375,26307.8125
50,2025-12-10,13,1418.863525390625,26307.8125
50,2025-12-10,14,1407.555419921875,26307.8125
50,2025-12-10,15,1559.326171875,26307.8125
50,2025-12-10,16,1657.988525390625,26307.8125
50,2025-12-10,17,2195.3076171875,26307.8125
50,2025-12-10,18,2410.338623046875,26307.8125
50,2025-12-10,19,1452.3741455078125,26307.8125
50,2025-12-10,20,910.37335205078125,26307.8125
50,2025-12-10,21,614.361572265625,26307.8125
50,2025-12-10,22,258.14349365234375,26307.8125
50,2025-12-10,23,135.19245910644531,26307.8125
50,2025-12-11,0,36.338043212890625,26164.3359375
50,2025-12-11,1,0.9629967212677002,26164.3359375
50,2025-12-11,2,0.013982951641082764,26164.3359375
50,2025-12-11,3,0.011835664510726929,26164.3359375
50,2025-12-11,4,2.5860142707824707,26164.3359375
50,2025-12-11,5,72.847419738769531,26164.3359375
50,2025-12-11,6,520.79473876953125,26164.3359375
50,2025-12-11,7,1696.95654296875,26164.3359375
50,2025-12-11,8,2660.904541015625,26164.3359375
50,2025-12-11,9,2136.974365234375,26164.3359375
50,2025-12-11,10,1596.4957275390625,26164.3359375
50,2025-12-11,11,1508.7706298828125,26164.3359375
50,2025-12-11,12,1457.6075439453125,26164.3359375
50,2025-12-11,13,1409.739990234375,26164.3359375
50,2025-12-11,14,1389.2733154296875,26164.3359375
50,2025-12-11,15,1555.97265625,26164.3359375
50,2025-12-11,16,1717.0587158203125,26164.3359375
50,2025-12-11,17,2175.3623046875,26164.3359375
50,2025-12-11,18,2371.888671875,26164.3359375
50,2025-12-11,19,1425.615234375,26164.3359375
50,2025-12-11,20,925.3046875,26164.3359375
50,2025-12-11,21,631.72119140625,26164.3359375
50,2025-12-11,22,262.44088745117188,26164.3359375
50,2025-12-11,23,149.01011657714844,26164.3359375
50,2025-12-12,0,37.831001281738281,25636.896484375
50,2025-12-12,1,1.0593616962432861,25636.896484375
50,2025-12-12,2,0.015940845012664795,25636.896484375
50,2025-12-12,3,0.012651190161705017,25636.896484375
50,2025-12-12,4,2.5508685111999512,25636.896484375
50,2025-12-12,5,68.297660827636719,25636.896484375
50,2025-12-12,6,508.07537841796875,25636.896484375
50,2025-12-12,7,1623.0943603515625,25636.896484375
50,2025-12-12,8,2588.531005859375,25636.896484375
50,2025-12-12,9,2073.54150390625,25636.896484375
50,2025-12-12,10,1520.111572265625,25636.896484375
50,2025-12-12,11,1488.072509765625,25636.896484375
50,2025-12-12,12,1465.764404296875,25636.896484375
50,2025-12-12,13,1404.12939453125,25636.896484375
50,2025-12-12,14,1382.1937255859375,25636.896484375
50,2025-12-12,15,1611.646240234375,25636.896484375
50,2025-12-12,16,1929.2862548828125,25636.896484375
50,2025-12-12,17,2038.33154296875,25636.896484375
50,2025-12-12,18,1725.72021484375,25636.896484375
50,2025-12-12,19,1224.66162109375,25636.896484375
50,2025-12-12,20,833.003662109375,25636.896484375
50,2025-12-12,21,577.40106201171875,25636.896484375
50,2025-12-12,22,263.28399658203125,25636.896484375
50,2025-12-12,23,158.26560974121094,25636.896484375
50,2025-12-13,0,47.593063354492188,7687.595703125
50,2025-12-13,1,1.24208664894104,7687.595703125
50,2025-12-13,2,0.014930427074432373,7687.595703125
50,2025-12-13,3,0.011640697717666626,7687.595703125
50,2025-12-13,4,0.40504884719848633,7687.595703125
50,2025-12-13,5,25.696308135986328,7687.595703125
50,2025-12-13,6,140.38192749023438,7687.595703125
50,2025-12-13,7,331.2706298828125,7687.595703125
50,2025-12-13,8,491.3614501953125,7687.595703125
50,2025-12-13,9,530.74652099609375,7687.595703125
50,2025-12-13,10,497.4857177734375,7687.595703125
50,2025-12-13,11,660.27362060546875,7687.595703125
50,2025-12-13,12,738.27978515625,7687.595703125
50,2025-12-13,13,748.631591796875,7687.595703125
50,2025-12-13,14,772.7034912109375,7687.595703125
50,2025-12-13,15,706.59869384765625,7687.595703125
50,2025-12-13,16,729.57000732421875,7687.595703125
50,2025-12-13,17,707.54681396484375,7687.595703125
50,2025-12-13,18,561.513427734375,7687.595703125
50,2025-12-13,19,551.934326171875,7687.595703125
50,2025-12-13,20,484.6397705078125,7687.595703125
50,2025-12-13,21,364.68896484375,7687.595703125
50,2025-12-13,22,204.79238891601562,7687.595703125
50,2025-12-13,23,119.19198608398438,7687.595703125
50,2025-12-14,0,21.11638069152832,6720.41796875
50,2025-12-14,1,1.104625940322876,6720.41796875
50,2025-12-14,2,0.016724288463592529,6720.41796875
50,2025-12-14,3,0.014392316341400146,6720.41796875
50,2025-12-14,4,0.26529562473297119,6720.41796875
50,2025-12-14,5,18.611034393310547,6720.41796875
50,2025-12-14,6,115.132568359375,6720.41796875
50,2025-12-14,7,242.4656982421875,6720.41796875
50,2025-12-14,8,372.747802734375,6720.41796875
50,2025-12-14,9,403.87353515625,6720.41796875
50,2025-12-14,10,415.307861328125,6720.41796875
50,2025-12-14,11,544.050537109375,6720.41796875
50,2025-12-14,12,640.2935791015625,6720.41796875
50,2025-12-14,13,639.692138671875,6720.41796875
50,2025-12-14,14,689.11248779296875,6720.41796875
50,2025-12-14,15,628.23699951171875,6720.41796875
50,2025-12-14,16,668.349609375,6720.41796875
50,2025-12-14,17,645.9072265625,6720.41796875
50,2025-12-14,18,509.9091796875,6720.41796875
50,2025-12-14,19,488.27862548828125,6720.41796875
50,2025-12-14,20,446.42550659179688,6720.41796875
50,2025-12-14,21,349.72052001953125,6720.41796875
50,2025-12-14,22,200.65663146972656,6720.41796875
50,2025-12-14,23,97.804977416992188,6720.41796875
50,2025-12-15,0,17.518316268920898,26147.861328125
50,2025-12-15,1,0.98231029510498047,26147.861328125
50,2025-12-15,2,0.017084985971450806,26147.861328125
50,2025-12-15,3,0.014057144522666931,26147.861328125
50,2025-12-15,4,2.6436746120452881,26147.861328125
50,2025-12-15,5,72.030433654785156,26147.861328125
50,2025-12-15,6,521.47833251953125,26147.861328125
50,2025-12-15,7,1697.5634765625,26147.861328125
50,2025-12-15,8,2675.904052734375,26147.861328125
50,2025-12-15,9,2182.84619140625,26147.861328125
50,2025-12-15,10,1600.3216552734375,26147.861328125
50,2025-12-15,11,1518.29052734375,26147.861328125
50,2025-12-15,12,1450.567138671875,26147.861328125
50,2025-12-15,13,1430.6385498046875,26147.861328125
50,2025-12-15,14,1407.6015625,26147.861328125
50,2025-12-15,15,1566.7462158203125,26147.861328125
50,2025-12-15,16,1581.0941162109375,26147.861328125
50,2025-12-15,17,2177.667724609375,26147.861328125
50,2025-12-15,18,2433.192626953125,26147.861328125
50,2025-12-15,19,1481.1446533203125,26147.861328125
50,2025-12-15,20,907.564453125,26147.861328125
50,2025-12-15,21,583.11688232421875,26147.861328125
50,2025-12-15,22,249.46017456054688,26147.861328125
50,2025-12-15,23,125.00115203857422,26147.861328125
50,2025-12-16,0,29.135746002197266,26201.158203125
50,2025-12-16,1,0.9076540470123291,26201.158203125
50,2025-12-16,2,0.015636205673217773,26201.158203125
50,2025-12-16,3,0.012419000267982483,26201.158203125
50,2025-12-16,4,2.6746630668640137,26201.158203125
50,2025-12-16,5,73.596450805664062,26201.158203125
50,2025-12-16,6,527.8861083984375,26201.158203125
50,2025-12-16,7,1702.25927734375,26201.158203125
50,2025-12-16,8,2671.97900390625,26201.158203125
50,2025-12-16,9,2180.837646484375,26201.158203125
50,2025-12-16,10,1611.33642578125,26201.158203125
50,2025-12-16,11,1515.0445556640625,26201.158203125
50,2025-12-16,12,1469.3013916015625,26201.158203125
50,2025-12-16,13,1435.3594970703125,26201.158203125
50,2025-12-16,14,1417.1236572265625,26201.158203125
50,2025-12-16,15,1575.5660400390625,26201.158203125
50,2025-12-16,16,1613.54931640625,26201.158203125
50,2025-12-16,17,2205.27734375,26201.158203125
50,2025-12-16,18,2458.76904296875,26201.158203125
50,2025-12-16,19,1474.7955322265625,26201.158203125
50,2025-12-16,20,926.9549560546875,26201.158203125
50,2025-12-16,21,612.30865478515625,26201.158203125
50,2025-12-16,22,256.92236328125,26201.158203125
50,2025-12-16,23,134.26423645019531,26201.158203125
50,2025-12-17,0,28.727386474609375,26131.310546875
50,2025-12-17,1,1.007112979888916,26131.310546875
50,2025-12-17,2,0.012945026159286499,26131.310546875
50,2025-12-17,3,0.01181405782699585,26131.310546875
50,2025-12-17,4,2.6010262966156006,26131.310546875
50,2025-12-17,5,73.178627014160156,26131.310546875
50,2025-12-17,6,521.63385009765625,26131.310546875
50,2025-12-17,7,1687.6348876953125,26131.310546875
50,2025-12-17,8,2634.8212890625,26131.310546875
50,2025-12-17,9,2152.449462890625,26131.310546875
50,2025-12-17,10,1593.79931640625,26131.310546875
50,2025-12-17,11,1509.7403564453125,26131.310546875
50,2025-12-17,12,1458.7689208984375,26131.310546875
50,2025-12-17,13,1433.193115234375,26131.310546875
50,2025-12-17,14,1418.054443359375,26131.310546875
50,2025-12-17,15,1558.006591796875,26131.310546875
50,2025-12-17,16,1662.8929443359375,26131.310546875
50,2025-12-17,17,2197.0302734375,26131.310546875
50,2025-12-17,18,2420.41552734375,26131.310546875
50,2025-12-17,19,1475.972412109375,26131.310546875
50,2025-12-17,20,915.3858642578125,26131.310546875
50,2025-12-17,21,617.79052734375,26131.310546875
50,2025-12-17,22,262.77536010742188,26131.310546875
50,2025-12-17,23,137.53507995605469,26131.310546875
50,2025-12-18,0,37.702125549316406,26171.267578125
50,2025-12-18,1,0.99777412414550781,26171.267578125
50,2025-12-18,2,0.012289822101593018,26171.267578125
50,2025-12-18,3,0.0095452815294265747,26171.267578125
50,2025-12-18,4,2.4694540500640869,26171.267578125
50,2025-12-18,5,72.892562866210938,26171.267578125
50,2025-12-18,6,523.2130126953125,26171.267578125
50,2025-12-18,7,1702.3876953125,26171.267578125
50,2025-12-18,8,2640.189208984375,26171.267578125
50,2025-12-18,9,2154.89892578125,26171.267578125
50,2025-12-18,10,1602.4140625,26171.267578125
50,2025-12-18,11,1516.36181640625,26171.267578125
50,2025-12-18,12,1467.9888916015625,26171.267578125
50,2025-12-18,13,1422.02294921875,26171.267578125
50,2025-12-18,14,1408.785400390625,26171.267578125
50,2025-12-18,15,1547.2518310546875,26171.267578125
50,2025-12-18,16,1716.107421875,26171.267578125
50,2025-12-18,17,2167.80908203125,26171.267578125
50,2025-12-18,18,2378.95654296875,26171.267578125
50,2025-12-18,19,1443.388671875,26171.267578125
50,2025-12-18,20,926.59246826171875,26171.267578125
50,2025-12-18,21,639.77252197265625,26171.267578125
50,2025-12-18,22,267.87158203125,26171.267578125
50,2025-12-18,23,152.41775512695312,26171.267578125
50,2025-12-19,0,37.280002593994141,25463.2109375
50,2025-12-19,1,0.89318680763244629,25463.2109375
50,2025-12-19,2,0.0067977011203765869,25463.2109375
50,2025-12-19,3,0.0065854936838150024,25463.2109375
50,2025-12-19,4,2.4519972801208496,25463.2109375
50,2025-12-19,5,68.98187255859375,25463.2109375
50,2025-12-19,6,510.305419921875,25463.2109375
50,2025-12-19,7,1623.65283203125,25463.2109375
50,2025-12-19,8,2499.362548828125,25463.2109375
50,2025-12-19,9,2036.235107421875,25463.2109375
50,2025-12-19,10,1520.239990234375,25463.2109375
50,2025-12-19,11,1456.828125,25463.2109375
50,2025-12-19,12,1462.26318359375,25463.2109375
50,2025-12-19,13,1412.640380859375,25463.2109375
50,2025-12-19,14,1400.435546875,25463.2109375
50,2025-12-19,15,1621.40283203125,25463.2109375
50,2025-12-19,16,1950.79248046875,25463.2109375
50,2025-12-19,17,2011.4884033203125,25463.2109375
50,2025-12-19,18,1734.062744140625,25463.2109375
50,2025-12-19,19,1222.919677734375,25463.2109375
50,2025-12-19,20,839.69244384765625,25463.2109375
50,2025-12-19,21,574.4268798828125,25463.2109375
50,2025-12-19,22,266.15579223632812,25463.2109375
50,2025-12-19,23,161.82902526855469,25463.2109375
50,2025-12-20,0,46.408893585205078,8990.0234375
50,2025-12-20,1,1.1162495613098145,8990.0234375
50,2025-12-20,2,0.010598152875900269,8990.0234375
50,2025-12-20,3,0.0084908157587051392,8990.0234375
50,2025-12-20,4,0.38039600849151611,8990.0234375
50,2025-12-20,5,25.578392028808594,8990.0234375
50,2025-12-20,6,141.64630126953125,8990.0234375
50,2025-12-20,7,350.61407470703125,8990.0234375
50,2025-12-20,8,605.5843505859375,8990.0234375
50,2025-12-20,9,590.447509765625,8990.0234375
50,2025-12-20,10,554.06201171875,8990.0234375
50,2025-12-20,11,707.475341796875,8990.0234375
50,2025-12-20,12,772.2677001953125,8990.0234375
50,2025-12-20,13,759.026123046875,8990.0234375
50,2025-12-20,14,804.789306640625,8990.0234375
50,2025-12-20,15,752.61553955078125,8990.0234375
50,2025-12-20,16,805.824462890625,8990.0234375
50,2025-12-20,17,764.17547607421875,8990.0234375
50,2025-12-20,18,577.3692626953125,8990.0234375
50,2025-12-20,19,599.3380126953125,8990.0234375
50,2025-12-20,20,502.36593627929688,8990.0234375
50,2025-12-20,21,376.4105224609375,8990.0234375
50,2025-12-20,22,202.534912109375,8990.0234375
50,2025-12-20,23,124.86688232421875,8990.0234375
50,2025-12-21,0,22.846418380737305,6431.1474609375
50,2025-12-21,1,1.202709436416626,6431.1474609375
50,2025-12-21,2,0.012791305780410767,6431.1474609375
50,2025-12-21,3,0.0079744309186935425,6431.1474609375
50,2025-12-21,4,0.21353566646575928,6431.1474609375
50,2025-12-21,5,18.051601409912109,6431.1474609375
50,2025-12-21,6,103.76971435546875,6431.1474609375
50,2025-12-21,7,227.88720703125,6431.1474609375
50,2025-12-21,8,444.6495361328125,6431.1474609375
50,2025-12-21,9,424.078369140625,6431.1474609375
50,2025-12-21,10,416.57525634765625,6431.1474609375
50,2025-12-21,11,524.38433837890625,6431.1474609375
50,2025-12-21,12,595.06597900390625,6431.1474609375
50,2025-12-21,13,590.35870361328125,6431.1474609375
50,2025-12-21,14,677.2154541015625,6431.1474609375
50,2025-12-21,15,603.21124267578125,6431.1474609375
50,2025-12-21,16,633.5684814453125,6431.1474609375
50,2025-12-21,17,607.876220703125,6431.1474609375
50,2025-12-21,18,500.51025390625,6431.1474609375
50,2025-12-21,19,480.862548828125,6431.1474609375
50,2025-12-21,20,434.2803955078125,6431.1474609375
50,2025-12-21,21,333.01849365234375,6431.1474609375
50,2025-12-21,22,192.22645568847656,6431.1474609375
50,2025-12-21,23,100.0535888671875,6431.1474609375
50,2025-12-22,0,17.340084075927734,25807.447265625
50,2025-12-22,1,1.0219225883483887,25807.447265625
50,2025-12-22,2,0.01616513729095459,25807.447265625
50,2025-12-22,3,0.010063618421554565,25807.447265625
50,2025-12-22,4,2.5856642723083496,25807.447265625
50,2025-12-22,5,71.10687255859375,25807.447265625
50,2025-12-22,6,526.0631103515625,25807.447265625
50,2025-12-22,7,1670.325439453125,25807.447265625
50,2025-12-22,8,2567.514404296875,25807.447265625
50,2025-12-22,9,2121.406494140625,25807.447265625
50,2025-12-22,10,1565.364990234375,25807.447265625
50,2025-12-22,11,1487.289794921875,25807.447265625
50,2025-12-22,12,1463.7957763671875,25807.447265625
50,2025-12-22,13,1432.6859130859375,25807.447265625
50,2025-12-22,14,1410.5191650390625,25807.447265625
50,2025-12-22,15,1586.6063232421875,25807.447265625
50,2025-12-22,16,1674.329833984375,25807.447265625
50,2025-12-22,17,2123.330810546875,25807.447265625
50,2025-12-22,18,2410.2822265625,25807.447265625
50,2025-12-22,19,1478.8514404296875,25807.447265625
50,2025-12-22,20,925.02093505859375,25807.447265625
50,2025-12-22,21,599.65093994140625,25807.447265625
50,2025-12-22,22,253.25108337402344,25807.447265625
50,2025-12-22,23,125.17953491210938,25807.447265625
50,2025-12-23,0,27.433826446533203,25786.921875
50,2025-12-23,1,0.7688906192779541,25786.921875
50,2025-12-23,2,0.016430765390396118,25786.921875
50,2025-12-23,3,0.014095008373260498,25786.921875
50,2025-12-23,4,2.5318553447723389,25786.921875
50,2025-12-23,5,73.6669921875,25786.921875
50,2025-12-23,6,531.55712890625,25786.921875
50,2025-12-23,7,1685.4383544921875,25786.921875
50,2025-12-23,8,2596.8623046875,25786.921875
50,2025-12-23,9,2137.524658203125,25786.921875
50,2025-12-23,10,1580.17724609375,25786.921875
50,2025-12-23,11,1489.11376953125,25786.921875
50,2025-12-23,12,1477.0643310546875,25786.921875
50,2025-12-23,13,1425.7559814453125,25786.921875
50,2025-12-23,14,1408.3212890625,25786.921875
50,2025-12-23,15,1574.480712890625,25786.921875
50,2025-12-23,16,1648.5521240234375,25786.921875
50,2025-12-23,17,2165.08544921875,25786.921875
50,2025-12-23,18,2433.611083984375,25786.921875
50,2025-12-23,19,1470.6719970703125,25786.921875
50,2025-12-23,20,931.82574462890625,25786.921875
50,2025-12-23,21,606.49566650390625,25786.921875
50,2025-12-23,22,254.98260498046875,25786.921875
50,2025-12-23,23,128.96403503417969,25786.921875
50,2025-12-24,0,28.493923187255859,25839.796875
50,2025-12-24,1,1.0311005115509033,25839.796875
50,2025-12-24,2,0.01248323917388916,25839.796875
50,2025-12-24,3,0.012468054890632629,25839.796875
50,2025-12-24,4,2.403489351272583,25839.796875
50,2025-12-24,5,72.427665710449219,25839.796875
50,2025-12-24,6,515.209228515625,25839.796875
50,2025-12-24,7,1661.5401611328125,25839.796875
50,2025-12-24,8,2542.489013671875,25839.796875
50,2025-12-24,9,2100.85205078125,25839.796875
50,2025-12-24,10,1547.045166015625,25839.796875
50,2025-12-24,11,1477.1416015625,25839.796875
50,2025-12-24,12,1455.5242919921875,25839.796875
50,2025-12-24,13,1397.620849609375,25839.796875
50,2025-12-24,14,1387.2421875,25839.796875
50,2025-12-24,15,1545.5498046875,25839.796875
50,2025-12-24,16,1665.8875732421875,25839.796875
50,2025-12-24,17,2112.26708984375,25839.796875
50,2025-12-24,18,2337.196533203125,25839.796875
50,2025-12-24,19,1444.8734130859375,25839.796875
50,2025-12-24,20,907.16943359375,25839.796875
50,2025-12-24,21,606.63824462890625,25839.796875
50,2025-12-24,22,257.05722045898438,25839.796875
50,2025-12-24,23,136.2613525390625,25839.796875
50,2025-12-25,0,36.874473571777344,25783.78515625
50,2025-12-25,1,0.78726840019226074,25783.78515625
50,2025-12-25,2,0.014960139989852905,25783.78515625
50,2025-12-25,3,0.011963829398155212,25783.78515625
50,2025-12-25,4,2.3090507984161377,25783.78515625
50,2025-12-25,5,72.031593322753906,25783.78515625
50,2025-12-25,6,514.924072265625,25783.78515625
50,2025-12-25,7,1663.588134765625,25783.78515625
50,2025-12-25,8,2522.486328125,25783.78515625
50,2025-12-25,9,2092.670166015625,25783.78515625
50,2025-12-25,10,1542.322265625,25783.78515625
50,2025-12-25,11,1471.717041015625,25783.78515625
50,2025-12-25,12,1462.2548828125,25783.78515625
50,2025-12-25,13,1395.69091796875,25783.78515625
50,2025-12-25,14,1381.63427734375,25783.78515625
50,2025-12-25,15,1539.6922607421875,25783.78515625
50,2025-12-25,16,1703.199951171875,25783.78515625
50,2025-12-25,17,2106.33056640625,25783.78515625
50,2025-12-25,18,2343.91748046875,25783.78515625
50,2025-12-25,19,1439.5247802734375,25783.78515625
50,2025-12-25,20,930.988037109375,25783.78515625
50,2025-12-25,21,627.60986328125,25783.78515625
50,2025-12-25,22,262.0340576171875,25783.78515625
50,2025-12-25,23,150.19796752929688,25783.78515625
50,2025-12-26,0,36.536308288574219,25613.9375
50,2025-12-26,1,0.89872646331787109,25613.9375
50,2025-12-26,2,0.014270961284637451,25613.9375
50,2025-12-26,3,0.010633677244186401,25613.9375
50,2025-12-26,4,2.3598828315734863,25613.9375
50,2025-12-26,5,69.873123168945312,25613.9375
50,2025-12-26,6,516.22186279296875,25613.9375
50,2025-12-26,7,1624.7467041015625,25613.9375
50,2025-12-26,8,2392.97216796875,25613.9375
50,2025-12-26,9,2021.977294921875,25613.9375
50,2025-12-26,10,1491.7099609375,25613.9375
50,2025-12-26,11,1447.1163330078125,25613.9375
50,2025-12-26,12,1465.34765625,25613.9375
50,2025-12-26,13,1387.9559326171875,25613.9375
50,2025-12-26,14,1365.95361328125,25613.9375
50,2025-12-26,15,1581.7021484375,25613.9375
50,2025-12-26,16,1926.341552734375,25613.9375
50,2025-12-26,17,1999.785888671875,25613.9375
50,2025-12-26,18,1770.593017578125,25613.9375
50,2025-12-26,19,1239.7486572265625,25613.9375
50,2025-12-26,20,856.90277099609375,25613.9375
50,2025-12-26,21,588.19390869140625,25613.9375
50,2025-12-26,22,263.95193481445312,25613.9375
50,2025-12-26,23,158.68487548828125,25613.9375
50,2025-12-27,0,47.189823150634766,7565.0283203125
50,2025-12-27,1,1.1955087184906006,7565.0283203125
50,2025-12-27,2,0.010025918483734131,7565.0283203125
50,2025-12-27,3,0.0086589455604553223,7565.0283203125
50,2025-12-27,4,0.22257959842681885,7565.0283203125
50,2025-12-27,5,27.286426544189453,7565.0283203125
50,2025-12-27,6,154.8492431640625,7565.0283203125
50,2025-12-27,7,371.993408203125,7565.0283203125
50,2025-12-27,8,620.955078125,7565.0283203125
50,2025-12-27,9,634.50750732421875,7565.0283203125
50,2025-12-27,10,647.64495849609375,7565.0283203125
50,2025-12-27,11,800.367431640625,7565.0283203125
50,2025-12-27,12,858.5941162109375,7565.0283203125
50,2025-12-27,13,835.9530029296875,7565.0283203125
50,2025-12-27,14,878.54217529296875,7565.0283203125
50,2025-12-27,15,829.28424072265625,7565.0283203125
50,2025-12-27,16,861.52880859375,7565.0283203125
50,2025-12-27,17,833.38323974609375,7565.0283203125
50,2025-12-27,18,658.7183837890625,7565.0283203125
50,2025-12-27,19,628.61602783203125,7565.0283203125
50,2025-12-27,20,524.0882568359375,7565.0283203125
50,2025-12-27,21,406.11947631835938,7565.0283203125
50,2025-12-27,22,210.47529602050781,7565.0283203125
50,2025-12-27,23,125.71031188964844,7565.0283203125
50,2025-12-28,0,21.821256637573242,5746.4599609375
50,2025-12-28,1,1.0962557792663574,5746.4599609375
50,2025-12-28,2,0.012359559535980225,5746.4599609375
50,2025-12-28,3,0.010250762104988098,5746.4599609375
50,2025-12-28,4,0.14768946170806885,5746.4599609375
50,2025-12-28,5,17.49493408203125,5746.4599609375
50,2025-12-28,6,107.73480224609375,5746.4599609375
50,2025-12-28,7,239.145751953125,5746.4599609375
50,2025-12-28,8,432.6885986328125,5746.4599609375
50,2025-12-28,9,415.2252197265625,5746.4599609375
50,2025-12-28,10,448.5174560546875,5746.4599609375
50,2025-12-28,11,600.54364013671875,5746.4599609375
50,2025-12-28,12,686.7734375,5746.4599609375
50,2025-12-28,13,687.7095947265625,5746.4599609375
50,2025-12-28,14,740.9080810546875,5746.4599609375
50,2025-12-28,15,660.4178466796875,5746.4599609375
50,2025-12-28,16,707.9697265625,5746.4599609375
50,2025-12-28,17,690.31170654296875,5746.4599609375
50,2025-12-28,18,547.665771484375,5746.4599609375
50,2025-12-28,19,544.09869384765625,5746.4599609375
50,2025-12-28,20,476.15664672851562,5746.4599609375
50,2025-12-28,21,373.78195190429688,5746.4599609375
50,2025-12-28,22,205.88325500488281,5746.4599609375
50,2025-12-28,23,103.90438079833984,5746.4599609375
50,2025-12-29,0,17.872354507446289,26027.21484375
50,2025-12-29,1,0.9900209903717041,26027.21484375
50,2025-12-29,2,0.012275874614715576,26027.21484375
50,2025-12-29,3,0.0091986656188964844,26027.21484375
50,2025-12-29,4,2.5155816078186035,26027.21484375
50,2025-12-29,5,72.55523681640625,26027.21484375
50,2025-12-29,6,528.788330078125,26027.21484375
50,2025-12-29,7,1700.3328857421875,26027.21484375
50,2025-12-29,8,2543.259765625,26027.21484375
50,2025-12-29,9,2145.431396484375,26027.21484375
50,2025-12-29,10,1575.1396484375,26027.21484375
50,2025-12-29,11,1506.1064453125,26027.21484375
50,2025-12-29,12,1474.177978515625,26027.21484375
50,2025-12-29,13,1440.9197998046875,26027.21484375
50,2025-12-29,14,1435.2069091796875,26027.21484375
50,2025-12-29,15,1590.354248046875,26027.21484375
50,2025-12-29,16,1674.9642333984375,26027.21484375
50,2025-12-29,17,2139.7802734375,26027.21484375
50,2025-12-29,18,2441.903564453125,26027.21484375
50,2025-12-29,19,1495.834716796875,26027.21484375
50,2025-12-29,20,932.9207763671875,26027.21484375
50,2025-12-29,21,610.96697998046875,26027.21484375
50,2025-12-29,22,257.363525390625,26027.21484375
50,2025-12-29,23,127.58616638183594,26027.21484375
50,2025-12-30,0,27.682435989379883,26207.8359375
50,2025-12-30,1,0.75771021842956543,26207.8359375
50,2025-12-30,2,0.015023529529571533,26207.8359375
50,2025-12-30,3,0.011740908026695251,26207.8359375
50,2025-12-30,4,2.4920940399169922,26207.8359375
50,2025-12-30,5,74.430755615234375,26207.8359375
50,2025-12-30,6,544.50341796875,26207.8359375
50,2025-12-30,7,1727.3218994140625,26207.8359375
50,2025-12-30,8,2553.786376953125,26207.8359375
50,2025-12-30,9,2172.857666015625,26207.8359375
50,2025-12-30,10,1602.5386962890625,26207.8359375
50,2025-12-30,11,1516.1080322265625,26207.8359375
50,2025-12-30,12,1498.4141845703125,26207.8359375
50,2025-12-30,13,1469.17919921875,26207.8359375
50,2025-12-30,14,1448.981201171875,26207.8359375
50,2025-12-30,15,1622,26207.8359375
50,2025-12-30,16,1697.7049560546875,26207.8359375
50,2025-12-30,17,2187.044189453125,26207.8359375
50,2025-12-30,18,2466.10693359375,26207.8359375
50,2025-12-30,19,1488.57568359375,26207.8359375
50,2025-12-30,20,944.51434326171875,26207.8359375
50,2025-12-30,21,629.5126953125,26207.8359375
50,2025-12-30,22,261.98770141601562,26207.8359375
50,2025-12-30,23,134.93875122070312,26207.8359375
50,2025-12-31,0,27.798242568969727,8074.6396484375
50,2025-12-31,1,0.90661406517028809,8074.6396484375
50,2025-12-31,2,0.015372872352600098,8074.6396484375
50,2025-12-31,3,0.0091083794832229614,8074.6396484375
50,2025-12-31,4,1.8796656131744385,8074.6396484375
50,2025-12-31,5,57.876373291015625,8074.6396484375
50,2025-12-31,6,235.850830078125,8074.6396484375
50,2025-12-31,7,514.04095458984375,8074.6396484375
50,2025-12-31,8,410.3377685546875,8074.6396484375
50,2025-12-31,9,905.4395751953125,8074.6396484375
50,2025-12-31,10,484.81329345703125,8074.6396484375
50,2025-12-31,11,690.94580078125,8074.6396484375
50,2025-12-31,12,796.0714111328125,8074.6396484375
50,2025-12-31,13,831.7789306640625,8074.6396484375
50,2025-12-31,14,874.30389404296875,8074.6396484375
50,2025-12-31,15,776.82568359375,8074.6396484375
50,2025-12-31,16,955.82366943359375,8074.6396484375
50,2025-12-31,17,899.487548828125,8074.6396484375
50,2025-12-31,18,1156.401123046875,8074.6396484375
50,2025-12-31,19,917.234130859375,8074.6396484375
50,2025-12-31,20,676.91864013671875,8074.6396484375
50,2025-12-31,21,459.96530151367188,8074.6396484375
50,2025-12-31,22,235.63697814941406,8074.6396484375
50,2025-12-31,23,130.6488037109375,8074.6396484375
