hour,date,foundation_hour,route,foundation_day
0,2025-11-01,2.9410896301269531,1,18390.796875
1,2025-11-01,0.004252798855304718,1,18390.796875
2,2025-11-01,0.0083640813827514648,1,18390.796875
3,2025-11-01,0.028597891330718994,1,18390.796875
4,2025-11-01,0.14539575576782227,1,18390.796875
5,2025-11-01,16.85089111328125,1,18390.796875
6,2025-11-01,111.74395751953125,1,18390.796875
7,2025-11-01,221.5059814453125,1,18390.796875
8,2025-11-01,296.4549560546875,1,18390.796875
9,2025-11-01,552.681396484375,1,18390.796875
10,2025-11-01,583.251220703125,1,18390.796875
11,2025-11-01,553.95428466796875,1,18390.796875
12,2025-11-01,770.54815673828125,1,18390.796875
13,2025-11-01,801.25042724609375,1,18390.796875
14,2025-11-01,709.21978759765625,1,18390.796875
15,2025-11-01,606.35565185546875,1,18390.796875
16,2025-11-01,553.5279541015625,1,18390.796875
17,2025-11-01,521.82916259765625,1,18390.796875
18,2025-11-01,434.54754638671875,1,18390.796875
19,2025-11-01,387.87274169921875,1,18390.796875
20,2025-11-01,289.99356079101562,1,18390.796875
21,2025-11-01,237.38729858398438,1,18390.796875
22,2025-11-01,90.278358459472656,1,18390.796875
23,2025-11-01,28.154472351074219,1,18390.796875
0,2025-11-02,0.14771509170532227,1,8190.2587890625
1,2025-11-02,0.0048400536179542542,1,8190.2587890625
2,2025-11-02,0.0067596659064292908,1,8190.2587890625
3,2025-11-02,0.024129986763000488,1,8190.2587890625
4,2025-11-02,0.0050592422485351562,1,8190.2587890625
5,2025-11-02,11.684196472167969,1,8190.2587890625
6,2025-11-02,87.90582275390625,1,8190.2587890625
7,2025-11-02,176.30206298828125,1,8190.2587890625
8,2025-11-02,243.6453857421875,1,8190.2587890625
9,2025-11-02,477.51641845703125,1,8190.2587890625
10,2025-11-02,473.49346923828125,1,8190.2587890625
11,2025-11-02,475.75238037109375,1,8190.2587890625
12,2025-11-02,651.51568603515625,1,8190.2587890625
13,2025-11-02,693.4742431640625,1,8190.2587890625
14,2025-11-02,607.2650146484375,1,8190.2587890625
15,2025-11-02,537.5745849609375,1,8190.2587890625
16,2025-11-02,475.445068359375,1,8190.2587890625
17,2025-11-02,463.3292236328125,1,8190.2587890625
18,2025-11-02,372.6209716796875,1,8190.2587890625
19,2025-11-02,333.284423828125,1,8190.2587890625
20,2025-11-02,249.16928100585938,1,8190.2587890625
21,2025-11-02,215.94145202636719,1,8190.2587890625
22,2025-11-02,81.333297729492188,1,8190.2587890625
23,2025-11-02,26.5003662109375,1,8190.2587890625
0,2025-11-03,0.092577457427978516,1,8618.1220703125
1,2025-11-03,0.0047829374670982361,1,8618.1220703125
2,2025-11-03,0.0096044838428497314,1,8618.1220703125
3,2025-11-03,0.031352311372756958,1,8618.1220703125
4,2025-11-03,7.8819665908813477,1,8618.1220703125
5,2025-11-03,19.312141418457031,1,8618.1220703125
6,2025-11-03,120.16824340820312,1,8618.1220703125
7,2025-11-03,196.0653076171875,1,8618.1220703125
8,2025-11-03,276.2625732421875,1,8618.1220703125
9,2025-11-03,539.5028076171875,1,8618.1220703125
10,2025-11-03,474.79229736328125,1,8618.1220703125
11,2025-11-03,437.31256103515625,1,8618.1220703125
12,2025-11-03,605.3695068359375,1,8618.1220703125
13,2025-11-03,622.61309814453125,1,8618.1220703125
14,2025-11-03,596.5086669921875,1,8618.1220703125
15,2025-11-03,515.70263671875,1,8618.1220703125
16,2025-11-03,502.96502685546875,1,8618.1220703125
17,2025-11-03,512.7989501953125,1,8618.1220703125
18,2025-11-03,457.73675537109375,1,8618.1220703125
19,2025-11-03,412.7098388671875,1,8618.1220703125
20,2025-11-03,269.8958740234375,1,8618.1220703125
21,2025-11-03,241.29530334472656,1,8618.1220703125
22,2025-11-03,88.467071533203125,1,8618.1220703125
23,2025-11-03,29.310457229614258,1,8618.1220703125
0,2025-11-04,1.6034045219421387,1,8180.3984375
1,2025-11-04,0.0055702030658721924,1,8180.3984375
2,2025-11-04,0.0083762854337692261,1,8180.3984375
3,2025-11-04,0.027472972869873047,1,8180.3984375
4,2025-11-04,8.1442117691040039,1,8180.3984375
5,2025-11-04,20.916557312011719,1,8180.3984375
6,2025-11-04,128.477294921875,1,8180.3984375
7,2025-11-04,197.50140380859375,1,8180.3984375
8,2025-11-04,277.534912109375,1,8180.3984375
9,2025-11-04,567.62176513671875,1,8180.3984375
10,2025-11-04,520.08917236328125,1,8180.3984375
11,2025-11-04,463.88775634765625,1,8180.3984375
12,2025-11-04,623.092041015625,1,8180.3984375
13,2025-11-04,649.1920166015625,1,8180.3984375
14,2025-11-04,565.79388427734375,1,8180.3984375
15,2025-11-04,483.91131591796875,1,8180.3984375
16,2025-11-04,486.5205078125,1,8180.3984375
17,2025-11-04,500.8642578125,1,8180.3984375
18,2025-11-04,449.640380859375,1,8180.3984375
19,2025-11-04,419.94171142578125,1,8180.3984375
20,2025-11-04,268.46841430664062,1,8180.3984375
21,2025-11-04,243.95135498046875,1,8180.3984375
22,2025-11-04,86.714683532714844,1,8180.3984375
23,2025-11-04,30.881155014038086,1,8180.3984375
0,2025-11-05,2.7743387222290039,1,20930.091796875
1,2025-11-05,0.0052246302366256714,1,20930.091796875
2,2025-11-05,0.0067306533455848694,1,20930.091796875
3,2025-11-05,0.023495674133300781,1,20930.091796875
4,2025-11-05,10.009805679321289,1,20930.091796875
5,2025-11-05,132.19021606445312,1,20930.091796875
6,2025-11-05,499.31158447265625,1,20930.091796875
7,2025-11-05,1386.046630859375,1,20930.091796875
8,2025-11-05,1810.8023681640625,1,20930.091796875
9,2025-11-05,1447.076171875,1,20930.091796875
10,2025-11-05,1335.734130859375,1,20930.091796875
11,2025-11-05,1335.4962158203125,1,20930.091796875
12,2025-11-05,1359.2623291015625,1,20930.091796875
13,2025-11-05,1436.4005126953125,1,20930.091796875
14,2025-11-05,1316.418212890625,1,20930.091796875
15,2025-11-05,1455.60791015625,1,20930.091796875
16,2025-11-05,1474.1297607421875,1,20930.091796875
17,2025-11-05,1729.9970703125,1,20930.091796875
18,2025-11-05,1747.0126953125,1,20930.091796875
19,2025-11-05,1336.6865234375,1,20930.091796875
20,2025-11-05,861.302734375,1,20930.091796875
21,2025-11-05,466.24151611328125,1,20930.091796875
22,2025-11-05,186.15414428710938,1,20930.091796875
23,2025-11-05,31.932388305664062,1,20930.091796875
0,2025-11-06,3.4139745235443115,1,20938.765625
1,2025-11-06,0.0041541755199432373,1,20938.765625
2,2025-11-06,0.0072074458003044128,1,20938.765625
3,2025-11-06,0.02488023042678833,1,20938.765625
4,2025-11-06,9.1778230667114258,1,20938.765625
5,2025-11-06,127.60387420654297,1,20938.765625
6,2025-11-06,485.00347900390625,1,20938.765625
7,2025-11-06,1361.8260498046875,1,20938.765625
8,2025-11-06,1773.6690673828125,1,20938.765625
9,2025-11-06,1416.5716552734375,1,20938.765625
10,2025-11-06,1311.517822265625,1,20938.765625
11,2025-11-06,1314.9451904296875,1,20938.765625
12,2025-11-06,1349.1728515625,1,20938.765625
13,2025-11-06,1412.7557373046875,1,20938.765625
14,2025-11-06,1310.4566650390625,1,20938.765625
15,2025-11-06,1436.606689453125,1,20938.765625
16,2025-11-06,1459.7705078125,1,20938.765625
17,2025-11-06,1699.6014404296875,1,20938.765625
18,2025-11-06,1707.7889404296875,1,20938.765625
19,2025-11-06,1306.54345703125,1,20938.765625
20,2025-11-06,848.568115234375,1,20938.765625
21,2025-11-06,463.831787109375,1,20938.765625
22,2025-11-06,184.19129943847656,1,20938.765625
23,2025-11-06,33.690864562988281,1,20938.765625
0,2025-11-07,3.0379042625427246,1,20746.978515625
1,2025-11-07,0.0049058198928833008,1,20746.978515625
2,2025-11-07,0.0048424452543258667,1,20746.978515625
3,2025-11-07,0.015988796949386597,1,20746.978515625
4,2025-11-07,8.0117521286010742,1,20746.978515625
5,2025-11-07,125.73571014404297,1,20746.978515625
6,2025-11-07,467.94866943359375,1,20746.978515625
7,2025-11-07,1344.1585693359375,1,20746.978515625
8,2025-11-07,1744.3515625,1,20746.978515625
9,2025-11-07,1387.265625,1,20746.978515625
10,2025-11-07,1266.481201171875,1,20746.978515625
11,2025-11-07,1316.0625,1,20746.978515625
12,2025-11-07,1334.094970703125,1,20746.978515625
13,2025-11-07,1398.9967041015625,1,20746.978515625
14,2025-11-07,1295.4862060546875,1,20746.978515625
15,2025-11-07,1430.1041259765625,1,20746.978515625
16,2025-11-07,1472.7552490234375,1,20746.978515625
17,2025-11-07,1685.1514892578125,1,20746.978515625
18,2025-11-07,1534.1422119140625,1,20746.978515625
19,2025-11-07,1184.66943359375,1,20746.978515625
20,2025-11-07,796.03729248046875,1,20746.978515625
21,2025-11-07,456.5462646484375,1,20746.978515625
22,2025-11-07,182.22608947753906,1,20746.978515625
23,2025-11-07,36.399559020996094,1,20746.978515625
0,2025-11-08,3.3075888156890869,1,9290.6328125
1,2025-11-08,0.0041935741901397705,1,9290.6328125
2,2025-11-08,0.0062196925282478333,1,9290.6328125
3,2025-11-08,0.023206174373626709,1,9290.6328125
4,2025-11-08,0.17339181900024414,1,9290.6328125
5,2025-11-08,32.645477294921875,1,9290.6328125
6,2025-11-08,156.34942626953125,1,9290.6328125
7,2025-11-08,310.42840576171875,1,9290.6328125
8,2025-11-08,454.13104248046875,1,9290.6328125
9,2025-11-08,733.103759765625,1,9290.6328125
10,2025-11-08,823.862548828125,1,9290.6328125
11,2025-11-08,816.1949462890625,1,9290.6328125
12,2025-11-08,1020.1180419921875,1,9290.6328125
13,2025-11-08,1060.72216796875,1,9290.6328125
14,2025-11-08,886.3724365234375,1,9290.6328125
15,2025-11-08,796.89288330078125,1,9290.6328125
16,2025-11-08,737.642333984375,1,9290.6328125
17,2025-11-08,693.07861328125,1,9290.6328125
18,2025-11-08,624.00360107421875,1,9290.6328125
19,2025-11-08,552.5069580078125,1,9290.6328125
20,2025-11-08,408.92529296875,1,9290.6328125
21,2025-11-08,300.212890625,1,9290.6328125
22,2025-11-08,104.81700897216797,1,9290.6328125
23,2025-11-08,28.207630157470703,1,9290.6328125
0,2025-11-09,0.10707712173461914,1,8272.90625
1,2025-11-09,0.0034329518675804138,1,8272.90625
2,2025-11-09,0.0060223191976547241,1,8272.90625
3,2025-11-09,0.023873746395111084,1,8272.90625
4,2025-11-09,0.025639057159423828,1,8272.90625
5,2025-11-09,24.023399353027344,1,8272.90625
6,2025-11-09,130.85064697265625,1,8272.90625
7,2025-11-09,263.6710205078125,1,8272.90625
8,2025-11-09,369.36163330078125,1,8272.90625
9,2025-11-09,605.1651611328125,1,8272.90625
10,2025-11-09,631.62615966796875,1,8272.90625
11,2025-11-09,654.67376708984375,1,8272.90625
12,2025-11-09,837.1383056640625,1,8272.90625
13,2025-11-09,908.54486083984375,1,8272.90625
14,2025-11-09,748.69549560546875,1,8272.90625
15,2025-11-09,668.12335205078125,1,8272.90625
16,2025-11-09,627.49444580078125,1,8272.90625
17,2025-11-09,585.88568115234375,1,8272.90625
18,2025-11-09,539.14764404296875,1,8272.90625
19,2025-11-09,465.8717041015625,1,8272.90625
20,2025-11-09,355.94146728515625,1,8272.90625
21,2025-11-09,273.00442504882812,1,8272.90625
22,2025-11-09,94.174407958984375,1,8272.90625
23,2025-11-09,27.581783294677734,1,8272.90625
0,2025-11-10,0.12688493728637695,1,21153.412109375
1,2025-11-10,0.0049857646226882935,1,21153.412109375
2,2025-11-10,0.0060895904898643494,1,21153.412109375
3,2025-11-10,0.025106251239776611,1,21153.412109375
4,2025-11-10,9.587803840637207,1,21153.412109375
5,2025-11-10,125.15709686279297,1,21153.412109375
6,2025-11-10,487.81561279296875,1,21153.412109375
7,2025-11-10,1369.8804931640625,1,21153.412109375
8,2025-11-10,1768.6771240234375,1,21153.412109375
9,2025-11-10,1384.9765625,1,21153.412109375
10,2025-11-10,1220.8179931640625,1,21153.412109375
11,2025-11-10,1271.954833984375,1,21153.412109375
12,2025-11-10,1338.873046875,1,21153.412109375
13,2025-11-10,1379.2293701171875,1,21153.412109375
14,2025-11-10,1295.115234375,1,21153.412109375
15,2025-11-10,1428.233642578125,1,21153.412109375
16,2025-11-10,1462.2296142578125,1,21153.412109375
17,2025-11-10,1700.7086181640625,1,21153.412109375
18,2025-11-10,1720.1326904296875,1,21153.412109375
19,2025-11-10,1302.7537841796875,1,21153.412109375
20,2025-11-10,843.08251953125,1,21153.412109375
21,2025-11-10,451.95571899414062,1,21153.412109375
22,2025-11-10,163.34698486328125,1,21153.412109375
23,2025-11-10,31.327320098876953,1,21153.412109375
0,2025-11-11,2.2123429775238037,1,21204.828125
1,2025-11-11,0.0043377354741096497,1,21204.828125
2,2025-11-11,0.007235400378704071,1,21204.828125
3,2025-11-11,0.027616053819656372,1,21204.828125
4,2025-11-11,9.6439952850341797,1,21204.828125
5,2025-11-11,126.8782958984375,1,21204.828125
6,2025-11-11,490.94796752929688,1,21204.828125
7,2025-11-11,1385.48583984375,1,21204.828125
8,2025-11-11,1787.405517578125,1,21204.828125
9,2025-11-11,1439.8057861328125,1,21204.828125
10,2025-11-11,1293.00390625,1,21204.828125
11,2025-11-11,1307.1134033203125,1,21204.828125
12,2025-11-11,1356.915283203125,1,21204.828125
13,2025-11-11,1412.903076171875,1,21204.828125
14,2025-11-11,1302.538330078125,1,21204.828125
15,2025-11-11,1425.043212890625,1,21204.828125
16,2025-11-11,1471.9671630859375,1,21204.828125
17,2025-11-11,1706.3321533203125,1,21204.828125
18,2025-11-11,1716.8426513671875,1,21204.828125
19,2025-11-11,1321.713623046875,1,21204.828125
20,2025-11-11,854.37042236328125,1,21204.828125
21,2025-11-11,462.35079956054688,1,21204.828125
22,2025-11-11,169.37936401367188,1,21204.828125
23,2025-11-11,33.216201782226562,1,21204.828125
0,2025-11-12,3.1544613838195801,1,21195.91796875
1,2025-11-12,0.0048924535512924194,1,21195.91796875
2,2025-11-12,0.0055867880582809448,1,21195.91796875
3,2025-11-12,0.022451639175415039,1,21195.91796875
4,2025-11-12,9.8004026412963867,1,21195.91796875
5,2025-11-12,124.86051177978516,1,21195.91796875
6,2025-11-12,490.27734375,1,21195.91796875
7,2025-11-12,1382.2059326171875,1,21195.91796875
8,2025-11-12,1790.9832763671875,1,21195.91796875
9,2025-11-12,1442.104248046875,1,21195.91796875
10,2025-11-12,1300.3272705078125,1,21195.91796875
11,2025-11-12,1316.3892822265625,1,21195.91796875
12,2025-11-12,1367.37548828125,1,21195.91796875
13,2025-11-12,1427.4078369140625,1,21195.91796875
14,2025-11-12,1332.4876708984375,1,21195.91796875
15,2025-11-12,1440.5799560546875,1,21195.91796875
16,2025-11-12,1471.0869140625,1,21195.91796875
17,2025-11-12,1713.197021484375,1,21195.91796875
18,2025-11-12,1710.3323974609375,1,21195.91796875
19,2025-11-12,1316.771484375,1,21195.91796875
20,2025-11-12,853.0794677734375,1,21195.91796875
21,2025-11-12,463.36575317382812,1,21195.91796875
22,2025-11-12,180.43426513671875,1,21195.91796875
23,2025-11-12,32.991783142089844,1,21195.91796875
0,2025-11-13,3.3606431484222412,1,21330.66015625
1,2025-11-13,0.0052469223737716675,1,21330.66015625
2,2025-11-13,0.0061046332120895386,1,21330.66015625
3,2025-11-13,0.016547471284866333,1,21330.66015625
4,2025-11-13,8.9025688171386719,1,21330.66015625
5,2025-11-13,119.97601318359375,1,21330.66015625
6,2025-11-13,478.95623779296875,1,21330.66015625
7,2025-11-13,1364.488037109375,1,21330.66015625
8,2025-11-13,1765.342041015625,1,21330.66015625
9,2025-11-13,1414.873291015625,1,21330.66015625
10,2025-11-13,1311.4537353515625,1,21330.66015625
11,2025-11-13,1318.108642578125,1,21330.66015625
12,2025-11-13,1366.8082275390625,1,21330.66015625
13,2025-11-13,1415.889892578125,1,21330.66015625
14,2025-11-13,1335.538818359375,1,21330.66015625
15,2025-11-13,1428.1387939453125,1,21330.66015625
16,2025-11-13,1466.674072265625,1,21330.66015625
17,2025-11-13,1689.6151123046875,1,21330.66015625
18,2025-11-13,1664.105712890625,1,21330.66015625
19,2025-11-13,1286.463134765625,1,21330.66015625
20,2025-11-13,838.3050537109375,1,21330.66015625
21,2025-11-13,464.89889526367188,1,21330.66015625
22,2025-11-13,178.60882568359375,1,21330.66015625
23,2025-11-13,35.055828094482422,1,21330.66015625
0,2025-11-14,3.0282659530639648,1,21360.169921875
1,2025-11-14,0.0052021816372871399,1,21360.169921875
2,2025-11-14,0.0051213651895523071,1,21360.169921875
3,2025-11-14,0.016241967678070068,1,21360.169921875
4,2025-11-14,7.8695430755615234,1,21360.169921875
5,2025-11-14,122.97039031982422,1,21360.169921875
6,2025-11-14,475.12481689453125,1,21360.169921875
7,2025-11-14,1372.6856689453125,1,21360.169921875
8,2025-11-14,1761.13427734375,1,21360.169921875
9,2025-11-14,1406.3292236328125,1,21360.169921875
10,2025-11-14,1309.794189453125,1,21360.169921875
11,2025-11-14,1338.142578125,1,21360.169921875
12,2025-11-14,1362.3565673828125,1,21360.169921875
13,2025-11-14,1425.703369140625,1,21360.169921875
14,2025-11-14,1330.4547119140625,1,21360.169921875
15,2025-11-14,1453.3272705078125,1,21360.169921875
16,2025-11-14,1492.0247802734375,1,21360.169921875
17,2025-11-14,1689.371337890625,1,21360.169921875
18,2025-11-14,1549.7412109375,1,21360.169921875
19,2025-11-14,1193.6527099609375,1,21360.169921875
20,2025-11-14,814.0166015625,1,21360.169921875
21,2025-11-14,463.30191040039062,1,21360.169921875
22,2025-11-14,176.60647583007812,1,21360.169921875
23,2025-11-14,37.840908050537109,1,21360.169921875
0,2025-11-15,3.125795841217041,1,10164.501953125
1,2025-11-15,0.0048016756772994995,1,10164.501953125
2,2025-11-15,0.0070314481854438782,1,10164.501953125
3,2025-11-15,0.022993981838226318,1,10164.501953125
4,2025-11-15,0.20607328414916992,1,10164.501953125
5,2025-11-15,32.795883178710938,1,10164.501953125
6,2025-11-15,173.14309692382812,1,10164.501953125
7,2025-11-15,373.4786376953125,1,10164.501953125
8,2025-11-15,507.84478759765625,1,10164.501953125
9,2025-11-15,736.7918701171875,1,10164.501953125
10,2025-11-15,907.0284423828125,1,10164.501953125
11,2025-11-15,864.080078125,1,10164.501953125
12,2025-11-15,1046.1265869140625,1,10164.501953125
13,2025-11-15,1103.9852294921875,1,10164.501953125
14,2025-11-15,979.4183349609375,1,10164.501953125
15,2025-11-15,895.880126953125,1,10164.501953125
16,2025-11-15,815.98712158203125,1,10164.501953125
17,2025-11-15,736.689208984375,1,10164.501953125
18,2025-11-15,660.6483154296875,1,10164.501953125
19,2025-11-15,569.0477294921875,1,10164.501953125
20,2025-11-15,440.27578735351562,1,10164.501953125
21,2025-11-15,300.30551147460938,1,10164.501953125
22,2025-11-15,103.44125366210938,1,10164.501953125
23,2025-11-15,28.922252655029297,1,10164.501953125
0,2025-11-16,0.13601493835449219,1,8672.5556640625
1,2025-11-16,0.0042846202850341797,1,8672.5556640625
2,2025-11-16,0.0061467885971069336,1,8672.5556640625
3,2025-11-16,0.019732952117919922,1,8672.5556640625
4,2025-11-16,0.070770740509033203,1,8672.5556640625
5,2025-11-16,25.703025817871094,1,8672.5556640625
6,2025-11-16,136.8929443359375,1,8672.5556640625
7,2025-11-16,293.16522216796875,1,8672.5556640625
8,2025-11-16,394.55328369140625,1,8672.5556640625
9,2025-11-16,610.392578125,1,8672.5556640625
10,2025-11-16,734.0509033203125,1,8672.5556640625
11,2025-11-16,712.8060302734375,1,8672.5556640625
12,2025-11-16,897.08135986328125,1,8672.5556640625
13,2025-11-16,959.78192138671875,1,8672.5556640625
14,2025-11-16,805.904296875,1,8672.5556640625
15,2025-11-16,734.91668701171875,1,8672.5556640625
16,2025-11-16,663.881591796875,1,8672.5556640625
17,2025-11-16,600.51605224609375,1,8672.5556640625
18,2025-11-16,553.0067138671875,1,8672.5556640625
19,2025-11-16,464.07666015625,1,8672.5556640625
20,2025-11-16,357.14669799804688,1,8672.5556640625
21,2025-11-16,279.10195922851562,1,8672.5556640625
22,2025-11-16,91.743377685546875,1,8672.5556640625
23,2025-11-16,27.337558746337891,1,8672.5556640625
0,2025-11-17,0.1192784309387207,1,21366.578125
1,2025-11-17,0.0046539381146430969,1,21366.578125
2,2025-11-17,0.0043583288788795471,1,21366.578125
3,2025-11-17,0.015901416540145874,1,21366.578125
4,2025-11-17,9.8555870056152344,1,21366.578125
5,2025-11-17,129.73191833496094,1,21366.578125
6,2025-11-17,506.0450439453125,1,21366.578125
7,2025-11-17,1442.5428466796875,1,21366.578125
8,2025-11-17,1859.060546875,1,21366.578125
9,2025-11-17,1439.693603515625,1,21366.578125
10,2025-11-17,1277.54150390625,1,21366.578125
11,2025-11-17,1335.0489501953125,1,21366.578125
12,2025-11-17,1380.407470703125,1,21366.578125
13,2025-11-17,1412.537109375,1,21366.578125
14,2025-11-17,1338.9888916015625,1,21366.578125
15,2025-11-17,1474.88818359375,1,21366.578125
16,2025-11-17,1509.5946044921875,1,21366.578125
17,2025-11-17,1748.174560546875,1,21366.578125
18,2025-11-17,1768.466552734375,1,21366.578125
19,2025-11-17,1348.335205078125,1,21366.578125
20,2025-11-17,848.49835205078125,1,21366.578125
21,2025-11-17,464.98565673828125,1,21366.578125
22,2025-11-17,162.40409851074219,1,21366.578125
23,2025-11-17,31.731681823730469,1,21366.578125
0,2025-11-18,2.2897720336914062,1,21452.65625
1,2025-11-18,0.0050517469644546509,1,21452.65625
2,2025-11-18,0.0030484497547149658,1,21452.65625
3,2025-11-18,0.013735979795455933,1,21452.65625
4,2025-11-18,9.9162731170654297,1,21452.65625
5,2025-11-18,131.33203125,1,21452.65625
6,2025-11-18,508.31143188476562,1,21452.65625
7,2025-11-18,1454.3734130859375,1,21452.65625
8,2025-11-18,1869.369873046875,1,21452.65625
9,2025-11-18,1468.2733154296875,1,21452.65625
10,2025-11-18,1310.6146240234375,1,21452.65625
11,2025-11-18,1356.918701171875,1,21452.65625
12,2025-11-18,1399.245361328125,1,21452.65625
13,2025-11-18,1441.608642578125,1,21452.65625
14,2025-11-18,1343.5611572265625,1,21452.65625
15,2025-11-18,1473.0753173828125,1,21452.65625
16,2025-11-18,1502.0672607421875,1,21452.65625
17,2025-11-18,1739.100830078125,1,21452.65625
18,2025-11-18,1745.5654296875,1,21452.65625
19,2025-11-18,1333.9580078125,1,21452.65625
20,2025-11-18,851.07958984375,1,21452.65625
21,2025-11-18,470.02740478515625,1,21452.65625
22,2025-11-18,171.79216003417969,1,21452.65625
23,2025-11-18,34.280548095703125,1,21452.65625
0,2025-11-19,2.9438321590423584,1,21466.197265625
1,2025-11-19,0.0051592886447906494,1,21466.197265625
2,2025-11-19,0.0052441135048866272,1,21466.197265625
3,2025-11-19,0.019672900438308716,1,21466.197265625
4,2025-11-19,9.8979864120483398,1,21466.197265625
5,2025-11-19,128.15425109863281,1,21466.197265625
6,2025-11-19,502.15646362304688,1,21466.197265625
7,2025-11-19,1424.0443115234375,1,21466.197265625
8,2025-11-19,1841.89599609375,1,21466.197265625
9,2025-11-19,1444.684326171875,1,21466.197265625
10,2025-11-19,1289.4637451171875,1,21466.197265625
11,2025-11-19,1343.148681640625,1,21466.197265625
12,2025-11-19,1395.2801513671875,1,21466.197265625
13,2025-11-19,1450.4454345703125,1,21466.197265625
14,2025-11-19,1362.181396484375,1,21466.197265625
15,2025-11-19,1469.3720703125,1,21466.197265625
16,2025-11-19,1494.984130859375,1,21466.197265625
17,2025-11-19,1724.184814453125,1,21466.197265625
18,2025-11-19,1740.37744140625,1,21466.197265625
19,2025-11-19,1325.8143310546875,1,21466.197265625
20,2025-11-19,847.7197265625,1,21466.197265625
21,2025-11-19,471.6785888671875,1,21466.197265625
22,2025-11-19,175.70127868652344,1,21466.197265625
23,2025-11-19,33.783504486083984,1,21466.197265625
0,2025-11-20,3.1659793853759766,1,21443.43359375
1,2025-11-20,0.0055196657776832581,1,21443.43359375
2,2025-11-20,0.0043713599443435669,1,21443.43359375
3,2025-11-20,0.016427874565124512,1,21443.43359375
4,2025-11-20,9.3050746917724609,1,21443.43359375
5,2025-11-20,125.58901977539062,1,21443.43359375
6,2025-11-20,494.451171875,1,21443.43359375
7,2025-11-20,1415.768310546875,1,21443.43359375
8,2025-11-20,1825.5965576171875,1,21443.43359375
9,2025-11-20,1435.125732421875,1,21443.43359375
10,2025-11-20,1292.7950439453125,1,21443.43359375
11,2025-11-20,1344.802978515625,1,21443.43359375
12,2025-11-20,1399.5255126953125,1,21443.43359375
13,2025-11-20,1441.5433349609375,1,21443.43359375
14,2025-11-20,1359.05908203125,1,21443.43359375
15,2025-11-20,1469.1470947265625,1,21443.43359375
16,2025-11-20,1504.2142333984375,1,21443.43359375
17,2025-11-20,1717.396728515625,1,21443.43359375
18,2025-11-20,1715.1009521484375,1,21443.43359375
19,2025-11-20,1305.0269775390625,1,21443.43359375
20,2025-11-20,841.29736328125,1,21443.43359375
21,2025-11-20,473.1494140625,1,21443.43359375
22,2025-11-20,174.64654541015625,1,21443.43359375
23,2025-11-20,35.489879608154297,1,21443.43359375
0,2025-11-21,3.2469162940979004,1,21130.8203125
1,2025-11-21,0.0054855719208717346,1,21130.8203125
2,2025-11-21,0.004454098641872406,1,21130.8203125
3,2025-11-21,0.018339365720748901,1,21130.8203125
4,2025-11-21,7.8120236396789551,1,21130.8203125
5,2025-11-21,125.38579559326172,1,21130.8203125
6,2025-11-21,483.72457885742188,1,21130.8203125
7,2025-11-21,1394.049560546875,1,21130.8203125
8,2025-11-21,1768.947998046875,1,21130.8203125
9,2025-11-21,1407.569091796875,1,21130.8203125
10,2025-11-21,1263.11083984375,1,21130.8203125
11,2025-11-21,1342.9327392578125,1,21130.8203125
12,2025-11-21,1379.25634765625,1,21130.8203125
13,2025-11-21,1421.413818359375,1,21130.8203125
14,2025-11-21,1325.33544921875,1,21130.8203125
15,2025-11-21,1458.7017822265625,1,21130.8203125
16,2025-11-21,1504.7586669921875,1,21130.8203125
17,2025-11-21,1689.3448486328125,1,21130.8203125
18,2025-11-21,1513.5731201171875,1,21130.8203125
19,2025-11-21,1158.7130126953125,1,21130.8203125
20,2025-11-21,787.32354736328125,1,21130.8203125
21,2025-11-21,463.7763671875,1,21130.8203125
22,2025-11-21,170.62338256835938,1,21130.8203125
23,2025-11-21,38.019886016845703,1,21130.8203125
0,2025-11-22,3.170989990234375,1,10263.89453125
1,2025-11-22,0.0046873018145561218,1,10263.89453125
2,2025-11-22,0.0057273879647254944,1,10263.89453125
3,2025-11-22,0.021865814924240112,1,10263.89453125
4,2025-11-22,0.28866386413574219,1,10263.89453125
5,2025-11-22,32.352302551269531,1,10263.89453125
6,2025-11-22,158.07810974121094,1,10263.89453125
7,2025-11-22,335.581787109375,1,10263.89453125
8,2025-11-22,452.12493896484375,1,10263.89453125
9,2025-11-22,725.02618408203125,1,10263.89453125
10,2025-11-22,814.264892578125,1,10263.89453125
11,2025-11-22,796.53076171875,1,10263.89453125
12,2025-11-22,1005.1565551757812,1,10263.89453125
13,2025-11-22,1024.8763427734375,1,10263.89453125
14,2025-11-22,926.8773193359375,1,10263.89453125
15,2025-11-22,795.82122802734375,1,10263.89453125
16,2025-11-22,734.1920166015625,1,10263.89453125
17,2025-11-22,678.62957763671875,1,10263.89453125
18,2025-11-22,610.06005859375,1,10263.89453125
19,2025-11-22,535.05364990234375,1,10263.89453125
20,2025-11-22,401.7369384765625,1,10263.89453125
21,2025-11-22,292.0623779296875,1,10263.89453125
22,2025-11-22,98.342689514160156,1,10263.89453125
23,2025-11-22,28.764507293701172,1,10263.89453125
0,2025-11-23,0.14782619476318359,1,9280.525390625
1,2025-11-23,0.0049070641398429871,1,9280.525390625
2,2025-11-23,0.0038473382592201233,1,9280.525390625
3,2025-11-23,0.016670942306518555,1,9280.525390625
4,2025-11-23,-0.059393882751464844,1,9280.525390625
5,2025-11-23,24.35723876953125,1,9280.525390625
6,2025-11-23,125.80462646484375,1,9280.525390625
7,2025-11-23,274.778076171875,1,9280.525390625
8,2025-11-23,366.11260986328125,1,9280.525390625
9,2025-11-23,622.94281005859375,1,9280.525390625
10,2025-11-23,691.623291015625,1,9280.525390625
11,2025-11-23,728.144287109375,1,9280.525390625
12,2025-11-23,887.2158203125,1,9280.525390625
13,2025-11-23,943.4296875,1,9280.525390625
14,2025-11-23,806.85772705078125,1,9280.525390625
15,2025-11-23,721.19256591796875,1,9280.525390625
16,2025-11-23,663.11083984375,1,9280.525390625
17,2025-11-23,603.803955078125,1,9280.525390625
18,2025-11-23,550.8388671875,1,9280.525390625
19,2025-11-23,465.46923828125,1,9280.525390625
20,2025-11-23,360.4864501953125,1,9280.525390625
21,2025-11-23,274.24981689453125,1,9280.525390625
22,2025-11-23,91.019340515136719,1,9280.525390625
23,2025-11-23,27.717782974243164,1,9280.525390625
0,2025-11-24,0.12550687789916992,1,21096.888671875
1,2025-11-24,0.0053219273686408997,1,21096.888671875
2,2025-11-24,0.0050177574157714844,1,21096.888671875
3,2025-11-24,0.021216690540313721,1,21096.888671875
4,2025-11-24,9.9958763122558594,1,21096.888671875
5,2025-11-24,124.74017333984375,1,21096.888671875
6,2025-11-24,494.7528076171875,1,21096.888671875
7,2025-11-24,1397.6397705078125,1,21096.888671875
8,2025-11-24,1797.59423828125,1,21096.888671875
9,2025-11-24,1402.11474609375,1,21096.888671875
10,2025-11-24,1250.08544921875,1,21096.888671875
11,2025-11-24,1305.663330078125,1,21096.888671875
12,2025-11-24,1367.2213134765625,1,21096.888671875
13,2025-11-24,1388.525634765625,1,21096.888671875
14,2025-11-24,1314.9774169921875,1,21096.888671875
15,2025-11-24,1443.76220703125,1,21096.888671875
16,2025-11-24,1470.8551025390625,1,21096.888671875
17,2025-11-24,1721.236328125,1,21096.888671875
18,2025-11-24,1728.1068115234375,1,21096.888671875
19,2025-11-24,1317.9234619140625,1,21096.888671875
20,2025-11-24,830.9425048828125,1,21096.888671875
21,2025-11-24,460.57135009765625,1,21096.888671875
22,2025-11-24,159.54072570800781,1,21096.888671875
23,2025-11-24,32.219638824462891,1,21096.888671875
0,2025-11-25,2.4669177532196045,1,21351.08984375
1,2025-11-25,0.0039755702018737793,1,21351.08984375
2,2025-11-25,0.0058814287185668945,1,21351.08984375
3,2025-11-25,0.025915205478668213,1,21351.08984375
4,2025-11-25,10.076638221740723,1,21351.08984375
5,2025-11-25,126.63825988769531,1,21351.08984375
6,2025-11-25,499.63458251953125,1,21351.08984375
7,2025-11-25,1435.3524169921875,1,21351.08984375
8,2025-11-25,1828.45068359375,1,21351.08984375
9,2025-11-25,1459.48779296875,1,21351.08984375
10,2025-11-25,1300.5543212890625,1,21351.08984375
11,2025-11-25,1344.704345703125,1,21351.08984375
12,2025-11-25,1392.941162109375,1,21351.08984375
13,2025-11-25,1426.214599609375,1,21351.08984375
14,2025-11-25,1328.919921875,1,21351.08984375
15,2025-11-25,1451.6866455078125,1,21351.08984375
16,2025-11-25,1481.826171875,1,21351.08984375
17,2025-11-25,1715.1622314453125,1,21351.08984375
18,2025-11-25,1712.0836181640625,1,21351.08984375
19,2025-11-25,1314.62841796875,1,21351.08984375
20,2025-11-25,838.39813232421875,1,21351.08984375
21,2025-11-25,468.197509765625,1,21351.08984375
22,2025-11-25,166.48678588867188,1,21351.08984375
23,2025-11-25,34.462348937988281,1,21351.08984375
0,2025-11-26,2.8696637153625488,1,21402.7890625
1,2025-11-26,0.0055408701300621033,1,21402.7890625
2,2025-11-26,0.0036581158638000488,1,21402.7890625
3,2025-11-26,0.019369393587112427,1,21402.7890625
4,2025-11-26,10.132707595825195,1,21402.7890625
5,2025-11-26,125.09223937988281,1,21402.7890625
6,2025-11-26,498.85443115234375,1,21402.7890625
7,2025-11-26,1418.4171142578125,1,21402.7890625
8,2025-11-26,1830.20166015625,1,21402.7890625
9,2025-11-26,1440.585693359375,1,21402.7890625
10,2025-11-26,1287.5054931640625,1,21402.7890625
11,2025-11-26,1336.509765625,1,21402.7890625
12,2025-11-26,1393.6845703125,1,21402.7890625
13,2025-11-26,1435.6612548828125,1,21402.7890625
14,2025-11-26,1348.569580078125,1,21402.7890625
15,2025-11-26,1456.2401123046875,1,21402.7890625
16,2025-11-26,1478.3641357421875,1,21402.7890625
17,2025-11-26,1712.830322265625,1,21402.7890625
18,2025-11-26,1706.352294921875,1,21402.7890625
19,2025-11-26,1307.510498046875,1,21402.7890625
20,2025-11-26,838.62091064453125,1,21402.7890625
21,2025-11-26,469.5125732421875,1,21402.7890625
22,2025-11-26,171.85751342773438,1,21402.7890625
23,2025-11-26,33.911323547363281,1,21402.7890625
0,2025-11-27,2.7434825897216797,1,21332.94921875
1,2025-11-27,0.0056201145052909851,1,21332.94921875
2,2025-11-27,0.0050040557980537415,1,21332.94921875
3,2025-11-27,0.022988736629486084,1,21332.94921875
4,2025-11-27,9.333491325378418,1,21332.94921875
5,2025-11-27,123.53303527832031,1,21332.94921875
6,2025-11-27,494.0836181640625,1,21332.94921875
7,2025-11-27,1409.6171875,1,21332.94921875
8,2025-11-27,1822.47216796875,1,21332.94921875
9,2025-11-27,1424.270751953125,1,21332.94921875
10,2025-11-27,1285.2919921875,1,21332.94921875
11,2025-11-27,1340.080810546875,1,21332.94921875
12,2025-11-27,1396.762451171875,1,21332.94921875
13,2025-11-27,1427.4837646484375,1,21332.94921875
14,2025-11-27,1351.642333984375,1,21332.94921875
15,2025-11-27,1461.1407470703125,1,21332.94921875
16,2025-11-27,1493.512451171875,1,21332.94921875
17,2025-11-27,1709.6243896484375,1,21332.94921875
18,2025-11-27,1695.29833984375,1,21332.94921875
19,2025-11-27,1289.78125,1,21332.94921875
20,2025-11-27,835.90484619140625,1,21332.94921875
21,2025-11-27,473.1763916015625,1,21332.94921875
22,2025-11-27,170.34065246582031,1,21332.94921875
23,2025-11-27,35.175777435302734,1,21332.94921875
0,2025-11-28,3.2802166938781738,1,20955.2109375
1,2025-11-28,0.0050954744219779968,1,20955.2109375
2,2025-11-28,0.0039344951510429382,1,20955.2109375
3,2025-11-28,0.0193328857421875,1,20955.2109375
4,2025-11-28,8.3619327545166016,1,20955.2109375
5,2025-11-28,123.39969635009766,1,20955.2109375
6,2025-11-28,481.85333251953125,1,20955.2109375
7,2025-11-28,1389.132080078125,1,20955.2109375
8,2025-11-28,1772.881103515625,1,20955.2109375
9,2025-11-28,1394.0765380859375,1,20955.2109375
10,2025-11-28,1259.108154296875,1,20955.2109375
11,2025-11-28,1338.59033203125,1,20955.2109375
12,2025-11-28,1361.757568359375,1,20955.2109375
13,2025-11-28,1411.15673828125,1,20955.2109375
14,2025-11-28,1320.85595703125,1,20955.2109375
15,2025-11-28,1456.3326416015625,1,20955.2109375
16,2025-11-28,1502.3724365234375,1,20955.2109375
17,2025-11-28,1686.7889404296875,1,20955.2109375
18,2025-11-28,1505.1175537109375,1,20955.2109375
19,2025-11-28,1157.6231689453125,1,20955.2109375
20,2025-11-28,788.06378173828125,1,20955.2109375
21,2025-11-28,466.03512573242188,1,20955.2109375
22,2025-11-28,167.30120849609375,1,20955.2109375
23,2025-11-28,37.391651153564453,1,20955.2109375
0,2025-11-29,3.0563359260559082,1,9986.1015625
1,2025-11-29,0.0056428834795951843,1,9986.1015625
2,2025-11-29,0.0043390914797782898,1,9986.1015625
3,2025-11-29,0.017023384571075439,1,9986.1015625
4,2025-11-29,0.29128599166870117,1,9986.1015625
5,2025-11-29,31.249664306640625,1,9986.1015625
6,2025-11-29,156.52743530273438,1,9986.1015625
7,2025-11-29,336.365234375,1,9986.1015625
8,2025-11-29,448.05755615234375,1,9986.1015625
9,2025-11-29,720.4901123046875,1,9986.1015625
10,2025-11-29,826.3841552734375,1,9986.1015625
11,2025-11-29,788.5400390625,1,9986.1015625
12,2025-11-29,973.5543212890625,1,9986.1015625
13,2025-11-29,1021.4559326171875,1,9986.1015625
14,2025-11-29,912.68438720703125,1,9986.1015625
15,2025-11-29,783.400634765625,1,9986.1015625
16,2025-11-29,720.70166015625,1,9986.1015625
17,2025-11-29,666.22271728515625,1,9986.1015625
18,2025-11-29,600.5025634765625,1,9986.1015625
19,2025-11-29,518.9207763671875,1,9986.1015625
20,2025-11-29,392.84909057617188,1,9986.1015625
21,2025-11-29,287.8912353515625,1,9986.1015625
22,2025-11-29,98.715560913085938,1,9986.1015625
23,2025-11-29,28.73741340637207,1,9986.1015625
0,2025-11-30,0.11556673049926758,1,9121.5478515625
1,2025-11-30,0.005104944109916687,1,9121.5478515625
2,2025-11-30,0.0045666694641113281,1,9121.5478515625
3,2025-11-30,0.016822159290313721,1,9121.5478515625
4,2025-11-30,-0.020371913909912109,1,9121.5478515625
5,2025-11-30,24.847076416015625,1,9121.5478515625
6,2025-11-30,124.1102294921875,1,9121.5478515625
7,2025-11-30,286.68499755859375,1,9121.5478515625
8,2025-11-30,384.83905029296875,1,9121.5478515625
9,2025-11-30,612.9552001953125,1,9121.5478515625
10,2025-11-30,694.537841796875,1,9121.5478515625
11,2025-11-30,717.9287109375,1,9121.5478515625
12,2025-11-30,870.8265380859375,1,9121.5478515625
13,2025-11-30,938.18524169921875,1,9121.5478515625
14,2025-11-30,810.67108154296875,1,9121.5478515625
15,2025-11-30,724.81683349609375,1,9121.5478515625
16,2025-11-30,665.4569091796875,1,9121.5478515625
17,2025-11-30,605.38995361328125,1,9121.5478515625
18,2025-11-30,552.765869140625,1,9121.5478515625
19,2025-11-30,456.6851806640625,1,9121.5478515625
20,2025-11-30,365.3021240234375,1,9121.5478515625
21,2025-11-30,275.79010009765625,1,9121.5478515625
22,2025-11-30,92.771347045898438,1,9121.5478515625
23,2025-11-30,27.669832229614258,1,9121.5478515625
0,2025-12-01,0.090292930603027344,1,21019.548828125
1,2025-12-01,0.0051033645868301392,1,21019.548828125
2,2025-12-01,0.0061770379543304443,1,21019.548828125
3,2025-12-01,0.023582428693771362,1,21019.548828125
4,2025-12-01,10.105160713195801,1,21019.548828125
5,2025-12-01,127.5654296875,1,21019.548828125
6,2025-12-01,496.279296875,1,21019.548828125
7,2025-12-01,1401.84228515625,1,21019.548828125
8,2025-12-01,1786.5489501953125,1,21019.548828125
9,2025-12-01,1407.62060546875,1,21019.548828125
10,2025-12-01,1236.595458984375,1,21019.548828125
11,2025-12-01,1311.5335693359375,1,21019.548828125
12,2025-12-01,1358.3243408203125,1,21019.548828125
13,2025-12-01,1384.189208984375,1,21019.548828125
14,2025-12-01,1316.2835693359375,1,21019.548828125
15,2025-12-01,1443.802734375,1,21019.548828125
16,2025-12-01,1476.0404052734375,1,21019.548828125
17,2025-12-01,1712.58642578125,1,21019.548828125
18,2025-12-01,1729.260986328125,1,21019.548828125
19,2025-12-01,1322.4635009765625,1,21019.548828125
20,2025-12-01,836.38348388671875,1,21019.548828125
21,2025-12-01,458.35720825195312,1,21019.548828125
22,2025-12-01,162.45941162109375,1,21019.548828125
23,2025-12-01,31.960100173950195,1,21019.548828125
0,2025-12-02,2.5099143981933594,1,21202.740234375
1,2025-12-02,0.0050075724720954895,1,21202.740234375
2,2025-12-02,0.0068902000784873962,1,21202.740234375
3,2025-12-02,0.026924312114715576,1,21202.740234375
4,2025-12-02,10.156366348266602,1,21202.740234375
5,2025-12-02,129.19175720214844,1,21202.740234375
6,2025-12-02,501.1767578125,1,21202.740234375
7,2025-12-02,1431.920654296875,1,21202.740234375
8,2025-12-02,1819.32177734375,1,21202.740234375
9,2025-12-02,1455.1485595703125,1,21202.740234375
10,2025-12-02,1286.482666015625,1,21202.740234375
11,2025-12-02,1346.5191650390625,1,21202.740234375
12,2025-12-02,1383.33349609375,1,21202.740234375
13,2025-12-02,1413.166748046875,1,21202.740234375
14,2025-12-02,1314.1419677734375,1,21202.740234375
15,2025-12-02,1441.359619140625,1,21202.740234375
16,2025-12-02,1477.166259765625,1,21202.740234375
17,2025-12-02,1710.893798828125,1,21202.740234375
18,2025-12-02,1714.5654296875,1,21202.740234375
19,2025-12-02,1323.0645751953125,1,21202.740234375
20,2025-12-02,842.755126953125,1,21202.740234375
21,2025-12-02,467.7452392578125,1,21202.740234375
22,2025-12-02,170.35279846191406,1,21202.740234375
23,2025-12-02,34.324985504150391,1,21202.740234375
0,2025-12-03,2.7548201084136963,1,21142.171875
1,2025-12-03,0.0053299367427825928,1,21142.171875
2,2025-12-03,0.005285114049911499,1,21142.171875
3,2025-12-03,0.019572943449020386,1,21142.171875
4,2025-12-03,9.9594573974609375,1,21142.171875
5,2025-12-03,126.22294616699219,1,21142.171875
6,2025-12-03,497.59600830078125,1,21142.171875
7,2025-12-03,1372.768310546875,1,21142.171875
8,2025-12-03,1792.377197265625,1,21142.171875
9,2025-12-03,1442.0343017578125,1,21142.171875
10,2025-12-03,1268.03173828125,1,21142.171875
11,2025-12-03,1344.8270263671875,1,21142.171875
12,2025-12-03,1391.935546875,1,21142.171875
13,2025-12-03,1435.16357421875,1,21142.171875
14,2025-12-03,1330.2861328125,1,21142.171875
15,2025-12-03,1433.078369140625,1,21142.171875
16,2025-12-03,1450.4000244140625,1,21142.171875
17,2025-12-03,1686.23974609375,1,21142.171875
18,2025-12-03,1688.016357421875,1,21142.171875
19,2025-12-03,1304.114501953125,1,21142.171875
20,2025-12-03,835.0054931640625,1,21142.171875
21,2025-12-03,468.6607666015625,1,21142.171875
22,2025-12-03,172.92030334472656,1,21142.171875
23,2025-12-03,32.398277282714844,1,21142.171875
0,2025-12-04,2.7652566432952881,1,21120.2109375
1,2025-12-04,0.0052738338708877563,1,21120.2109375
2,2025-12-04,0.0030669867992401123,1,21120.2109375
3,2025-12-04,0.015612572431564331,1,21120.2109375
4,2025-12-04,9.4093704223632812,1,21120.2109375
5,2025-12-04,124.20695495605469,1,21120.2109375
6,2025-12-04,493.72988891601562,1,21120.2109375
7,2025-12-04,1376.3997802734375,1,21120.2109375
8,2025-12-04,1776.9578857421875,1,21120.2109375
9,2025-12-04,1436.9322509765625,1,21120.2109375
10,2025-12-04,1289.3157958984375,1,21120.2109375
11,2025-12-04,1359.255615234375,1,21120.2109375
12,2025-12-04,1409.630615234375,1,21120.2109375
13,2025-12-04,1428.03271484375,1,21120.2109375
14,2025-12-04,1351.5040283203125,1,21120.2109375
15,2025-12-04,1437.7420654296875,1,21120.2109375
16,2025-12-04,1468.181884765625,1,21120.2109375
17,2025-12-04,1682.871826171875,1,21120.2109375
18,2025-12-04,1667.633544921875,1,21120.2109375
19,2025-12-04,1286.178466796875,1,21120.2109375
20,2025-12-04,831.02752685546875,1,21120.2109375
21,2025-12-04,472.57473754882812,1,21120.2109375
22,2025-12-04,170.76765441894531,1,21120.2109375
23,2025-12-04,34.344810485839844,1,21120.2109375
0,2025-12-05,3.0255441665649414,1,20973.134765625
1,2025-12-05,0.0054986923933029175,1,20973.134765625
2,2025-12-05,0.0048755630850791931,1,20973.134765625
3,2025-12-05,0.01982000470161438,1,20973.134765625
4,2025-12-05,8.6814556121826172,1,20973.134765625
5,2025-12-05,124.05031585693359,1,20973.134765625
6,2025-12-05,482.43701171875,1,20973.134765625
7,2025-12-05,1358.95751953125,1,20973.134765625
8,2025-12-05,1753.36279296875,1,20973.134765625
9,2025-12-05,1415.498046875,1,20973.134765625
10,2025-12-05,1271.15087890625,1,20973.134765625
11,2025-12-05,1374.83984375,1,20973.134765625
12,2025-12-05,1387.505615234375,1,20973.134765625
13,2025-12-05,1424.2286376953125,1,20973.134765625
14,2025-12-05,1338.93603515625,1,20973.134765625
15,2025-12-05,1445.4197998046875,1,20973.134765625
16,2025-12-05,1494.251708984375,1,20973.134765625
17,2025-12-05,1679.2220458984375,1,20973.134765625
18,2025-12-05,1524.6617431640625,1,20973.134765625
19,2025-12-05,1177.578125,1,20973.134765625
20,2025-12-05,794.45635986328125,1,20973.134765625
21,2025-12-05,471.42526245117188,1,20973.134765625
22,2025-12-05,171.82728576660156,1,20973.134765625
23,2025-12-05,37.365489959716797,1,20973.134765625
0,2025-12-06,3.5267267227172852,1,10389.921875
1,2025-12-06,0.0062453150749206543,1,10389.921875
2,2025-12-06,0.0041200816631317139,1,10389.921875
3,2025-12-06,0.015577912330627441,1,10389.921875
4,2025-12-06,0.26121330261230469,1,10389.921875
5,2025-12-06,30.588401794433594,1,10389.921875
6,2025-12-06,154.0711669921875,1,10389.921875
7,2025-12-06,338.32049560546875,1,10389.921875
8,2025-12-06,455.44677734375,1,10389.921875
9,2025-12-06,737.9197998046875,1,10389.921875
10,2025-12-06,815.65472412109375,1,10389.921875
11,2025-12-06,812.9925537109375,1,10389.921875
12,2025-12-06,999.9642333984375,1,10389.921875
13,2025-12-06,1027.8365478515625,1,10389.921875
14,2025-12-06,928.5576171875,1,10389.921875
15,2025-12-06,817.04119873046875,1,10389.921875
16,2025-12-06,744.70123291015625,1,10389.921875
17,2025-12-06,689.7247314453125,1,10389.921875
18,2025-12-06,616.71844482421875,1,10389.921875
19,2025-12-06,539.6185302734375,1,10389.921875
20,2025-12-06,397.06488037109375,1,10389.921875
21,2025-12-06,297.1417236328125,1,10389.921875
22,2025-12-06,102.41292572021484,1,10389.921875
23,2025-12-06,28.549068450927734,1,10389.921875
0,2025-12-07,0.19112682342529297,1,9211.8056640625
1,2025-12-07,0.0054689273238182068,1,9211.8056640625
2,2025-12-07,0.0047412440180778503,1,9211.8056640625
3,2025-12-07,0.019454509019851685,1,9211.8056640625
4,2025-12-07,-0.068637371063232422,1,9211.8056640625
5,2025-12-07,21.933502197265625,1,9211.8056640625
6,2025-12-07,120.8995361328125,1,9211.8056640625
7,2025-12-07,268.5504150390625,1,9211.8056640625
8,2025-12-07,357.71014404296875,1,9211.8056640625
9,2025-12-07,610.52783203125,1,9211.8056640625
10,2025-12-07,703.2003173828125,1,9211.8056640625
11,2025-12-07,735.6629638671875,1,9211.8056640625
12,2025-12-07,887.54736328125,1,9211.8056640625
13,2025-12-07,935.27178955078125,1,9211.8056640625
14,2025-12-07,815.5426025390625,1,9211.8056640625
15,2025-12-07,717.638671875,1,9211.8056640625
16,2025-12-07,651.076904296875,1,9211.8056640625
17,2025-12-07,587.1680908203125,1,9211.8056640625
18,2025-12-07,528.92657470703125,1,9211.8056640625
19,2025-12-07,450.89251708984375,1,9211.8056640625
20,2025-12-07,345.5478515625,1,9211.8056640625
21,2025-12-07,268.9969482421875,1,9211.8056640625
22,2025-12-07,93.1241455078125,1,9211.8056640625
23,2025-12-07,27.479114532470703,1,9211.8056640625
0,2025-12-08,0.19032478332519531,1,20662.416015625
1,2025-12-08,0.0046803727746009827,1,20662.416015625
2,2025-12-08,0.0065351501107215881,1,20662.416015625
3,2025-12-08,0.021879285573959351,1,20662.416015625
4,2025-12-08,10.372261047363281,1,20662.416015625
5,2025-12-08,124.18479919433594,1,20662.416015625
6,2025-12-08,494.14218139648438,1,20662.416015625
7,2025-12-08,1363.8909912109375,1,20662.416015625
8,2025-12-08,1757.51806640625,1,20662.416015625
9,2025-12-08,1395.3551025390625,1,20662.416015625
10,2025-12-08,1232.734619140625,1,20662.416015625
11,2025-12-08,1301.7308349609375,1,20662.416015625
12,2025-12-08,1373.816650390625,1,20662.416015625
13,2025-12-08,1382.6466064453125,1,20662.416015625
14,2025-12-08,1300.614013671875,1,20662.416015625
15,2025-12-08,1425.8529052734375,1,20662.416015625
16,2025-12-08,1454.28173828125,1,20662.416015625
17,2025-12-08,1682.260498046875,1,20662.416015625
18,2025-12-08,1709.35791015625,1,20662.416015625
19,2025-12-08,1300.78564453125,1,20662.416015625
20,2025-12-08,828.219970703125,1,20662.416015625
21,2025-12-08,456.62008666992188,1,20662.416015625
22,2025-12-08,156.96908569335938,1,20662.416015625
23,2025-12-08,31.620803833007812,1,20662.416015625
0,2025-12-09,2.1618924140930176,1,21059.0390625
1,2025-12-09,0.0056547820568084717,1,21059.0390625
2,2025-12-09,0.0050129741430282593,1,21059.0390625
3,2025-12-09,0.015861153602600098,1,21059.0390625
4,2025-12-09,10.078508377075195,1,21059.0390625
5,2025-12-09,125.27127075195312,1,21059.0390625
6,2025-12-09,498.13421630859375,1,21059.0390625
7,2025-12-09,1397.27294921875,1,21059.0390625
8,2025-12-09,1788.0615234375,1,21059.0390625
9,2025-12-09,1449.026123046875,1,21059.0390625
10,2025-12-09,1287.074951171875,1,21059.0390625
11,2025-12-09,1349.0577392578125,1,21059.0390625
12,2025-12-09,1394.2044677734375,1,21059.0390625
13,2025-12-09,1411.3043212890625,1,21059.0390625
14,2025-12-09,1310.230712890625,1,21059.0390625
15,2025-12-09,1432.8228759765625,1,21059.0390625
16,2025-12-09,1451.0631103515625,1,21059.0390625
17,2025-12-09,1678.2294921875,1,21059.0390625
18,2025-12-09,1687.37841796875,1,21059.0390625
19,2025-12-09,1299.637939453125,1,21059.0390625
20,2025-12-09,834.50439453125,1,21059.0390625
21,2025-12-09,464.48489379882812,1,21059.0390625
22,2025-12-09,165.51799011230469,1,21059.0390625
23,2025-12-09,33.757606506347656,1,21059.0390625
0,2025-12-10,3.0407524108886719,1,21300.693359375
1,2025-12-10,0.0058352425694465637,1,21300.693359375
2,2025-12-10,0.0060738250613212585,1,21300.693359375
3,2025-12-10,0.021032005548477173,1,21300.693359375
4,2025-12-10,10.161235809326172,1,21300.693359375
5,2025-12-10,124.77351379394531,1,21300.693359375
6,2025-12-10,497.26119995117188,1,21300.693359375
7,2025-12-10,1377.12353515625,1,21300.693359375
8,2025-12-10,1791.7344970703125,1,21300.693359375
9,2025-12-10,1440.060791015625,1,21300.693359375
10,2025-12-10,1279.0970458984375,1,21300.693359375
11,2025-12-10,1347.17333984375,1,21300.693359375
12,2025-12-10,1397.0333251953125,1,21300.693359375
13,2025-12-10,1427.4027099609375,1,21300.693359375
14,2025-12-10,1322.9842529296875,1,21300.693359375
15,2025-12-10,1443.285400390625,1,21300.693359375
16,2025-12-10,1444.32080078125,1,21300.693359375
17,2025-12-10,1680.960693359375,1,21300.693359375
18,2025-12-10,1687.993408203125,1,21300.693359375
19,2025-12-10,1299.35205078125,1,21300.693359375
20,2025-12-10,835.65380859375,1,21300.693359375
21,2025-12-10,468.60614013671875,1,21300.693359375
22,2025-12-10,169.20057678222656,1,21300.693359375
23,2025-12-10,33.030380249023438,1,21300.693359375
0,2025-12-11,2.9590268135070801,1,21189.998046875
1,2025-12-11,0.0045985430479049683,1,21189.998046875
2,2025-12-11,0.0062965899705886841,1,21189.998046875
3,2025-12-11,0.024067908525466919,1,21189.998046875
4,2025-12-11,9.7132282257080078,1,21189.998046875
5,2025-12-11,123.67173767089844,1,21189.998046875
6,2025-12-11,494.429443359375,1,21189.998046875
7,2025-12-11,1380.484375,1,21189.998046875
8,2025-12-11,1789.2423095703125,1,21189.998046875
9,2025-12-11,1431.83447265625,1,21189.998046875
10,2025-12-11,1284.4833984375,1,21189.998046875
11,2025-12-11,1353.955810546875,1,21189.998046875
12,2025-12-11,1403.8929443359375,1,21189.998046875
13,2025-12-11,1423.4365234375,1,21189.998046875
14,2025-12-11,1343.6953125,1,21189.998046875
15,2025-12-11,1446.747802734375,1,21189.998046875
16,2025-12-11,1464.811767578125,1,21189.998046875
17,2025-12-11,1679.5712890625,1,21189.998046875
18,2025-12-11,1683.734130859375,1,21189.998046875
19,2025-12-11,1292.3565673828125,1,21189.998046875
20,2025-12-11,836.03369140625,1,21189.998046875
21,2025-12-11,472.67282104492188,1,21189.998046875
22,2025-12-11,169.20292663574219,1,21189.998046875
23,2025-12-11,35.450714111328125,1,21189.998046875
0,2025-12-12,3.2995691299438477,1,20791.947265625
1,2025-12-12,0.006204947829246521,1,20791.947265625
2,2025-12-12,0.0055744349956512451,1,20791.947265625
3,2025-12-12,0.024016886949539185,1,20791.947265625
4,2025-12-12,8.6719932556152344,1,20791.947265625
5,2025-12-12,124.41583251953125,1,20791.947265625
6,2025-12-12,477.80850219726562,1,20791.947265625
7,2025-12-12,1353.7216796875,1,20791.947265625
8,2025-12-12,1741.14892578125,1,20791.947265625
9,2025-12-12,1395.2843017578125,1,20791.947265625
10,2025-12-12,1252.656982421875,1,20791.947265625
11,2025-12-12,1353.1785888671875,1,20791.947265625
12,2025-12-12,1376.5794677734375,1,20791.947265625
13,2025-12-12,1412.407470703125,1,20791.947265625
14,2025-12-12,1319.9112548828125,1,20791.947265625
15,2025-12-12,1438.5615234375,1,20791.947265625
16,2025-12-12,1477.390625,1,20791.947265625
17,2025-12-12,1647.714111328125,1,20791.947265625
18,2025-12-12,1506.2330322265625,1,20791.947265625
19,2025-12-12,1163.998046875,1,20791.947265625
20,2025-12-12,788.13275146484375,1,20791.947265625
21,2025-12-12,467.26168823242188,1,20791.947265625
22,2025-12-12,172.1177978515625,1,20791.947265625
23,2025-12-12,38.450706481933594,1,20791.947265625
0,2025-12-13,3.3523750305175781,1,10036.849609375
1,2025-12-13,0.0060637220740318298,1,10036.849609375
2,2025-12-13,0.0069377347826957703,1,10036.849609375
3,2025-12-13,0.027140378952026367,1,10036.849609375
4,2025-12-13,0.15828132629394531,1,10036.849609375
5,2025-12-13,29.201408386230469,1,10036.849609375
6,2025-12-13,147.81002807617188,1,10036.849609375
7,2025-12-13,320.7943115234375,1,10036.849609375
8,2025-12-13,433.068359375,1,10036.849609375
9,2025-12-13,692.8428955078125,1,10036.849609375
10,2025-12-13,800.2015380859375,1,10036.849609375
11,2025-12-13,788.6527099609375,1,10036.849609375
12,2025-12-13,986.27001953125,1,10036.849609375
13,2025-12-13,1004.124267578125,1,10036.849609375
14,2025-12-13,904.5357666015625,1,10036.849609375
15,2025-12-13,775.5367431640625,1,10036.849609375
16,2025-12-13,713.30340576171875,1,10036.849609375
17,2025-12-13,655.43450927734375,1,10036.849609375
18,2025-12-13,586.42279052734375,1,10036.849609375
19,2025-12-13,514.71905517578125,1,10036.849609375
20,2025-12-13,381.99200439453125,1,10036.849609375
21,2025-12-13,292.26858520507812,1,10036.849609375
22,2025-12-13,101.60257720947266,1,10036.849609375
23,2025-12-13,29.391382217407227,1,10036.849609375
0,2025-12-14,0.16884183883666992,1,9269.33203125
1,2025-12-14,0.0055486932396888733,1,9269.33203125
2,2025-12-14,0.0047825872898101807,1,9269.33203125
3,2025-12-14,0.02038043737411499,1,9269.33203125
4,2025-12-14,-0.038847923278808594,1,9269.33203125
5,2025-12-14,24.37591552734375,1,9269.33203125
6,2025-12-14,125.77310180664062,1,9269.33203125
7,2025-12-14,280.85089111328125,1,9269.33203125
8,2025-12-14,380.469482421875,1,9269.33203125
9,2025-12-14,616.6031494140625,1,9269.33203125
10,2025-12-14,695.46234130859375,1,9269.33203125
11,2025-12-14,731.4232177734375,1,9269.33203125
12,2025-12-14,888.02294921875,1,9269.33203125
13,2025-12-14,921.0872802734375,1,9269.33203125
14,2025-12-14,803.45465087890625,1,9269.33203125
15,2025-12-14,717.54541015625,1,9269.33203125
16,2025-12-14,653.265380859375,1,9269.33203125
17,2025-12-14,599.99542236328125,1,9269.33203125
18,2025-12-14,535.45025634765625,1,9269.33203125
19,2025-12-14,459.70196533203125,1,9269.33203125
20,2025-12-14,350.66604614257812,1,9269.33203125
21,2025-12-14,272.37362670898438,1,9269.33203125
22,2025-12-14,90.886100769042969,1,9269.33203125
23,2025-12-14,27.921440124511719,1,9269.33203125
0,2025-12-15,0.20846271514892578,1,20882.849609375
1,2025-12-15,0.0059396177530288696,1,20882.849609375
2,2025-12-15,0.0059293061494827271,1,20882.849609375
3,2025-12-15,0.016518473625183105,1,20882.849609375
4,2025-12-15,10.500244140625,1,20882.849609375
5,2025-12-15,125.63053894042969,1,20882.849609375
6,2025-12-15,495.78494262695312,1,20882.849609375
7,2025-12-15,1361.67822265625,1,20882.849609375
8,2025-12-15,1757.60302734375,1,20882.849609375
9,2025-12-15,1400.0306396484375,1,20882.849609375
10,2025-12-15,1225.732421875,1,20882.849609375
11,2025-12-15,1303.0870361328125,1,20882.849609375
12,2025-12-15,1385.17578125,1,20882.849609375
13,2025-12-15,1380.036376953125,1,20882.849609375
14,2025-12-15,1291.375732421875,1,20882.849609375
15,2025-12-15,1417.778564453125,1,20882.849609375
16,2025-12-15,1446.0032958984375,1,20882.849609375
17,2025-12-15,1682.8214111328125,1,20882.849609375
18,2025-12-15,1720.2279052734375,1,20882.849609375
19,2025-12-15,1310.3076171875,1,20882.849609375
20,2025-12-15,833.3321533203125,1,20882.849609375
21,2025-12-15,456.97332763671875,1,20882.849609375
22,2025-12-15,155.642333984375,1,20882.849609375
23,2025-12-15,32.06964111328125,1,20882.849609375
0,2025-12-16,1.971712589263916,1,20992.359375
1,2025-12-16,0.0061690360307693481,1,20992.359375
2,2025-12-16,0.0066164955496788025,1,20992.359375
3,2025-12-16,0.023948371410369873,1,20992.359375
4,2025-12-16,10.33258056640625,1,20992.359375
5,2025-12-16,125.30135345458984,1,20992.359375
6,2025-12-16,496.8905029296875,1,20992.359375
7,2025-12-16,1376.5443115234375,1,20992.359375
8,2025-12-16,1770.282470703125,1,20992.359375
9,2025-12-16,1452.345947265625,1,20992.359375
10,2025-12-16,1284.5362548828125,1,20992.359375
11,2025-12-16,1344.828369140625,1,20992.359375
12,2025-12-16,1397.99462890625,1,20992.359375
13,2025-12-16,1402.633056640625,1,20992.359375
14,2025-12-16,1292.2235107421875,1,20992.359375
15,2025-12-16,1407.044189453125,1,20992.359375
16,2025-12-16,1444.048828125,1,20992.359375
17,2025-12-16,1665.749755859375,1,20992.359375
18,2025-12-16,1697.708984375,1,20992.359375
19,2025-12-16,1299.2178955078125,1,20992.359375
20,2025-12-16,839.002197265625,1,20992.359375
21,2025-12-16,465.79193115234375,1,20992.359375
22,2025-12-16,162.76104736328125,1,20992.359375
23,2025-12-16,34.939746856689453,1,20992.359375
0,2025-12-17,2.666295051574707,1,21148.58984375
1,2025-12-17,0.0056138932704925537,1,21148.58984375
2,2025-12-17,0.0071185603737831116,1,21148.58984375
3,2025-12-17,0.02481156587600708,1,21148.58984375
4,2025-12-17,10.242382049560547,1,21148.58984375
5,2025-12-17,125.09165954589844,1,21148.58984375
6,2025-12-17,495.61163330078125,1,21148.58984375
7,2025-12-17,1358.908203125,1,21148.58984375
8,2025-12-17,1783.6925048828125,1,21148.58984375
9,2025-12-17,1443.0399169921875,1,21148.58984375
10,2025-12-17,1272.98876953125,1,21148.58984375
11,2025-12-17,1338.9908447265625,1,21148.58984375
12,2025-12-17,1392.65625,1,21148.58984375
13,2025-12-17,1415.6025390625,1,21148.58984375
14,2025-12-17,1310.99951171875,1,21148.58984375
15,2025-12-17,1418.9932861328125,1,21148.58984375
16,2025-12-17,1442.6009521484375,1,21148.58984375
17,2025-12-17,1673.5400390625,1,21148.58984375
18,2025-12-17,1695.5806884765625,1,21148.58984375
19,2025-12-17,1306.3656005859375,1,21148.58984375
20,2025-12-17,835.8990478515625,1,21148.58984375
21,2025-12-17,466.91702270507812,1,21148.58984375
22,2025-12-17,166.97830200195312,1,21148.58984375
23,2025-12-17,34.293468475341797,1,21148.58984375
0,2025-12-18,3.119499683380127,1,21160.546875
1,2025-12-18,0.0053856298327445984,1,21160.546875
2,2025-12-18,0.0057572424411773682,1,21160.546875
3,2025-12-18,0.019108891487121582,1,21160.546875
4,2025-12-18,9.8674945831298828,1,21160.546875
5,2025-12-18,122.23873138427734,1,21160.546875
6,2025-12-18,493.88729858398438,1,21160.546875
7,2025-12-18,1366.26708984375,1,21160.546875
8,2025-12-18,1792.5537109375,1,21160.546875
9,2025-12-18,1445.7537841796875,1,21160.546875
10,2025-12-18,1290.1265869140625,1,21160.546875
11,2025-12-18,1351.059326171875,1,21160.546875
12,2025-12-18,1402.6829833984375,1,21160.546875
13,2025-12-18,1420.639404296875,1,21160.546875
14,2025-12-18,1322.0947265625,1,21160.546875
15,2025-12-18,1432.555908203125,1,21160.546875
16,2025-12-18,1456.8004150390625,1,21160.546875
17,2025-12-18,1688.73974609375,1,21160.546875
18,2025-12-18,1684.4102783203125,1,21160.546875
19,2025-12-18,1294.88916015625,1,21160.546875
20,2025-12-18,837.263427734375,1,21160.546875
21,2025-12-18,470.35052490234375,1,21160.546875
22,2025-12-18,169.3409423828125,1,21160.546875
23,2025-12-18,36.518905639648438,1,21160.546875
0,2025-12-19,3.1974515914916992,1,20716.525390625
1,2025-12-19,0.0023123472929000854,1,20716.525390625
2,2025-12-19,0.0055911391973495483,1,20716.525390625
3,2025-12-19,0.02104485034942627,1,20716.525390625
4,2025-12-19,8.6496601104736328,1,20716.525390625
5,2025-12-19,122.50344085693359,1,20716.525390625
6,2025-12-19,474.61312866210938,1,20716.525390625
7,2025-12-19,1292.6845703125,1,20716.525390625
8,2025-12-19,1680.107421875,1,20716.525390625
9,2025-12-19,1382.466552734375,1,20716.525390625
10,2025-12-19,1248.60205078125,1,20716.525390625
11,2025-12-19,1327.4093017578125,1,20716.525390625
12,2025-12-19,1346.958251953125,1,20716.525390625
13,2025-12-19,1382.9765625,1,20716.525390625
14,2025-12-19,1266.449951171875,1,20716.525390625
15,2025-12-19,1387.879638671875,1,20716.525390625
16,2025-12-19,1434.0745849609375,1,20716.525390625
17,2025-12-19,1612.7303466796875,1,20716.525390625
18,2025-12-19,1485.210693359375,1,20716.525390625
19,2025-12-19,1144.8092041015625,1,20716.525390625
20,2025-12-19,774.47796630859375,1,20716.525390625
21,2025-12-19,462.67633056640625,1,20716.525390625
22,2025-12-19,168.48628234863281,1,20716.525390625
23,2025-12-19,39.506187438964844,1,20716.525390625
0,2025-12-20,3.1685528755187988,1,10806.4609375
1,2025-12-20,0.002966664731502533,1,10806.4609375
2,2025-12-20,0.0043682456016540527,1,10806.4609375
3,2025-12-20,0.017583966255187988,1,10806.4609375
4,2025-12-20,0.17352581024169922,1,10806.4609375
5,2025-12-20,33.192535400390625,1,10806.4609375
6,2025-12-20,166.63853454589844,1,10806.4609375
7,2025-12-20,374.230224609375,1,10806.4609375
8,2025-12-20,487.6295166015625,1,10806.4609375
9,2025-12-20,733.750732421875,1,10806.4609375
10,2025-12-20,834.934326171875,1,10806.4609375
11,2025-12-20,797.72491455078125,1,10806.4609375
12,2025-12-20,991.3499755859375,1,10806.4609375
13,2025-12-20,1028.612060546875,1,10806.4609375
14,2025-12-20,906.3056640625,1,10806.4609375
15,2025-12-20,800.438232421875,1,10806.4609375
16,2025-12-20,766.7667236328125,1,10806.4609375
17,2025-12-20,709.639404296875,1,10806.4609375
18,2025-12-20,620.08441162109375,1,10806.4609375
19,2025-12-20,537.39111328125,1,10806.4609375
20,2025-12-20,399.39923095703125,1,10806.4609375
21,2025-12-20,290.647216796875,1,10806.4609375
22,2025-12-20,100.72193908691406,1,10806.4609375
23,2025-12-20,31.114933013916016,1,10806.4609375
0,2025-12-21,0.21045589447021484,1,8955.486328125
1,2025-12-21,0.0033171549439430237,1,8955.486328125
2,2025-12-21,0.0047465935349464417,1,8955.486328125
3,2025-12-21,0.016429901123046875,1,8955.486328125
4,2025-12-21,-0.027033805847167969,1,8955.486328125
5,2025-12-21,24.24609375,1,8955.486328125
6,2025-12-21,134.92874145507812,1,8955.486328125
7,2025-12-21,283.08538818359375,1,8955.486328125
8,2025-12-21,381.75750732421875,1,8955.486328125
9,2025-12-21,620.04876708984375,1,8955.486328125
10,2025-12-21,687.5654296875,1,8955.486328125
11,2025-12-21,704.3790283203125,1,8955.486328125
12,2025-12-21,849.1376953125,1,8955.486328125
13,2025-12-21,913.15618896484375,1,8955.486328125
14,2025-12-21,782.2213134765625,1,8955.486328125
15,2025-12-21,704.908447265625,1,8955.486328125
16,2025-12-21,663.05029296875,1,8955.486328125
17,2025-12-21,622.64141845703125,1,8955.486328125
18,2025-12-21,548.3206787109375,1,8955.486328125
19,2025-12-21,465.21453857421875,1,8955.486328125
20,2025-12-21,354.59649658203125,1,8955.486328125
21,2025-12-21,268.70379638671875,1,8955.486328125
22,2025-12-21,93.750900268554688,1,8955.486328125
23,2025-12-21,29.301246643066406,1,8955.486328125
0,2025-12-22,0.23391246795654297,1,20624.51953125
1,2025-12-22,0.0041126012802124023,1,20624.51953125
2,2025-12-22,0.0046195834875106812,1,20624.51953125
3,2025-12-22,0.015535265207290649,1,20624.51953125
4,2025-12-22,10.371616363525391,1,20624.51953125
5,2025-12-22,125.68623352050781,1,20624.51953125
6,2025-12-22,490.82763671875,1,20624.51953125
7,2025-12-22,1339.08251953125,1,20624.51953125
8,2025-12-22,1739.9307861328125,1,20624.51953125
9,2025-12-22,1401.282470703125,1,20624.51953125
10,2025-12-22,1247.97412109375,1,20624.51953125
11,2025-12-22,1309.5025634765625,1,20624.51953125
12,2025-12-22,1365.0098876953125,1,20624.51953125
13,2025-12-22,1379.20556640625,1,20624.51953125
14,2025-12-22,1277.7315673828125,1,20624.51953125
15,2025-12-22,1403.25341796875,1,20624.51953125
16,2025-12-22,1435.275634765625,1,20624.51953125
17,2025-12-22,1659.58056640625,1,20624.51953125
18,2025-12-22,1692.585693359375,1,20624.51953125
19,2025-12-22,1293.081298828125,1,20624.51953125
20,2025-12-22,826.0235595703125,1,20624.51953125
21,2025-12-22,459.8404541015625,1,20624.51953125
22,2025-12-22,155.41055297851562,1,20624.51953125
23,2025-12-22,33.228908538818359,1,20624.51953125
0,2025-12-23,1.8574409484863281,1,20727.060546875
1,2025-12-23,0.004090331494808197,1,20727.060546875
2,2025-12-23,0.0078843235969543457,1,20727.060546875
3,2025-12-23,0.027814418077468872,1,20727.060546875
4,2025-12-23,10.497629165649414,1,20727.060546875
5,2025-12-23,126.63411712646484,1,20727.060546875
6,2025-12-23,491.64312744140625,1,20727.060546875
7,2025-12-23,1353.234375,1,20727.060546875
8,2025-12-23,1757.09619140625,1,20727.060546875
9,2025-12-23,1449.031005859375,1,20727.060546875
10,2025-12-23,1284.5716552734375,1,20727.060546875
11,2025-12-23,1338.7794189453125,1,20727.060546875
12,2025-12-23,1375.3001708984375,1,20727.060546875
13,2025-12-23,1402.6114501953125,1,20727.060546875
14,2025-12-23,1279.1239013671875,1,20727.060546875
15,2025-12-23,1398.406982421875,1,20727.060546875
16,2025-12-23,1427.7603759765625,1,20727.060546875
17,2025-12-23,1655.055908203125,1,20727.060546875
18,2025-12-23,1692.6077880859375,1,20727.060546875
19,2025-12-23,1292.551025390625,1,20727.060546875
20,2025-12-23,833.3056640625,1,20727.060546875
21,2025-12-23,462.83746337890625,1,20727.060546875
22,2025-12-23,166.26235961914062,1,20727.060546875
23,2025-12-23,34.94903564453125,1,20727.060546875
0,2025-12-24,2.8769493103027344,1,20831.70703125
1,2025-12-24,0.0029760003089904785,1,20831.70703125
2,2025-12-24,0.0087054148316383362,1,20831.70703125
3,2025-12-24,0.029236257076263428,1,20831.70703125
4,2025-12-24,10.462179183959961,1,20831.70703125
5,2025-12-24,126.67829132080078,1,20831.70703125
6,2025-12-24,488.27325439453125,1,20831.70703125
7,2025-12-24,1327.83056640625,1,20831.70703125
8,2025-12-24,1741.7081298828125,1,20831.70703125
9,2025-12-24,1429.427001953125,1,20831.70703125
10,2025-12-24,1258.099365234375,1,20831.70703125
11,2025-12-24,1324.8382568359375,1,20831.70703125
12,2025-12-24,1364.2647705078125,1,20831.70703125
13,2025-12-24,1397.484619140625,1,20831.70703125
14,2025-12-24,1274.599609375,1,20831.70703125
15,2025-12-24,1384.514404296875,1,20831.70703125
16,2025-12-24,1407.316650390625,1,20831.70703125
17,2025-12-24,1638.716796875,1,20831.70703125
18,2025-12-24,1674.759521484375,1,20831.70703125
19,2025-12-24,1277.1646728515625,1,20831.70703125
20,2025-12-24,827.7314453125,1,20831.70703125
21,2025-12-24,461.2301025390625,1,20831.70703125
22,2025-12-24,171.77281188964844,1,20831.70703125
23,2025-12-24,33.896476745605469,1,20831.70703125
0,2025-12-25,2.7649781703948975,1,20584.80078125
1,2025-12-25,0.0038908049464225769,1,20584.80078125
2,2025-12-25,0.0055046752095222473,1,20584.80078125
3,2025-12-25,0.019978344440460205,1,20584.80078125
4,2025-12-25,9.6850013732910156,1,20584.80078125
5,2025-12-25,121.89839935302734,1,20584.80078125
6,2025-12-25,481.08935546875,1,20584.80078125
7,2025-12-25,1313.476318359375,1,20584.80078125
8,2025-12-25,1718.2503662109375,1,20584.80078125
9,2025-12-25,1401.526123046875,1,20584.80078125
10,2025-12-25,1256.103515625,1,20584.80078125
11,2025-12-25,1316.702392578125,1,20584.80078125
12,2025-12-25,1356.52099609375,1,20584.80078125
13,2025-12-25,1379.20654296875,1,20584.80078125
14,2025-12-25,1266.050537109375,1,20584.80078125
15,2025-12-25,1373.97412109375,1,20584.80078125
16,2025-12-25,1405.2845458984375,1,20584.80078125
17,2025-12-25,1619.8052978515625,1,20584.80078125
18,2025-12-25,1646.2320556640625,1,20584.80078125
19,2025-12-25,1258.523193359375,1,20584.80078125
20,2025-12-25,812.90887451171875,1,20584.80078125
21,2025-12-25,462.91787719726562,1,20584.80078125
22,2025-12-25,170.81231689453125,1,20584.80078125
23,2025-12-25,36.616462707519531,1,20584.80078125
0,2025-12-26,2.5998315811157227,1,20321.962890625
1,2025-12-26,0.0030844211578369141,1,20321.962890625
2,2025-12-26,0.0060939639806747437,1,20321.962890625
3,2025-12-26,0.022368878126144409,1,20321.962890625
4,2025-12-26,8.4535388946533203,1,20321.962890625
5,2025-12-26,122.31344604492188,1,20321.962890625
6,2025-12-26,466.04052734375,1,20321.962890625
7,2025-12-26,1259.7376708984375,1,20321.962890625
8,2025-12-26,1663.3330078125,1,20321.962890625
9,2025-12-26,1378.247802734375,1,20321.962890625
10,2025-12-26,1229.9681396484375,1,20321.962890625
11,2025-12-26,1310.9232177734375,1,20321.962890625
12,2025-12-26,1332.6475830078125,1,20321.962890625
13,2025-12-26,1347.0740966796875,1,20321.962890625
14,2025-12-26,1222.2701416015625,1,20321.962890625
15,2025-12-26,1338.31787109375,1,20321.962890625
16,2025-12-26,1390.1097412109375,1,20321.962890625
17,2025-12-26,1585.2020263671875,1,20321.962890625
18,2025-12-26,1468.2142333984375,1,20321.962890625
19,2025-12-26,1139.0814208984375,1,20321.962890625
20,2025-12-26,761.84808349609375,1,20321.962890625
21,2025-12-26,458.75106811523438,1,20321.962890625
22,2025-12-26,167.40248107910156,1,20321.962890625
23,2025-12-26,37.809207916259766,1,20321.962890625
0,2025-12-27,2.8307323455810547,1,9257.1875
1,2025-12-27,0.0021168515086174011,1,9257.1875
2,2025-12-27,0.0064933598041534424,1,9257.1875
3,2025-12-27,0.024915754795074463,1,9257.1875
4,2025-12-27,0.19711112976074219,1,9257.1875
5,2025-12-27,34.553390502929688,1,9257.1875
6,2025-12-27,173.56062316894531,1,9257.1875
7,2025-12-27,377.43792724609375,1,9257.1875
8,2025-12-27,487.613037109375,1,9257.1875
9,2025-12-27,758.04962158203125,1,9257.1875
10,2025-12-27,862.98822021484375,1,9257.1875
11,2025-12-27,811.78216552734375,1,9257.1875
12,2025-12-27,1020.6392211914062,1,9257.1875
13,2025-12-27,1036.515625,1,9257.1875
14,2025-12-27,896.85107421875,1,9257.1875
15,2025-12-27,790.2469482421875,1,9257.1875
16,2025-12-27,775.5997314453125,1,9257.1875
17,2025-12-27,727.768310546875,1,9257.1875
18,2025-12-27,633.21221923828125,1,9257.1875
19,2025-12-27,553.3148193359375,1,9257.1875
20,2025-12-27,411.79510498046875,1,9257.1875
21,2025-12-27,299.37759399414062,1,9257.1875
22,2025-12-27,100.58248901367188,1,9257.1875
23,2025-12-27,29.079780578613281,1,9257.1875
0,2025-12-28,0.21497297286987305,1,8362.326171875
1,2025-12-28,0.003495827317237854,1,8362.326171875
2,2025-12-28,0.0062501206994056702,1,8362.326171875
3,2025-12-28,0.024172157049179077,1,8362.326171875
4,2025-12-28,-0.10415506362915039,1,8362.326171875
5,2025-12-28,25.256439208984375,1,8362.326171875
6,2025-12-28,138.08087158203125,1,8362.326171875
7,2025-12-28,288.03839111328125,1,8362.326171875
8,2025-12-28,379.48590087890625,1,8362.326171875
9,2025-12-28,615.32000732421875,1,8362.326171875
10,2025-12-28,682.8062744140625,1,8362.326171875
11,2025-12-28,703.08544921875,1,8362.326171875
12,2025-12-28,869.869384765625,1,8362.326171875
13,2025-12-28,907.25299072265625,1,8362.326171875
14,2025-12-28,781.29400634765625,1,8362.326171875
15,2025-12-28,684.09918212890625,1,8362.326171875
16,2025-12-28,647.68170166015625,1,8362.326171875
17,2025-12-28,617.8232421875,1,8362.326171875
18,2025-12-28,543.68585205078125,1,8362.326171875
19,2025-12-28,459.531494140625,1,8362.326171875
20,2025-12-28,354.70266723632812,1,8362.326171875
21,2025-12-28,270.34820556640625,1,8362.326171875
22,2025-12-28,93.274421691894531,1,8362.326171875
23,2025-12-28,26.761756896972656,1,8362.326171875
0,2025-12-29,0.15211248397827148,1,20786.37890625
1,2025-12-29,0.0031404867768287659,1,20786.37890625
2,2025-12-29,0.0075732395052909851,1,20786.37890625
3,2025-12-29,0.026948899030685425,1,20786.37890625
4,2025-12-29,10.370824813842773,1,20786.37890625
5,2025-12-29,126.35836029052734,1,20786.37890625
6,2025-12-29,490.8731689453125,1,20786.37890625
7,2025-12-29,1341.7493896484375,1,20786.37890625
8,2025-12-29,1738.4334716796875,1,20786.37890625
9,2025-12-29,1412.836669921875,1,20786.37890625
10,2025-12-29,1249.142578125,1,20786.37890625
11,2025-12-29,1314.32470703125,1,20786.37890625
12,2025-12-29,1349.9827880859375,1,20786.37890625
13,2025-12-29,1380.9776611328125,1,20786.37890625
14,2025-12-29,1269.946533203125,1,20786.37890625
15,2025-12-29,1390.2008056640625,1,20786.37890625
16,2025-12-29,1431.01171875,1,20786.37890625
17,2025-12-29,1671.43798828125,1,20786.37890625
18,2025-12-29,1699.420166015625,1,20786.37890625
19,2025-12-29,1291.4527587890625,1,20786.37890625
20,2025-12-29,829.7215576171875,1,20786.37890625
21,2025-12-29,452.394775390625,1,20786.37890625
22,2025-12-29,158.66244506835938,1,20786.37890625
23,2025-12-29,31.406362533569336,1,20786.37890625
0,2025-12-30,1.7230074405670166,1,21001.01171875
1,2025-12-30,0.003754056990146637,1,21001.01171875
2,2025-12-30,0.00656871497631073,1,21001.01171875
3,2025-12-30,0.025913834571838379,1,21001.01171875
4,2025-12-30,10.493348121643066,1,21001.01171875
5,2025-12-30,128.90835571289062,1,21001.01171875
6,2025-12-30,495.29055786132812,1,21001.01171875
7,2025-12-30,1369.10302734375,1,21001.01171875
8,2025-12-30,1776.6673583984375,1,21001.01171875
9,2025-12-30,1466.2431640625,1,21001.01171875
10,2025-12-30,1292.2681884765625,1,21001.01171875
11,2025-12-30,1341.60693359375,1,21001.01171875
12,2025-12-30,1373.3594970703125,1,21001.01171875
13,2025-12-30,1400.0660400390625,1,21001.01171875
14,2025-12-30,1261.9161376953125,1,21001.01171875
15,2025-12-30,1390.61181640625,1,21001.01171875
16,2025-12-30,1438.2940673828125,1,21001.01171875
17,2025-12-30,1679.18603515625,1,21001.01171875
18,2025-12-30,1696.6279296875,1,21001.01171875
19,2025-12-30,1297.3045654296875,1,21001.01171875
20,2025-12-30,837.7669677734375,1,21001.01171875
21,2025-12-30,461.19009399414062,1,21001.01171875
22,2025-12-30,165.80889892578125,1,21001.01171875
23,2025-12-30,33.253974914550781,1,21001.01171875
0,2025-12-31,1.1522109508514404,1,8143.40625
1,2025-12-31,0.004521392285823822,1,8143.40625
2,2025-12-31,0.0073208063840866089,1,8143.40625
3,2025-12-31,0.021924972534179688,1,8143.40625
4,2025-12-31,8.7307872772216797,1,8143.40625
5,2025-12-31,25.157768249511719,1,8143.40625
6,2025-12-31,148.41429138183594,1,8143.40625
7,2025-12-31,266.30609130859375,1,8143.40625
8,2025-12-31,615.783203125,1,8143.40625
9,2025-12-31,795.7862548828125,1,8143.40625
10,2025-12-31,678.256103515625,1,8143.40625
11,2025-12-31,603.97625732421875,1,8143.40625
12,2025-12-31,730.0234375,1,8143.40625
13,2025-12-31,708.5478515625,1,8143.40625
14,2025-12-31,645.4942626953125,1,8143.40625
15,2025-12-31,541.82342529296875,1,8143.40625
16,2025-12-31,498.7117919921875,1,8143.40625
17,2025-12-31,641.22381591796875,1,8143.40625
18,2025-12-31,720.98333740234375,1,8143.40625
19,2025-12-31,550.9136962890625,1,8143.40625
20,2025-12-31,305.91665649414062,1,8143.40625
21,2025-12-31,265.90093994140625,1,8143.40625
22,2025-12-31,101.03598785400391,1,8143.40625
23,2025-12-31,29.512041091918945,1,8143.40625
0,2025-11-01,94.392807006835938,7,14281.154296875
1,2025-11-01,17.386932373046875,7,14281.154296875
2,2025-11-01,0.021328464150428772,7,14281.154296875
3,2025-11-01,0.019897758960723877,7,14281.154296875
4,2025-11-01,0.37431585788726807,7,14281.154296875
5,2025-11-01,28.923927307128906,7,14281.154296875
6,2025-11-01,177.53512573242188,7,14281.154296875
7,2025-11-01,235.76654052734375,7,14281.154296875
8,2025-11-01,456.6474609375,7,14281.154296875
9,2025-11-01,558.61956787109375,7,14281.154296875
10,2025-11-01,573.32354736328125,7,14281.154296875
11,2025-11-01,656.80084228515625,7,14281.154296875
12,2025-11-01,805.2913818359375,7,14281.154296875
13,2025-11-01,745.2864990234375,7,14281.154296875
14,2025-11-01,750.827880859375,7,14281.154296875
15,2025-11-01,733.8614501953125,7,14281.154296875
16,2025-11-01,691.306884765625,7,14281.154296875
17,2025-11-01,663.7530517578125,7,14281.154296875
18,2025-11-01,657.652587890625,7,14281.154296875
19,2025-11-01,551.96575927734375,7,14281.154296875
20,2025-11-01,462.94171142578125,7,14281.154296875
21,2025-11-01,315.83782958984375,7,14281.154296875
22,2025-11-01,167.50503540039062,7,14281.154296875
23,2025-11-01,148.13768005371094,7,14281.154296875
0,2025-11-02,99.31829833984375,7,6549.35546875
1,2025-11-02,17.13361930847168,7,6549.35546875
2,2025-11-02,0.023947015404701233,7,6549.35546875
3,2025-11-02,0.015200674533843994,7,6549.35546875
4,2025-11-02,0.30783629417419434,7,6549.35546875
5,2025-11-02,13.734603881835938,7,6549.35546875
6,2025-11-02,117.3681640625,7,6549.35546875
7,2025-11-02,124.699951171875,7,6549.35546875
8,2025-11-02,293.100341796875,7,6549.35546875
9,2025-11-02,437.388671875,7,6549.35546875
10,2025-11-02,421.46160888671875,7,6549.35546875
11,2025-11-02,577.06182861328125,7,6549.35546875
12,2025-11-02,651.4967041015625,7,6549.35546875
13,2025-11-02,621.7042236328125,7,6549.35546875
14,2025-11-02,660.30560302734375,7,6549.35546875
15,2025-11-02,624.748046875,7,6549.35546875
16,2025-11-02,576.50634765625,7,6549.35546875
17,2025-11-02,535.3402099609375,7,6549.35546875
18,2025-11-02,512.522705078125,7,6549.35546875
19,2025-11-02,390.988037109375,7,6549.35546875
20,2025-11-02,409.76287841796875,7,6549.35546875
21,2025-11-02,256.053955078125,7,6549.35546875
22,2025-11-02,147.39419555664062,7,6549.35546875
23,2025-11-02,117.86213684082031,7,6549.35546875
0,2025-11-03,71.769683837890625,7,15982.75
1,2025-11-03,11.061291694641113,7,15982.75
2,2025-11-03,0.022443458437919617,7,15982.75
3,2025-11-03,0.025620937347412109,7,15982.75
4,2025-11-03,0.79094719886779785,7,15982.75
5,2025-11-03,115.08427429199219,7,15982.75
6,2025-11-03,296.86557006835938,7,15982.75
7,2025-11-03,435.697265625,7,15982.75
8,2025-11-03,725.3826904296875,7,15982.75
9,2025-11-03,889.06903076171875,7,15982.75
10,2025-11-03,906.47991943359375,7,15982.75
11,2025-11-03,1015.24462890625,7,15982.75
12,2025-11-03,1104.116943359375,7,15982.75
13,2025-11-03,1095.8895263671875,7,15982.75
14,2025-11-03,834.68402099609375,7,15982.75
15,2025-11-03,953.109130859375,7,15982.75
16,2025-11-03,950.91143798828125,7,15982.75
17,2025-11-03,1029.945556640625,7,15982.75
18,2025-11-03,930.89117431640625,7,15982.75
19,2025-11-03,1027.0101318359375,7,15982.75
20,2025-11-03,772.5220947265625,7,15982.75
21,2025-11-03,372.47259521484375,7,15982.75
22,2025-11-03,214.25575256347656,7,15982.75
23,2025-11-03,121.84644317626953,7,15982.75
0,2025-11-04,62.293544769287109,7,15294.140625
1,2025-11-04,9.8209600448608398,7,15294.140625
2,2025-11-04,0.023194923996925354,7,15294.140625
3,2025-11-04,0.024865776300430298,7,15294.140625
4,2025-11-04,1.1758221387863159,7,15294.140625
5,2025-11-04,122.60960388183594,7,15294.140625
6,2025-11-04,319.36599731445312,7,15294.140625
7,2025-11-04,475.50732421875,7,15294.140625
8,2025-11-04,719.573486328125,7,15294.140625
9,2025-11-04,895.9991455078125,7,15294.140625
10,2025-11-04,923.2445068359375,7,15294.140625
11,2025-11-04,1126.0831298828125,7,15294.140625
12,2025-11-04,1200.502685546875,7,15294.140625
13,2025-11-04,1095.8177490234375,7,15294.140625
14,2025-11-04,865.5001220703125,7,15294.140625
15,2025-11-04,982.20721435546875,7,15294.140625
16,2025-11-04,936.7750244140625,7,15294.140625
17,2025-11-04,947.03411865234375,7,15294.140625
18,2025-11-04,993.6473388671875,7,15294.140625
19,2025-11-04,1065.884033203125,7,15294.140625
20,2025-11-04,837.313232421875,7,15294.140625
21,2025-11-04,449.2005615234375,7,15294.140625
22,2025-11-04,252.30429077148438,7,15294.140625
23,2025-11-04,143.45637512207031,7,15294.140625
0,2025-11-05,59.843406677246094,7,26527.041015625
1,2025-11-05,9.3788423538208008,7,26527.041015625
2,2025-11-05,0.018694400787353516,7,26527.041015625
3,2025-11-05,0.015711426734924316,7,26527.041015625
4,2025-11-05,1.2784644365310669,7,26527.041015625
5,2025-11-05,183.60220336914062,7,26527.041015625
6,2025-11-05,595.3526611328125,7,26527.041015625
7,2025-11-05,1499.2833251953125,7,26527.041015625
8,2025-11-05,2370.64697265625,7,26527.041015625
9,2025-11-05,1799.008544921875,7,26527.041015625
10,2025-11-05,1685.6580810546875,7,26527.041015625
11,2025-11-05,1557.1551513671875,7,26527.041015625
12,2025-11-05,1635.7200927734375,7,26527.041015625
13,2025-11-05,1576.6761474609375,7,26527.041015625
14,2025-11-05,1631.898681640625,7,26527.041015625
15,2025-11-05,1742.1531982421875,7,26527.041015625
16,2025-11-05,1856.4962158203125,7,26527.041015625
17,2025-11-05,2374.434814453125,7,26527.041015625
18,2025-11-05,2486.441162109375,7,26527.041015625
19,2025-11-05,1615.9857177734375,7,26527.041015625
20,2025-11-05,1072.287841796875,7,26527.041015625
21,2025-11-05,641.1356201171875,7,26527.041015625
22,2025-11-05,312.26254272460938,7,26527.041015625
23,2025-11-05,195.35125732421875,7,26527.041015625
0,2025-11-06,62.618209838867188,7,26531.79296875
1,2025-11-06,11.346357345581055,7,26531.79296875
2,2025-11-06,0.01773032546043396,7,26531.79296875
3,2025-11-06,0.017890095710754395,7,26531.79296875
4,2025-11-06,1.1190106868743896,7,26531.79296875
5,2025-11-06,180.41133117675781,7,26531.79296875
6,2025-11-06,593.5576171875,7,26531.79296875
7,2025-11-06,1475.267578125,7,26531.79296875
8,2025-11-06,2312.61572265625,7,26531.79296875
9,2025-11-06,1770.5498046875,7,26531.79296875
10,2025-11-06,1628.588134765625,7,26531.79296875
11,2025-11-06,1534.3399658203125,7,26531.79296875
12,2025-11-06,1614.82666015625,7,26531.79296875
13,2025-11-06,1568.512451171875,7,26531.79296875
14,2025-11-06,1648.63916015625,7,26531.79296875
15,2025-11-06,1707.76611328125,7,26531.79296875
16,2025-11-06,1806.5755615234375,7,26531.79296875
17,2025-11-06,2299.044677734375,7,26531.79296875
18,2025-11-06,2447.890625,7,26531.79296875
19,2025-11-06,1580.142822265625,7,26531.79296875
20,2025-11-06,1044.921142578125,7,26531.79296875
21,2025-11-06,621.9412841796875,7,26531.79296875
22,2025-11-06,306.83352661132812,7,26531.79296875
23,2025-11-06,198.84327697753906,7,26531.79296875
0,2025-11-07,65.726455688476562,7,25982.22265625
1,2025-11-07,10.946243286132812,7,25982.22265625
2,2025-11-07,0.019151955842971802,7,25982.22265625
3,2025-11-07,0.0092518627643585205,7,25982.22265625
4,2025-11-07,0.90976846218109131,7,25982.22265625
5,2025-11-07,178.73556518554688,7,25982.22265625
6,2025-11-07,582.07952880859375,7,25982.22265625
7,2025-11-07,1464.99853515625,7,25982.22265625
8,2025-11-07,2278.615234375,7,25982.22265625
9,2025-11-07,1737.205810546875,7,25982.22265625
10,2025-11-07,1648.379638671875,7,25982.22265625
11,2025-11-07,1540.666748046875,7,25982.22265625
12,2025-11-07,1635.7176513671875,7,25982.22265625
13,2025-11-07,1642.2684326171875,7,25982.22265625
14,2025-11-07,1665.680908203125,7,25982.22265625
15,2025-11-07,1775.904541015625,7,25982.22265625
16,2025-11-07,1920.2716064453125,7,25982.22265625
17,2025-11-07,2309.77197265625,7,25982.22265625
18,2025-11-07,2114.90869140625,7,25982.22265625
19,2025-11-07,1453.9134521484375,7,25982.22265625
20,2025-11-07,1013.3698120117188,7,25982.22265625
21,2025-11-07,607.41815185546875,7,25982.22265625
22,2025-11-07,308.08230590820312,7,25982.22265625
23,2025-11-07,221.98756408691406,7,25982.22265625
0,2025-11-08,96.284980773925781,7,10105.3720703125
1,2025-11-08,19.771005630493164,7,10105.3720703125
2,2025-11-08,0.018997788429260254,7,10105.3720703125
3,2025-11-08,0.016755819320678711,7,10105.3720703125
4,2025-11-08,0.4359133243560791,7,10105.3720703125
5,2025-11-08,35.7474365234375,7,10105.3720703125
6,2025-11-08,218.38427734375,7,10105.3720703125
7,2025-11-08,326.96209716796875,7,10105.3720703125
8,2025-11-08,581.8609619140625,7,10105.3720703125
9,2025-11-08,645.9071044921875,7,10105.3720703125
10,2025-11-08,617.9263916015625,7,10105.3720703125
11,2025-11-08,709.26641845703125,7,10105.3720703125
12,2025-11-08,862.49365234375,7,10105.3720703125
13,2025-11-08,808.64495849609375,7,10105.3720703125
14,2025-11-08,788.97760009765625,7,10105.3720703125
15,2025-11-08,787.30877685546875,7,10105.3720703125
16,2025-11-08,782.27972412109375,7,10105.3720703125
17,2025-11-08,767.328125,7,10105.3720703125
18,2025-11-08,797.830322265625,7,10105.3720703125
19,2025-11-08,609.37811279296875,7,10105.3720703125
20,2025-11-08,481.63742065429688,7,10105.3720703125
21,2025-11-08,358.9407958984375,7,10105.3720703125
22,2025-11-08,168.93316650390625,7,10105.3720703125
23,2025-11-08,148.19009399414062,7,10105.3720703125
0,2025-11-09,97.265083312988281,7,8276.0234375
1,2025-11-09,17.209894180297852,7,8276.0234375
2,2025-11-09,0.013163626194000244,7,8276.0234375
3,2025-11-09,0.017499983310699463,7,8276.0234375
4,2025-11-09,0.30747663974761963,7,8276.0234375
5,2025-11-09,24.089096069335938,7,8276.0234375
6,2025-11-09,150.0784912109375,7,8276.0234375
7,2025-11-09,228.77923583984375,7,8276.0234375
8,2025-11-09,441.76171875,7,8276.0234375
9,2025-11-09,554.58575439453125,7,8276.0234375
10,2025-11-09,507.36151123046875,7,8276.0234375
11,2025-11-09,647.74542236328125,7,8276.0234375
12,2025-11-09,725.34332275390625,7,8276.0234375
13,2025-11-09,699.6307373046875,7,8276.0234375
14,2025-11-09,728.94598388671875,7,8276.0234375
15,2025-11-09,730.42108154296875,7,8276.0234375
16,2025-11-09,703.98870849609375,7,8276.0234375
17,2025-11-09,717.673828125,7,8276.0234375
18,2025-11-09,720.0247802734375,7,8276.0234375
19,2025-11-09,535.45477294921875,7,8276.0234375
20,2025-11-09,445.06378173828125,7,8276.0234375
21,2025-11-09,308.99322509765625,7,8276.0234375
22,2025-11-09,155.00054931640625,7,8276.0234375
23,2025-11-09,123.55915069580078,7,8276.0234375
0,2025-11-10,65.782188415527344,7,26424.841796875
1,2025-11-10,10.716489791870117,7,26424.841796875
2,2025-11-10,0.015955269336700439,7,26424.841796875
3,2025-11-10,0.01659277081489563,7,26424.841796875
4,2025-11-10,0.79175770282745361,7,26424.841796875
5,2025-11-10,182.48649597167969,7,26424.841796875
6,2025-11-10,603.15850830078125,7,26424.841796875
7,2025-11-10,1532.3740234375,7,26424.841796875
8,2025-11-10,2408.14013671875,7,26424.841796875
9,2025-11-10,1810.456787109375,7,26424.841796875
10,2025-11-10,1679.9898681640625,7,26424.841796875
11,2025-11-10,1526.968017578125,7,26424.841796875
12,2025-11-10,1609.7315673828125,7,26424.841796875
13,2025-11-10,1596.0413818359375,7,26424.841796875
14,2025-11-10,1621.42041015625,7,26424.841796875
15,2025-11-10,1761.88427734375,7,26424.841796875
16,2025-11-10,1857.515869140625,7,26424.841796875
17,2025-11-10,2384.427978515625,7,26424.841796875
18,2025-11-10,2500.23046875,7,26424.841796875
19,2025-11-10,1657.65771484375,7,26424.841796875
20,2025-11-10,1074.1435546875,7,26424.841796875
21,2025-11-10,591.57073974609375,7,26424.841796875
22,2025-11-10,285.241455078125,7,26424.841796875
23,2025-11-10,159.14578247070312,7,26424.841796875
0,2025-11-11,58.032054901123047,7,26536.1484375
1,2025-11-11,9.5213327407836914,7,26536.1484375
2,2025-11-11,0.017524957656860352,7,26536.1484375
3,2025-11-11,0.018671512603759766,7,26536.1484375
4,2025-11-11,1.1970553398132324,7,26536.1484375
5,2025-11-11,184.20538330078125,7,26536.1484375
6,2025-11-11,609.09796142578125,7,26536.1484375
7,2025-11-11,1536.0694580078125,7,26536.1484375
8,2025-11-11,2402.63525390625,7,26536.1484375
9,2025-11-11,1821.9300537109375,7,26536.1484375
10,2025-11-11,1688.639404296875,7,26536.1484375
11,2025-11-11,1566.6190185546875,7,26536.1484375
12,2025-11-11,1665.4559326171875,7,26536.1484375
13,2025-11-11,1603.8017578125,7,26536.1484375
14,2025-11-11,1628.931640625,7,26536.1484375
15,2025-11-11,1763.9378662109375,7,26536.1484375
16,2025-11-11,1847.27197265625,7,26536.1484375
17,2025-11-11,2364.544921875,7,26536.1484375
18,2025-11-11,2512.451904296875,7,26536.1484375
19,2025-11-11,1687.1357421875,7,26536.1484375
20,2025-11-11,1086.5264892578125,7,26536.1484375
21,2025-11-11,640.94122314453125,7,26536.1484375
22,2025-11-11,300.7891845703125,7,26536.1484375
23,2025-11-11,185.31948852539062,7,26536.1484375
0,2025-11-12,59.498954772949219,7,26331.599609375
1,2025-11-12,8.7586803436279297,7,26331.599609375
2,2025-11-12,0.017863601446151733,7,26331.599609375
3,2025-11-12,0.020046710968017578,7,26331.599609375
4,2025-11-12,1.3157954216003418,7,26331.599609375
5,2025-11-12,184.612548828125,7,26331.599609375
6,2025-11-12,601.94268798828125,7,26331.599609375
7,2025-11-12,1500.180419921875,7,26331.599609375
8,2025-11-12,2394.38623046875,7,26331.599609375
9,2025-11-12,1820.7216796875,7,26331.599609375
10,2025-11-12,1701.5413818359375,7,26331.599609375
11,2025-11-12,1546.1981201171875,7,26331.599609375
12,2025-11-12,1646.41455078125,7,26331.599609375
13,2025-11-12,1573.725341796875,7,26331.599609375
14,2025-11-12,1632.74560546875,7,26331.599609375
15,2025-11-12,1750.4146728515625,7,26331.599609375
16,2025-11-12,1841.3953857421875,7,26331.599609375
17,2025-11-12,2366.66162109375,7,26331.599609375
18,2025-11-12,2463.662841796875,7,26331.599609375
19,2025-11-12,1633.849853515625,7,26331.599609375
20,2025-11-12,1074.3564453125,7,26331.599609375
21,2025-11-12,635.9075927734375,7,26331.599609375
22,2025-11-12,307.52688598632812,7,26331.599609375
23,2025-11-12,194.40068054199219,7,26331.599609375
0,2025-11-13,62.536506652832031,7,26284.921875
1,2025-11-13,11.40400505065918,7,26284.921875
2,2025-11-13,0.020320311188697815,7,26284.921875
3,2025-11-13,0.013771653175354004,7,26284.921875
4,2025-11-13,1.0978658199310303,7,26284.921875
5,2025-11-13,181.51179504394531,7,26284.921875
6,2025-11-13,596.65447998046875,7,26284.921875
7,2025-11-13,1494.58251953125,7,26284.921875
8,2025-11-13,2334.98681640625,7,26284.921875
9,2025-11-13,1777.6083984375,7,26284.921875
10,2025-11-13,1640.1767578125,7,26284.921875
11,2025-11-13,1522.8248291015625,7,26284.921875
12,2025-11-13,1618.9217529296875,7,26284.921875
13,2025-11-13,1567.3931884765625,7,26284.921875
14,2025-11-13,1651.0318603515625,7,26284.921875
15,2025-11-13,1707.767822265625,7,26284.921875
16,2025-11-13,1815.279296875,7,26284.921875
17,2025-11-13,2277.515380859375,7,26284.921875
18,2025-11-13,2453.5478515625,7,26284.921875
19,2025-11-13,1592.240966796875,7,26284.921875
20,2025-11-13,1046.6282958984375,7,26284.921875
21,2025-11-13,629.30120849609375,7,26284.921875
22,2025-11-13,305.49169921875,7,26284.921875
23,2025-11-13,202.11991882324219,7,26284.921875
0,2025-11-14,65.618988037109375,7,25820.021484375
1,2025-11-14,11.258432388305664,7,25820.021484375
2,2025-11-14,0.021776050329208374,7,25820.021484375
3,2025-11-14,0.011442005634307861,7,25820.021484375
4,2025-11-14,0.85575461387634277,7,25820.021484375
5,2025-11-14,180.94047546386719,7,25820.021484375
6,2025-11-14,590.58221435546875,7,25820.021484375
7,2025-11-14,1478.985595703125,7,25820.021484375
8,2025-11-14,2284.218017578125,7,25820.021484375
9,2025-11-14,1749.503662109375,7,25820.021484375
10,2025-11-14,1663.732666015625,7,25820.021484375
11,2025-11-14,1541.9130859375,7,25820.021484375
12,2025-11-14,1638.812744140625,7,25820.021484375
13,2025-11-14,1632.9588623046875,7,25820.021484375
14,2025-11-14,1664.6689453125,7,25820.021484375
15,2025-11-14,1772.3660888671875,7,25820.021484375
16,2025-11-14,1918.7960205078125,7,25820.021484375
17,2025-11-14,2281.79541015625,7,25820.021484375
18,2025-11-14,2077.27685546875,7,25820.021484375
19,2025-11-14,1430.9498291015625,7,25820.021484375
20,2025-11-14,1023.2208251953125,7,25820.021484375
21,2025-11-14,605.17633056640625,7,25820.021484375
22,2025-11-14,308.86572265625,7,25820.021484375
23,2025-11-14,222.1121826171875,7,25820.021484375
0,2025-11-15,94.729698181152344,7,10355.5693359375
1,2025-11-15,20.978713989257812,7,10355.5693359375
2,2025-11-15,0.01837196946144104,7,10355.5693359375
3,2025-11-15,0.01463627815246582,7,10355.5693359375
4,2025-11-15,0.39398097991943359,7,10355.5693359375
5,2025-11-15,37.205413818359375,7,10355.5693359375
6,2025-11-15,227.80484008789062,7,10355.5693359375
7,2025-11-15,381.6763916015625,7,10355.5693359375
8,2025-11-15,653.626220703125,7,10355.5693359375
9,2025-11-15,690.60113525390625,7,10355.5693359375
10,2025-11-15,665.6524658203125,7,10355.5693359375
11,2025-11-15,740.54315185546875,7,10355.5693359375
12,2025-11-15,889.0076904296875,7,10355.5693359375
13,2025-11-15,819.0845947265625,7,10355.5693359375
14,2025-11-15,811.359375,7,10355.5693359375
15,2025-11-15,828.91998291015625,7,10355.5693359375
16,2025-11-15,828.85009765625,7,10355.5693359375
17,2025-11-15,836.5615234375,7,10355.5693359375
18,2025-11-15,854.1107177734375,7,10355.5693359375
19,2025-11-15,639.94744873046875,7,10355.5693359375
20,2025-11-15,489.5025634765625,7,10355.5693359375
21,2025-11-15,365.4420166015625,7,10355.5693359375
22,2025-11-15,171.331298828125,7,10355.5693359375
23,2025-11-15,149.61041259765625,7,10355.5693359375
0,2025-11-16,98.308921813964844,7,8215.7001953125
1,2025-11-16,18.651887893676758,7,8215.7001953125
2,2025-11-16,0.019065529108047485,7,8215.7001953125
3,2025-11-16,0.013613313436508179,7,8215.7001953125
4,2025-11-16,0.24982094764709473,7,8215.7001953125
5,2025-11-16,25.17919921875,7,8215.7001953125
6,2025-11-16,153.27267456054688,7,8215.7001953125
7,2025-11-16,229.84808349609375,7,8215.7001953125
8,2025-11-16,438.7978515625,7,8215.7001953125
9,2025-11-16,549.57476806640625,7,8215.7001953125
10,2025-11-16,507.74249267578125,7,8215.7001953125
11,2025-11-16,640.99072265625,7,8215.7001953125
12,2025-11-16,728.45562744140625,7,8215.7001953125
13,2025-11-16,687.16943359375,7,8215.7001953125
14,2025-11-16,725.8753662109375,7,8215.7001953125
15,2025-11-16,714.71392822265625,7,8215.7001953125
16,2025-11-16,697.1893310546875,7,8215.7001953125
17,2025-11-16,734.527099609375,7,8215.7001953125
18,2025-11-16,710.70849609375,7,8215.7001953125
19,2025-11-16,511.27703857421875,7,8215.7001953125
20,2025-11-16,447.6241455078125,7,8215.7001953125
21,2025-11-16,307.46649169921875,7,8215.7001953125
22,2025-11-16,146.72119140625,7,8215.7001953125
23,2025-11-16,119.13527679443359,7,8215.7001953125
0,2025-11-17,63.619464874267578,7,26591.01953125
1,2025-11-17,10.007872581481934,7,26591.01953125
2,2025-11-17,0.014744371175765991,7,26591.01953125
3,2025-11-17,0.011280149221420288,7,26591.01953125
4,2025-11-17,0.78264904022216797,7,26591.01953125
5,2025-11-17,184.67697143554688,7,26591.01953125
6,2025-11-17,605.85205078125,7,26591.01953125
7,2025-11-17,1551.547119140625,7,26591.01953125
8,2025-11-17,2442.163330078125,7,26591.01953125
9,2025-11-17,1820.565673828125,7,26591.01953125
10,2025-11-17,1692.871826171875,7,26591.01953125
11,2025-11-17,1532.02685546875,7,26591.01953125
12,2025-11-17,1623.22314453125,7,26591.01953125
13,2025-11-17,1595.9588623046875,7,26591.01953125
14,2025-11-17,1645.419189453125,7,26591.01953125
15,2025-11-17,1763.5418701171875,7,26591.01953125
16,2025-11-17,1862.055908203125,7,26591.01953125
17,2025-11-17,2403.043701171875,7,26591.01953125
18,2025-11-17,2547.494384765625,7,26591.01953125
19,2025-11-17,1666.6226806640625,7,26591.01953125
20,2025-11-17,1073.6414794921875,7,26591.01953125
21,2025-11-17,597.2784423828125,7,26591.01953125
22,2025-11-17,272.43490600585938,7,26591.01953125
23,2025-11-17,154.05299377441406,7,26591.01953125
0,2025-11-18,57.178997039794922,7,27171.78125
1,2025-11-18,9.1708660125732422,7,27171.78125
2,2025-11-18,0.016224652528762817,7,27171.78125
3,2025-11-18,0.0093358755111694336,7,27171.78125
4,2025-11-18,1.1700443029403687,7,27171.78125
5,2025-11-18,186.29170227050781,7,27171.78125
6,2025-11-18,617.3511962890625,7,27171.78125
7,2025-11-18,1560.0162353515625,7,27171.78125
8,2025-11-18,2434.409423828125,7,27171.78125
9,2025-11-18,1838.9853515625,7,27171.78125
10,2025-11-18,1720.515625,7,27171.78125
11,2025-11-18,1588.257568359375,7,27171.78125
12,2025-11-18,1691.6416015625,7,27171.78125
13,2025-11-18,1616.322509765625,7,27171.78125
14,2025-11-18,1665.0595703125,7,27171.78125
15,2025-11-18,1782.8089599609375,7,27171.78125
16,2025-11-18,1869.051513671875,7,27171.78125
17,2025-11-18,2401.170166015625,7,27171.78125
18,2025-11-18,2569.662109375,7,27171.78125
19,2025-11-18,1697.549072265625,7,27171.78125
20,2025-11-18,1088.771240234375,7,27171.78125
21,2025-11-18,651.5589599609375,7,27171.78125
22,2025-11-18,303.70578002929688,7,27171.78125
23,2025-11-18,190.11419677734375,7,27171.78125
0,2025-11-19,61.383823394775391,7,26813.802734375
1,2025-11-19,9.7506961822509766,7,26813.802734375
2,2025-11-19,0.015610635280609131,7,26813.802734375
3,2025-11-19,0.01535525918006897,7,26813.802734375
4,2025-11-19,1.2305203676223755,7,26813.802734375
5,2025-11-19,184.42172241210938,7,26813.802734375
6,2025-11-19,606.14007568359375,7,26813.802734375
7,2025-11-19,1528.4134521484375,7,26813.802734375
8,2025-11-19,2428.9951171875,7,26813.802734375
9,2025-11-19,1832.7432861328125,7,26813.802734375
10,2025-11-19,1704.365234375,7,26813.802734375
11,2025-11-19,1564.865478515625,7,26813.802734375
12,2025-11-19,1660.56884765625,7,26813.802734375
13,2025-11-19,1587.1904296875,7,26813.802734375
14,2025-11-19,1663.0487060546875,7,26813.802734375
15,2025-11-19,1768.8380126953125,7,26813.802734375
16,2025-11-19,1871.96533203125,7,26813.802734375
17,2025-11-19,2393.72607421875,7,26813.802734375
18,2025-11-19,2540.446044921875,7,26813.802734375
19,2025-11-19,1651.779296875,7,26813.802734375
20,2025-11-19,1076.287353515625,7,26813.802734375
21,2025-11-19,658.5516357421875,7,26813.802734375
22,2025-11-19,307.80874633789062,7,26813.802734375
23,2025-11-19,196.3912353515625,7,26813.802734375
0,2025-11-20,64.383499145507812,7,26590.00390625
1,2025-11-20,12.311734199523926,7,26590.00390625
2,2025-11-20,0.016170740127563477,7,26590.00390625
3,2025-11-20,0.015842229127883911,7,26590.00390625
4,2025-11-20,1.0813875198364258,7,26590.00390625
5,2025-11-20,182.84046936035156,7,26590.00390625
6,2025-11-20,609.0936279296875,7,26590.00390625
7,2025-11-20,1527.9716796875,7,26590.00390625
8,2025-11-20,2407.117431640625,7,26590.00390625
9,2025-11-20,1808.4044189453125,7,26590.00390625
10,2025-11-20,1662.8223876953125,7,26590.00390625
11,2025-11-20,1550.379638671875,7,26590.00390625
12,2025-11-20,1638.990234375,7,26590.00390625
13,2025-11-20,1586.9884033203125,7,26590.00390625
14,2025-11-20,1670.046142578125,7,26590.00390625
15,2025-11-20,1751.521240234375,7,26590.00390625
16,2025-11-20,1863.5894775390625,7,26590.00390625
17,2025-11-20,2346.35888671875,7,26590.00390625
18,2025-11-20,2520.949951171875,7,26590.00390625
19,2025-11-20,1632.771240234375,7,26590.00390625
20,2025-11-20,1060.718994140625,7,26590.00390625
21,2025-11-20,635.2744140625,7,26590.00390625
22,2025-11-20,305.78839111328125,7,26590.00390625
23,2025-11-20,209.67984008789062,7,26590.00390625
0,2025-11-21,65.736358642578125,7,25888.0390625
1,2025-11-21,11.302021980285645,7,25888.0390625
2,2025-11-21,0.015079200267791748,7,25888.0390625
3,2025-11-21,0.012067556381225586,7,25888.0390625
4,2025-11-21,0.82748758792877197,7,25888.0390625
5,2025-11-21,179.77455139160156,7,25888.0390625
6,2025-11-21,570.99041748046875,7,25888.0390625
7,2025-11-21,1472.81396484375,7,25888.0390625
8,2025-11-21,2294.210693359375,7,25888.0390625
9,2025-11-21,1737.1494140625,7,25888.0390625
10,2025-11-21,1650.435791015625,7,25888.0390625
11,2025-11-21,1543.6962890625,7,25888.0390625
12,2025-11-21,1635.8193359375,7,25888.0390625
13,2025-11-21,1625,7,25888.0390625
14,2025-11-21,1666.9144287109375,7,25888.0390625
15,2025-11-21,1766.597900390625,7,25888.0390625
16,2025-11-21,1920.322265625,7,25888.0390625
17,2025-11-21,2304.4189453125,7,25888.0390625
18,2025-11-21,2086.836669921875,7,25888.0390625
19,2025-11-21,1397.3184814453125,7,25888.0390625
20,2025-11-21,986.0797119140625,7,25888.0390625
21,2025-11-21,603.5518798828125,7,25888.0390625
22,2025-11-21,304.5396728515625,7,25888.0390625
23,2025-11-21,220.08467102050781,7,25888.0390625
0,2025-11-22,95.276535034179688,7,10846.6728515625
1,2025-11-22,20.734582901000977,7,10846.6728515625
2,2025-11-22,0.014753937721252441,7,10846.6728515625
3,2025-11-22,0.013558775186538696,7,10846.6728515625
4,2025-11-22,0.32285225391387939,7,10846.6728515625
5,2025-11-22,36.79974365234375,7,10846.6728515625
6,2025-11-22,210.18429565429688,7,10846.6728515625
7,2025-11-22,354.20379638671875,7,10846.6728515625
8,2025-11-22,625.0909423828125,7,10846.6728515625
9,2025-11-22,683.68499755859375,7,10846.6728515625
10,2025-11-22,657.8533935546875,7,10846.6728515625
11,2025-11-22,733.4464111328125,7,10846.6728515625
12,2025-11-22,900.6124267578125,7,10846.6728515625
13,2025-11-22,830.65460205078125,7,10846.6728515625
14,2025-11-22,816.6124267578125,7,10846.6728515625
15,2025-11-22,839.52886962890625,7,10846.6728515625
16,2025-11-22,820.11041259765625,7,10846.6728515625
17,2025-11-22,811.4346923828125,7,10846.6728515625
18,2025-11-22,831.6519775390625,7,10846.6728515625
19,2025-11-22,644.91363525390625,7,10846.6728515625
20,2025-11-22,514.5604248046875,7,10846.6728515625
21,2025-11-22,376.59201049804688,7,10846.6728515625
22,2025-11-22,172.69366455078125,7,10846.6728515625
23,2025-11-22,147.55078125,7,10846.6728515625
0,2025-11-23,99.671875,7,8461.3046875
1,2025-11-23,17.422077178955078,7,8461.3046875
2,2025-11-23,0.0154075026512146,7,8461.3046875
3,2025-11-23,0.010031431913375854,7,8461.3046875
4,2025-11-23,0.21756112575531006,7,8461.3046875
5,2025-11-23,22.771926879882812,7,8461.3046875
6,2025-11-23,155.1309814453125,7,8461.3046875
7,2025-11-23,245.065673828125,7,8461.3046875
8,2025-11-23,456.3310546875,7,8461.3046875
9,2025-11-23,568.3271484375,7,8461.3046875
10,2025-11-23,513.20623779296875,7,8461.3046875
11,2025-11-23,639.18731689453125,7,8461.3046875
12,2025-11-23,735.77349853515625,7,8461.3046875
13,2025-11-23,685.421875,7,8461.3046875
14,2025-11-23,722.8182373046875,7,8461.3046875
15,2025-11-23,736.02801513671875,7,8461.3046875
16,2025-11-23,694.9244384765625,7,8461.3046875
17,2025-11-23,730.0947265625,7,8461.3046875
18,2025-11-23,736.831298828125,7,8461.3046875
19,2025-11-23,539.061279296875,7,8461.3046875
20,2025-11-23,467.77569580078125,7,8461.3046875
21,2025-11-23,325.09982299804688,7,8461.3046875
22,2025-11-23,154.47611999511719,7,8461.3046875
23,2025-11-23,120.18119049072266,7,8461.3046875
0,2025-11-24,65.90966796875,7,26044.8828125
1,2025-11-24,9.4255714416503906,7,26044.8828125
2,2025-11-24,0.016558438539505005,7,26044.8828125
3,2025-11-24,0.013797014951705933,7,26044.8828125
4,2025-11-24,0.70905524492263794,7,26044.8828125
5,2025-11-24,182.63662719726562,7,26044.8828125
6,2025-11-24,597.0308837890625,7,26044.8828125
7,2025-11-24,1504.866455078125,7,26044.8828125
8,2025-11-24,2375.99755859375,7,26044.8828125
9,2025-11-24,1784.55859375,7,26044.8828125
10,2025-11-24,1665.7532958984375,7,26044.8828125
11,2025-11-24,1499.653076171875,7,26044.8828125
12,2025-11-24,1588.4283447265625,7,26044.8828125
13,2025-11-24,1560.008056640625,7,26044.8828125
14,2025-11-24,1601.539794921875,7,26044.8828125
15,2025-11-24,1737.2718505859375,7,26044.8828125
16,2025-11-24,1817.7059326171875,7,26044.8828125
17,2025-11-24,2357.731201171875,7,26044.8828125
18,2025-11-24,2448.57421875,7,26044.8828125
19,2025-11-24,1624.1448974609375,7,26044.8828125
20,2025-11-24,1059.309326171875,7,26044.8828125
21,2025-11-24,594.8521728515625,7,26044.8828125
22,2025-11-24,275.088623046875,7,26044.8828125
23,2025-11-24,158.54634094238281,7,26044.8828125
0,2025-11-25,57.5465087890625,7,26903.0078125
1,2025-11-25,8.8337001800537109,7,26903.0078125
2,2025-11-25,0.012980073690414429,7,26903.0078125
3,2025-11-25,0.015012919902801514,7,26903.0078125
4,2025-11-25,1.165457010269165,7,26903.0078125
5,2025-11-25,183.88206481933594,7,26903.0078125
6,2025-11-25,610.45538330078125,7,26903.0078125
7,2025-11-25,1538.417236328125,7,26903.0078125
8,2025-11-25,2398.773681640625,7,26903.0078125
9,2025-11-25,1826.4390869140625,7,26903.0078125
10,2025-11-25,1706.72802734375,7,26903.0078125
11,2025-11-25,1574.944580078125,7,26903.0078125
12,2025-11-25,1667.5062255859375,7,26903.0078125
13,2025-11-25,1598.802001953125,7,26903.0078125
14,2025-11-25,1634.825927734375,7,26903.0078125
15,2025-11-25,1761.224853515625,7,26903.0078125
16,2025-11-25,1845.5660400390625,7,26903.0078125
17,2025-11-25,2367.9580078125,7,26903.0078125
18,2025-11-25,2527.357666015625,7,26903.0078125
19,2025-11-25,1683.361572265625,7,26903.0078125
20,2025-11-25,1084.15478515625,7,26903.0078125
21,2025-11-25,653.1485595703125,7,26903.0078125
22,2025-11-25,304.74093627929688,7,26903.0078125
23,2025-11-25,189.57231140136719,7,26903.0078125
0,2025-11-26,60.470344543457031,7,26819.623046875
1,2025-11-26,9.6184902191162109,7,26819.623046875
2,2025-11-26,0.015271812677383423,7,26819.623046875
3,2025-11-26,0.011407464742660522,7,26819.623046875
4,2025-11-26,1.2574039697647095,7,26819.623046875
5,2025-11-26,183.01844787597656,7,26819.623046875
6,2025-11-26,607.49993896484375,7,26819.623046875
7,2025-11-26,1516.056396484375,7,26819.623046875
8,2025-11-26,2407.316162109375,7,26819.623046875
9,2025-11-26,1821.072509765625,7,26819.623046875
10,2025-11-26,1714.906005859375,7,26819.623046875
11,2025-11-26,1560.8160400390625,7,26819.623046875
12,2025-11-26,1656.3348388671875,7,26819.623046875
13,2025-11-26,1587.43017578125,7,26819.623046875
14,2025-11-26,1649.41162109375,7,26819.623046875
15,2025-11-26,1759.0224609375,7,26819.623046875
16,2025-11-26,1852.58837890625,7,26819.623046875
17,2025-11-26,2373.166015625,7,26819.623046875
18,2025-11-26,2507.41552734375,7,26819.623046875
19,2025-11-26,1643.0521240234375,7,26819.623046875
20,2025-11-26,1075.78369140625,7,26819.623046875
21,2025-11-26,660.41229248046875,7,26819.623046875
22,2025-11-26,308.34500122070312,7,26819.623046875
23,2025-11-26,195.01548767089844,7,26819.623046875
0,2025-11-27,63.616878509521484,7,26677.2890625
1,2025-11-27,12.317631721496582,7,26677.2890625
2,2025-11-27,0.016106218099594116,7,26677.2890625
3,2025-11-27,0.013783872127532959,7,26677.2890625
4,2025-11-27,1.0812325477600098,7,26677.2890625
5,2025-11-27,181.66024780273438,7,26677.2890625
6,2025-11-27,606.2677001953125,7,26677.2890625
7,2025-11-27,1528.5128173828125,7,26677.2890625
8,2025-11-27,2389.69921875,7,26677.2890625
9,2025-11-27,1801.524658203125,7,26677.2890625
10,2025-11-27,1671.344970703125,7,26677.2890625
11,2025-11-27,1553.346435546875,7,26677.2890625
12,2025-11-27,1635.4395751953125,7,26677.2890625
13,2025-11-27,1589.619873046875,7,26677.2890625
14,2025-11-27,1672.28759765625,7,26677.2890625
15,2025-11-27,1745.55859375,7,26677.2890625
16,2025-11-27,1857.6446533203125,7,26677.2890625
17,2025-11-27,2337.46630859375,7,26677.2890625
18,2025-11-27,2512.99072265625,7,26677.2890625
19,2025-11-27,1622.8560791015625,7,26677.2890625
20,2025-11-27,1058.7724609375,7,26677.2890625
21,2025-11-27,637.58502197265625,7,26677.2890625
22,2025-11-27,308.4500732421875,7,26677.2890625
23,2025-11-27,208.21710205078125,7,26677.2890625
0,2025-11-28,66.397262573242188,7,25820.69921875
1,2025-11-28,11.896498680114746,7,25820.69921875
2,2025-11-28,0.015415161848068237,7,25820.69921875
3,2025-11-28,0.016771882772445679,7,25820.69921875
4,2025-11-28,0.76889967918395996,7,25820.69921875
5,2025-11-28,177.07989501953125,7,25820.69921875
6,2025-11-28,572.2716064453125,7,25820.69921875
7,2025-11-28,1455.5439453125,7,25820.69921875
8,2025-11-28,2259.730712890625,7,25820.69921875
9,2025-11-28,1715.262939453125,7,25820.69921875
10,2025-11-28,1643.385009765625,7,25820.69921875
11,2025-11-28,1535.5340576171875,7,25820.69921875
12,2025-11-28,1615.9310302734375,7,25820.69921875
13,2025-11-28,1630.156005859375,7,25820.69921875
14,2025-11-28,1675.638916015625,7,25820.69921875
15,2025-11-28,1759.429931640625,7,25820.69921875
16,2025-11-28,1911.1539306640625,7,25820.69921875
17,2025-11-28,2292.62841796875,7,25820.69921875
18,2025-11-28,2063.666748046875,7,25820.69921875
19,2025-11-28,1419.38134765625,7,25820.69921875
20,2025-11-28,997.73101806640625,7,25820.69921875
21,2025-11-28,608.78179931640625,7,25820.69921875
22,2025-11-28,312.60098266601562,7,25820.69921875
23,2025-11-28,225.614501953125,7,25820.69921875
0,2025-11-29,94.270240783691406,7,10762.37890625
1,2025-11-29,20.408258438110352,7,10762.37890625
2,2025-11-29,0.017326176166534424,7,10762.37890625
3,2025-11-29,0.012574255466461182,7,10762.37890625
4,2025-11-29,0.24676382541656494,7,10762.37890625
5,2025-11-29,38.663627624511719,7,10762.37890625
6,2025-11-29,209.33038330078125,7,10762.37890625
7,2025-11-29,347.307861328125,7,10762.37890625
8,2025-11-29,615.9835205078125,7,10762.37890625
9,2025-11-29,680.2347412109375,7,10762.37890625
10,2025-11-29,646.9639892578125,7,10762.37890625
11,2025-11-29,729.464111328125,7,10762.37890625
12,2025-11-29,893.738037109375,7,10762.37890625
13,2025-11-29,814.04736328125,7,10762.37890625
14,2025-11-29,813.78814697265625,7,10762.37890625
15,2025-11-29,830.12225341796875,7,10762.37890625
16,2025-11-29,808.96600341796875,7,10762.37890625
17,2025-11-29,826.12469482421875,7,10762.37890625
18,2025-11-29,838.62841796875,7,10762.37890625
19,2025-11-29,656.53155517578125,7,10762.37890625
20,2025-11-29,516.81793212890625,7,10762.37890625
21,2025-11-29,374.74075317382812,7,10762.37890625
22,2025-11-29,172.79951477050781,7,10762.37890625
23,2025-11-29,141.07760620117188,7,10762.37890625
0,2025-11-30,101.04638671875,7,8843.77734375
1,2025-11-30,17.04564094543457,7,8843.77734375
2,2025-11-30,0.017474859952926636,7,8843.77734375
3,2025-11-30,0.01016959547996521,7,8843.77734375
4,2025-11-30,0.23467338085174561,7,8843.77734375
5,2025-11-30,24.196258544921875,7,8843.77734375
6,2025-11-30,163.33920288085938,7,8843.77734375
7,2025-11-30,266.01373291015625,7,8843.77734375
8,2025-11-30,477.5677490234375,7,8843.77734375
9,2025-11-30,577.96893310546875,7,8843.77734375
10,2025-11-30,521.09442138671875,7,8843.77734375
11,2025-11-30,649.95330810546875,7,8843.77734375
12,2025-11-30,751.01300048828125,7,8843.77734375
13,2025-11-30,698.52099609375,7,8843.77734375
14,2025-11-30,732.85107421875,7,8843.77734375
15,2025-11-30,758.47576904296875,7,8843.77734375
16,2025-11-30,730.1666259765625,7,8843.77734375
17,2025-11-30,760.79437255859375,7,8843.77734375
18,2025-11-30,760.6065673828125,7,8843.77734375
19,2025-11-30,554.58843994140625,7,8843.77734375
20,2025-11-30,473.35653686523438,7,8843.77734375
21,2025-11-30,331.36187744140625,7,8843.77734375
22,2025-11-30,157.79563903808594,7,8843.77734375
23,2025-11-30,119.40083312988281,7,8843.77734375
0,2025-12-01,64.854217529296875,7,26389.880859375
1,2025-12-01,9.4809036254882812,7,26389.880859375
2,2025-12-01,0.014947175979614258,7,26389.880859375
3,2025-12-01,0.011961281299591064,7,26389.880859375
4,2025-12-01,0.7258535623550415,7,26389.880859375
5,2025-12-01,181.80526733398438,7,26389.880859375
6,2025-12-01,601.37615966796875,7,26389.880859375
7,2025-12-01,1505.654296875,7,26389.880859375
8,2025-12-01,2341.087158203125,7,26389.880859375
9,2025-12-01,1799.353515625,7,26389.880859375
10,2025-12-01,1682.455322265625,7,26389.880859375
11,2025-12-01,1521.6953125,7,26389.880859375
12,2025-12-01,1601.2032470703125,7,26389.880859375
13,2025-12-01,1578.3336181640625,7,26389.880859375
14,2025-12-01,1604.34765625,7,26389.880859375
15,2025-12-01,1727.3011474609375,7,26389.880859375
16,2025-12-01,1819.5762939453125,7,26389.880859375
17,2025-12-01,2348.429931640625,7,26389.880859375
18,2025-12-01,2455.37939453125,7,26389.880859375
19,2025-12-01,1642.2598876953125,7,26389.880859375
20,2025-12-01,1070.59326171875,7,26389.880859375
21,2025-12-01,598.85015869140625,7,26389.880859375
22,2025-12-01,271.62100219726562,7,26389.880859375
23,2025-12-01,159.55447387695312,7,26389.880859375
0,2025-12-02,55.379547119140625,7,26763.0390625
1,2025-12-02,8.9839086532592773,7,26763.0390625
2,2025-12-02,0.017869085073471069,7,26763.0390625
3,2025-12-02,0.014822512865066528,7,26763.0390625
4,2025-12-02,1.1834659576416016,7,26763.0390625
5,2025-12-02,184.05496215820312,7,26763.0390625
6,2025-12-02,610.60302734375,7,26763.0390625
7,2025-12-02,1522.2156982421875,7,26763.0390625
8,2025-12-02,2378.1845703125,7,26763.0390625
9,2025-12-02,1834.4212646484375,7,26763.0390625
10,2025-12-02,1707.8670654296875,7,26763.0390625
11,2025-12-02,1564.46728515625,7,26763.0390625
12,2025-12-02,1648.510498046875,7,26763.0390625
13,2025-12-02,1582.76318359375,7,26763.0390625
14,2025-12-02,1600.583984375,7,26763.0390625
15,2025-12-02,1740.6470947265625,7,26763.0390625
16,2025-12-02,1805.9329833984375,7,26763.0390625
17,2025-12-02,2348.462890625,7,26763.0390625
18,2025-12-02,2507.23095703125,7,26763.0390625
19,2025-12-02,1680.7562255859375,7,26763.0390625
20,2025-12-02,1083.33447265625,7,26763.0390625
21,2025-12-02,652.573974609375,7,26763.0390625
22,2025-12-02,296.56488037109375,7,26763.0390625
23,2025-12-02,187.80802917480469,7,26763.0390625
0,2025-12-03,59.765281677246094,7,26556.439453125
1,2025-12-03,9.410038948059082,7,26556.439453125
2,2025-12-03,0.018305122852325439,7,26556.439453125
3,2025-12-03,0.01190754771232605,7,26556.439453125
4,2025-12-03,1.1693096160888672,7,26556.439453125
5,2025-12-03,184.70173645019531,7,26556.439453125
6,2025-12-03,591.0362548828125,7,26556.439453125
7,2025-12-03,1455.3585205078125,7,26556.439453125
8,2025-12-03,2333.567626953125,7,26556.439453125
9,2025-12-03,1834.1983642578125,7,26556.439453125
10,2025-12-03,1700.23291015625,7,26556.439453125
11,2025-12-03,1543.5821533203125,7,26556.439453125
12,2025-12-03,1639.3134765625,7,26556.439453125
13,2025-12-03,1562.4512939453125,7,26556.439453125
14,2025-12-03,1617.747314453125,7,26556.439453125
15,2025-12-03,1729.364990234375,7,26556.439453125
16,2025-12-03,1833.156982421875,7,26556.439453125
17,2025-12-03,2341.50146484375,7,26556.439453125
18,2025-12-03,2488.22509765625,7,26556.439453125
19,2025-12-03,1643.825927734375,7,26556.439453125
20,2025-12-03,1073.0977783203125,7,26556.439453125
21,2025-12-03,639.4659423828125,7,26556.439453125
22,2025-12-03,294.51266479492188,7,26556.439453125
23,2025-12-03,187.58541870117188,7,26556.439453125
0,2025-12-04,63.846145629882812,7,26303.28515625
1,2025-12-04,12.941906929016113,7,26303.28515625
2,2025-12-04,0.020041093230247498,7,26303.28515625
3,2025-12-04,0.0092661678791046143,7,26303.28515625
4,2025-12-04,1.0201003551483154,7,26303.28515625
5,2025-12-04,183.82748413085938,7,26303.28515625
6,2025-12-04,598.36981201171875,7,26303.28515625
7,2025-12-04,1465.739013671875,7,26303.28515625
8,2025-12-04,2322.7412109375,7,26303.28515625
9,2025-12-04,1811.6805419921875,7,26303.28515625
10,2025-12-04,1658.053466796875,7,26303.28515625
11,2025-12-04,1535.02880859375,7,26303.28515625
12,2025-12-04,1622.8460693359375,7,26303.28515625
13,2025-12-04,1562.9541015625,7,26303.28515625
14,2025-12-04,1642.8369140625,7,26303.28515625
15,2025-12-04,1717.254150390625,7,26303.28515625
16,2025-12-04,1825.35498046875,7,26303.28515625
17,2025-12-04,2289.957275390625,7,26303.28515625
18,2025-12-04,2484.572998046875,7,26303.28515625
19,2025-12-04,1620.08203125,7,26303.28515625
20,2025-12-04,1052.7376708984375,7,26303.28515625
21,2025-12-04,621.443359375,7,26303.28515625
22,2025-12-04,289.35003662109375,7,26303.28515625
23,2025-12-04,194.11550903320312,7,26303.28515625
0,2025-12-05,66.122566223144531,7,25809.6875
1,2025-12-05,11.504858016967773,7,25809.6875
2,2025-12-05,0.020294532179832458,7,25809.6875
3,2025-12-05,0.016009151935577393,7,25809.6875
4,2025-12-05,0.7886543869972229,7,25809.6875
5,2025-12-05,181.65069580078125,7,25809.6875
6,2025-12-05,572.12957763671875,7,25809.6875
7,2025-12-05,1433.61767578125,7,25809.6875
8,2025-12-05,2253.155517578125,7,25809.6875
9,2025-12-05,1755.7178955078125,7,25809.6875
10,2025-12-05,1643.238525390625,7,25809.6875
11,2025-12-05,1527.1732177734375,7,25809.6875
12,2025-12-05,1609.4139404296875,7,25809.6875
13,2025-12-05,1616.331787109375,7,25809.6875
14,2025-12-05,1646.387939453125,7,25809.6875
15,2025-12-05,1729.4930419921875,7,25809.6875
16,2025-12-05,1896.5814208984375,7,25809.6875
17,2025-12-05,2259.45361328125,7,25809.6875
18,2025-12-05,2029.9959716796875,7,25809.6875
19,2025-12-05,1440.3214111328125,7,25809.6875
20,2025-12-05,1012.87060546875,7,25809.6875
21,2025-12-05,612.18255615234375,7,25809.6875
22,2025-12-05,295.36077880859375,7,25809.6875
23,2025-12-05,220.15423583984375,7,25809.6875
0,2025-12-06,93.5721435546875,7,11768.3818359375
1,2025-12-06,19.699878692626953,7,11768.3818359375
2,2025-12-06,0.020452678203582764,7,11768.3818359375
3,2025-12-06,0.016027957201004028,7,11768.3818359375
4,2025-12-06,0.34498775005340576,7,11768.3818359375
5,2025-12-06,43.389053344726562,7,11768.3818359375
6,2025-12-06,245.53927612304688,7,11768.3818359375
7,2025-12-06,413.7205810546875,7,11768.3818359375
8,2025-12-06,716.602294921875,7,11768.3818359375
9,2025-12-06,766.4222412109375,7,11768.3818359375
10,2025-12-06,805.4539794921875,7,11768.3818359375
11,2025-12-06,849.204833984375,7,11768.3818359375
12,2025-12-06,1014.5672607421875,7,11768.3818359375
13,2025-12-06,976.6751708984375,7,11768.3818359375
14,2025-12-06,981.474365234375,7,11768.3818359375
15,2025-12-06,1020.63134765625,7,11768.3818359375
16,2025-12-06,1007.3480834960938,7,11768.3818359375
17,2025-12-06,1002.95068359375,7,11768.3818359375
18,2025-12-06,926.0626220703125,7,11768.3818359375
19,2025-12-06,812.02294921875,7,11768.3818359375
20,2025-12-06,587.834228515625,7,11768.3818359375
21,2025-12-06,486.447265625,7,11768.3818359375
22,2025-12-06,231.59637451171875,7,11768.3818359375
23,2025-12-06,166.29875183105469,7,11768.3818359375
0,2025-12-07,99.2977294921875,7,9545.33984375
1,2025-12-07,16.590700149536133,7,9545.33984375
2,2025-12-07,0.018693417310714722,7,9545.33984375
3,2025-12-07,0.012257486581802368,7,9545.33984375
4,2025-12-07,0.24035072326660156,7,9545.33984375
5,2025-12-07,26.079353332519531,7,9545.33984375
6,2025-12-07,166.63470458984375,7,9545.33984375
7,2025-12-07,295.518310546875,7,9545.33984375
8,2025-12-07,512.8828125,7,9545.33984375
9,2025-12-07,629.31646728515625,7,9545.33984375
10,2025-12-07,588.498291015625,7,9545.33984375
11,2025-12-07,737.11285400390625,7,9545.33984375
12,2025-12-07,826.08660888671875,7,9545.33984375
13,2025-12-07,790.3963623046875,7,9545.33984375
14,2025-12-07,834.66314697265625,7,9545.33984375
15,2025-12-07,869.63421630859375,7,9545.33984375
16,2025-12-07,836.4334716796875,7,9545.33984375
17,2025-12-07,873.21185302734375,7,9545.33984375
18,2025-12-07,805.822021484375,7,9545.33984375
19,2025-12-07,644.19024658203125,7,9545.33984375
20,2025-12-07,513.339111328125,7,9545.33984375
21,2025-12-07,404.9066162109375,7,9545.33984375
22,2025-12-07,199.47406005859375,7,9545.33984375
23,2025-12-07,137.81539916992188,7,9545.33984375
0,2025-12-08,65.164756774902344,7,26132.666015625
1,2025-12-08,9.3167972564697266,7,26132.666015625
2,2025-12-08,0.015365153551101685,7,26132.666015625
3,2025-12-08,0.015441328287124634,7,26132.666015625
4,2025-12-08,0.70692896842956543,7,26132.666015625
5,2025-12-08,182.8736572265625,7,26132.666015625
6,2025-12-08,595.5699462890625,7,26132.666015625
7,2025-12-08,1468.412353515625,7,26132.666015625
8,2025-12-08,2316.68310546875,7,26132.666015625
9,2025-12-08,1809.53173828125,7,26132.666015625
10,2025-12-08,1661.36767578125,7,26132.666015625
11,2025-12-08,1511.3427734375,7,26132.666015625
12,2025-12-08,1557.9808349609375,7,26132.666015625
13,2025-12-08,1566.0986328125,7,26132.666015625
14,2025-12-08,1587.5775146484375,7,26132.666015625
15,2025-12-08,1705.48974609375,7,26132.666015625
16,2025-12-08,1806.532958984375,7,26132.666015625
17,2025-12-08,2353.23681640625,7,26132.666015625
18,2025-12-08,2451.723876953125,7,26132.666015625
19,2025-12-08,1663.90234375,7,26132.666015625
20,2025-12-08,1065.4967041015625,7,26132.666015625
21,2025-12-08,590.16046142578125,7,26132.666015625
22,2025-12-08,272.66552734375,7,26132.666015625
23,2025-12-08,153.25296020507812,7,26132.666015625
0,2025-12-09,55.543231964111328,7,26784.931640625
1,2025-12-09,9.343170166015625,7,26784.931640625
2,2025-12-09,0.01887965202331543,7,26784.931640625
3,2025-12-09,0.010435611009597778,7,26784.931640625
4,2025-12-09,1.1346430778503418,7,26784.931640625
5,2025-12-09,184.08598327636719,7,26784.931640625
6,2025-12-09,604.8553466796875,7,26784.931640625
7,2025-12-09,1497.210693359375,7,26784.931640625
8,2025-12-09,2332.742431640625,7,26784.931640625
9,2025-12-09,1832.7080078125,7,26784.931640625
10,2025-12-09,1704.1424560546875,7,26784.931640625
11,2025-12-09,1561.5128173828125,7,26784.931640625
12,2025-12-09,1623.856201171875,7,26784.931640625
13,2025-12-09,1591.7930908203125,7,26784.931640625
14,2025-12-09,1621.8076171875,7,26784.931640625
15,2025-12-09,1738.279541015625,7,26784.931640625
16,2025-12-09,1825.7506103515625,7,26784.931640625
17,2025-12-09,2358.434326171875,7,26784.931640625
18,2025-12-09,2498.6845703125,7,26784.931640625
19,2025-12-09,1695.696044921875,7,26784.931640625
20,2025-12-09,1079.453369140625,7,26784.931640625
21,2025-12-09,640.0662841796875,7,26784.931640625
22,2025-12-09,292.68045043945312,7,26784.931640625
23,2025-12-09,188.46047973632812,7,26784.931640625
0,2025-12-10,60.166957855224609,7,26681.509765625
1,2025-12-10,9.8281536102294922,7,26681.509765625
2,2025-12-10,0.018813759088516235,7,26681.509765625
3,2025-12-10,0.014286786317825317,7,26681.509765625
4,2025-12-10,1.1510738134384155,7,26681.509765625
5,2025-12-10,185.1881103515625,7,26681.509765625
6,2025-12-10,598.2001953125,7,26681.509765625
7,2025-12-10,1467.6796875,7,26681.509765625
8,2025-12-10,2329.171875,7,26681.509765625
9,2025-12-10,1823.0062255859375,7,26681.509765625
10,2025-12-10,1706.5828857421875,7,26681.509765625
11,2025-12-10,1538.0157470703125,7,26681.509765625
12,2025-12-10,1610.7894287109375,7,26681.509765625
13,2025-12-10,1555.720947265625,7,26681.509765625
14,2025-12-10,1613.124267578125,7,26681.509765625
15,2025-12-10,1725.5518798828125,7,26681.509765625
16,2025-12-10,1819.937255859375,7,26681.509765625
17,2025-12-10,2366.15673828125,7,26681.509765625
18,2025-12-10,2479.4736328125,7,26681.509765625
19,2025-12-10,1652.962646484375,7,26681.509765625
20,2025-12-10,1070.206298828125,7,26681.509765625
21,2025-12-10,643.462646484375,7,26681.509765625
22,2025-12-10,292.4862060546875,7,26681.509765625
23,2025-12-10,185.99983215332031,7,26681.509765625
0,2025-12-11,64.358047485351562,7,26479.98046875
1,2025-12-11,12.728017807006836,7,26479.98046875
2,2025-12-11,0.014054745435714722,7,26479.98046875
3,2025-12-11,0.015592277050018311,7,26479.98046875
4,2025-12-11,0.9723057746887207,7,26479.98046875
5,2025-12-11,183.78431701660156,7,26479.98046875
6,2025-12-11,597.9267578125,7,26479.98046875
7,2025-12-11,1470.781005859375,7,26479.98046875
8,2025-12-11,2310.81689453125,7,26479.98046875
9,2025-12-11,1801.984130859375,7,26479.98046875
10,2025-12-11,1658.206298828125,7,26479.98046875
11,2025-12-11,1534.90966796875,7,26479.98046875
12,2025-12-11,1606.3792724609375,7,26479.98046875
13,2025-12-11,1571.551025390625,7,26479.98046875
14,2025-12-11,1651.186279296875,7,26479.98046875
15,2025-12-11,1717.4453125,7,26479.98046875
16,2025-12-11,1832.94482421875,7,26479.98046875
17,2025-12-11,2325.4677734375,7,26479.98046875
18,2025-12-11,2514.0234375,7,26479.98046875
19,2025-12-11,1635.477783203125,7,26479.98046875
20,2025-12-11,1051.6541748046875,7,26479.98046875
21,2025-12-11,634.87298583984375,7,26479.98046875
22,2025-12-11,291.82235717773438,7,26479.98046875
23,2025-12-11,199.1895751953125,7,26479.98046875
0,2025-12-12,66.698684692382812,7,25758.68359375
1,2025-12-12,11.136679649353027,7,25758.68359375
2,2025-12-12,0.018202602863311768,7,25758.68359375
3,2025-12-12,0.013214379549026489,7,25758.68359375
4,2025-12-12,0.78965318202972412,7,25758.68359375
5,2025-12-12,180.026611328125,7,25758.68359375
6,2025-12-12,573.0672607421875,7,25758.68359375
7,2025-12-12,1407.965087890625,7,25758.68359375
8,2025-12-12,2195.102294921875,7,25758.68359375
9,2025-12-12,1721.3614501953125,7,25758.68359375
10,2025-12-12,1620.57421875,7,25758.68359375
11,2025-12-12,1509.8603515625,7,25758.68359375
12,2025-12-12,1584.2152099609375,7,25758.68359375
13,2025-12-12,1620.4715576171875,7,25758.68359375
14,2025-12-12,1652.5849609375,7,25758.68359375
15,2025-12-12,1734.629638671875,7,25758.68359375
16,2025-12-12,1899.060302734375,7,25758.68359375
17,2025-12-12,2252.49755859375,7,25758.68359375
18,2025-12-12,2049.356689453125,7,25758.68359375
19,2025-12-12,1469.335205078125,7,25758.68359375
20,2025-12-12,1011.5993041992188,7,25758.68359375
21,2025-12-12,621.20831298828125,7,25758.68359375
22,2025-12-12,299.63638305664062,7,25758.68359375
23,2025-12-12,220.81985473632812,7,25758.68359375
0,2025-12-13,93.70123291015625,7,11619.8427734375
1,2025-12-13,19.745536804199219,7,11619.8427734375
2,2025-12-13,0.017331212759017944,7,11619.8427734375
3,2025-12-13,0.015756100416183472,7,11619.8427734375
4,2025-12-13,0.32740914821624756,7,11619.8427734375
5,2025-12-13,40.849197387695312,7,11619.8427734375
6,2025-12-13,241.91360473632812,7,11619.8427734375
7,2025-12-13,395.6162109375,7,11619.8427734375
8,2025-12-13,665.5693359375,7,11619.8427734375
9,2025-12-13,731.380615234375,7,11619.8427734375
10,2025-12-13,774.2574462890625,7,11619.8427734375
11,2025-12-13,848.90972900390625,7,11619.8427734375
12,2025-12-13,1011.0360107421875,7,11619.8427734375
13,2025-12-13,968.013671875,7,11619.8427734375
14,2025-12-13,977.5159912109375,7,11619.8427734375
15,2025-12-13,1017.716796875,7,11619.8427734375
16,2025-12-13,971.46636962890625,7,11619.8427734375
17,2025-12-13,963.29205322265625,7,11619.8427734375
18,2025-12-13,896.7952880859375,7,11619.8427734375
19,2025-12-13,796.7508544921875,7,11619.8427734375
20,2025-12-13,588.0526123046875,7,11619.8427734375
21,2025-12-13,489.21588134765625,7,11619.8427734375
22,2025-12-13,237.4884033203125,7,11619.8427734375
23,2025-12-13,167.94123840332031,7,11619.8427734375
0,2025-12-14,100.59574890136719,7,9920.48828125
1,2025-12-14,16.215211868286133,7,9920.48828125
2,2025-12-14,0.018744826316833496,7,9920.48828125
3,2025-12-14,0.016765505075454712,7,9920.48828125
4,2025-12-14,0.22187542915344238,7,9920.48828125
5,2025-12-14,27.968360900878906,7,9920.48828125
6,2025-12-14,177.88479614257812,7,9920.48828125
7,2025-12-14,306.19732666015625,7,9920.48828125
8,2025-12-14,524.9295654296875,7,9920.48828125
9,2025-12-14,641.25286865234375,7,9920.48828125
10,2025-12-14,617.36376953125,7,9920.48828125
11,2025-12-14,742.842529296875,7,9920.48828125
12,2025-12-14,834.652099609375,7,9920.48828125
13,2025-12-14,813.9534912109375,7,9920.48828125
14,2025-12-14,844.3134765625,7,9920.48828125
15,2025-12-14,889.62408447265625,7,9920.48828125
16,2025-12-14,864.16143798828125,7,9920.48828125
17,2025-12-14,892.6517333984375,7,9920.48828125
18,2025-12-14,813.0338134765625,7,9920.48828125
19,2025-12-14,668.07080078125,7,9920.48828125
20,2025-12-14,527.7484130859375,7,9920.48828125
21,2025-12-14,421.74728393554688,7,9920.48828125
22,2025-12-14,198.25559997558594,7,9920.48828125
23,2025-12-14,137.23245239257812,7,9920.48828125
0,2025-12-15,64.169052124023438,7,26289.953125
1,2025-12-15,9.2461118698120117,7,26289.953125
2,2025-12-15,0.019612014293670654,7,26289.953125
3,2025-12-15,0.015324532985687256,7,26289.953125
4,2025-12-15,0.70508450269699097,7,26289.953125
5,2025-12-15,185.06759643554688,7,26289.953125
6,2025-12-15,594.85986328125,7,26289.953125
7,2025-12-15,1455.497314453125,7,26289.953125
8,2025-12-15,2283.6123046875,7,26289.953125
9,2025-12-15,1810.9970703125,7,26289.953125
10,2025-12-15,1682.3511962890625,7,26289.953125
11,2025-12-15,1524.5528564453125,7,26289.953125
12,2025-12-15,1550.181640625,7,26289.953125
13,2025-12-15,1569.0927734375,7,26289.953125
14,2025-12-15,1584.0257568359375,7,26289.953125
15,2025-12-15,1701.3333740234375,7,26289.953125
16,2025-12-15,1781.6993408203125,7,26289.953125
17,2025-12-15,2350.677001953125,7,26289.953125
18,2025-12-15,2463.95556640625,7,26289.953125
19,2025-12-15,1666.65185546875,7,26289.953125
20,2025-12-15,1071.6163330078125,7,26289.953125
21,2025-12-15,596.9365234375,7,26289.953125
22,2025-12-15,267.4443359375,7,26289.953125
23,2025-12-15,153.21638488769531,7,26289.953125
0,2025-12-16,56.047389984130859,7,26511.501953125
1,2025-12-16,9.4262218475341797,7,26511.501953125
2,2025-12-16,0.02011553943157196,7,26511.501953125
3,2025-12-16,0.015365898609161377,7,26511.501953125
4,2025-12-16,1.1284656524658203,7,26511.501953125
5,2025-12-16,184.97581481933594,7,26511.501953125
6,2025-12-16,607.0667724609375,7,26511.501953125
7,2025-12-16,1470.7833251953125,7,26511.501953125
8,2025-12-16,2285.4677734375,7,26511.501953125
9,2025-12-16,1826.749267578125,7,26511.501953125
10,2025-12-16,1698.6929931640625,7,26511.501953125
11,2025-12-16,1551.521728515625,7,26511.501953125
12,2025-12-16,1598.7020263671875,7,26511.501953125
13,2025-12-16,1569,7,26511.501953125
14,2025-12-16,1588.767578125,7,26511.501953125
15,2025-12-16,1710.532470703125,7,26511.501953125
16,2025-12-16,1771.3704833984375,7,26511.501953125
17,2025-12-16,2325.087646484375,7,26511.501953125
18,2025-12-16,2504.819580078125,7,26511.501953125
19,2025-12-16,1699.0330810546875,7,26511.501953125
20,2025-12-16,1077.2122802734375,7,26511.501953125
21,2025-12-16,644.689697265625,7,26511.501953125
22,2025-12-16,292.0572509765625,7,26511.501953125
23,2025-12-16,182.64419555664062,7,26511.501953125
0,2025-12-17,59.745361328125,7,26431.771484375
1,2025-12-17,9.8052835464477539,7,26431.771484375
2,2025-12-17,0.01669079065322876,7,26431.771484375
3,2025-12-17,0.015735089778900146,7,26431.771484375
4,2025-12-17,1.1783081293106079,7,26431.771484375
5,2025-12-17,184.68998718261719,7,26431.771484375
6,2025-12-17,591.535888671875,7,26431.771484375
7,2025-12-17,1424.73046875,7,26431.771484375
8,2025-12-17,2291.050537109375,7,26431.771484375
9,2025-12-17,1816.844482421875,7,26431.771484375
10,2025-12-17,1695.8701171875,7,26431.771484375
11,2025-12-17,1533.89599609375,7,26431.771484375
12,2025-12-17,1599.094970703125,7,26431.771484375
13,2025-12-17,1542.002685546875,7,26431.771484375
14,2025-12-17,1582.378662109375,7,26431.771484375
15,2025-12-17,1711.43505859375,7,26431.771484375
16,2025-12-17,1796.3084716796875,7,26431.771484375
17,2025-12-17,2337.54296875,7,26431.771484375
18,2025-12-17,2473.2646484375,7,26431.771484375
19,2025-12-17,1653.8604736328125,7,26431.771484375
20,2025-12-17,1071.357177734375,7,26431.771484375
21,2025-12-17,643.6934814453125,7,26431.771484375
22,2025-12-17,292.81832885742188,7,26431.771484375
23,2025-12-17,185.45071411132812,7,26431.771484375
0,2025-12-18,63.207389831542969,7,26211.080078125
1,2025-12-18,12.875383377075195,7,26211.080078125
2,2025-12-18,0.019687235355377197,7,26211.080078125
3,2025-12-18,0.014915734529495239,7,26211.080078125
4,2025-12-18,0.97481441497802734,7,26211.080078125
5,2025-12-18,184.30856323242188,7,26211.080078125
6,2025-12-18,591.80340576171875,7,26211.080078125
7,2025-12-18,1436.3892822265625,7,26211.080078125
8,2025-12-18,2264.4306640625,7,26211.080078125
9,2025-12-18,1782.6031494140625,7,26211.080078125
10,2025-12-18,1663.94677734375,7,26211.080078125
11,2025-12-18,1508.653076171875,7,26211.080078125
12,2025-12-18,1584.441650390625,7,26211.080078125
13,2025-12-18,1548.5010986328125,7,26211.080078125
14,2025-12-18,1624.8138427734375,7,26211.080078125
15,2025-12-18,1679.4058837890625,7,26211.080078125
16,2025-12-18,1791.296630859375,7,26211.080078125
17,2025-12-18,2292.61474609375,7,26211.080078125
18,2025-12-18,2464.5966796875,7,26211.080078125
19,2025-12-18,1609.9691162109375,7,26211.080078125
20,2025-12-18,1050.87255859375,7,26211.080078125
21,2025-12-18,633.55706787109375,7,26211.080078125
22,2025-12-18,296.85488891601562,7,26211.080078125
23,2025-12-18,201.85997009277344,7,26211.080078125
0,2025-12-19,67.728904724121094,7,26137.755859375
1,2025-12-19,11.581818580627441,7,26137.755859375
2,2025-12-19,0.011026322841644287,7,26137.755859375
3,2025-12-19,0.012307554483413696,7,26137.755859375
4,2025-12-19,0.89424228668212891,7,26137.755859375
5,2025-12-19,180.46481323242188,7,26137.755859375
6,2025-12-19,567.11651611328125,7,26137.755859375
7,2025-12-19,1366.594970703125,7,26137.755859375
8,2025-12-19,2127.601806640625,7,26137.755859375
9,2025-12-19,1745.25439453125,7,26137.755859375
10,2025-12-19,1603.50146484375,7,26137.755859375
11,2025-12-19,1501.4658203125,7,26137.755859375
12,2025-12-19,1571.210693359375,7,26137.755859375
13,2025-12-19,1598.346435546875,7,26137.755859375
14,2025-12-19,1609.650146484375,7,26137.755859375
15,2025-12-19,1702.447509765625,7,26137.755859375
16,2025-12-19,1872.6466064453125,7,26137.755859375
17,2025-12-19,2227.093505859375,7,26137.755859375
18,2025-12-19,2061.52685546875,7,26137.755859375
19,2025-12-19,1463.5543212890625,7,26137.755859375
20,2025-12-19,1014.669189453125,7,26137.755859375
21,2025-12-19,615.698974609375,7,26137.755859375
22,2025-12-19,299.62579345703125,7,26137.755859375
23,2025-12-19,214.10435485839844,7,26137.755859375
0,2025-12-20,92.002647399902344,7,13591.755859375
1,2025-12-20,18.835275650024414,7,13591.755859375
2,2025-12-20,0.011832058429718018,7,13591.755859375
3,2025-12-20,0.0082554817199707031,7,13591.755859375
4,2025-12-20,0.35592174530029297,7,13591.755859375
5,2025-12-20,49.377853393554688,7,13591.755859375
6,2025-12-20,252.88885498046875,7,13591.755859375
7,2025-12-20,465.35345458984375,7,13591.755859375
8,2025-12-20,729.07672119140625,7,13591.755859375
9,2025-12-20,783.259765625,7,13591.755859375
10,2025-12-20,837.96807861328125,7,13591.755859375
11,2025-12-20,967.78564453125,7,13591.755859375
12,2025-12-20,1081.6588134765625,7,13591.755859375
13,2025-12-20,1085.50146484375,7,13591.755859375
14,2025-12-20,1090.602783203125,7,13591.755859375
15,2025-12-20,1096.856689453125,7,13591.755859375
16,2025-12-20,1064.935791015625,7,13591.755859375
17,2025-12-20,1103.9449462890625,7,13591.755859375
18,2025-12-20,976.79010009765625,7,13591.755859375
19,2025-12-20,883.69879150390625,7,13591.755859375
20,2025-12-20,650.3321533203125,7,13591.755859375
21,2025-12-20,541.569580078125,7,13591.755859375
22,2025-12-20,256.6461181640625,7,13591.755859375
23,2025-12-20,175.3277587890625,7,13591.755859375
0,2025-12-21,97.584793090820312,7,10434.125
1,2025-12-21,16.654933929443359,7,10434.125
2,2025-12-21,0.013509601354598999,7,10434.125
3,2025-12-21,0.013004899024963379,7,10434.125
4,2025-12-21,0.22386050224304199,7,10434.125
5,2025-12-21,32.955032348632812,7,10434.125
6,2025-12-21,177.59698486328125,7,10434.125
7,2025-12-21,321.6807861328125,7,10434.125
8,2025-12-21,536.4798583984375,7,10434.125
9,2025-12-21,656.42401123046875,7,10434.125
10,2025-12-21,650.57537841796875,7,10434.125
11,2025-12-21,770.774658203125,7,10434.125
12,2025-12-21,859.0401611328125,7,10434.125
13,2025-12-21,858.909912109375,7,10434.125
14,2025-12-21,895.95574951171875,7,10434.125
15,2025-12-21,919.5350341796875,7,10434.125
16,2025-12-21,891.6834716796875,7,10434.125
17,2025-12-21,959.61541748046875,7,10434.125
18,2025-12-21,860.9190673828125,7,10434.125
19,2025-12-21,731.806640625,7,10434.125
20,2025-12-21,564.5439453125,7,10434.125
21,2025-12-21,450.64300537109375,7,10434.125
22,2025-12-21,220.48893737792969,7,10434.125
23,2025-12-21,140.45185852050781,7,10434.125
0,2025-12-22,64.729469299316406,7,26144.8046875
1,2025-12-22,10.383411407470703,7,26144.8046875
2,2025-12-22,0.013339698314666748,7,26144.8046875
3,2025-12-22,0.014733791351318359,7,26144.8046875
4,2025-12-22,0.70178544521331787,7,26144.8046875
5,2025-12-22,184.36540222167969,7,26144.8046875
6,2025-12-22,605.858642578125,7,26144.8046875
7,2025-12-22,1429.17333984375,7,26144.8046875
8,2025-12-22,2254.50732421875,7,26144.8046875
9,2025-12-22,1813.0616455078125,7,26144.8046875
10,2025-12-22,1640.684326171875,7,26144.8046875
11,2025-12-22,1479.7459716796875,7,26144.8046875
12,2025-12-22,1534.6561279296875,7,26144.8046875
13,2025-12-22,1559.2510986328125,7,26144.8046875
14,2025-12-22,1578.261962890625,7,26144.8046875
15,2025-12-22,1696.453857421875,7,26144.8046875
16,2025-12-22,1812.9091796875,7,26144.8046875
17,2025-12-22,2319.32763671875,7,26144.8046875
18,2025-12-22,2482.0546875,7,26144.8046875
19,2025-12-22,1658.4635009765625,7,26144.8046875
20,2025-12-22,1056.5758056640625,7,26144.8046875
21,2025-12-22,590.3778076171875,7,26144.8046875
22,2025-12-22,274.337890625,7,26144.8046875
23,2025-12-22,157.43124389648438,7,26144.8046875
0,2025-12-23,54.9666748046875,7,26423.333984375
1,2025-12-23,9.0817642211914062,7,26423.333984375
2,2025-12-23,0.011402994394302368,7,26423.333984375
3,2025-12-23,0.015112549066543579,7,26423.333984375
4,2025-12-23,1.0925023555755615,7,26423.333984375
5,2025-12-23,184.97651672363281,7,26423.333984375
6,2025-12-23,607.67181396484375,7,26423.333984375
7,2025-12-23,1445.8604736328125,7,26423.333984375
8,2025-12-23,2259.11181640625,7,26423.333984375
9,2025-12-23,1830.1246337890625,7,26423.333984375
10,2025-12-23,1674.990234375,7,26423.333984375
11,2025-12-23,1532.619384765625,7,26423.333984375
12,2025-12-23,1582.2933349609375,7,26423.333984375
13,2025-12-23,1573.959716796875,7,26423.333984375
14,2025-12-23,1588.715087890625,7,26423.333984375
15,2025-12-23,1713.240478515625,7,26423.333984375
16,2025-12-23,1814.4959716796875,7,26423.333984375
17,2025-12-23,2342.498779296875,7,26423.333984375
18,2025-12-23,2513.64794921875,7,26423.333984375
19,2025-12-23,1681.946533203125,7,26423.333984375
20,2025-12-23,1065.011474609375,7,26423.333984375
21,2025-12-23,635.0589599609375,7,26423.333984375
22,2025-12-23,293.54519653320312,7,26423.333984375
23,2025-12-23,184.12547302246094,7,26423.333984375
0,2025-12-24,60.605712890625,7,26429.271484375
1,2025-12-24,9.4802436828613281,7,26429.271484375
2,2025-12-24,0.010182112455368042,7,26429.271484375
3,2025-12-24,0.016985982656478882,7,26429.271484375
4,2025-12-24,1.1411336660385132,7,26429.271484375
5,2025-12-24,183.60433959960938,7,26429.271484375
6,2025-12-24,593.8773193359375,7,26429.271484375
7,2025-12-24,1402.32275390625,7,26429.271484375
8,2025-12-24,2230.692626953125,7,26429.271484375
9,2025-12-24,1800.423095703125,7,26429.271484375
10,2025-12-24,1654.7882080078125,7,26429.271484375
11,2025-12-24,1498.9486083984375,7,26429.271484375
12,2025-12-24,1554.412109375,7,26429.271484375
13,2025-12-24,1544.775146484375,7,26429.271484375
14,2025-12-24,1576.407958984375,7,26429.271484375
15,2025-12-24,1686.741943359375,7,26429.271484375
16,2025-12-24,1796.4063720703125,7,26429.271484375
17,2025-12-24,2322.5166015625,7,26429.271484375
18,2025-12-24,2457.374267578125,7,26429.271484375
19,2025-12-24,1632.94580078125,7,26429.271484375
20,2025-12-24,1047.114013671875,7,26429.271484375
21,2025-12-24,633.2008056640625,7,26429.271484375
22,2025-12-24,298.5919189453125,7,26429.271484375
23,2025-12-24,182.61111450195312,7,26429.271484375
0,2025-12-25,63.975730895996094,7,25905.51953125
1,2025-12-25,12.314967155456543,7,25905.51953125
2,2025-12-25,0.010823547840118408,7,25905.51953125
3,2025-12-25,0.0076041817665100098,7,25905.51953125
4,2025-12-25,0.99608480930328369,7,25905.51953125
5,2025-12-25,181.30802917480469,7,25905.51953125
6,2025-12-25,595.11846923828125,7,25905.51953125
7,2025-12-25,1396.13134765625,7,25905.51953125
8,2025-12-25,2206.2705078125,7,25905.51953125
9,2025-12-25,1768.23095703125,7,25905.51953125
10,2025-12-25,1605.8577880859375,7,25905.51953125
11,2025-12-25,1495.332763671875,7,25905.51953125
12,2025-12-25,1535.316650390625,7,25905.51953125
13,2025-12-25,1542.723388671875,7,25905.51953125
14,2025-12-25,1590.4375,7,25905.51953125
15,2025-12-25,1650.794189453125,7,25905.51953125
16,2025-12-25,1773.7618408203125,7,25905.51953125
17,2025-12-25,2261.9296875,7,25905.51953125
18,2025-12-25,2458.948974609375,7,25905.51953125
19,2025-12-25,1625.32421875,7,25905.51953125
20,2025-12-25,1038.887451171875,7,25905.51953125
21,2025-12-25,624.98638916015625,7,25905.51953125
22,2025-12-25,296.08810424804688,7,25905.51953125
23,2025-12-25,194.89378356933594,7,25905.51953125
0,2025-12-26,66.905746459960938,7,25361.0078125
1,2025-12-26,11.732702255249023,7,25361.0078125
2,2025-12-26,0.012436926364898682,7,25361.0078125
3,2025-12-26,0.013103067874908447,7,25361.0078125
4,2025-12-26,0.76356399059295654,7,25361.0078125
5,2025-12-26,177.95863342285156,7,25361.0078125
6,2025-12-26,572.2882080078125,7,25361.0078125
7,2025-12-26,1330.18896484375,7,25361.0078125
8,2025-12-26,2073.0361328125,7,25361.0078125
9,2025-12-26,1702.8773193359375,7,25361.0078125
10,2025-12-26,1569.007080078125,7,25361.0078125
11,2025-12-26,1473.39404296875,7,25361.0078125
12,2025-12-26,1525.9290771484375,7,25361.0078125
13,2025-12-26,1568.25244140625,7,25361.0078125
14,2025-12-26,1579.582763671875,7,25361.0078125
15,2025-12-26,1663.6815185546875,7,25361.0078125
16,2025-12-26,1821.3175048828125,7,25361.0078125
17,2025-12-26,2194.137451171875,7,25361.0078125
18,2025-12-26,2049.650390625,7,25361.0078125
19,2025-12-26,1457.5594482421875,7,25361.0078125
20,2025-12-26,994.054443359375,7,25361.0078125
21,2025-12-26,612.92578125,7,25361.0078125
22,2025-12-26,300.99026489257812,7,25361.0078125
23,2025-12-26,213.18487548828125,7,25361.0078125
0,2025-12-27,89.6483154296875,7,12399.6357421875
1,2025-12-27,19.509260177612305,7,12399.6357421875
2,2025-12-27,0.0068719387054443359,7,12399.6357421875
3,2025-12-27,0.013319790363311768,7,12399.6357421875
4,2025-12-27,0.2999497652053833,7,12399.6357421875
5,2025-12-27,56.518157958984375,7,12399.6357421875
6,2025-12-27,277.00228881835938,7,12399.6357421875
7,2025-12-27,534.998291015625,7,12399.6357421875
8,2025-12-27,799.553955078125,7,12399.6357421875
9,2025-12-27,865.2418212890625,7,12399.6357421875
10,2025-12-27,925.56207275390625,7,12399.6357421875
11,2025-12-27,1002.3567504882812,7,12399.6357421875
12,2025-12-27,1120.3841552734375,7,12399.6357421875
13,2025-12-27,1127.022216796875,7,12399.6357421875
14,2025-12-27,1150.878173828125,7,12399.6357421875
15,2025-12-27,1161.5924072265625,7,12399.6357421875
16,2025-12-27,1101.0582275390625,7,12399.6357421875
17,2025-12-27,1147.385009765625,7,12399.6357421875
18,2025-12-27,1080.968994140625,7,12399.6357421875
19,2025-12-27,941.570068359375,7,12399.6357421875
20,2025-12-27,680.81512451171875,7,12399.6357421875
21,2025-12-27,544.6522216796875,7,12399.6357421875
22,2025-12-27,259.503173828125,7,12399.6357421875
23,2025-12-27,174.37619018554688,7,12399.6357421875
0,2025-12-28,98.70123291015625,7,9934.025390625
1,2025-12-28,16.317401885986328,7,9934.025390625
2,2025-12-28,0.0093225836753845215,7,9934.025390625
3,2025-12-28,0.014452874660491943,7,9934.025390625
4,2025-12-28,0.26185572147369385,7,9934.025390625
5,2025-12-28,35.958671569824219,7,9934.025390625
6,2025-12-28,181.52804565429688,7,9934.025390625
7,2025-12-28,333.23760986328125,7,9934.025390625
8,2025-12-28,558.2911376953125,7,9934.025390625
9,2025-12-28,686.926513671875,7,9934.025390625
10,2025-12-28,716.33697509765625,7,9934.025390625
11,2025-12-28,838.8538818359375,7,9934.025390625
12,2025-12-28,908.7882080078125,7,9934.025390625
13,2025-12-28,923.018310546875,7,9934.025390625
14,2025-12-28,967.153564453125,7,9934.025390625
15,2025-12-28,982.21258544921875,7,9934.025390625
16,2025-12-28,939.6278076171875,7,9934.025390625
17,2025-12-28,993.698486328125,7,9934.025390625
18,2025-12-28,894.696533203125,7,9934.025390625
19,2025-12-28,744.50494384765625,7,9934.025390625
20,2025-12-28,594.4671630859375,7,9934.025390625
21,2025-12-28,479.787109375,7,9934.025390625
22,2025-12-28,230.36924743652344,7,9934.025390625
23,2025-12-28,147.66824340820312,7,9934.025390625
0,2025-12-29,65.921401977539062,7,26872.119140625
1,2025-12-29,9.9270143508911133,7,26872.119140625
2,2025-12-29,0.011026829481124878,7,26872.119140625
3,2025-12-29,0.01765403151512146,7,26872.119140625
4,2025-12-29,0.76896023750305176,7,26872.119140625
5,2025-12-29,185.81106567382812,7,26872.119140625
6,2025-12-29,612.7467041015625,7,26872.119140625
7,2025-12-29,1451.1146240234375,7,26872.119140625
8,2025-12-29,2285.87158203125,7,26872.119140625
9,2025-12-29,1840.819580078125,7,26872.119140625
10,2025-12-29,1681.272216796875,7,26872.119140625
11,2025-12-29,1524.63330078125,7,26872.119140625
12,2025-12-29,1575.8280029296875,7,26872.119140625
13,2025-12-29,1590.482666015625,7,26872.119140625
14,2025-12-29,1596.671630859375,7,26872.119140625
15,2025-12-29,1734.653564453125,7,26872.119140625
16,2025-12-29,1849.33203125,7,26872.119140625
17,2025-12-29,2363.06787109375,7,26872.119140625
18,2025-12-29,2510.0078125,7,26872.119140625
19,2025-12-29,1687.815185546875,7,26872.119140625
20,2025-12-29,1067.5457763671875,7,26872.119140625
21,2025-12-29,603.486572265625,7,26872.119140625
22,2025-12-29,278.65988159179688,7,26872.119140625
23,2025-12-29,165.43441772460938,7,26872.119140625
0,2025-12-30,55.834945678710938,7,27059.34765625
1,2025-12-30,8.8470678329467773,7,27059.34765625
2,2025-12-30,0.0093066394329071045,7,27059.34765625
3,2025-12-30,0.014890670776367188,7,27059.34765625
4,2025-12-30,1.1511565446853638,7,27059.34765625
5,2025-12-30,187.66525268554688,7,27059.34765625
6,2025-12-30,621.15289306640625,7,27059.34765625
7,2025-12-30,1473.780517578125,7,27059.34765625
8,2025-12-30,2300.23681640625,7,27059.34765625
9,2025-12-30,1865.15869140625,7,27059.34765625
10,2025-12-30,1695.5491943359375,7,27059.34765625
11,2025-12-30,1560.534912109375,7,27059.34765625
12,2025-12-30,1603.5948486328125,7,27059.34765625
13,2025-12-30,1596.6529541015625,7,27059.34765625
14,2025-12-30,1603.089599609375,7,27059.34765625
15,2025-12-30,1748.293701171875,7,27059.34765625
16,2025-12-30,1853.656982421875,7,27059.34765625
17,2025-12-30,2352.177001953125,7,27059.34765625
18,2025-12-30,2517.45361328125,7,27059.34765625
19,2025-12-30,1713.5604248046875,7,27059.34765625
20,2025-12-30,1075.6304931640625,7,27059.34765625
21,2025-12-30,636.93768310546875,7,27059.34765625
22,2025-12-30,299.86538696289062,7,27059.34765625
23,2025-12-30,183.63995361328125,7,27059.34765625
0,2025-12-31,65.501426696777344,7,10445.1025390625
1,2025-12-31,8.9454345703125,7,10445.1025390625
2,2025-12-31,0.01312410831451416,7,10445.1025390625
3,2025-12-31,0.016723096370697021,7,10445.1025390625
4,2025-12-31,1.1333014965057373,7,10445.1025390625
5,2025-12-31,23.509918212890625,7,10445.1025390625
6,2025-12-31,240.81707763671875,7,10445.1025390625
7,2025-12-31,298.11444091796875,7,10445.1025390625
8,2025-12-31,599.857666015625,7,10445.1025390625
9,2025-12-31,633.32635498046875,7,10445.1025390625
10,2025-12-31,740.9156494140625,7,10445.1025390625
11,2025-12-31,896.568603515625,7,10445.1025390625
12,2025-12-31,1004.6363525390625,7,10445.1025390625
13,2025-12-31,919.9224853515625,7,10445.1025390625
14,2025-12-31,878.66998291015625,7,10445.1025390625
15,2025-12-31,939.0302734375,7,10445.1025390625
16,2025-12-31,876.000244140625,7,10445.1025390625
17,2025-12-31,987.57080078125,7,10445.1025390625
18,2025-12-31,1002.7213745117188,7,10445.1025390625
19,2025-12-31,864.3421630859375,7,10445.1025390625
20,2025-12-31,666.32403564453125,7,10445.1025390625
21,2025-12-31,469.59478759765625,7,10445.1025390625
22,2025-12-31,270.58807373046875,7,10445.1025390625
23,2025-12-31,153.87202453613281,7,10445.1025390625
0,2025-11-01,98.2926025390625,11,27362.51953125
1,2025-11-01,1.2047033309936523,11,27362.51953125
2,2025-11-01,0.011823087930679321,11,27362.51953125
3,2025-11-01,0.018465250730514526,11,27362.51953125
4,2025-11-01,0.034669160842895508,11,27362.51953125
5,2025-11-01,163.34341430664062,11,27362.51953125
6,2025-11-01,683.48699951171875,11,27362.51953125
7,2025-11-01,531.1846923828125,11,27362.51953125
8,2025-11-01,700.1253662109375,11,27362.51953125
9,2025-11-01,856.318359375,11,27362.51953125
10,2025-11-01,968.43377685546875,11,27362.51953125
11,2025-11-01,1435.232177734375,11,27362.51953125
12,2025-11-01,1698.939208984375,11,27362.51953125
13,2025-11-01,1562.648681640625,11,27362.51953125
14,2025-11-01,1677.5499267578125,11,27362.51953125
15,2025-11-01,1452.7138671875,11,27362.51953125
16,2025-11-01,1411.9287109375,11,27362.51953125
17,2025-11-01,1345.2813720703125,11,27362.51953125
18,2025-11-01,1089.310546875,11,27362.51953125
19,2025-11-01,1198.6414794921875,11,27362.51953125
20,2025-11-01,856.13836669921875,11,27362.51953125
21,2025-11-01,686.08392333984375,11,27362.51953125
22,2025-11-01,355.85836791992188,11,27362.51953125
23,2025-11-01,301.510009765625,11,27362.51953125
0,2025-11-02,109.93705749511719,11,17077.623046875
1,2025-11-02,22.62086296081543,11,17077.623046875
2,2025-11-02,0.015396475791931152,11,17077.623046875
3,2025-11-02,0.015594899654388428,11,17077.623046875
4,2025-11-02,0.10745477676391602,11,17077.623046875
5,2025-11-02,79.880935668945312,11,17077.623046875
6,2025-11-02,402.185791015625,11,17077.623046875
7,2025-11-02,373.4774169921875,11,17077.623046875
8,2025-11-02,458.782958984375,11,17077.623046875
9,2025-11-02,663.2474365234375,11,17077.623046875
10,2025-11-02,746.77239990234375,11,17077.623046875
11,2025-11-02,1169.7398681640625,11,17077.623046875
12,2025-11-02,1405.3819580078125,11,17077.623046875
13,2025-11-02,1306.0863037109375,11,17077.623046875
14,2025-11-02,1478.857666015625,11,17077.623046875
15,2025-11-02,1301.990478515625,11,17077.623046875
16,2025-11-02,1214.846435546875,11,17077.623046875
17,2025-11-02,1189.0570068359375,11,17077.623046875
18,2025-11-02,886.092041015625,11,17077.623046875
19,2025-11-02,911.5316162109375,11,17077.623046875
20,2025-11-02,698.8895263671875,11,17077.623046875
21,2025-11-02,587.20947265625,11,17077.623046875
22,2025-11-02,321.52188110351562,11,17077.623046875
23,2025-11-02,243.20057678222656,11,17077.623046875
0,2025-11-03,76.46038818359375,11,20394.443359375
1,2025-11-03,14.088623046875,11,20394.443359375
2,2025-11-03,0.013467013835906982,11,20394.443359375
3,2025-11-03,0.022183835506439209,11,20394.443359375
4,2025-11-03,0.70636403560638428,11,20394.443359375
5,2025-11-03,207.17778015136719,11,20394.443359375
6,2025-11-03,846.2540283203125,11,20394.443359375
7,2025-11-03,757.73590087890625,11,20394.443359375
8,2025-11-03,928.442626953125,11,20394.443359375
9,2025-11-03,827.499755859375,11,20394.443359375
10,2025-11-03,767.18646240234375,11,20394.443359375
11,2025-11-03,1079.950439453125,11,20394.443359375
12,2025-11-03,1219.88671875,11,20394.443359375
13,2025-11-03,1193.046142578125,11,20394.443359375
14,2025-11-03,1429.1246337890625,11,20394.443359375
15,2025-11-03,1112.298828125,11,20394.443359375
16,2025-11-03,1201.8253173828125,11,20394.443359375
17,2025-11-03,1204.4278564453125,11,20394.443359375
18,2025-11-03,1099.5533447265625,11,20394.443359375
19,2025-11-03,1356.0257568359375,11,20394.443359375
20,2025-11-03,1002.8058471679688,11,20394.443359375
21,2025-11-03,684.12982177734375,11,20394.443359375
22,2025-11-03,331.15704345703125,11,20394.443359375
23,2025-11-03,217.2645263671875,11,20394.443359375
0,2025-11-04,61.664779663085938,11,19928.53125
1,2025-11-04,0.72197341918945312,11,19928.53125
2,2025-11-04,0.013956367969512939,11,19928.53125
3,2025-11-04,0.020702064037322998,11,19928.53125
4,2025-11-04,0.06689906120300293,11,19928.53125
5,2025-11-04,202.43475341796875,11,19928.53125
6,2025-11-04,843.0576171875,11,19928.53125
7,2025-11-04,851.9654541015625,11,19928.53125
8,2025-11-04,1066.0413818359375,11,19928.53125
9,2025-11-04,915.80780029296875,11,19928.53125
10,2025-11-04,798.14947509765625,11,19928.53125
11,2025-11-04,1063.3265380859375,11,19928.53125
12,2025-11-04,1272.26171875,11,19928.53125
13,2025-11-04,1223.5230712890625,11,19928.53125
14,2025-11-04,1501.1297607421875,11,19928.53125
15,2025-11-04,1083.550537109375,11,19928.53125
16,2025-11-04,1171.561767578125,11,19928.53125
17,2025-11-04,1197.943359375,11,19928.53125
18,2025-11-04,1103.04052734375,11,19928.53125
19,2025-11-04,1376.3236083984375,11,19928.53125
20,2025-11-04,1050.433837890625,11,19928.53125
21,2025-11-04,699.1456298828125,11,19928.53125
22,2025-11-04,343.4495849609375,11,19928.53125
23,2025-11-04,222.14068603515625,11,19928.53125
0,2025-11-05,61.194416046142578,11,33691.51953125
1,2025-11-05,0.28126192092895508,11,33691.51953125
2,2025-11-05,0.013127177953720093,11,33691.51953125
3,2025-11-05,0.015577793121337891,11,33691.51953125
4,2025-11-05,0.024660110473632812,11,33691.51953125
5,2025-11-05,247.2841796875,11,33691.51953125
6,2025-11-05,1254.00048828125,11,33691.51953125
7,2025-11-05,2343.277099609375,11,33691.51953125
8,2025-11-05,3135.059326171875,11,33691.51953125
9,2025-11-05,2323.183837890625,11,33691.51953125
10,2025-11-05,1897.498046875,11,33691.51953125
11,2025-11-05,1817.4970703125,11,33691.51953125
12,2025-11-05,1879.6517333984375,11,33691.51953125
13,2025-11-05,1939.9931640625,11,33691.51953125
14,2025-11-05,1941.4873046875,11,33691.51953125
15,2025-11-05,1818.546875,11,33691.51953125
16,2025-11-05,2094.36474609375,11,33691.51953125
17,2025-11-05,2645.26708984375,11,33691.51953125
18,2025-11-05,2905.86865234375,11,33691.51953125
19,2025-11-05,2258.330078125,11,33691.51953125
20,2025-11-05,1356.21875,11,33691.51953125
21,2025-11-05,791.20526123046875,11,33691.51953125
22,2025-11-05,355.18841552734375,11,33691.51953125
23,2025-11-05,229.48228454589844,11,33691.51953125
0,2025-11-06,63.158561706542969,11,33991.7890625
1,2025-11-06,0.31195974349975586,11,33991.7890625
2,2025-11-06,0.010159194469451904,11,33991.7890625
3,2025-11-06,0.01573491096496582,11,33991.7890625
4,2025-11-06,0.029712200164794922,11,33991.7890625
5,2025-11-06,244.29640197753906,11,33991.7890625
6,2025-11-06,1268.9248046875,11,33991.7890625
7,2025-11-06,2320.9130859375,11,33991.7890625
8,2025-11-06,3073.916015625,11,33991.7890625
9,2025-11-06,2317.737060546875,11,33991.7890625
10,2025-11-06,1903.28369140625,11,33991.7890625
11,2025-11-06,1797.460205078125,11,33991.7890625
12,2025-11-06,1890.675048828125,11,33991.7890625
13,2025-11-06,1947.187744140625,11,33991.7890625
14,2025-11-06,1965.289306640625,11,33991.7890625
15,2025-11-06,1850.371826171875,11,33991.7890625
16,2025-11-06,2147.03564453125,11,33991.7890625
17,2025-11-06,2631.3017578125,11,33991.7890625
18,2025-11-06,2853.97509765625,11,33991.7890625
19,2025-11-06,2235.6494140625,11,33991.7890625
20,2025-11-06,1354.5133056640625,11,33991.7890625
21,2025-11-06,806.6094970703125,11,33991.7890625
22,2025-11-06,372.43319702148438,11,33991.7890625
23,2025-11-06,247.71318054199219,11,33991.7890625
0,2025-11-07,70.383445739746094,11,33614.2421875
1,2025-11-07,0.40706729888916016,11,33614.2421875
2,2025-11-07,0.0090132057666778564,11,33614.2421875
3,2025-11-07,0.0070527791976928711,11,33614.2421875
4,2025-11-07,0.019665718078613281,11,33614.2421875
5,2025-11-07,242.06465148925781,11,33614.2421875
6,2025-11-07,1258.29443359375,11,33614.2421875
7,2025-11-07,2282.615234375,11,33614.2421875
8,2025-11-07,3068.017578125,11,33614.2421875
9,2025-11-07,2266.345703125,11,33614.2421875
10,2025-11-07,1869.751953125,11,33614.2421875
11,2025-11-07,1787.3316650390625,11,33614.2421875
12,2025-11-07,1892.2236328125,11,33614.2421875
13,2025-11-07,1925.1724853515625,11,33614.2421875
14,2025-11-07,1975.5780029296875,11,33614.2421875
15,2025-11-07,1900.383056640625,11,33614.2421875
16,2025-11-07,2217.711669921875,11,33614.2421875
17,2025-11-07,2651.361083984375,11,33614.2421875
18,2025-11-07,2529.045166015625,11,33614.2421875
19,2025-11-07,2094.41259765625,11,33614.2421875
20,2025-11-07,1313.5250244140625,11,33614.2421875
21,2025-11-07,802.27484130859375,11,33614.2421875
22,2025-11-07,377.18875122070312,11,33614.2421875
23,2025-11-07,288.93258666992188,11,33614.2421875
0,2025-11-08,100.88522338867188,11,22692.89453125
1,2025-11-08,1.0488882064819336,11,22692.89453125
2,2025-11-08,0.0075316131114959717,11,22692.89453125
3,2025-11-08,0.013704508543014526,11,22692.89453125
4,2025-11-08,0.023427486419677734,11,22692.89453125
5,2025-11-08,182.63070678710938,11,22692.89453125
6,2025-11-08,808.8809814453125,11,22692.89453125
7,2025-11-08,781.644775390625,11,22692.89453125
8,2025-11-08,1115.90234375,11,22692.89453125
9,2025-11-08,1209.58154296875,11,22692.89453125
10,2025-11-08,1304.023193359375,11,22692.89453125
11,2025-11-08,1645.100341796875,11,22692.89453125
12,2025-11-08,1841.4022216796875,11,22692.89453125
13,2025-11-08,1768.23046875,11,22692.89453125
14,2025-11-08,1829.7679443359375,11,22692.89453125
15,2025-11-08,1663.57080078125,11,22692.89453125
16,2025-11-08,1724.1619873046875,11,22692.89453125
17,2025-11-08,1827.493896484375,11,22692.89453125
18,2025-11-08,1524.868896484375,11,22692.89453125
19,2025-11-08,1483.665283203125,11,22692.89453125
20,2025-11-08,950.033203125,11,22692.89453125
21,2025-11-08,690.6734619140625,11,22692.89453125
22,2025-11-08,354.75244140625,11,22692.89453125
23,2025-11-08,292.39517211914062,11,22692.89453125
0,2025-11-09,109.72267150878906,11,19216.08203125
1,2025-11-09,18.443464279174805,11,19216.08203125
2,2025-11-09,0.0093150734901428223,11,19216.08203125
3,2025-11-09,0.014633417129516602,11,19216.08203125
4,2025-11-09,0.029081106185913086,11,19216.08203125
5,2025-11-09,93.309860229492188,11,19216.08203125
6,2025-11-09,505.84661865234375,11,19216.08203125
7,2025-11-09,570.8695068359375,11,19216.08203125
8,2025-11-09,753.2916259765625,11,19216.08203125
9,2025-11-09,951.580078125,11,19216.08203125
10,2025-11-09,1037.919189453125,11,19216.08203125
11,2025-11-09,1466.7559814453125,11,19216.08203125
12,2025-11-09,1680.0247802734375,11,19216.08203125
13,2025-11-09,1561.6884765625,11,19216.08203125
14,2025-11-09,1654.617919921875,11,19216.08203125
15,2025-11-09,1530.3134765625,11,19216.08203125
16,2025-11-09,1497.1009521484375,11,19216.08203125
17,2025-11-09,1641.413330078125,11,19216.08203125
18,2025-11-09,1302.6905517578125,11,19216.08203125
19,2025-11-09,1148.073974609375,11,19216.08203125
20,2025-11-09,784.96337890625,11,19216.08203125
21,2025-11-09,598.4327392578125,11,19216.08203125
22,2025-11-09,320.73443603515625,11,19216.08203125
23,2025-11-09,237.00151062011719,11,19216.08203125
0,2025-11-10,73.1591796875,11,33355.6953125
1,2025-11-10,10.796064376831055,11,33355.6953125
2,2025-11-10,0.0104217529296875,11,33355.6953125
3,2025-11-10,0.015234619379043579,11,33355.6953125
4,2025-11-10,0.8990478515625,11,33355.6953125
5,2025-11-10,247.73149108886719,11,33355.6953125
6,2025-11-10,1265.31005859375,11,33355.6953125
7,2025-11-10,2311.95361328125,11,33355.6953125
8,2025-11-10,3086.414794921875,11,33355.6953125
9,2025-11-10,2266.68408203125,11,33355.6953125
10,2025-11-10,1781.283447265625,11,33355.6953125
11,2025-11-10,1769.2459716796875,11,33355.6953125
12,2025-11-10,1799.442138671875,11,33355.6953125
13,2025-11-10,1871.5628662109375,11,33355.6953125
14,2025-11-10,1868.5120849609375,11,33355.6953125
15,2025-11-10,1820.3804931640625,11,33355.6953125
16,2025-11-10,2130.482421875,11,33355.6953125
17,2025-11-10,2637.00830078125,11,33355.6953125
18,2025-11-10,2890.587158203125,11,33355.6953125
19,2025-11-10,2224.182373046875,11,33355.6953125
20,2025-11-10,1313.762451171875,11,33355.6953125
21,2025-11-10,742.63409423828125,11,33355.6953125
22,2025-11-10,336.70733642578125,11,33355.6953125
23,2025-11-10,210.27311706542969,11,33355.6953125
0,2025-11-11,60.191993713378906,11,33590.77734375
1,2025-11-11,0.52225542068481445,11,33590.77734375
2,2025-11-11,0.0096870064735412598,11,33590.77734375
3,2025-11-11,0.01744350790977478,11,33590.77734375
4,2025-11-11,0.03760838508605957,11,33590.77734375
5,2025-11-11,244.72569274902344,11,33590.77734375
6,2025-11-11,1260.508544921875,11,33590.77734375
7,2025-11-11,2336.42822265625,11,33590.77734375
8,2025-11-11,3118.5595703125,11,33590.77734375
9,2025-11-11,2308.480224609375,11,33590.77734375
10,2025-11-11,1844.529296875,11,33590.77734375
11,2025-11-11,1777.048583984375,11,33590.77734375
12,2025-11-11,1835.809326171875,11,33590.77734375
13,2025-11-11,1916.7403564453125,11,33590.77734375
14,2025-11-11,1935.9442138671875,11,33590.77734375
15,2025-11-11,1816.8865966796875,11,33590.77734375
16,2025-11-11,2107.487548828125,11,33590.77734375
17,2025-11-11,2658.374267578125,11,33590.77734375
18,2025-11-11,2884.907470703125,11,33590.77734375
19,2025-11-11,2232.188232421875,11,33590.77734375
20,2025-11-11,1344.411376953125,11,33590.77734375
21,2025-11-11,757.32452392578125,11,33590.77734375
22,2025-11-11,344.76962280273438,11,33590.77734375
23,2025-11-11,215.56362915039062,11,33590.77734375
0,2025-11-12,61.763999938964844,11,33485.7265625
1,2025-11-12,0.33766651153564453,11,33485.7265625
2,2025-11-12,0.011246711015701294,11,33485.7265625
3,2025-11-12,0.013762861490249634,11,33485.7265625
4,2025-11-12,0.016518115997314453,11,33485.7265625
5,2025-11-12,248.1575927734375,11,33485.7265625
6,2025-11-12,1230.2593994140625,11,33485.7265625
7,2025-11-12,2317.982421875,11,33485.7265625
8,2025-11-12,3104.031982421875,11,33485.7265625
9,2025-11-12,2284.745849609375,11,33485.7265625
10,2025-11-12,1863.8653564453125,11,33485.7265625
11,2025-11-12,1809.9376220703125,11,33485.7265625
12,2025-11-12,1878.2733154296875,11,33485.7265625
13,2025-11-12,1955.03759765625,11,33485.7265625
14,2025-11-12,1967.256591796875,11,33485.7265625
15,2025-11-12,1809.427978515625,11,33485.7265625
16,2025-11-12,2086.897705078125,11,33485.7265625
17,2025-11-12,2639.044189453125,11,33485.7265625
18,2025-11-12,2857.46435546875,11,33485.7265625
19,2025-11-12,2221.634765625,11,33485.7265625
20,2025-11-12,1346.6639404296875,11,33485.7265625
21,2025-11-12,772.189697265625,11,33485.7265625
22,2025-11-12,353.55657958984375,11,33485.7265625
23,2025-11-12,227.99827575683594,11,33485.7265625
0,2025-11-13,64.1357421875,11,33895.20703125
1,2025-11-13,0.22914981842041016,11,33895.20703125
2,2025-11-13,0.0080523788928985596,11,33895.20703125
3,2025-11-13,0.011449545621871948,11,33895.20703125
4,2025-11-13,0.037106037139892578,11,33895.20703125
5,2025-11-13,245.89578247070312,11,33895.20703125
6,2025-11-13,1246.1983642578125,11,33895.20703125
7,2025-11-13,2283.987548828125,11,33895.20703125
8,2025-11-13,3021.75537109375,11,33895.20703125
9,2025-11-13,2286.973876953125,11,33895.20703125
10,2025-11-13,1904.6741943359375,11,33895.20703125
11,2025-11-13,1797.67724609375,11,33895.20703125
12,2025-11-13,1895.2574462890625,11,33895.20703125
13,2025-11-13,1953.995361328125,11,33895.20703125
14,2025-11-13,1985.6641845703125,11,33895.20703125
15,2025-11-13,1848.2523193359375,11,33895.20703125
16,2025-11-13,2142.78466796875,11,33895.20703125
17,2025-11-13,2626.16748046875,11,33895.20703125
18,2025-11-13,2802.957763671875,11,33895.20703125
19,2025-11-13,2199.738037109375,11,33895.20703125
20,2025-11-13,1337.0736083984375,11,33895.20703125
21,2025-11-13,783.1929931640625,11,33895.20703125
22,2025-11-13,366.74838256835938,11,33895.20703125
23,2025-11-13,244.0938720703125,11,33895.20703125
0,2025-11-14,70.434501647949219,11,33998.58203125
1,2025-11-14,0.59159088134765625,11,33998.58203125
2,2025-11-14,0.007373124361038208,11,33998.58203125
3,2025-11-14,0.0097244977951049805,11,33998.58203125
4,2025-11-14,0.012417316436767578,11,33998.58203125
5,2025-11-14,244.07025146484375,11,33998.58203125
6,2025-11-14,1249.57373046875,11,33998.58203125
7,2025-11-14,2290.7421875,11,33998.58203125
8,2025-11-14,3063.756591796875,11,33998.58203125
9,2025-11-14,2272.9052734375,11,33998.58203125
10,2025-11-14,1897.54541015625,11,33998.58203125
11,2025-11-14,1795.8994140625,11,33998.58203125
12,2025-11-14,1908.6402587890625,11,33998.58203125
13,2025-11-14,1941.126708984375,11,33998.58203125
14,2025-11-14,2014.4969482421875,11,33998.58203125
15,2025-11-14,1934.1856689453125,11,33998.58203125
16,2025-11-14,2239.017578125,11,33998.58203125
17,2025-11-14,2675.539794921875,11,33998.58203125
18,2025-11-14,2521.78076171875,11,33998.58203125
19,2025-11-14,2062.816162109375,11,33998.58203125
20,2025-11-14,1301.3143310546875,11,33998.58203125
21,2025-11-14,786.11114501953125,11,33998.58203125
22,2025-11-14,370.296142578125,11,33998.58203125
23,2025-11-14,289.81158447265625,11,33998.58203125
0,2025-11-15,100.08522033691406,11,23223.6640625
1,2025-11-15,1.2084798812866211,11,23223.6640625
2,2025-11-15,0.0090956687927246094,11,23223.6640625
3,2025-11-15,0.014811664819717407,11,23223.6640625
4,2025-11-15,0.012623071670532227,11,23223.6640625
5,2025-11-15,187.39796447753906,11,23223.6640625
6,2025-11-15,792.2919921875,11,23223.6640625
7,2025-11-15,833.97271728515625,11,23223.6640625
8,2025-11-15,1178.3199462890625,11,23223.6640625
9,2025-11-15,1275.9000244140625,11,23223.6640625
10,2025-11-15,1404.9158935546875,11,23223.6640625
11,2025-11-15,1656.7822265625,11,23223.6640625
12,2025-11-15,1866.2774658203125,11,23223.6640625
13,2025-11-15,1800.304931640625,11,23223.6640625
14,2025-11-15,1858.88427734375,11,23223.6640625
15,2025-11-15,1695.1160888671875,11,23223.6640625
16,2025-11-15,1725.1109619140625,11,23223.6640625
17,2025-11-15,1849.9462890625,11,23223.6640625
18,2025-11-15,1596.1124267578125,11,23223.6640625
19,2025-11-15,1515.375244140625,11,23223.6640625
20,2025-11-15,941.67681884765625,11,23223.6640625
21,2025-11-15,667.565185546875,11,23223.6640625
22,2025-11-15,348.65869140625,11,23223.6640625
23,2025-11-15,291.69259643554688,11,23223.6640625
0,2025-11-16,108.76863861083984,11,19879.09375
1,2025-11-16,18.642814636230469,11,19879.09375
2,2025-11-16,0.0046141743659973145,11,19879.09375
3,2025-11-16,0.012811988592147827,11,19879.09375
4,2025-11-16,0.038329839706420898,11,19879.09375
5,2025-11-16,103.30960083007812,11,19879.09375
6,2025-11-16,521.73846435546875,11,19879.09375
7,2025-11-16,570.6544189453125,11,19879.09375
8,2025-11-16,792.4908447265625,11,19879.09375
9,2025-11-16,979.223876953125,11,19879.09375
10,2025-11-16,1116.187744140625,11,19879.09375
11,2025-11-16,1470.4747314453125,11,19879.09375
12,2025-11-16,1700.04150390625,11,19879.09375
13,2025-11-16,1579.83740234375,11,19879.09375
14,2025-11-16,1687.531005859375,11,19879.09375
15,2025-11-16,1578.6217041015625,11,19879.09375
16,2025-11-16,1524.1341552734375,11,19879.09375
17,2025-11-16,1649.269775390625,11,19879.09375
18,2025-11-16,1343.67822265625,11,19879.09375
19,2025-11-16,1166.451904296875,11,19879.09375
20,2025-11-16,785.49127197265625,11,19879.09375
21,2025-11-16,569.46319580078125,11,19879.09375
22,2025-11-16,311.55654907226562,11,19879.09375
23,2025-11-16,232.54470825195312,11,19879.09375
0,2025-11-17,69.931686401367188,11,33404.09765625
1,2025-11-17,9.8752040863037109,11,33404.09765625
2,2025-11-17,0.010838806629180908,11,33404.09765625
3,2025-11-17,0.010664433240890503,11,33404.09765625
4,2025-11-17,0.37171089649200439,11,33404.09765625
5,2025-11-17,249.0570068359375,11,33404.09765625
6,2025-11-17,1263.0574951171875,11,33404.09765625
7,2025-11-17,2378.07763671875,11,33404.09765625
8,2025-11-17,3199.804443359375,11,33404.09765625
9,2025-11-17,2334.345458984375,11,33404.09765625
10,2025-11-17,1860.0325927734375,11,33404.09765625
11,2025-11-17,1779.4439697265625,11,33404.09765625
12,2025-11-17,1776.4935302734375,11,33404.09765625
13,2025-11-17,1887.00244140625,11,33404.09765625
14,2025-11-17,1904.843994140625,11,33404.09765625
15,2025-11-17,1870.833251953125,11,33404.09765625
16,2025-11-17,2131.474365234375,11,33404.09765625
17,2025-11-17,2709.26513671875,11,33404.09765625
18,2025-11-17,2938.958740234375,11,33404.09765625
19,2025-11-17,2247.718505859375,11,33404.09765625
20,2025-11-17,1307.1240234375,11,33404.09765625
21,2025-11-17,721.8995361328125,11,33404.09765625
22,2025-11-17,322.94305419921875,11,33404.09765625
23,2025-11-17,200.79421997070312,11,33404.09765625
0,2025-11-18,57.849117279052734,11,33880.9375
1,2025-11-18,0.011638164520263672,11,33880.9375
2,2025-11-18,0.0086671710014343262,11,33880.9375
3,2025-11-18,0.0059365034103393555,11,33880.9375
4,2025-11-18,0.049188375473022461,11,33880.9375
5,2025-11-18,248.13124084472656,11,33880.9375
6,2025-11-18,1262.947998046875,11,33880.9375
7,2025-11-18,2408.003662109375,11,33880.9375
8,2025-11-18,3218.732177734375,11,33880.9375
9,2025-11-18,2360.46044921875,11,33880.9375
10,2025-11-18,1894.7698974609375,11,33880.9375
11,2025-11-18,1792.3385009765625,11,33880.9375
12,2025-11-18,1839.5399169921875,11,33880.9375
13,2025-11-18,1941.9796142578125,11,33880.9375
14,2025-11-18,1986.023681640625,11,33880.9375
15,2025-11-18,1864.7940673828125,11,33880.9375
16,2025-11-18,2120.889892578125,11,33880.9375
17,2025-11-18,2736.59228515625,11,33880.9375
18,2025-11-18,2940.86572265625,11,33880.9375
19,2025-11-18,2254.23681640625,11,33880.9375
20,2025-11-18,1333.4395751953125,11,33880.9375
21,2025-11-18,745.836669921875,11,33880.9375
22,2025-11-18,334.062744140625,11,33880.9375
23,2025-11-18,207.37599182128906,11,33880.9375
0,2025-11-19,60.754608154296875,11,33917.3984375
1,2025-11-19,-0.007007598876953125,11,33917.3984375
2,2025-11-19,0.0066798627376556396,11,33917.3984375
3,2025-11-19,0.01200413703918457,11,33917.3984375
4,2025-11-19,0.012234210968017578,11,33917.3984375
5,2025-11-19,249.98393249511719,11,33917.3984375
6,2025-11-19,1228.72900390625,11,33917.3984375
7,2025-11-19,2369.01416015625,11,33917.3984375
8,2025-11-19,3171.21826171875,11,33917.3984375
9,2025-11-19,2323.22509765625,11,33917.3984375
10,2025-11-19,1896.4580078125,11,33917.3984375
11,2025-11-19,1834.43115234375,11,33917.3984375
12,2025-11-19,1917.5166015625,11,33917.3984375
13,2025-11-19,1984.50244140625,11,33917.3984375
14,2025-11-19,1990.7503662109375,11,33917.3984375
15,2025-11-19,1856.5621337890625,11,33917.3984375
16,2025-11-19,2082.46728515625,11,33917.3984375
17,2025-11-19,2712.712158203125,11,33917.3984375
18,2025-11-19,2930.841552734375,11,33917.3984375
19,2025-11-19,2228.9248046875,11,33917.3984375
20,2025-11-19,1326.948974609375,11,33917.3984375
21,2025-11-19,761.45916748046875,11,33917.3984375
22,2025-11-19,344.10406494140625,11,33917.3984375
23,2025-11-19,220.77995300292969,11,33917.3984375
0,2025-11-20,63.527984619140625,11,34078.55078125
1,2025-11-20,0.083263397216796875,11,34078.55078125
2,2025-11-20,0.0065327584743499756,11,34078.55078125
3,2025-11-20,0.012715429067611694,11,34078.55078125
4,2025-11-20,0.0044536590576171875,11,34078.55078125
5,2025-11-20,249.33702087402344,11,34078.55078125
6,2025-11-20,1253.427978515625,11,34078.55078125
7,2025-11-20,2358.332763671875,11,34078.55078125
8,2025-11-20,3113.4736328125,11,34078.55078125
9,2025-11-20,2335.0390625,11,34078.55078125
10,2025-11-20,1933.9927978515625,11,34078.55078125
11,2025-11-20,1807.93408203125,11,34078.55078125
12,2025-11-20,1920.18408203125,11,34078.55078125
13,2025-11-20,1982.2916259765625,11,34078.55078125
14,2025-11-20,2003.021728515625,11,34078.55078125
15,2025-11-20,1861.689453125,11,34078.55078125
16,2025-11-20,2137.199951171875,11,34078.55078125
17,2025-11-20,2712.797119140625,11,34078.55078125
18,2025-11-20,2894.052734375,11,34078.55078125
19,2025-11-20,2204.56103515625,11,34078.55078125
20,2025-11-20,1312.1300048828125,11,34078.55078125
21,2025-11-20,772.131591796875,11,34078.55078125
22,2025-11-20,360.2904052734375,11,34078.55078125
23,2025-11-20,245.7689208984375,11,34078.55078125
0,2025-11-21,71.500236511230469,11,33524.37890625
1,2025-11-21,0.27268505096435547,11,33524.37890625
2,2025-11-21,0.010884851217269897,11,33524.37890625
3,2025-11-21,0.011126130819320679,11,33524.37890625
4,2025-11-21,-0.0052311420440673828,11,33524.37890625
5,2025-11-21,243.66624450683594,11,33524.37890625
6,2025-11-21,1227.50927734375,11,33524.37890625
7,2025-11-21,2311.380615234375,11,33524.37890625
8,2025-11-21,3090.11572265625,11,33524.37890625
9,2025-11-21,2266.83447265625,11,33524.37890625
10,2025-11-21,1857.7294921875,11,33524.37890625
11,2025-11-21,1780.686767578125,11,33524.37890625
12,2025-11-21,1902.981201171875,11,33524.37890625
13,2025-11-21,1926.44580078125,11,33524.37890625
14,2025-11-21,2006.1591796875,11,33524.37890625
15,2025-11-21,1924.7342529296875,11,33524.37890625
16,2025-11-21,2221.4013671875,11,33524.37890625
17,2025-11-21,2710.204345703125,11,33524.37890625
18,2025-11-21,2479.044677734375,11,33524.37890625
19,2025-11-21,2036.8619384765625,11,33524.37890625
20,2025-11-21,1271.1539306640625,11,33524.37890625
21,2025-11-21,766.939208984375,11,33524.37890625
22,2025-11-21,361.8013916015625,11,33524.37890625
23,2025-11-21,288.0899658203125,11,33524.37890625
0,2025-11-22,100.89125061035156,11,23249.427734375
1,2025-11-22,0.62966537475585938,11,23249.427734375
2,2025-11-22,0.010588169097900391,11,23249.427734375
3,2025-11-22,0.013337105512619019,11,23249.427734375
4,2025-11-22,0.023830652236938477,11,23249.427734375
5,2025-11-22,175.53245544433594,11,23249.427734375
6,2025-11-22,758.2152099609375,11,23249.427734375
7,2025-11-22,732.149169921875,11,23249.427734375
8,2025-11-22,1031.685791015625,11,23249.427734375
9,2025-11-22,1141.3756103515625,11,23249.427734375
10,2025-11-22,1302.5218505859375,11,23249.427734375
11,2025-11-22,1590.9844970703125,11,23249.427734375
12,2025-11-22,1846.254150390625,11,23249.427734375
13,2025-11-22,1726.52197265625,11,23249.427734375
14,2025-11-22,1802.16650390625,11,23249.427734375
15,2025-11-22,1638.946533203125,11,23249.427734375
16,2025-11-22,1669.93017578125,11,23249.427734375
17,2025-11-22,1785.013916015625,11,23249.427734375
18,2025-11-22,1490.760986328125,11,23249.427734375
19,2025-11-22,1441.0428466796875,11,23249.427734375
20,2025-11-22,922.98065185546875,11,23249.427734375
21,2025-11-22,656.9327392578125,11,23249.427734375
22,2025-11-22,341.69558715820312,11,23249.427734375
23,2025-11-22,294.02780151367188,11,23249.427734375
0,2025-11-23,108.53383636474609,11,20195.01171875
1,2025-11-23,18.863615036010742,11,20195.01171875
2,2025-11-23,0.008859097957611084,11,20195.01171875
3,2025-11-23,0.0075739622116088867,11,20195.01171875
4,2025-11-23,0.059998035430908203,11,20195.01171875
5,2025-11-23,97.091522216796875,11,20195.01171875
6,2025-11-23,483.91925048828125,11,20195.01171875
7,2025-11-23,560.8763427734375,11,20195.01171875
8,2025-11-23,790.360595703125,11,20195.01171875
9,2025-11-23,973.19482421875,11,20195.01171875
10,2025-11-23,1084.001953125,11,20195.01171875
11,2025-11-23,1441.2510986328125,11,20195.01171875
12,2025-11-23,1644.49462890625,11,20195.01171875
13,2025-11-23,1540.21337890625,11,20195.01171875
14,2025-11-23,1661.513671875,11,20195.01171875
15,2025-11-23,1555.43310546875,11,20195.01171875
16,2025-11-23,1517.5933837890625,11,20195.01171875
17,2025-11-23,1675.0601806640625,11,20195.01171875
18,2025-11-23,1334.161865234375,11,20195.01171875
19,2025-11-23,1165.4410400390625,11,20195.01171875
20,2025-11-23,796.59710693359375,11,20195.01171875
21,2025-11-23,572.8057861328125,11,20195.01171875
22,2025-11-23,305.9774169921875,11,20195.01171875
23,2025-11-23,231.40264892578125,11,20195.01171875
0,2025-11-24,71.404953002929688,11,33314.9296875
1,2025-11-24,10.10919189453125,11,33314.9296875
2,2025-11-24,0.0096922814846038818,11,33314.9296875
3,2025-11-24,0.011960446834564209,11,33314.9296875
4,2025-11-24,0.71410477161407471,11,33314.9296875
5,2025-11-24,249.01274108886719,11,33314.9296875
6,2025-11-24,1249.2506103515625,11,33314.9296875
7,2025-11-24,2322.197998046875,11,33314.9296875
8,2025-11-24,3141.3623046875,11,33314.9296875
9,2025-11-24,2292.84423828125,11,33314.9296875
10,2025-11-24,1823.02734375,11,33314.9296875
11,2025-11-24,1757.51806640625,11,33314.9296875
12,2025-11-24,1755.4488525390625,11,33314.9296875
13,2025-11-24,1863.123046875,11,33314.9296875
14,2025-11-24,1887.3148193359375,11,33314.9296875
15,2025-11-24,1841.737548828125,11,33314.9296875
16,2025-11-24,2119.174560546875,11,33314.9296875
17,2025-11-24,2680.444091796875,11,33314.9296875
18,2025-11-24,2905.53076171875,11,33314.9296875
19,2025-11-24,2227.8876953125,11,33314.9296875
20,2025-11-24,1292.8896484375,11,33314.9296875
21,2025-11-24,717.7264404296875,11,33314.9296875
22,2025-11-24,318.56005859375,11,33314.9296875
23,2025-11-24,198.18460083007812,11,33314.9296875
0,2025-11-25,58.007572174072266,11,33853.76171875
1,2025-11-25,0.20695209503173828,11,33853.76171875
2,2025-11-25,0.010623067617416382,11,33853.76171875
3,2025-11-25,0.012340515851974487,11,33853.76171875
4,2025-11-25,0.017929553985595703,11,33853.76171875
5,2025-11-25,246.73526000976562,11,33853.76171875
6,2025-11-25,1256.640380859375,11,33853.76171875
7,2025-11-25,2375.266845703125,11,33853.76171875
8,2025-11-25,3189.568359375,11,33853.76171875
9,2025-11-25,2339.3310546875,11,33853.76171875
10,2025-11-25,1886.441162109375,11,33853.76171875
11,2025-11-25,1785.3629150390625,11,33853.76171875
12,2025-11-25,1834.9779052734375,11,33853.76171875
13,2025-11-25,1928.9945068359375,11,33853.76171875
14,2025-11-25,1977.28271484375,11,33853.76171875
15,2025-11-25,1852.62060546875,11,33853.76171875
16,2025-11-25,2111.426025390625,11,33853.76171875
17,2025-11-25,2709.72998046875,11,33853.76171875
18,2025-11-25,2914.2685546875,11,33853.76171875
19,2025-11-25,2239.269775390625,11,33853.76171875
20,2025-11-25,1335.6939697265625,11,33853.76171875
21,2025-11-25,740.48150634765625,11,33853.76171875
22,2025-11-25,329.63751220703125,11,33853.76171875
23,2025-11-25,209.16604614257812,11,33853.76171875
0,2025-11-26,60.065116882324219,11,33893.953125
1,2025-11-26,0.098968029022216797,11,33893.953125
2,2025-11-26,0.010852396488189697,11,33893.953125
3,2025-11-26,0.011309981346130371,11,33893.953125
4,2025-11-26,0.01442408561706543,11,33893.953125
5,2025-11-26,248.322998046875,11,33893.953125
6,2025-11-26,1219.9896240234375,11,33893.953125
7,2025-11-26,2361.078125,11,33893.953125
8,2025-11-26,3164.49609375,11,33893.953125
9,2025-11-26,2316.6484375,11,33893.953125
10,2025-11-26,1892.28369140625,11,33893.953125
11,2025-11-26,1828.51513671875,11,33893.953125
12,2025-11-26,1908.1641845703125,11,33893.953125
13,2025-11-26,1981.953369140625,11,33893.953125
14,2025-11-26,1991.2930908203125,11,33893.953125
15,2025-11-26,1843.9761962890625,11,33893.953125
16,2025-11-26,2081.9150390625,11,33893.953125
17,2025-11-26,2701.3369140625,11,33893.953125
18,2025-11-26,2909.95166015625,11,33893.953125
19,2025-11-26,2233.359375,11,33893.953125
20,2025-11-26,1338.4747314453125,11,33893.953125
21,2025-11-26,751.22088623046875,11,33893.953125
22,2025-11-26,341.20529174804688,11,33893.953125
23,2025-11-26,220.80419921875,11,33893.953125
0,2025-11-27,62.989723205566406,11,34081.1484375
1,2025-11-27,0.098618030548095703,11,34081.1484375
2,2025-11-27,0.0106067955493927,11,34081.1484375
3,2025-11-27,0.01415446400642395,11,34081.1484375
4,2025-11-27,0.012739419937133789,11,34081.1484375
5,2025-11-27,248.7774658203125,11,34081.1484375
6,2025-11-27,1252.268310546875,11,34081.1484375
7,2025-11-27,2354.906982421875,11,34081.1484375
8,2025-11-27,3128.023193359375,11,34081.1484375
9,2025-11-27,2345.222900390625,11,34081.1484375
10,2025-11-27,1941.5841064453125,11,34081.1484375
11,2025-11-27,1800.8377685546875,11,34081.1484375
12,2025-11-27,1916.6492919921875,11,34081.1484375
13,2025-11-27,1985.8807373046875,11,34081.1484375
14,2025-11-27,2005.2674560546875,11,34081.1484375
15,2025-11-27,1863.3511962890625,11,34081.1484375
16,2025-11-27,2136.992919921875,11,34081.1484375
17,2025-11-27,2707.71875,11,34081.1484375
18,2025-11-27,2895.33544921875,11,34081.1484375
19,2025-11-27,2218.48291015625,11,34081.1484375
20,2025-11-27,1330.56689453125,11,34081.1484375
21,2025-11-27,760.96478271484375,11,34081.1484375
22,2025-11-27,355.90615844726562,11,34081.1484375
23,2025-11-27,245.11593627929688,11,34081.1484375
0,2025-11-28,71.301254272460938,11,33707.59765625
1,2025-11-28,0.36768674850463867,11,33707.59765625
2,2025-11-28,0.011251956224441528,11,33707.59765625
3,2025-11-28,0.012293785810470581,11,33707.59765625
4,2025-11-28,0.017323732376098633,11,33707.59765625
5,2025-11-28,243.12657165527344,11,33707.59765625
6,2025-11-28,1231.4002685546875,11,33707.59765625
7,2025-11-28,2297.7421875,11,33707.59765625
8,2025-11-28,3072.750732421875,11,33707.59765625
9,2025-11-28,2273.8583984375,11,33707.59765625
10,2025-11-28,1862.002197265625,11,33707.59765625
11,2025-11-28,1778.9144287109375,11,33707.59765625
12,2025-11-28,1905.0743408203125,11,33707.59765625
13,2025-11-28,1936.652587890625,11,33707.59765625
14,2025-11-28,2009.380615234375,11,33707.59765625
15,2025-11-28,1949.4998779296875,11,33707.59765625
16,2025-11-28,2231.70703125,11,33707.59765625
17,2025-11-28,2719.17529296875,11,33707.59765625
18,2025-11-28,2457.31591796875,11,33707.59765625
19,2025-11-28,2047.297607421875,11,33707.59765625
20,2025-11-28,1274.2763671875,11,33707.59765625
21,2025-11-28,754.65704345703125,11,33707.59765625
22,2025-11-28,355.4091796875,11,33707.59765625
23,2025-11-28,290.1697998046875,11,33707.59765625
0,2025-11-29,101.43845367431641,11,23025.609375
1,2025-11-29,1.133143424987793,11,23025.609375
2,2025-11-29,0.0082528591156005859,11,23025.609375
3,2025-11-29,0.010436475276947021,11,23025.609375
4,2025-11-29,0.03152918815612793,11,23025.609375
5,2025-11-29,169.94692993164062,11,23025.609375
6,2025-11-29,742.53912353515625,11,23025.609375
7,2025-11-29,730.01910400390625,11,23025.609375
8,2025-11-29,1018.4923095703125,11,23025.609375
9,2025-11-29,1139.6611328125,11,23025.609375
10,2025-11-29,1293.1834716796875,11,23025.609375
11,2025-11-29,1585.986083984375,11,23025.609375
12,2025-11-29,1850.065185546875,11,23025.609375
13,2025-11-29,1724.544189453125,11,23025.609375
14,2025-11-29,1794.6099853515625,11,23025.609375
15,2025-11-29,1615.3936767578125,11,23025.609375
16,2025-11-29,1658.8753662109375,11,23025.609375
17,2025-11-29,1749.51806640625,11,23025.609375
18,2025-11-29,1449.7462158203125,11,23025.609375
19,2025-11-29,1434.4310302734375,11,23025.609375
20,2025-11-29,908.6187744140625,11,23025.609375
21,2025-11-29,650.16845703125,11,23025.609375
22,2025-11-29,333.91769409179688,11,23025.609375
23,2025-11-29,295.63125610351562,11,23025.609375
0,2025-11-30,108.4686279296875,11,20238.30078125
1,2025-11-30,18.512960433959961,11,20238.30078125
2,2025-11-30,0.0091622471809387207,11,20238.30078125
3,2025-11-30,0.010303765535354614,11,20238.30078125
4,2025-11-30,0.089234113693237305,11,20238.30078125
5,2025-11-30,98.000717163085938,11,20238.30078125
6,2025-11-30,483.73297119140625,11,20238.30078125
7,2025-11-30,577.1986083984375,11,20238.30078125
8,2025-11-30,803.9619140625,11,20238.30078125
9,2025-11-30,991.25634765625,11,20238.30078125
10,2025-11-30,1094.6751708984375,11,20238.30078125
11,2025-11-30,1426.6600341796875,11,20238.30078125
12,2025-11-30,1646.72509765625,11,20238.30078125
13,2025-11-30,1522.26904296875,11,20238.30078125
14,2025-11-30,1660.458740234375,11,20238.30078125
15,2025-11-30,1543.33544921875,11,20238.30078125
16,2025-11-30,1520.246826171875,11,20238.30078125
17,2025-11-30,1674.4141845703125,11,20238.30078125
18,2025-11-30,1323.7186279296875,11,20238.30078125
19,2025-11-30,1160.476806640625,11,20238.30078125
20,2025-11-30,789.875,11,20238.30078125
21,2025-11-30,575.38916015625,11,20238.30078125
22,2025-11-30,299.91494750976562,11,20238.30078125
23,2025-11-30,231.16375732421875,11,20238.30078125
0,2025-12-01,70.626991271972656,11,33517.42578125
1,2025-12-01,10.926431655883789,11,33517.42578125
2,2025-12-01,0.011362731456756592,11,33517.42578125
3,2025-12-01,0.012760132551193237,11,33517.42578125
4,2025-12-01,0.26624894142150879,11,33517.42578125
5,2025-12-01,247.84771728515625,11,33517.42578125
6,2025-12-01,1256.5751953125,11,33517.42578125
7,2025-12-01,2328.475830078125,11,33517.42578125
8,2025-12-01,3149.150390625,11,33517.42578125
9,2025-12-01,2309.116943359375,11,33517.42578125
10,2025-12-01,1827.5972900390625,11,33517.42578125
11,2025-12-01,1758.345458984375,11,33517.42578125
12,2025-12-01,1745.849365234375,11,33517.42578125
13,2025-12-01,1853.75634765625,11,33517.42578125
14,2025-12-01,1870.8662109375,11,33517.42578125
15,2025-12-01,1828.952392578125,11,33517.42578125
16,2025-12-01,2115.73876953125,11,33517.42578125
17,2025-12-01,2680.25048828125,11,33517.42578125
18,2025-12-01,2921.83056640625,11,33517.42578125
19,2025-12-01,2246.4736328125,11,33517.42578125
20,2025-12-01,1287.71435546875,11,33517.42578125
21,2025-12-01,709.60693359375,11,33517.42578125
22,2025-12-01,312.67718505859375,11,33517.42578125
23,2025-12-01,195.75390625,11,33517.42578125
0,2025-12-02,59.006965637207031,11,33642.9140625
1,2025-12-02,0.11150741577148438,11,33642.9140625
2,2025-12-02,0.0094141364097595215,11,33642.9140625
3,2025-12-02,0.012493729591369629,11,33642.9140625
4,2025-12-02,0.057977199554443359,11,33642.9140625
5,2025-12-02,244.04928588867188,11,33642.9140625
6,2025-12-02,1244.2171630859375,11,33642.9140625
7,2025-12-02,2364.486328125,11,33642.9140625
8,2025-12-02,3190.1123046875,11,33642.9140625
9,2025-12-02,2337.738037109375,11,33642.9140625
10,2025-12-02,1850.8741455078125,11,33642.9140625
11,2025-12-02,1757.799072265625,11,33642.9140625
12,2025-12-02,1825.4449462890625,11,33642.9140625
13,2025-12-02,1912.0181884765625,11,33642.9140625
14,2025-12-02,1941.8876953125,11,33642.9140625
15,2025-12-02,1822.4671630859375,11,33642.9140625
16,2025-12-02,2082.65283203125,11,33642.9140625
17,2025-12-02,2682.668701171875,11,33642.9140625
18,2025-12-02,2908.627685546875,11,33642.9140625
19,2025-12-02,2218.69921875,11,33642.9140625
20,2025-12-02,1310.591552734375,11,33642.9140625
21,2025-12-02,727.5731201171875,11,33642.9140625
22,2025-12-02,322.29135131835938,11,33642.9140625
23,2025-12-02,206.79222106933594,11,33642.9140625
0,2025-12-03,62.169647216796875,11,33756.68359375
1,2025-12-03,0.12178802490234375,11,33756.68359375
2,2025-12-03,0.0090135335922241211,11,33756.68359375
3,2025-12-03,0.011196404695510864,11,33756.68359375
4,2025-12-03,0.0088770389556884766,11,33756.68359375
5,2025-12-03,241.66789245605469,11,33756.68359375
6,2025-12-03,1208.002685546875,11,33756.68359375
7,2025-12-03,2340.48828125,11,33756.68359375
8,2025-12-03,3157.29052734375,11,33756.68359375
9,2025-12-03,2310.3203125,11,33756.68359375
10,2025-12-03,1845.956298828125,11,33756.68359375
11,2025-12-03,1814.8070068359375,11,33756.68359375
12,2025-12-03,1901.2935791015625,11,33756.68359375
13,2025-12-03,1956.88671875,11,33756.68359375
14,2025-12-03,1961.1322021484375,11,33756.68359375
15,2025-12-03,1807.7462158203125,11,33756.68359375
16,2025-12-03,2034.4569091796875,11,33756.68359375
17,2025-12-03,2675.6845703125,11,33756.68359375
18,2025-12-03,2892.668701171875,11,33756.68359375
19,2025-12-03,2219.060302734375,11,33756.68359375
20,2025-12-03,1327.2012939453125,11,33756.68359375
21,2025-12-03,740.59259033203125,11,33756.68359375
22,2025-12-03,334.74398803710938,11,33756.68359375
23,2025-12-03,219.76644897460938,11,33756.68359375
0,2025-12-04,64.584487915039062,11,33963
1,2025-12-04,0.13783025741577148,11,33963
2,2025-12-04,0.0092123448848724365,11,33963
3,2025-12-04,0.0084074139595031738,11,33963
4,2025-12-04,0.017620325088500977,11,33963
5,2025-12-04,239.63031005859375,11,33963
6,2025-12-04,1243.04638671875,11,33963
7,2025-12-04,2333.005615234375,11,33963
8,2025-12-04,3107.62255859375,11,33963
9,2025-12-04,2329.39501953125,11,33963
10,2025-12-04,1932.768310546875,11,33963
11,2025-12-04,1801.07177734375,11,33963
12,2025-12-04,1918.648681640625,11,33963
13,2025-12-04,1972.6993408203125,11,33963
14,2025-12-04,1988.14208984375,11,33963
15,2025-12-04,1838.96435546875,11,33963
16,2025-12-04,2109.274658203125,11,33963
17,2025-12-04,2691.4384765625,11,33963
18,2025-12-04,2893.457275390625,11,33963
19,2025-12-04,2224.16796875,11,33963
20,2025-12-04,1326.1365966796875,11,33963
21,2025-12-04,763.08660888671875,11,33963
22,2025-12-04,350.95654296875,11,33963
23,2025-12-04,243.40109252929688,11,33963
0,2025-12-05,70.348114013671875,11,33679.3359375
1,2025-12-05,0.21270036697387695,11,33679.3359375
2,2025-12-05,0.0062490701675415039,11,33679.3359375
3,2025-12-05,0.011192470788955688,11,33679.3359375
4,2025-12-05,0.019650459289550781,11,33679.3359375
5,2025-12-05,237.16423034667969,11,33679.3359375
6,2025-12-05,1223.3953857421875,11,33679.3359375
7,2025-12-05,2279.256103515625,11,33679.3359375
8,2025-12-05,3077.712890625,11,33679.3359375
9,2025-12-05,2268.213134765625,11,33679.3359375
10,2025-12-05,1867.893310546875,11,33679.3359375
11,2025-12-05,1771.7449951171875,11,33679.3359375
12,2025-12-05,1907.356201171875,11,33679.3359375
13,2025-12-05,1916.4427490234375,11,33679.3359375
14,2025-12-05,2000.819091796875,11,33679.3359375
15,2025-12-05,1933.540771484375,11,33679.3359375
16,2025-12-05,2220.184326171875,11,33679.3359375
17,2025-12-05,2701.09228515625,11,33679.3359375
18,2025-12-05,2452.790771484375,11,33679.3359375
19,2025-12-05,2055.27685546875,11,33679.3359375
20,2025-12-05,1287.77392578125,11,33679.3359375
21,2025-12-05,760.8106689453125,11,33679.3359375
22,2025-12-05,352.30422973632812,11,33679.3359375
23,2025-12-05,279.984619140625,11,33679.3359375
0,2025-12-06,99.32684326171875,11,23263.783203125
1,2025-12-06,0.89050674438476562,11,23263.783203125
2,2025-12-06,0.0095331966876983643,11,23263.783203125
3,2025-12-06,0.012563645839691162,11,23263.783203125
4,2025-12-06,0.030731678009033203,11,23263.783203125
5,2025-12-06,168.67854309082031,11,23263.783203125
6,2025-12-06,718.91912841796875,11,23263.783203125
7,2025-12-06,720.09100341796875,11,23263.783203125
8,2025-12-06,1004.3072509765625,11,23263.783203125
9,2025-12-06,1126.2498779296875,11,23263.783203125
10,2025-12-06,1256.975341796875,11,23263.783203125
11,2025-12-06,1582.86279296875,11,23263.783203125
12,2025-12-06,1844.5050048828125,11,23263.783203125
13,2025-12-06,1722.8311767578125,11,23263.783203125
14,2025-12-06,1785.496826171875,11,23263.783203125
15,2025-12-06,1641.57470703125,11,23263.783203125
16,2025-12-06,1661.688720703125,11,23263.783203125
17,2025-12-06,1768.824462890625,11,23263.783203125
18,2025-12-06,1495.1390380859375,11,23263.783203125
19,2025-12-06,1451.2191162109375,11,23263.783203125
20,2025-12-06,924.2647705078125,11,23263.783203125
21,2025-12-06,651.522705078125,11,23263.783203125
22,2025-12-06,333.39755249023438,11,23263.783203125
23,2025-12-06,293.41854858398438,11,23263.783203125
0,2025-12-07,109.4921875,11,20662.400390625
1,2025-12-07,19.50883674621582,11,20662.400390625
2,2025-12-07,0.013335585594177246,11,20662.400390625
3,2025-12-07,0.012868642807006836,11,20662.400390625
4,2025-12-07,0.075124025344848633,11,20662.400390625
5,2025-12-07,91.918624877929688,11,20662.400390625
6,2025-12-07,494.4908447265625,11,20662.400390625
7,2025-12-07,576.0477294921875,11,20662.400390625
8,2025-12-07,751.818359375,11,20662.400390625
9,2025-12-07,977.521728515625,11,20662.400390625
10,2025-12-07,1096.6014404296875,11,20662.400390625
11,2025-12-07,1435.427001953125,11,20662.400390625
12,2025-12-07,1653.95166015625,11,20662.400390625
13,2025-12-07,1549.682861328125,11,20662.400390625
14,2025-12-07,1662.2593994140625,11,20662.400390625
15,2025-12-07,1548.1895751953125,11,20662.400390625
16,2025-12-07,1524.8001708984375,11,20662.400390625
17,2025-12-07,1653.5540771484375,11,20662.400390625
18,2025-12-07,1346.1175537109375,11,20662.400390625
19,2025-12-07,1167.29443359375,11,20662.400390625
20,2025-12-07,791.3172607421875,11,20662.400390625
21,2025-12-07,581.54132080078125,11,20662.400390625
22,2025-12-07,295.6771240234375,11,20662.400390625
23,2025-12-07,236.04502868652344,11,20662.400390625
0,2025-12-08,70.442588806152344,11,33501.3984375
1,2025-12-08,9.5551853179931641,11,33501.3984375
2,2025-12-08,0.011529088020324707,11,33501.3984375
3,2025-12-08,0.014565318822860718,11,33501.3984375
4,2025-12-08,0.1349186897277832,11,33501.3984375
5,2025-12-08,241.62841796875,11,33501.3984375
6,2025-12-08,1243.853515625,11,33501.3984375
7,2025-12-08,2319.664306640625,11,33501.3984375
8,2025-12-08,3140.8876953125,11,33501.3984375
9,2025-12-08,2290.36328125,11,33501.3984375
10,2025-12-08,1803.6307373046875,11,33501.3984375
11,2025-12-08,1745.59375,11,33501.3984375
12,2025-12-08,1760.3294677734375,11,33501.3984375
13,2025-12-08,1855.158935546875,11,33501.3984375
14,2025-12-08,1881.7642822265625,11,33501.3984375
15,2025-12-08,1839.1746826171875,11,33501.3984375
16,2025-12-08,2099.167724609375,11,33501.3984375
17,2025-12-08,2654.0322265625,11,33501.3984375
18,2025-12-08,2903.71826171875,11,33501.3984375
19,2025-12-08,2237.334228515625,11,33501.3984375
20,2025-12-08,1300.1337890625,11,33501.3984375
21,2025-12-08,719.3626708984375,11,33501.3984375
22,2025-12-08,308.05029296875,11,33501.3984375
23,2025-12-08,194.918212890625,11,33501.3984375
0,2025-12-09,58.485557556152344,11,34081.40625
1,2025-12-09,0.031001567840576172,11,34081.40625
2,2025-12-09,0.0099206268787384033,11,34081.40625
3,2025-12-09,0.0063551664352416992,11,34081.40625
4,2025-12-09,0.028886556625366211,11,34081.40625
5,2025-12-09,236.92808532714844,11,34081.40625
6,2025-12-09,1236.53369140625,11,34081.40625
7,2025-12-09,2357.95556640625,11,34081.40625
8,2025-12-09,3187.1533203125,11,34081.40625
9,2025-12-09,2338.09521484375,11,34081.40625
10,2025-12-09,1874.392822265625,11,34081.40625
11,2025-12-09,1758.1405029296875,11,34081.40625
12,2025-12-09,1823.6517333984375,11,34081.40625
13,2025-12-09,1921.477783203125,11,34081.40625
14,2025-12-09,1955.8096923828125,11,34081.40625
15,2025-12-09,1842.9500732421875,11,34081.40625
16,2025-12-09,2078.951416015625,11,34081.40625
17,2025-12-09,2678.90087890625,11,34081.40625
18,2025-12-09,2919.03564453125,11,34081.40625
19,2025-12-09,2253.294921875,11,34081.40625
20,2025-12-09,1329.247314453125,11,34081.40625
21,2025-12-09,737.77960205078125,11,34081.40625
22,2025-12-09,321.74761962890625,11,34081.40625
23,2025-12-09,204.28872680664062,11,34081.40625
0,2025-12-10,61.10443115234375,11,34168.76171875
1,2025-12-10,0.0038518905639648438,11,34168.76171875
2,2025-12-10,0.009304732084274292,11,34168.76171875
3,2025-12-10,0.0126190185546875,11,34168.76171875
4,2025-12-10,0.021848201751708984,11,34168.76171875
5,2025-12-10,241.57359313964844,11,34168.76171875
6,2025-12-10,1213.831298828125,11,34168.76171875
7,2025-12-10,2327.496826171875,11,34168.76171875
8,2025-12-10,3163.41943359375,11,34168.76171875
9,2025-12-10,2309.980224609375,11,34168.76171875
10,2025-12-10,1868.7445068359375,11,34168.76171875
11,2025-12-10,1807.084716796875,11,34168.76171875
12,2025-12-10,1892.268798828125,11,34168.76171875
13,2025-12-10,1956.876953125,11,34168.76171875
14,2025-12-10,1971.0079345703125,11,34168.76171875
15,2025-12-10,1824.314208984375,11,34168.76171875
16,2025-12-10,2030.4295654296875,11,34168.76171875
17,2025-12-10,2674.617431640625,11,34168.76171875
18,2025-12-10,2922.650634765625,11,34168.76171875
19,2025-12-10,2243.85791015625,11,34168.76171875
20,2025-12-10,1330.914306640625,11,34168.76171875
21,2025-12-10,755.97601318359375,11,34168.76171875
22,2025-12-10,333.23330688476562,11,34168.76171875
23,2025-12-10,220.77786254882812,11,34168.76171875
0,2025-12-11,64.094459533691406,11,34227.015625
1,2025-12-11,0.10538101196289062,11,34227.015625
2,2025-12-11,0.0097169280052185059,11,34227.015625
3,2025-12-11,0.013076871633529663,11,34227.015625
4,2025-12-11,0.020717144012451172,11,34227.015625
5,2025-12-11,242.30191040039062,11,34227.015625
6,2025-12-11,1245.772216796875,11,34227.015625
7,2025-12-11,2328.03564453125,11,34227.015625
8,2025-12-11,3099.82177734375,11,34227.015625
9,2025-12-11,2337.102783203125,11,34227.015625
10,2025-12-11,1946.0699462890625,11,34227.015625
11,2025-12-11,1794.83935546875,11,34227.015625
12,2025-12-11,1922.60009765625,11,34227.015625
13,2025-12-11,1965.823974609375,11,34227.015625
14,2025-12-11,1997.1942138671875,11,34227.015625
15,2025-12-11,1859.955078125,11,34227.015625
16,2025-12-11,2123.01123046875,11,34227.015625
17,2025-12-11,2696.63525390625,11,34227.015625
18,2025-12-11,2894.34375,11,34227.015625
19,2025-12-11,2238.55859375,11,34227.015625
20,2025-12-11,1341.74658203125,11,34227.015625
21,2025-12-11,782.7259521484375,11,34227.015625
22,2025-12-11,347.9508056640625,11,34227.015625
23,2025-12-11,240.39089965820312,11,34227.015625
0,2025-12-12,69.9140625,11,33693.640625
1,2025-12-12,0.26017951965332031,11,33693.640625
2,2025-12-12,0.010933756828308105,11,33693.640625
3,2025-12-12,0.013125479221343994,11,33693.640625
4,2025-12-12,0.044858694076538086,11,33693.640625
5,2025-12-12,239.19499206542969,11,33693.640625
6,2025-12-12,1227.1259765625,11,33693.640625
7,2025-12-12,2242.583984375,11,33693.640625
8,2025-12-12,3037.70263671875,11,33693.640625
9,2025-12-12,2248.695068359375,11,33693.640625
10,2025-12-12,1865.535400390625,11,33693.640625
11,2025-12-12,1778.7110595703125,11,33693.640625
12,2025-12-12,1922.1331787109375,11,33693.640625
13,2025-12-12,1922.53564453125,11,33693.640625
14,2025-12-12,2012.87841796875,11,33693.640625
15,2025-12-12,1962.458984375,11,33693.640625
16,2025-12-12,2228.442626953125,11,33693.640625
17,2025-12-12,2700.44384765625,11,33693.640625
18,2025-12-12,2461.620361328125,11,33693.640625
19,2025-12-12,2054.837890625,11,33693.640625
20,2025-12-12,1283.76220703125,11,33693.640625
21,2025-12-12,781.1416015625,11,33693.640625
22,2025-12-12,352.65731811523438,11,33693.640625
23,2025-12-12,284.07565307617188,11,33693.640625
0,2025-12-13,100.06246948242188,11,23182.0390625
1,2025-12-13,1.2028732299804688,11,23182.0390625
2,2025-12-13,0.010640650987625122,11,23182.0390625
3,2025-12-13,0.015748292207717896,11,23182.0390625
4,2025-12-13,0.036225795745849609,11,23182.0390625
5,2025-12-13,163.0020751953125,11,23182.0390625
6,2025-12-13,725.7374267578125,11,23182.0390625
7,2025-12-13,692.8114013671875,11,23182.0390625
8,2025-12-13,959.052734375,11,23182.0390625
9,2025-12-13,1101.930419921875,11,23182.0390625
10,2025-12-13,1255.912841796875,11,23182.0390625
11,2025-12-13,1573.9197998046875,11,23182.0390625
12,2025-12-13,1846.7122802734375,11,23182.0390625
13,2025-12-13,1718.8331298828125,11,23182.0390625
14,2025-12-13,1783.7384033203125,11,23182.0390625
15,2025-12-13,1637.672119140625,11,23182.0390625
16,2025-12-13,1663.9339599609375,11,23182.0390625
17,2025-12-13,1738.865478515625,11,23182.0390625
18,2025-12-13,1470.351318359375,11,23182.0390625
19,2025-12-13,1442.2100830078125,11,23182.0390625
20,2025-12-13,913.2742919921875,11,23182.0390625
21,2025-12-13,661.67132568359375,11,23182.0390625
22,2025-12-13,332.69467163085938,11,23182.0390625
23,2025-12-13,292.915771484375,11,23182.0390625
0,2025-12-14,110.69464874267578,11,20718.724609375
1,2025-12-14,19.635236740112305,11,20718.724609375
2,2025-12-14,0.012969940900802612,11,20718.724609375
3,2025-12-14,0.012947767972946167,11,20718.724609375
4,2025-12-14,0.21619486808776855,11,20718.724609375
5,2025-12-14,92.491897583007812,11,20718.724609375
6,2025-12-14,506.00177001953125,11,20718.724609375
7,2025-12-14,595.773193359375,11,20718.724609375
8,2025-12-14,776.712646484375,11,20718.724609375
9,2025-12-14,985.7537841796875,11,20718.724609375
10,2025-12-14,1108.512939453125,11,20718.724609375
11,2025-12-14,1433.818115234375,11,20718.724609375
12,2025-12-14,1639.6231689453125,11,20718.724609375
13,2025-12-14,1534.05615234375,11,20718.724609375
14,2025-12-14,1658.524658203125,11,20718.724609375
15,2025-12-14,1556.9178466796875,11,20718.724609375
16,2025-12-14,1526.2408447265625,11,20718.724609375
17,2025-12-14,1663.362060546875,11,20718.724609375
18,2025-12-14,1356.7083740234375,11,20718.724609375
19,2025-12-14,1172.198974609375,11,20718.724609375
20,2025-12-14,796.88226318359375,11,20718.724609375
21,2025-12-14,590.1661376953125,11,20718.724609375
22,2025-12-14,291.79885864257812,11,20718.724609375
23,2025-12-14,235.82447814941406,11,20718.724609375
0,2025-12-15,70.485885620117188,11,33618.36328125
1,2025-12-15,9.9055976867675781,11,33618.36328125
2,2025-12-15,0.010191768407821655,11,33618.36328125
3,2025-12-15,0.011305719614028931,11,33618.36328125
4,2025-12-15,0.23229646682739258,11,33618.36328125
5,2025-12-15,240.01824951171875,11,33618.36328125
6,2025-12-15,1239.4732666015625,11,33618.36328125
7,2025-12-15,2317.739501953125,11,33618.36328125
8,2025-12-15,3132.25146484375,11,33618.36328125
9,2025-12-15,2285.1455078125,11,33618.36328125
10,2025-12-15,1801.888916015625,11,33618.36328125
11,2025-12-15,1754.8477783203125,11,33618.36328125
12,2025-12-15,1748.931884765625,11,33618.36328125
13,2025-12-15,1841.6141357421875,11,33618.36328125
14,2025-12-15,1875.81591796875,11,33618.36328125
15,2025-12-15,1831.6607666015625,11,33618.36328125
16,2025-12-15,2080.196044921875,11,33618.36328125
17,2025-12-15,2653.7490234375,11,33618.36328125
18,2025-12-15,2906.951171875,11,33618.36328125
19,2025-12-15,2253.0693359375,11,33618.36328125
20,2025-12-15,1297.9422607421875,11,33618.36328125
21,2025-12-15,734.7628173828125,11,33618.36328125
22,2025-12-15,308.48284912109375,11,33618.36328125
23,2025-12-15,195.87997436523438,11,33618.36328125
0,2025-12-16,58.726535797119141,11,33946.76171875
1,2025-12-16,0.041505813598632812,11,33946.76171875
2,2025-12-16,0.0090981721878051758,11,33946.76171875
3,2025-12-16,0.011071324348449707,11,33946.76171875
4,2025-12-16,0.028897285461425781,11,33946.76171875
5,2025-12-16,235.61512756347656,11,33946.76171875
6,2025-12-16,1240.511962890625,11,33946.76171875
7,2025-12-16,2336.718017578125,11,33946.76171875
8,2025-12-16,3148.2080078125,11,33946.76171875
9,2025-12-16,2319.335205078125,11,33946.76171875
10,2025-12-16,1842.8585205078125,11,33946.76171875
11,2025-12-16,1759.208251953125,11,33946.76171875
12,2025-12-16,1827.363525390625,11,33946.76171875
13,2025-12-16,1915.3775634765625,11,33946.76171875
14,2025-12-16,1940.1207275390625,11,33946.76171875
15,2025-12-16,1838.5977783203125,11,33946.76171875
16,2025-12-16,2068.70263671875,11,33946.76171875
17,2025-12-16,2665.72705078125,11,33946.76171875
18,2025-12-16,2927.8876953125,11,33946.76171875
19,2025-12-16,2249.023681640625,11,33946.76171875
20,2025-12-16,1325.19189453125,11,33946.76171875
21,2025-12-16,750.6766357421875,11,33946.76171875
22,2025-12-16,320.839111328125,11,33946.76171875
23,2025-12-16,204.79580688476562,11,33946.76171875
0,2025-12-17,61.259181976318359,11,34063.21875
1,2025-12-17,0.036999702453613281,11,34063.21875
2,2025-12-17,0.0098104774951934814,11,34063.21875
3,2025-12-17,0.014791548252105713,11,34063.21875
4,2025-12-17,-0.0057749748229980469,11,34063.21875
5,2025-12-17,239.96560668945312,11,34063.21875
6,2025-12-17,1209.8173828125,11,34063.21875
7,2025-12-17,2320.022216796875,11,34063.21875
8,2025-12-17,3118.83740234375,11,34063.21875
9,2025-12-17,2285.21826171875,11,34063.21875
10,2025-12-17,1850.7296142578125,11,34063.21875
11,2025-12-17,1803.6900634765625,11,34063.21875
12,2025-12-17,1888.9180908203125,11,34063.21875
13,2025-12-17,1947.498779296875,11,34063.21875
14,2025-12-17,1958.3870849609375,11,34063.21875
15,2025-12-17,1815.93359375,11,34063.21875
16,2025-12-17,2028.8035888671875,11,34063.21875
17,2025-12-17,2666.9609375,11,34063.21875
18,2025-12-17,2920.87939453125,11,34063.21875
19,2025-12-17,2235.956298828125,11,34063.21875
20,2025-12-17,1326.6658935546875,11,34063.21875
21,2025-12-17,764.97308349609375,11,34063.21875
22,2025-12-17,329.23590087890625,11,34063.21875
23,2025-12-17,219.08358764648438,11,34063.21875
0,2025-12-18,64.782402038574219,11,34351.375
1,2025-12-18,0.025104999542236328,11,34351.375
2,2025-12-18,0.0060371160507202148,11,34351.375
3,2025-12-18,0.010884493589401245,11,34351.375
4,2025-12-18,-0.0012876987457275391,11,34351.375
5,2025-12-18,239.89691162109375,11,34351.375
6,2025-12-18,1246.85791015625,11,34351.375
7,2025-12-18,2335.363525390625,11,34351.375
8,2025-12-18,3092.323486328125,11,34351.375
9,2025-12-18,2337.53369140625,11,34351.375
10,2025-12-18,1937.5013427734375,11,34351.375
11,2025-12-18,1793.540771484375,11,34351.375
12,2025-12-18,1910.4951171875,11,34351.375
13,2025-12-18,1967.898193359375,11,34351.375
14,2025-12-18,1984.2762451171875,11,34351.375
15,2025-12-18,1847.8533935546875,11,34351.375
16,2025-12-18,2122.041259765625,11,34351.375
17,2025-12-18,2680.2587890625,11,34351.375
18,2025-12-18,2876.56201171875,11,34351.375
19,2025-12-18,2234.48779296875,11,34351.375
20,2025-12-18,1334.904541015625,11,34351.375
21,2025-12-18,787.857421875,11,34351.375
22,2025-12-18,341.7342529296875,11,34351.375
23,2025-12-18,244.28343200683594,11,34351.375
0,2025-12-19,70.064865112304688,11,33799.359375
1,2025-12-19,0.31132602691650391,11,33799.359375
2,2025-12-19,0.006394803524017334,11,33799.359375
3,2025-12-19,0.014422208070755005,11,33799.359375
4,2025-12-19,0.0074472427368164062,11,33799.359375
5,2025-12-19,236.50196838378906,11,33799.359375
6,2025-12-19,1219.559814453125,11,33799.359375
7,2025-12-19,2197.531005859375,11,33799.359375
8,2025-12-19,2960.697998046875,11,33799.359375
9,2025-12-19,2190.57275390625,11,33799.359375
10,2025-12-19,1828.8057861328125,11,33799.359375
11,2025-12-19,1768.6776123046875,11,33799.359375
12,2025-12-19,1893.2978515625,11,33799.359375
13,2025-12-19,1898.2708740234375,11,33799.359375
14,2025-12-19,1986.673583984375,11,33799.359375
15,2025-12-19,1907.217529296875,11,33799.359375
16,2025-12-19,2179.2158203125,11,33799.359375
17,2025-12-19,2639.140625,11,33799.359375
18,2025-12-19,2408.46923828125,11,33799.359375
19,2025-12-19,2024.643310546875,11,33799.359375
20,2025-12-19,1267.77880859375,11,33799.359375
21,2025-12-19,763.35345458984375,11,33799.359375
22,2025-12-19,339.5711669921875,11,33799.359375
23,2025-12-19,280.53921508789062,11,33799.359375
0,2025-12-20,97.295280456542969,11,23716.00390625
1,2025-12-20,1.5443761348724365,11,23716.00390625
2,2025-12-20,0.0078316926956176758,11,23716.00390625
3,2025-12-20,0.011769235134124756,11,23716.00390625
4,2025-12-20,0.094029426574707031,11,23716.00390625
5,2025-12-20,168.68374633789062,11,23716.00390625
6,2025-12-20,745.246337890625,11,23716.00390625
7,2025-12-20,778.87841796875,11,23716.00390625
8,2025-12-20,1088.9644775390625,11,23716.00390625
9,2025-12-20,1172.04296875,11,23716.00390625
10,2025-12-20,1278.944091796875,11,23716.00390625
11,2025-12-20,1588.9803466796875,11,23716.00390625
12,2025-12-20,1840.08642578125,11,23716.00390625
13,2025-12-20,1738.4710693359375,11,23716.00390625
14,2025-12-20,1788.2271728515625,11,23716.00390625
15,2025-12-20,1630.728759765625,11,23716.00390625
16,2025-12-20,1659.21240234375,11,23716.00390625
17,2025-12-20,1741.842529296875,11,23716.00390625
18,2025-12-20,1485.79443359375,11,23716.00390625
19,2025-12-20,1450.4603271484375,11,23716.00390625
20,2025-12-20,905.9732666015625,11,23716.00390625
21,2025-12-20,661.7562255859375,11,23716.00390625
22,2025-12-20,325.22970581054688,11,23716.00390625
23,2025-12-20,291.562255859375,11,23716.00390625
0,2025-12-21,109.87520599365234,11,20446.546875
1,2025-12-21,21.831514358520508,11,20446.546875
2,2025-12-21,0.0045571327209472656,11,20446.546875
3,2025-12-21,0.013632267713546753,11,20446.546875
4,2025-12-21,0.20863437652587891,11,20446.546875
5,2025-12-21,87.742568969726562,11,20446.546875
6,2025-12-21,486.53448486328125,11,20446.546875
7,2025-12-21,604.64892578125,11,20446.546875
8,2025-12-21,811.85791015625,11,20446.546875
9,2025-12-21,980.76361083984375,11,20446.546875
10,2025-12-21,1066.40869140625,11,20446.546875
11,2025-12-21,1421.8670654296875,11,20446.546875
12,2025-12-21,1640.7047119140625,11,20446.546875
13,2025-12-21,1552.421875,11,20446.546875
14,2025-12-21,1658.7562255859375,11,20446.546875
15,2025-12-21,1547.207763671875,11,20446.546875
16,2025-12-21,1522.1441650390625,11,20446.546875
17,2025-12-21,1622.6060791015625,11,20446.546875
18,2025-12-21,1337.3203125,11,20446.546875
19,2025-12-21,1190.9825439453125,11,20446.546875
20,2025-12-21,792.38702392578125,11,20446.546875
21,2025-12-21,584.7445068359375,11,20446.546875
22,2025-12-21,293.92312622070312,11,20446.546875
23,2025-12-21,231.8497314453125,11,20446.546875
0,2025-12-22,71.084526062011719,11,33771.85546875
1,2025-12-22,9.8066425323486328,11,33771.85546875
2,2025-12-22,0.0063901841640472412,11,33771.85546875
3,2025-12-22,0.013900637626647949,11,33771.85546875
4,2025-12-22,0.11262679100036621,11,33771.85546875
5,2025-12-22,245.12008666992188,11,33771.85546875
6,2025-12-22,1243.9229736328125,11,33771.85546875
7,2025-12-22,2298.67138671875,11,33771.85546875
8,2025-12-22,3101.43896484375,11,33771.85546875
9,2025-12-22,2283.9560546875,11,33771.85546875
10,2025-12-22,1833.5699462890625,11,33771.85546875
11,2025-12-22,1776.00927734375,11,33771.85546875
12,2025-12-22,1786.3887939453125,11,33771.85546875
13,2025-12-22,1908.4681396484375,11,33771.85546875
14,2025-12-22,1902.6092529296875,11,33771.85546875
15,2025-12-22,1859.5438232421875,11,33771.85546875
16,2025-12-22,2139.237060546875,11,33771.85546875
17,2025-12-22,2660.490234375,11,33771.85546875
18,2025-12-22,2924.52099609375,11,33771.85546875
19,2025-12-22,2262.4375,11,33771.85546875
20,2025-12-22,1307.3013916015625,11,33771.85546875
21,2025-12-22,727.909423828125,11,33771.85546875
22,2025-12-22,307.7120361328125,11,33771.85546875
23,2025-12-22,195.7283935546875,11,33771.85546875
0,2025-12-23,58.71630859375,11,33900.75
1,2025-12-23,-0.0077562332153320312,11,33900.75
2,2025-12-23,0.0096129179000854492,11,33900.75
3,2025-12-23,0.016879051923751831,11,33900.75
4,2025-12-23,0.030951261520385742,11,33900.75
5,2025-12-23,238.60713195800781,11,33900.75
6,2025-12-23,1240.821533203125,11,33900.75
7,2025-12-23,2316.23681640625,11,33900.75
8,2025-12-23,3138.482421875,11,33900.75
9,2025-12-23,2297.420654296875,11,33900.75
10,2025-12-23,1856.814697265625,11,33900.75
11,2025-12-23,1774.1134033203125,11,33900.75
12,2025-12-23,1838.1871337890625,11,33900.75
13,2025-12-23,1927.5218505859375,11,33900.75
14,2025-12-23,1965.0892333984375,11,33900.75
15,2025-12-23,1852.074462890625,11,33900.75
16,2025-12-23,2112.28564453125,11,33900.75
17,2025-12-23,2656.02587890625,11,33900.75
18,2025-12-23,2907.4443359375,11,33900.75
19,2025-12-23,2251.504150390625,11,33900.75
20,2025-12-23,1320.2598876953125,11,33900.75
21,2025-12-23,747.6256103515625,11,33900.75
22,2025-12-23,318.09356689453125,11,33900.75
23,2025-12-23,204.43675231933594,11,33900.75
0,2025-12-24,61.512172698974609,11,34162.6875
1,2025-12-24,0.023155689239501953,11,34162.6875
2,2025-12-24,0.0076832175254821777,11,34162.6875
3,2025-12-24,0.01844865083694458,11,34162.6875
4,2025-12-24,0.010812997817993164,11,34162.6875
5,2025-12-24,241.51235961914062,11,34162.6875
6,2025-12-24,1208.7412109375,11,34162.6875
7,2025-12-24,2272.8369140625,11,34162.6875
8,2025-12-24,3079.55810546875,11,34162.6875
9,2025-12-24,2248.18505859375,11,34162.6875
10,2025-12-24,1846.498046875,11,34162.6875
11,2025-12-24,1796.809814453125,11,34162.6875
12,2025-12-24,1884.72998046875,11,34162.6875
13,2025-12-24,1942.3651123046875,11,34162.6875
14,2025-12-24,1956.577392578125,11,34162.6875
15,2025-12-24,1833.1676025390625,11,34162.6875
16,2025-12-24,2063.80615234375,11,34162.6875
17,2025-12-24,2630.20751953125,11,34162.6875
18,2025-12-24,2859.902587890625,11,34162.6875
19,2025-12-24,2228.331298828125,11,34162.6875
20,2025-12-24,1304.928955078125,11,34162.6875
21,2025-12-24,756.39105224609375,11,34162.6875
22,2025-12-24,329.011474609375,11,34162.6875
23,2025-12-24,219.24813842773438,11,34162.6875
0,2025-12-25,63.964881896972656,11,34027.13671875
1,2025-12-25,-0.0302886962890625,11,34027.13671875
2,2025-12-25,0.0073515474796295166,11,34027.13671875
3,2025-12-25,0.0095662176609039307,11,34027.13671875
4,2025-12-25,0.016093730926513672,11,34027.13671875
5,2025-12-25,239.61105346679688,11,34027.13671875
6,2025-12-25,1232.33837890625,11,34027.13671875
7,2025-12-25,2257.65576171875,11,34027.13671875
8,2025-12-25,3017.5615234375,11,34027.13671875
9,2025-12-25,2262.8359375,11,34027.13671875
10,2025-12-25,1884.2496337890625,11,34027.13671875
11,2025-12-25,1785.3375244140625,11,34027.13671875
12,2025-12-25,1901.570556640625,11,34027.13671875
13,2025-12-25,1956.4261474609375,11,34027.13671875
14,2025-12-25,1963.5263671875,11,34027.13671875
15,2025-12-25,1851.2120361328125,11,34027.13671875
16,2025-12-25,2106.974365234375,11,34027.13671875
17,2025-12-25,2632.58154296875,11,34027.13671875
18,2025-12-25,2849.008544921875,11,34027.13671875
19,2025-12-25,2204.758544921875,11,34027.13671875
20,2025-12-25,1310.291259765625,11,34027.13671875
21,2025-12-25,769.513916015625,11,34027.13671875
22,2025-12-25,341.23599243164062,11,34027.13671875
23,2025-12-25,243.21548461914062,11,34027.13671875
0,2025-12-26,71.696243286132812,11,33593.4609375
1,2025-12-26,0.38279342651367188,11,33593.4609375
2,2025-12-26,0.0054805278778076172,11,33593.4609375
3,2025-12-26,0.014314830303192139,11,33593.4609375
4,2025-12-26,-0.0093905925750732422,11,33593.4609375
5,2025-12-26,239.38134765625,11,33593.4609375
6,2025-12-26,1210.9937744140625,11,33593.4609375
7,2025-12-26,2158.853271484375,11,33593.4609375
8,2025-12-26,2926.39404296875,11,33593.4609375
9,2025-12-26,2174.628662109375,11,33593.4609375
10,2025-12-26,1810.3868408203125,11,33593.4609375
11,2025-12-26,1764.8519287109375,11,33593.4609375
12,2025-12-26,1897.2991943359375,11,33593.4609375
13,2025-12-26,1913.82568359375,11,33593.4609375
14,2025-12-26,1967.166748046875,11,33593.4609375
15,2025-12-26,1885.7215576171875,11,33593.4609375
16,2025-12-26,2156.875732421875,11,33593.4609375
17,2025-12-26,2611.2763671875,11,33593.4609375
18,2025-12-26,2378.783447265625,11,33593.4609375
19,2025-12-26,1995.3974609375,11,33593.4609375
20,2025-12-26,1248.413818359375,11,33593.4609375
21,2025-12-26,759.70904541015625,11,33593.4609375
22,2025-12-26,340.42428588867188,11,33593.4609375
23,2025-12-26,281.6402587890625,11,33593.4609375
0,2025-12-27,99.061851501464844,11,22659.12890625
1,2025-12-27,1.3722748756408691,11,22659.12890625
2,2025-12-27,0.0048433542251586914,11,22659.12890625
3,2025-12-27,0.013993233442306519,11,22659.12890625
4,2025-12-27,0.040994882583618164,11,22659.12890625
5,2025-12-27,172.07333374023438,11,22659.12890625
6,2025-12-27,766.5894775390625,11,22659.12890625
7,2025-12-27,849.5203857421875,11,22659.12890625
8,2025-12-27,1138.918701171875,11,22659.12890625
9,2025-12-27,1249.2200927734375,11,22659.12890625
10,2025-12-27,1321.78515625,11,22659.12890625
11,2025-12-27,1600.177734375,11,22659.12890625
12,2025-12-27,1850.6248779296875,11,22659.12890625
13,2025-12-27,1757.772216796875,11,22659.12890625
14,2025-12-27,1782.443603515625,11,22659.12890625
15,2025-12-27,1617.941162109375,11,22659.12890625
16,2025-12-27,1680.9901123046875,11,22659.12890625
17,2025-12-27,1797.224609375,11,22659.12890625
18,2025-12-27,1560.34326171875,11,22659.12890625
19,2025-12-27,1491.1201171875,11,22659.12890625
20,2025-12-27,933.848388671875,11,22659.12890625
21,2025-12-27,645.2882080078125,11,22659.12890625
22,2025-12-27,322.636474609375,11,22659.12890625
23,2025-12-27,288.12420654296875,11,22659.12890625
0,2025-12-28,109.60799407958984,11,19979.1640625
1,2025-12-28,19.281692504882812,11,19979.1640625
2,2025-12-28,0.0067969858646392822,11,19979.1640625
3,2025-12-28,0.014765679836273193,11,19979.1640625
4,2025-12-28,0.18709135055541992,11,19979.1640625
5,2025-12-28,97.315277099609375,11,19979.1640625
6,2025-12-28,510.4873046875,11,19979.1640625
7,2025-12-28,587.8101806640625,11,19979.1640625
8,2025-12-28,793.9212646484375,11,19979.1640625
9,2025-12-28,968.89727783203125,11,19979.1640625
10,2025-12-28,1088.2982177734375,11,19979.1640625
11,2025-12-28,1441.56787109375,11,19979.1640625
12,2025-12-28,1660.7945556640625,11,19979.1640625
13,2025-12-28,1563.0677490234375,11,19979.1640625
14,2025-12-28,1657.9154052734375,11,19979.1640625
15,2025-12-28,1571.82373046875,11,19979.1640625
16,2025-12-28,1538.630859375,11,19979.1640625
17,2025-12-28,1664.483642578125,11,19979.1640625
18,2025-12-28,1354.583251953125,11,19979.1640625
19,2025-12-28,1173.38232421875,11,19979.1640625
20,2025-12-28,793.04388427734375,11,19979.1640625
21,2025-12-28,577.9947509765625,11,19979.1640625
22,2025-12-28,293.08404541015625,11,19979.1640625
23,2025-12-28,233.05816650390625,11,19979.1640625
0,2025-12-29,71.288482666015625,11,33708.234375
1,2025-12-29,10.738180160522461,11,33708.234375
2,2025-12-29,0.0058619678020477295,11,33708.234375
3,2025-12-29,0.016981840133666992,11,33708.234375
4,2025-12-29,0.18788766860961914,11,33708.234375
5,2025-12-29,247.60107421875,11,33708.234375
6,2025-12-29,1249.62939453125,11,33708.234375
7,2025-12-29,2272.72998046875,11,33708.234375
8,2025-12-29,3089.83740234375,11,33708.234375
9,2025-12-29,2272.504150390625,11,33708.234375
10,2025-12-29,1803.719482421875,11,33708.234375
11,2025-12-29,1769.614501953125,11,33708.234375
12,2025-12-29,1777.48095703125,11,33708.234375
13,2025-12-29,1889.39501953125,11,33708.234375
14,2025-12-29,1874.6063232421875,11,33708.234375
15,2025-12-29,1851.015869140625,11,33708.234375
16,2025-12-29,2118.279541015625,11,33708.234375
17,2025-12-29,2651.730224609375,11,33708.234375
18,2025-12-29,2901.6884765625,11,33708.234375
19,2025-12-29,2267.382080078125,11,33708.234375
20,2025-12-29,1294.977294921875,11,33708.234375
21,2025-12-29,714.01165771484375,11,33708.234375
22,2025-12-29,305.86920166015625,11,33708.234375
23,2025-12-29,195.33352661132812,11,33708.234375
0,2025-12-30,57.061069488525391,11,34135.3359375
1,2025-12-30,0.1551055908203125,11,34135.3359375
2,2025-12-30,0.0083098709583282471,11,34135.3359375
3,2025-12-30,0.014585256576538086,11,34135.3359375
4,2025-12-30,0.012148380279541016,11,34135.3359375
5,2025-12-30,243.93598937988281,11,34135.3359375
6,2025-12-30,1253.298095703125,11,34135.3359375
7,2025-12-30,2295.284912109375,11,34135.3359375
8,2025-12-30,3140.28759765625,11,34135.3359375
9,2025-12-30,2288.269775390625,11,34135.3359375
10,2025-12-30,1850.6854248046875,11,34135.3359375
11,2025-12-30,1762.5556640625,11,34135.3359375
12,2025-12-30,1823.7130126953125,11,34135.3359375
13,2025-12-30,1935.6827392578125,11,34135.3359375
14,2025-12-30,1935.5902099609375,11,34135.3359375
15,2025-12-30,1848.7493896484375,11,34135.3359375
16,2025-12-30,2104.46044921875,11,34135.3359375
17,2025-12-30,2668.54052734375,11,34135.3359375
18,2025-12-30,2896.967529296875,11,34135.3359375
19,2025-12-30,2263.0654296875,11,34135.3359375
20,2025-12-30,1323.7938232421875,11,34135.3359375
21,2025-12-30,728.51434326171875,11,34135.3359375
22,2025-12-30,312.3963623046875,11,34135.3359375
23,2025-12-30,204.77726745605469,11,34135.3359375
0,2025-12-31,63.183483123779297,11,20032.19140625
1,2025-12-31,0.22220993041992188,11,20032.19140625
2,2025-12-31,0.0086522102355957031,11,20032.19140625
3,2025-12-31,0.017808496952056885,11,20032.19140625
4,2025-12-31,0.037437200546264648,11,20032.19140625
5,2025-12-31,213.39337158203125,11,20032.19140625
6,2025-12-31,699.61328125,11,20032.19140625
7,2025-12-31,661.8868408203125,11,20032.19140625
8,2025-12-31,970.0130615234375,11,20032.19140625
9,2025-12-31,925.779296875,11,20032.19140625
10,2025-12-31,1103.474853515625,11,20032.19140625
11,2025-12-31,1376.709228515625,11,20032.19140625
12,2025-12-31,1650.1094970703125,11,20032.19140625
13,2025-12-31,1473.1778564453125,11,20032.19140625
14,2025-12-31,1723.3878173828125,11,20032.19140625
15,2025-12-31,1312.891357421875,11,20032.19140625
16,2025-12-31,1354.1776123046875,11,20032.19140625
17,2025-12-31,1498.756103515625,11,20032.19140625
18,2025-12-31,1265.46826171875,11,20032.19140625
19,2025-12-31,1426.903076171875,11,20032.19140625
20,2025-12-31,1021.5199584960938,11,20032.19140625
21,2025-12-31,695.28271484375,11,20032.19140625
22,2025-12-31,321.80288696289062,11,20032.19140625
23,2025-12-31,226.28211975097656,11,20032.19140625
0,2025-11-01,72.82000732421875,12,31056.892578125
1,2025-11-01,2.1544065475463867,12,31056.892578125
2,2025-11-01,0.0012551862746477127,12,31056.892578125
3,2025-11-01,8.7812542915344238e-05,12,31056.892578125
4,2025-11-01,0.87127590179443359,12,31056.892578125
5,2025-11-01,195.71954345703125,12,31056.892578125
6,2025-11-01,670.35028076171875,12,31056.892578125
7,2025-11-01,579.072021484375,12,31056.892578125
8,2025-11-01,602.27099609375,12,31056.892578125
9,2025-11-01,882.1123046875,12,31056.892578125
10,2025-11-01,1124.55712890625,12,31056.892578125
11,2025-11-01,1139.1334228515625,12,31056.892578125
12,2025-11-01,1180.14404296875,12,31056.892578125
13,2025-11-01,1491.372314453125,12,31056.892578125
14,2025-11-01,1295.4356689453125,12,31056.892578125
15,2025-11-01,1233.4808349609375,12,31056.892578125
16,2025-11-01,1200.715087890625,12,31056.892578125
17,2025-11-01,1062.6005859375,12,31056.892578125
18,2025-11-01,1008.183349609375,12,31056.892578125
19,2025-11-01,900.85888671875,12,31056.892578125
20,2025-11-01,726.19110107421875,12,31056.892578125
21,2025-11-01,556.78759765625,12,31056.892578125
22,2025-11-01,294.5889892578125,12,31056.892578125
23,2025-11-01,230.45515441894531,12,31056.892578125
0,2025-11-02,78.090736389160156,12,16462.85546875
1,2025-11-02,4.9023094177246094,12,16462.85546875
2,2025-11-02,0.00095130689442157745,12,16462.85546875
3,2025-11-02,0.00023672357201576233,12,16462.85546875
4,2025-11-02,0.3904876708984375,12,16462.85546875
5,2025-11-02,95.874984741210938,12,16462.85546875
6,2025-11-02,439.45343017578125,12,16462.85546875
7,2025-11-02,435.9705810546875,12,16462.85546875
8,2025-11-02,448.240478515625,12,16462.85546875
9,2025-11-02,722.8585205078125,12,16462.85546875
10,2025-11-02,872.06976318359375,12,16462.85546875
11,2025-11-02,936.17279052734375,12,16462.85546875
12,2025-11-02,1064.0205078125,12,16462.85546875
13,2025-11-02,1318.461669921875,12,16462.85546875
14,2025-11-02,1157.8226318359375,12,16462.85546875
15,2025-11-02,1119.093994140625,12,16462.85546875
16,2025-11-02,1065.611328125,12,16462.85546875
17,2025-11-02,991.673583984375,12,16462.85546875
18,2025-11-02,846.593505859375,12,16462.85546875
19,2025-11-02,644.96484375,12,16462.85546875
20,2025-11-02,590.95745849609375,12,16462.85546875
21,2025-11-02,472.13946533203125,12,16462.85546875
22,2025-11-02,263.01593017578125,12,16462.85546875
23,2025-11-02,187.98910522460938,12,16462.85546875
0,2025-11-03,57.291648864746094,12,17965.515625
1,2025-11-03,2.5502402782440186,12,17965.515625
2,2025-11-03,0.0017715208232402802,12,17965.515625
3,2025-11-03,0.00072566606104373932,12,17965.515625
4,2025-11-03,1.0259842872619629,12,17965.515625
5,2025-11-03,187.33181762695312,12,17965.515625
6,2025-11-03,552.81103515625,12,17965.515625
7,2025-11-03,549.377197265625,12,17965.515625
8,2025-11-03,578.1763916015625,12,17965.515625
9,2025-11-03,771.8646240234375,12,17965.515625
10,2025-11-03,879.03924560546875,12,17965.515625
11,2025-11-03,852.073486328125,12,17965.515625
12,2025-11-03,976.482421875,12,17965.515625
13,2025-11-03,1203.9805908203125,12,17965.515625
14,2025-11-03,868.69061279296875,12,17965.515625
15,2025-11-03,994.47216796875,12,17965.515625
16,2025-11-03,983.6583251953125,12,17965.515625
17,2025-11-03,931.6666259765625,12,17965.515625
18,2025-11-03,929.4720458984375,12,17965.515625
19,2025-11-03,925.64892578125,12,17965.515625
20,2025-11-03,682.99652099609375,12,17965.515625
21,2025-11-03,537.02734375,12,17965.515625
22,2025-11-03,185.17120361328125,12,17965.515625
23,2025-11-03,180.84243774414062,12,17965.515625
0,2025-11-04,43.517990112304688,12,17558.919921875
1,2025-11-04,0.8865656852722168,12,17558.919921875
2,2025-11-04,0.001645650714635849,12,17558.919921875
3,2025-11-04,0.0012527089565992355,12,17558.919921875
4,2025-11-04,1.6107511520385742,12,17558.919921875
5,2025-11-04,202.15318298339844,12,17558.919921875
6,2025-11-04,592.317138671875,12,17558.919921875
7,2025-11-04,580.3839111328125,12,17558.919921875
8,2025-11-04,629.778564453125,12,17558.919921875
9,2025-11-04,791.26025390625,12,17558.919921875
10,2025-11-04,906.64251708984375,12,17558.919921875
11,2025-11-04,881.2939453125,12,17558.919921875
12,2025-11-04,959.16510009765625,12,17558.919921875
13,2025-11-04,1232.330322265625,12,17558.919921875
14,2025-11-04,921.4052734375,12,17558.919921875
15,2025-11-04,958.1729736328125,12,17558.919921875
16,2025-11-04,994.38134765625,12,17558.919921875
17,2025-11-04,963.9161376953125,12,17558.919921875
18,2025-11-04,944.88232421875,12,17558.919921875
19,2025-11-04,961.3350830078125,12,17558.919921875
20,2025-11-04,665.79949951171875,12,17558.919921875
21,2025-11-04,527.9639892578125,12,17558.919921875
22,2025-11-04,170.51971435546875,12,17558.919921875
23,2025-11-04,184.20480346679688,12,17558.919921875
0,2025-11-05,49.363853454589844,12,36592.23046875
1,2025-11-05,0.88210344314575195,12,36592.23046875
2,2025-11-05,0.0011370517313480377,12,36592.23046875
3,2025-11-05,0.00091744214296340942,12,36592.23046875
4,2025-11-05,5.8753547668457031,12,36592.23046875
5,2025-11-05,312.88699340820312,12,36592.23046875
6,2025-11-05,1402.5767822265625,12,36592.23046875
7,2025-11-05,2644.231689453125,12,36592.23046875
8,2025-11-05,3403.85888671875,12,36592.23046875
9,2025-11-05,2499.0478515625,12,36592.23046875
10,2025-11-05,2034.4564208984375,12,36592.23046875
11,2025-11-05,1981.697998046875,12,36592.23046875
12,2025-11-05,2041.71630859375,12,36592.23046875
13,2025-11-05,2057.19873046875,12,36592.23046875
14,2025-11-05,1982.9212646484375,12,36592.23046875
15,2025-11-05,2357.90087890625,12,36592.23046875
16,2025-11-05,2783.09716796875,12,36592.23046875
17,2025-11-05,2993.201416015625,12,36592.23046875
18,2025-11-05,3116.698486328125,12,36592.23046875
19,2025-11-05,2341.09130859375,12,36592.23046875
20,2025-11-05,1520.9993896484375,12,36592.23046875
21,2025-11-05,935.00592041015625,12,36592.23046875
22,2025-11-05,454.16015625,12,36592.23046875
23,2025-11-05,246.41288757324219,12,36592.23046875
0,2025-11-06,46.551620483398438,12,36637.921875
1,2025-11-06,0.92057561874389648,12,36637.921875
2,2025-11-06,0.0010254364460706711,12,36637.921875
3,2025-11-06,0.00094996392726898193,12,36637.921875
4,2025-11-06,6.0027036666870117,12,36637.921875
5,2025-11-06,307.42178344726562,12,36637.921875
6,2025-11-06,1375.8062744140625,12,36637.921875
7,2025-11-06,2615.65771484375,12,36637.921875
8,2025-11-06,3365.492919921875,12,36637.921875
9,2025-11-06,2458.513671875,12,36637.921875
10,2025-11-06,1985.55029296875,12,36637.921875
11,2025-11-06,1952.1695556640625,12,36637.921875
12,2025-11-06,2008.96533203125,12,36637.921875
13,2025-11-06,2037.2728271484375,12,36637.921875
14,2025-11-06,1933.9217529296875,12,36637.921875
15,2025-11-06,2317.172119140625,12,36637.921875
16,2025-11-06,2761.225830078125,12,36637.921875
17,2025-11-06,2959.6513671875,12,36637.921875
18,2025-11-06,3052.27685546875,12,36637.921875
19,2025-11-06,2292.52001953125,12,36637.921875
20,2025-11-06,1513.090087890625,12,36637.921875
21,2025-11-06,916.150390625,12,36637.921875
22,2025-11-06,450.7554931640625,12,36637.921875
23,2025-11-06,251.95465087890625,12,36637.921875
0,2025-11-07,52.817951202392578,12,36084.70703125
1,2025-11-07,1.0592572689056396,12,36084.70703125
2,2025-11-07,0.00028848461806774139,12,36084.70703125
3,2025-11-07,0.00013682059943675995,12,36084.70703125
4,2025-11-07,5.0486316680908203,12,36084.70703125
5,2025-11-07,302.58935546875,12,36084.70703125
6,2025-11-07,1366.9033203125,12,36084.70703125
7,2025-11-07,2575.267578125,12,36084.70703125
8,2025-11-07,3304.4375,12,36084.70703125
9,2025-11-07,2416.07568359375,12,36084.70703125
10,2025-11-07,1969.73095703125,12,36084.70703125
11,2025-11-07,1964.0404052734375,12,36084.70703125
12,2025-11-07,1999.13037109375,12,36084.70703125
13,2025-11-07,2032.6689453125,12,36084.70703125
14,2025-11-07,1969.6064453125,12,36084.70703125
15,2025-11-07,2379.926513671875,12,36084.70703125
16,2025-11-07,2825.105224609375,12,36084.70703125
17,2025-11-07,2933.03076171875,12,36084.70703125
18,2025-11-07,2628.79638671875,12,36084.70703125
19,2025-11-07,2115.58056640625,12,36084.70703125
20,2025-11-07,1431.1727294921875,12,36084.70703125
21,2025-11-07,933.66143798828125,12,36084.70703125
22,2025-11-07,459.98483276367188,12,36084.70703125
23,2025-11-07,271.20138549804688,12,36084.70703125
0,2025-11-08,71.892166137695312,12,20568.123046875
1,2025-11-08,2.0336143970489502,12,20568.123046875
2,2025-11-08,0.00067497231066226959,12,20568.123046875
3,2025-11-08,0.00049182213842868805,12,20568.123046875
4,2025-11-08,2.3400187492370605,12,20568.123046875
5,2025-11-08,228.2767333984375,12,20568.123046875
6,2025-11-08,873.345703125,12,20568.123046875
7,2025-11-08,1040.568115234375,12,20568.123046875
8,2025-11-08,1104.353759765625,12,20568.123046875
9,2025-11-08,1317.7353515625,12,20568.123046875
10,2025-11-08,1494.74365234375,12,20568.123046875
11,2025-11-08,1536.794921875,12,20568.123046875
12,2025-11-08,1539.689208984375,12,20568.123046875
13,2025-11-08,1753.259521484375,12,20568.123046875
14,2025-11-08,1595.66455078125,12,20568.123046875
15,2025-11-08,1645.753662109375,12,20568.123046875
16,2025-11-08,1774.1239013671875,12,20568.123046875
17,2025-11-08,1628.271728515625,12,20568.123046875
18,2025-11-08,1575.3616943359375,12,20568.123046875
19,2025-11-08,1354.091796875,12,20568.123046875
20,2025-11-08,999.279296875,12,20568.123046875
21,2025-11-08,692.127197265625,12,20568.123046875
22,2025-11-08,405.5081787109375,12,20568.123046875
23,2025-11-08,255.60873413085938,12,20568.123046875
0,2025-11-09,78.265327453613281,12,17594.466796875
1,2025-11-09,4.6140851974487305,12,17594.466796875
2,2025-11-09,0.00070314109325408936,12,17594.466796875
3,2025-11-09,8.1866979598999023e-05,12,17594.466796875
4,2025-11-09,1.8156461715698242,12,17594.466796875
5,2025-11-09,127.50823974609375,12,17594.466796875
6,2025-11-09,560.4993896484375,12,17594.466796875
7,2025-11-09,717.2921142578125,12,17594.466796875
8,2025-11-09,787.826416015625,12,17594.466796875
9,2025-11-09,1014.0922241210938,12,17594.466796875
10,2025-11-09,1220.2105712890625,12,17594.466796875
11,2025-11-09,1273.2705078125,12,17594.466796875
12,2025-11-09,1361.996337890625,12,17594.466796875
13,2025-11-09,1534.5052490234375,12,17594.466796875
14,2025-11-09,1446.576171875,12,17594.466796875
15,2025-11-09,1479.066650390625,12,17594.466796875
16,2025-11-09,1583.318115234375,12,17594.466796875
17,2025-11-09,1541.849609375,12,17594.466796875
18,2025-11-09,1338.7940673828125,12,17594.466796875
19,2025-11-09,965.3671875,12,17594.466796875
20,2025-11-09,776.36077880859375,12,17594.466796875
21,2025-11-09,589.30419921875,12,17594.466796875
22,2025-11-09,380.13516235351562,12,17594.466796875
23,2025-11-09,220.37382507324219,12,17594.466796875
0,2025-11-10,57.459869384765625,12,36522.421875
1,2025-11-10,2.1419382095336914,12,36522.421875
2,2025-11-10,0.00068955123424530029,12,36522.421875
3,2025-11-10,-9.9483877420425415e-06,12,36522.421875
4,2025-11-10,5.1645488739013672,12,36522.421875
5,2025-11-10,305.83993530273438,12,36522.421875
6,2025-11-10,1360.394775390625,12,36522.421875
7,2025-11-10,2608.73046875,12,36522.421875
8,2025-11-10,3378.503662109375,12,36522.421875
9,2025-11-10,2482.052734375,12,36522.421875
10,2025-11-10,2038.3551025390625,12,36522.421875
11,2025-11-10,1951.2801513671875,12,36522.421875
12,2025-11-10,2025.907470703125,12,36522.421875
13,2025-11-10,2013.2615966796875,12,36522.421875
14,2025-11-10,1883.154052734375,12,36522.421875
15,2025-11-10,2281.158203125,12,36522.421875
16,2025-11-10,2728.587646484375,12,36522.421875
17,2025-11-10,2959.10986328125,12,36522.421875
18,2025-11-10,3106.1796875,12,36522.421875
19,2025-11-10,2292.165771484375,12,36522.421875
20,2025-11-10,1498.2218017578125,12,36522.421875
21,2025-11-10,888.49908447265625,12,36522.421875
22,2025-11-10,436.2906494140625,12,36522.421875
23,2025-11-10,236.42555236816406,12,36522.421875
0,2025-11-11,44.244255065917969,12,36935.8046875
1,2025-11-11,0.8311007022857666,12,36935.8046875
2,2025-11-11,0.00083906389772891998,12,36935.8046875
3,2025-11-11,0.00022712536156177521,12,36935.8046875
4,2025-11-11,5.8402504920959473,12,36935.8046875
5,2025-11-11,309.21688842773438,12,36935.8046875
6,2025-11-11,1391.8502197265625,12,36935.8046875
7,2025-11-11,2636.445068359375,12,36935.8046875
8,2025-11-11,3416.069580078125,12,36935.8046875
9,2025-11-11,2496.683349609375,12,36935.8046875
10,2025-11-11,2069.76953125,12,36935.8046875
11,2025-11-11,1984.2122802734375,12,36935.8046875
12,2025-11-11,2031.4527587890625,12,36935.8046875
13,2025-11-11,2046.41552734375,12,36935.8046875
14,2025-11-11,1936.22607421875,12,36935.8046875
15,2025-11-11,2297.60888671875,12,36935.8046875
16,2025-11-11,2760.390380859375,12,36935.8046875
17,2025-11-11,2998.97216796875,12,36935.8046875
18,2025-11-11,3127.84033203125,12,36935.8046875
19,2025-11-11,2344.958251953125,12,36935.8046875
20,2025-11-11,1500.1229248046875,12,36935.8046875
21,2025-11-11,908.0560302734375,12,36935.8046875
22,2025-11-11,444.14389038085938,12,36935.8046875
23,2025-11-11,244.00311279296875,12,36935.8046875
0,2025-11-12,48.668350219726562,12,37121.15625
1,2025-11-12,0.78268551826477051,12,37121.15625
2,2025-11-12,0.00073460862040519714,12,37121.15625
3,2025-11-12,0.00058116577565670013,12,37121.15625
4,2025-11-12,6.0749959945678711,12,37121.15625
5,2025-11-12,310.57785034179688,12,37121.15625
6,2025-11-12,1388.130859375,12,37121.15625
7,2025-11-12,2649.18212890625,12,37121.15625
8,2025-11-12,3410.567626953125,12,37121.15625
9,2025-11-12,2506.574951171875,12,37121.15625
10,2025-11-12,2074.298828125,12,37121.15625
11,2025-11-12,1987.953857421875,12,37121.15625
12,2025-11-12,2044.8216552734375,12,37121.15625
13,2025-11-12,2057.803466796875,12,37121.15625
14,2025-11-12,1941.7861328125,12,37121.15625
15,2025-11-12,2321.678955078125,12,37121.15625
16,2025-11-12,2764.234375,12,37121.15625
17,2025-11-12,2982.08642578125,12,37121.15625
18,2025-11-12,3121.93603515625,12,37121.15625
19,2025-11-12,2319.499755859375,12,37121.15625
20,2025-11-12,1497.718994140625,12,37121.15625
21,2025-11-12,928.509033203125,12,37121.15625
22,2025-11-12,451.23724365234375,12,37121.15625
23,2025-11-12,255.418212890625,12,37121.15625
0,2025-11-13,47.972583770751953,12,37166.203125
1,2025-11-13,0.92343902587890625,12,37166.203125
2,2025-11-13,0.00053163059055805206,12,37166.203125
3,2025-11-13,0.00033207051455974579,12,37166.203125
4,2025-11-13,5.810117244720459,12,37166.203125
5,2025-11-13,306.50042724609375,12,37166.203125
6,2025-11-13,1361.03076171875,12,37166.203125
7,2025-11-13,2620.861083984375,12,37166.203125
8,2025-11-13,3370.3447265625,12,37166.203125
9,2025-11-13,2457.526611328125,12,37166.203125
10,2025-11-13,2028.0413818359375,12,37166.203125
11,2025-11-13,1975.539306640625,12,37166.203125
12,2025-11-13,2025.240966796875,12,37166.203125
13,2025-11-13,2055.065673828125,12,37166.203125
14,2025-11-13,1940.683837890625,12,37166.203125
15,2025-11-13,2320.28271484375,12,37166.203125
16,2025-11-13,2733.186767578125,12,37166.203125
17,2025-11-13,2968.3671875,12,37166.203125
18,2025-11-13,3089.226318359375,12,37166.203125
19,2025-11-13,2295.7529296875,12,37166.203125
20,2025-11-13,1506.02490234375,12,37166.203125
21,2025-11-13,919.20562744140625,12,37166.203125
22,2025-11-13,459.56011962890625,12,37166.203125
23,2025-11-13,263.47976684570312,12,37166.203125
0,2025-11-14,54.042037963867188,12,36905.7578125
1,2025-11-14,1.1232659816741943,12,36905.7578125
2,2025-11-14,0.00041347555816173553,12,36905.7578125
3,2025-11-14,0.00052399374544620514,12,36905.7578125
4,2025-11-14,5.0132293701171875,12,36905.7578125
5,2025-11-14,304.53787231445312,12,36905.7578125
6,2025-11-14,1369.2962646484375,12,36905.7578125
7,2025-11-14,2599.033447265625,12,36905.7578125
8,2025-11-14,3346.249267578125,12,36905.7578125
9,2025-11-14,2445.31396484375,12,36905.7578125
10,2025-11-14,2003.166748046875,12,36905.7578125
11,2025-11-14,1984.0477294921875,12,36905.7578125
12,2025-11-14,2018.241455078125,12,36905.7578125
13,2025-11-14,2046.95166015625,12,36905.7578125
14,2025-11-14,1990.0924072265625,12,36905.7578125
15,2025-11-14,2406.679931640625,12,36905.7578125
16,2025-11-14,2852.31591796875,12,36905.7578125
17,2025-11-14,2977.87548828125,12,36905.7578125
18,2025-11-14,2758.6484375,12,36905.7578125
19,2025-11-14,2137.19873046875,12,36905.7578125
20,2025-11-14,1445.7042236328125,12,36905.7578125
21,2025-11-14,937.49273681640625,12,36905.7578125
22,2025-11-14,463.8621826171875,12,36905.7578125
23,2025-11-14,276.11593627929688,12,36905.7578125
0,2025-11-15,72.348884582519531,12,21411.9375
1,2025-11-15,2.4622774124145508,12,21411.9375
2,2025-11-15,0.00079898536205291748,12,21411.9375
3,2025-11-15,0.00060536526143550873,12,21411.9375
4,2025-11-15,2.2839071750640869,12,21411.9375
5,2025-11-15,226.8634033203125,12,21411.9375
6,2025-11-15,884.0164794921875,12,21411.9375
7,2025-11-15,1040.8231201171875,12,21411.9375
8,2025-11-15,1113.4639892578125,12,21411.9375
9,2025-11-15,1351.8726806640625,12,21411.9375
10,2025-11-15,1508.525634765625,12,21411.9375
11,2025-11-15,1564.2138671875,12,21411.9375
12,2025-11-15,1534.3582763671875,12,21411.9375
13,2025-11-15,1764.4666748046875,12,21411.9375
14,2025-11-15,1628.321533203125,12,21411.9375
15,2025-11-15,1689.5992431640625,12,21411.9375
16,2025-11-15,1795.281005859375,12,21411.9375
17,2025-11-15,1678.1005859375,12,21411.9375
18,2025-11-15,1601.931884765625,12,21411.9375
19,2025-11-15,1328.714111328125,12,21411.9375
20,2025-11-15,994.20245361328125,12,21411.9375
21,2025-11-15,694.68182373046875,12,21411.9375
22,2025-11-15,407.89166259765625,12,21411.9375
23,2025-11-15,259.61312866210938,12,21411.9375
0,2025-11-16,78.005653381347656,12,18213.19921875
1,2025-11-16,4.8879518508911133,12,18213.19921875
2,2025-11-16,0.00077646598219871521,12,18213.19921875
3,2025-11-16,0.0010901819914579391,12,18213.19921875
4,2025-11-16,1.9480996131896973,12,18213.19921875
5,2025-11-16,135.01237487792969,12,18213.19921875
6,2025-11-16,589.3284912109375,12,18213.19921875
7,2025-11-16,747.5819091796875,12,18213.19921875
8,2025-11-16,810.7996826171875,12,18213.19921875
9,2025-11-16,1002.9151611328125,12,18213.19921875
10,2025-11-16,1195.778564453125,12,18213.19921875
11,2025-11-16,1287.87109375,12,18213.19921875
12,2025-11-16,1353.425048828125,12,18213.19921875
13,2025-11-16,1575.9990234375,12,18213.19921875
14,2025-11-16,1477.6646728515625,12,18213.19921875
15,2025-11-16,1498.0517578125,12,18213.19921875
16,2025-11-16,1596.093017578125,12,18213.19921875
17,2025-11-16,1551.60205078125,12,18213.19921875
18,2025-11-16,1370.362060546875,12,18213.19921875
19,2025-11-16,971.187744140625,12,18213.19921875
20,2025-11-16,769.31854248046875,12,18213.19921875
21,2025-11-16,584.55426025390625,12,18213.19921875
22,2025-11-16,363.29757690429688,12,18213.19921875
23,2025-11-16,214.86953735351562,12,18213.19921875
0,2025-11-17,56.694282531738281,12,36398.2734375
1,2025-11-17,2.0429172515869141,12,36398.2734375
2,2025-11-17,0.00074432417750358582,12,36398.2734375
3,2025-11-17,0.0010819416493177414,12,36398.2734375
4,2025-11-17,5.824409008026123,12,36398.2734375
5,2025-11-17,307.84124755859375,12,36398.2734375
6,2025-11-17,1387.21533203125,12,36398.2734375
7,2025-11-17,2676.6884765625,12,36398.2734375
8,2025-11-17,3489.12890625,12,36398.2734375
9,2025-11-17,2511.845947265625,12,36398.2734375
10,2025-11-17,2029.8592529296875,12,36398.2734375
11,2025-11-17,1947.374755859375,12,36398.2734375
12,2025-11-17,2043.8759765625,12,36398.2734375
13,2025-11-17,2030.301513671875,12,36398.2734375
14,2025-11-17,1888.498291015625,12,36398.2734375
15,2025-11-17,2270.6005859375,12,36398.2734375
16,2025-11-17,2752.200927734375,12,36398.2734375
17,2025-11-17,3014.5234375,12,36398.2734375
18,2025-11-17,3171.998291015625,12,36398.2734375
19,2025-11-17,2333.804443359375,12,36398.2734375
20,2025-11-17,1504.86279296875,12,36398.2734375
21,2025-11-17,912.734375,12,36398.2734375
22,2025-11-17,427.46994018554688,12,36398.2734375
23,2025-11-17,227.22550964355469,12,36398.2734375
0,2025-11-18,44.227394104003906,12,37133.046875
1,2025-11-18,0.6796717643737793,12,37133.046875
2,2025-11-18,0.00036556832492351532,12,37133.046875
3,2025-11-18,0.0007717721164226532,12,37133.046875
4,2025-11-18,6.2687644958496094,12,37133.046875
5,2025-11-18,313.5416259765625,12,37133.046875
6,2025-11-18,1403.9298095703125,12,37133.046875
7,2025-11-18,2697.96875,12,37133.046875
8,2025-11-18,3539.854248046875,12,37133.046875
9,2025-11-18,2532.34814453125,12,37133.046875
10,2025-11-18,2088.94482421875,12,37133.046875
11,2025-11-18,2002.2763671875,12,37133.046875
12,2025-11-18,2069.031494140625,12,37133.046875
13,2025-11-18,2096.715576171875,12,37133.046875
14,2025-11-18,1973.6802978515625,12,37133.046875
15,2025-11-18,2292.433349609375,12,37133.046875
16,2025-11-18,2787.3134765625,12,37133.046875
17,2025-11-18,3050.5849609375,12,37133.046875
18,2025-11-18,3212.5966796875,12,37133.046875
19,2025-11-18,2381.342041015625,12,37133.046875
20,2025-11-18,1507.99462890625,12,37133.046875
21,2025-11-18,918.11834716796875,12,37133.046875
22,2025-11-18,437.02444458007812,12,37133.046875
23,2025-11-18,244.18067932128906,12,37133.046875
0,2025-11-19,49.991172790527344,12,37091.06640625
1,2025-11-19,0.7863309383392334,12,37091.06640625
2,2025-11-19,0.0007463749498128891,12,37091.06640625
3,2025-11-19,0.0010417085140943527,12,37091.06640625
4,2025-11-19,6.266995906829834,12,37091.06640625
5,2025-11-19,311.1357421875,12,37091.06640625
6,2025-11-19,1393.508056640625,12,37091.06640625
7,2025-11-19,2667.4365234375,12,37091.06640625
8,2025-11-19,3481.666015625,12,37091.06640625
9,2025-11-19,2519.84033203125,12,37091.06640625
10,2025-11-19,2077.81640625,12,37091.06640625
11,2025-11-19,1994.65869140625,12,37091.06640625
12,2025-11-19,2075.55810546875,12,37091.06640625
13,2025-11-19,2096.01318359375,12,37091.06640625
14,2025-11-19,1963.911865234375,12,37091.06640625
15,2025-11-19,2307.013671875,12,37091.06640625
16,2025-11-19,2782.144775390625,12,37091.06640625
17,2025-11-19,3018.61181640625,12,37091.06640625
18,2025-11-19,3197.52197265625,12,37091.06640625
19,2025-11-19,2354.08935546875,12,37091.06640625
20,2025-11-19,1507.077880859375,12,37091.06640625
21,2025-11-19,944.88916015625,12,37091.06640625
22,2025-11-19,450.5799560546875,12,37091.06640625
23,2025-11-19,256.55206298828125,12,37091.06640625
0,2025-11-20,47.659759521484375,12,36888.234375
1,2025-11-20,0.93122959136962891,12,36888.234375
2,2025-11-20,0.00069971196353435516,12,36888.234375
3,2025-11-20,0.0010679885745048523,12,36888.234375
4,2025-11-20,6.106849193572998,12,36888.234375
5,2025-11-20,306.37289428710938,12,36888.234375
6,2025-11-20,1375.2391357421875,12,36888.234375
7,2025-11-20,2651.62939453125,12,36888.234375
8,2025-11-20,3456.259521484375,12,36888.234375
9,2025-11-20,2487.29345703125,12,36888.234375
10,2025-11-20,2042.849853515625,12,36888.234375
11,2025-11-20,1978.053955078125,12,36888.234375
12,2025-11-20,2055.428466796875,12,36888.234375
13,2025-11-20,2077.5390625,12,36888.234375
14,2025-11-20,1929.781005859375,12,36888.234375
15,2025-11-20,2283.378173828125,12,36888.234375
16,2025-11-20,2753.55615234375,12,36888.234375
17,2025-11-20,3004.192138671875,12,36888.234375
18,2025-11-20,3129.777587890625,12,36888.234375
19,2025-11-20,2316.66943359375,12,36888.234375
20,2025-11-20,1509.3599853515625,12,36888.234375
21,2025-11-20,924.73370361328125,12,36888.234375
22,2025-11-20,459.122314453125,12,36888.234375
23,2025-11-20,265.115234375,12,36888.234375
0,2025-11-21,52.866100311279297,12,36010.09375
1,2025-11-21,1.0572278499603271,12,36010.09375
2,2025-11-21,0.00058308802545070648,12,36010.09375
3,2025-11-21,0.00084893964231014252,12,36010.09375
4,2025-11-21,5.1806936264038086,12,36010.09375
5,2025-11-21,298.89971923828125,12,36010.09375
6,2025-11-21,1332.9163818359375,12,36010.09375
7,2025-11-21,2572.23095703125,12,36010.09375
8,2025-11-21,3350.5107421875,12,36010.09375
9,2025-11-21,2448.0810546875,12,36010.09375
10,2025-11-21,1988.2847900390625,12,36010.09375
11,2025-11-21,1948.5557861328125,12,36010.09375
12,2025-11-21,2010.4754638671875,12,36010.09375
13,2025-11-21,2043.5372314453125,12,36010.09375
14,2025-11-21,1944.1343994140625,12,36010.09375
15,2025-11-21,2335.800048828125,12,36010.09375
16,2025-11-21,2843.49951171875,12,36010.09375
17,2025-11-21,2959.930908203125,12,36010.09375
18,2025-11-21,2650.8037109375,12,36010.09375
19,2025-11-21,2096.682373046875,12,36010.09375
20,2025-11-21,1418.39599609375,12,36010.09375
21,2025-11-21,941.05780029296875,12,36010.09375
22,2025-11-21,463.04330444335938,12,36010.09375
23,2025-11-21,288.16647338867188,12,36010.09375
0,2025-11-22,70.478561401367188,12,21650.9765625
1,2025-11-22,2.1545155048370361,12,21650.9765625
2,2025-11-22,0.00075218454003334045,12,21650.9765625
3,2025-11-22,0.0012580715119838715,12,21650.9765625
4,2025-11-22,2.6002018451690674,12,21650.9765625
5,2025-11-22,219.75410461425781,12,21650.9765625
6,2025-11-22,783.13043212890625,12,21650.9765625
7,2025-11-22,872.50341796875,12,21650.9765625
8,2025-11-22,950.8621826171875,12,21650.9765625
9,2025-11-22,1175.404541015625,12,21650.9765625
10,2025-11-22,1407.63330078125,12,21650.9765625
11,2025-11-22,1478.8514404296875,12,21650.9765625
12,2025-11-22,1479.736572265625,12,21650.9765625
13,2025-11-22,1735.1748046875,12,21650.9765625
14,2025-11-22,1546.478759765625,12,21650.9765625
15,2025-11-22,1539.3489990234375,12,21650.9765625
16,2025-11-22,1612.333251953125,12,21650.9765625
17,2025-11-22,1543.8345947265625,12,21650.9765625
18,2025-11-22,1474.598876953125,12,21650.9765625
19,2025-11-22,1273.50244140625,12,21650.9765625
20,2025-11-22,942.20831298828125,12,21650.9765625
21,2025-11-22,659.01861572265625,12,21650.9765625
22,2025-11-22,386.12808227539062,12,21650.9765625
23,2025-11-22,263.76541137695312,12,21650.9765625
0,2025-11-23,78.079872131347656,12,18933.21875
1,2025-11-23,4.9552707672119141,12,18933.21875
2,2025-11-23,0.0001509152352809906,12,18933.21875
3,2025-11-23,0.00054023042321205139,12,18933.21875
4,2025-11-23,2.0445804595947266,12,18933.21875
5,2025-11-23,134.95999145507812,12,18933.21875
6,2025-11-23,536.12481689453125,12,18933.21875
7,2025-11-23,685.8343505859375,12,18933.21875
8,2025-11-23,763.0892333984375,12,18933.21875
9,2025-11-23,991.4937744140625,12,18933.21875
10,2025-11-23,1192.576904296875,12,18933.21875
11,2025-11-23,1281.7073974609375,12,18933.21875
12,2025-11-23,1346.4708251953125,12,18933.21875
13,2025-11-23,1575.9537353515625,12,18933.21875
14,2025-11-23,1430.672607421875,12,18933.21875
15,2025-11-23,1437.877197265625,12,18933.21875
16,2025-11-23,1519.494140625,12,18933.21875
17,2025-11-23,1516.12451171875,12,18933.21875
18,2025-11-23,1328.9000244140625,12,18933.21875
19,2025-11-23,951.2945556640625,12,18933.21875
20,2025-11-23,759.52581787109375,12,18933.21875
21,2025-11-23,576.4959716796875,12,18933.21875
22,2025-11-23,363.13494873046875,12,18933.21875
23,2025-11-23,212.83895874023438,12,18933.21875
0,2025-11-24,56.3463134765625,12,35988.7734375
1,2025-11-24,1.8342336416244507,12,35988.7734375
2,2025-11-24,0.00051062367856502533,12,35988.7734375
3,2025-11-24,0.00081689469516277313,12,35988.7734375
4,2025-11-24,5.4544343948364258,12,35988.7734375
5,2025-11-24,304.9986572265625,12,35988.7734375
6,2025-11-24,1360.95361328125,12,35988.7734375
7,2025-11-24,2594.857666015625,12,35988.7734375
8,2025-11-24,3402.729736328125,12,35988.7734375
9,2025-11-24,2464.307861328125,12,35988.7734375
10,2025-11-24,1992.114990234375,12,35988.7734375
11,2025-11-24,1929.535888671875,12,35988.7734375
12,2025-11-24,2029.572998046875,12,35988.7734375
13,2025-11-24,2038.8345947265625,12,35988.7734375
14,2025-11-24,1863.3323974609375,12,35988.7734375
15,2025-11-24,2220.432861328125,12,35988.7734375
16,2025-11-24,2680.30908203125,12,35988.7734375
17,2025-11-24,2947.404296875,12,35988.7734375
18,2025-11-24,3071.628662109375,12,35988.7734375
19,2025-11-24,2284.149658203125,12,35988.7734375
20,2025-11-24,1478.8768310546875,12,35988.7734375
21,2025-11-24,898.36865234375,12,35988.7734375
22,2025-11-24,420.16799926757812,12,35988.7734375
23,2025-11-24,228.35072326660156,12,35988.7734375
0,2025-11-25,44.224884033203125,12,37043.43359375
1,2025-11-25,0.64800906181335449,12,37043.43359375
2,2025-11-25,0.00065265223383903503,12,37043.43359375
3,2025-11-25,0.00096893496811389923,12,37043.43359375
4,2025-11-25,5.8985042572021484,12,37043.43359375
5,2025-11-25,312.26910400390625,12,37043.43359375
6,2025-11-25,1386.4332275390625,12,37043.43359375
7,2025-11-25,2658.279052734375,12,37043.43359375
8,2025-11-25,3496.83349609375,12,37043.43359375
9,2025-11-25,2512.56591796875,12,37043.43359375
10,2025-11-25,2071.953857421875,12,37043.43359375
11,2025-11-25,1995.0848388671875,12,37043.43359375
12,2025-11-25,2057.17138671875,12,37043.43359375
13,2025-11-25,2093.28564453125,12,37043.43359375
14,2025-11-25,1972.61328125,12,37043.43359375
15,2025-11-25,2272.6435546875,12,37043.43359375
16,2025-11-25,2745.589599609375,12,37043.43359375
17,2025-11-25,3014.47900390625,12,37043.43359375
18,2025-11-25,3169.795654296875,12,37043.43359375
19,2025-11-25,2344.93896484375,12,37043.43359375
20,2025-11-25,1487.2869873046875,12,37043.43359375
21,2025-11-25,919.74334716796875,12,37043.43359375
22,2025-11-25,441.47445678710938,12,37043.43359375
23,2025-11-25,242.18238830566406,12,37043.43359375
0,2025-11-26,50.774795532226562,12,37144.9375
1,2025-11-26,0.90499305725097656,12,37144.9375
2,2025-11-26,0.00055617094039916992,12,37144.9375
3,2025-11-26,0.00086006149649620056,12,37144.9375
4,2025-11-26,5.9746713638305664,12,37144.9375
5,2025-11-26,310.416015625,12,37144.9375
6,2025-11-26,1385.630615234375,12,37144.9375
7,2025-11-26,2646.906982421875,12,37144.9375
8,2025-11-26,3454.63720703125,12,37144.9375
9,2025-11-26,2512.275390625,12,37144.9375
10,2025-11-26,2074.68212890625,12,37144.9375
11,2025-11-26,2000.0050048828125,12,37144.9375
12,2025-11-26,2076.528076171875,12,37144.9375
13,2025-11-26,2097.177001953125,12,37144.9375
14,2025-11-26,1971.8883056640625,12,37144.9375
15,2025-11-26,2291.6318359375,12,37144.9375
16,2025-11-26,2742.6328125,12,37144.9375
17,2025-11-26,3007.8134765625,12,37144.9375
18,2025-11-26,3174.87890625,12,37144.9375
19,2025-11-26,2344.87109375,12,37144.9375
20,2025-11-26,1501.108154296875,12,37144.9375
21,2025-11-26,944.9176025390625,12,37144.9375
22,2025-11-26,448.0147705078125,12,37144.9375
23,2025-11-26,255.10882568359375,12,37144.9375
0,2025-11-27,47.711685180664062,12,36802.35546875
1,2025-11-27,0.99419593811035156,12,36802.35546875
2,2025-11-27,0.0007180776447057724,12,36802.35546875
3,2025-11-27,0.001166805624961853,12,36802.35546875
4,2025-11-27,5.6733665466308594,12,36802.35546875
5,2025-11-27,304.51608276367188,12,36802.35546875
6,2025-11-27,1372.2459716796875,12,36802.35546875
7,2025-11-27,2638.713623046875,12,36802.35546875
8,2025-11-27,3442.117919921875,12,36802.35546875
9,2025-11-27,2473.796142578125,12,36802.35546875
10,2025-11-27,2036.454833984375,12,36802.35546875
11,2025-11-27,1974.740966796875,12,36802.35546875
12,2025-11-27,2059.786376953125,12,36802.35546875
13,2025-11-27,2084.934326171875,12,36802.35546875
14,2025-11-27,1934.04248046875,12,36802.35546875
15,2025-11-27,2292.735107421875,12,36802.35546875
16,2025-11-27,2738.21435546875,12,36802.35546875
17,2025-11-27,3017.75244140625,12,36802.35546875
18,2025-11-27,3113.787353515625,12,36802.35546875
19,2025-11-27,2318.405517578125,12,36802.35546875
20,2025-11-27,1511.17822265625,12,36802.35546875
21,2025-11-27,925.4296875,12,36802.35546875
22,2025-11-27,457.24148559570312,12,36802.35546875
23,2025-11-27,261.39041137695312,12,36802.35546875
0,2025-11-28,51.93505859375,12,35903.8203125
1,2025-11-28,0.97239780426025391,12,35903.8203125
2,2025-11-28,0.00055974908173084259,12,35903.8203125
3,2025-11-28,0.00087381713092327118,12,35903.8203125
4,2025-11-28,4.7993545532226562,12,35903.8203125
5,2025-11-28,295.50701904296875,12,35903.8203125
6,2025-11-28,1339.6510009765625,12,35903.8203125
7,2025-11-28,2550.318115234375,12,35903.8203125
8,2025-11-28,3303.09375,12,35903.8203125
9,2025-11-28,2423.364013671875,12,35903.8203125
10,2025-11-28,1968.9539794921875,12,35903.8203125
11,2025-11-28,1942.6806640625,12,35903.8203125
12,2025-11-28,2008.035888671875,12,35903.8203125
13,2025-11-28,2057.530517578125,12,35903.8203125
14,2025-11-28,1956.492919921875,12,35903.8203125
15,2025-11-28,2338.3759765625,12,35903.8203125
16,2025-11-28,2845.5751953125,12,35903.8203125
17,2025-11-28,2955.78515625,12,35903.8203125
18,2025-11-28,2643.712646484375,12,35903.8203125
19,2025-11-28,2072.72021484375,12,35903.8203125
20,2025-11-28,1417.7891845703125,12,35903.8203125
21,2025-11-28,945.81414794921875,12,35903.8203125
22,2025-11-28,460.7242431640625,12,35903.8203125
23,2025-11-28,286.09646606445312,12,35903.8203125
0,2025-11-29,70.1610107421875,12,21416.55859375
1,2025-11-29,2.1748032569885254,12,21416.55859375
2,2025-11-29,0.00039939582347869873,12,21416.55859375
3,2025-11-29,0.00065960735082626343,12,21416.55859375
4,2025-11-29,2.1736524105072021,12,21416.55859375
5,2025-11-29,210.19158935546875,12,21416.55859375
6,2025-11-29,789.5343017578125,12,21416.55859375
7,2025-11-29,852.6729736328125,12,21416.55859375
8,2025-11-29,942.2110595703125,12,21416.55859375
9,2025-11-29,1197.2471923828125,12,21416.55859375
10,2025-11-29,1415.1201171875,12,21416.55859375
11,2025-11-29,1493.1826171875,12,21416.55859375
12,2025-11-29,1483.702880859375,12,21416.55859375
13,2025-11-29,1746.45458984375,12,21416.55859375
14,2025-11-29,1559.4010009765625,12,21416.55859375
15,2025-11-29,1558.616943359375,12,21416.55859375
16,2025-11-29,1597.53076171875,12,21416.55859375
17,2025-11-29,1530.8475341796875,12,21416.55859375
18,2025-11-29,1449.929931640625,12,21416.55859375
19,2025-11-29,1277.5308837890625,12,21416.55859375
20,2025-11-29,929.99053955078125,12,21416.55859375
21,2025-11-29,661.88397216796875,12,21416.55859375
22,2025-11-29,381.09561157226562,12,21416.55859375
23,2025-11-29,265.82266235351562,12,21416.55859375
0,2025-11-30,78.332565307617188,12,19018.4140625
1,2025-11-30,4.7196455001831055,12,19018.4140625
2,2025-11-30,0.00039573945105075836,12,19018.4140625
3,2025-11-30,0.00071410462260246277,12,19018.4140625
4,2025-11-30,1.7149810791015625,12,19018.4140625
5,2025-11-30,130.05964660644531,12,19018.4140625
6,2025-11-30,531.08905029296875,12,19018.4140625
7,2025-11-30,683.947021484375,12,19018.4140625
8,2025-11-30,782.7503662109375,12,19018.4140625
9,2025-11-30,980.39990234375,12,19018.4140625
10,2025-11-30,1171.234619140625,12,19018.4140625
11,2025-11-30,1297.2685546875,12,19018.4140625
12,2025-11-30,1363.10302734375,12,19018.4140625
13,2025-11-30,1581.9827880859375,12,19018.4140625
14,2025-11-30,1444.77392578125,12,19018.4140625
15,2025-11-30,1473.65771484375,12,19018.4140625
16,2025-11-30,1542.95654296875,12,19018.4140625
17,2025-11-30,1520.265869140625,12,19018.4140625
18,2025-11-30,1319.100341796875,12,19018.4140625
19,2025-11-30,974.1942138671875,12,19018.4140625
20,2025-11-30,759.74493408203125,12,19018.4140625
21,2025-11-30,586.2347412109375,12,19018.4140625
22,2025-11-30,357.826904296875,12,19018.4140625
23,2025-11-30,210.26614379882812,12,19018.4140625
0,2025-12-01,56.734966278076172,12,36014.5
1,2025-12-01,1.8875828981399536,12,36014.5
2,2025-12-01,0.00068892724812030792,12,36014.5
3,2025-12-01,0.0011524409055709839,12,36014.5
4,2025-12-01,5.0991940498352051,12,36014.5
5,2025-12-01,304.75775146484375,12,36014.5
6,2025-12-01,1363.6275634765625,12,36014.5
7,2025-12-01,2594.314697265625,12,36014.5
8,2025-12-01,3420.1640625,12,36014.5
9,2025-12-01,2471.978759765625,12,36014.5
10,2025-12-01,1987.87939453125,12,36014.5
11,2025-12-01,1907.304443359375,12,36014.5
12,2025-12-01,2030.467529296875,12,36014.5
13,2025-12-01,2030.39794921875,12,36014.5
14,2025-12-01,1850.377197265625,12,36014.5
15,2025-12-01,2229.32568359375,12,36014.5
16,2025-12-01,2700.320068359375,12,36014.5
17,2025-12-01,2963.3232421875,12,36014.5
18,2025-12-01,3073.22216796875,12,36014.5
19,2025-12-01,2286.74169921875,12,36014.5
20,2025-12-01,1477.547119140625,12,36014.5
21,2025-12-01,891.24798583984375,12,36014.5
22,2025-12-01,413.18667602539062,12,36014.5
23,2025-12-01,226.42489624023438,12,36014.5
0,2025-12-02,44.488777160644531,12,37024.47265625
1,2025-12-02,0.64834308624267578,12,37024.47265625
2,2025-12-02,0.0008211825042963028,12,37024.47265625
3,2025-12-02,0.0015135854482650757,12,37024.47265625
4,2025-12-02,5.3908958435058594,12,37024.47265625
5,2025-12-02,309.35275268554688,12,37024.47265625
6,2025-12-02,1384.044677734375,12,37024.47265625
7,2025-12-02,2652.674560546875,12,37024.47265625
8,2025-12-02,3498.85205078125,12,37024.47265625
9,2025-12-02,2505.61376953125,12,37024.47265625
10,2025-12-02,2077.19970703125,12,37024.47265625
11,2025-12-02,1980.213623046875,12,37024.47265625
12,2025-12-02,2043.7652587890625,12,37024.47265625
13,2025-12-02,2091.67333984375,12,37024.47265625
14,2025-12-02,1957.4232177734375,12,37024.47265625
15,2025-12-02,2253.3984375,12,37024.47265625
16,2025-12-02,2741.55859375,12,37024.47265625
17,2025-12-02,3017.252685546875,12,37024.47265625
18,2025-12-02,3155.034912109375,12,37024.47265625
19,2025-12-02,2312.129150390625,12,37024.47265625
20,2025-12-02,1478.6534423828125,12,37024.47265625
21,2025-12-02,906.452392578125,12,37024.47265625
22,2025-12-02,434.35110473632812,12,37024.47265625
23,2025-12-02,243.58992004394531,12,37024.47265625
0,2025-12-03,50.445098876953125,12,36836.32421875
1,2025-12-03,0.83849477767944336,12,36836.32421875
2,2025-12-03,0.00072022154927253723,12,36836.32421875
3,2025-12-03,0.0011011697351932526,12,36836.32421875
4,2025-12-03,5.5545554161071777,12,36836.32421875
5,2025-12-03,307.89083862304688,12,36836.32421875
6,2025-12-03,1375.5882568359375,12,36836.32421875
7,2025-12-03,2596.228515625,12,36836.32421875
8,2025-12-03,3408.604736328125,12,36836.32421875
9,2025-12-03,2526.83837890625,12,36836.32421875
10,2025-12-03,2088.980712890625,12,36836.32421875
11,2025-12-03,1981.3028564453125,12,36836.32421875
12,2025-12-03,2081.12548828125,12,36836.32421875
13,2025-12-03,2088.720703125,12,36836.32421875
14,2025-12-03,1936.4600830078125,12,36836.32421875
15,2025-12-03,2272.111328125,12,36836.32421875
16,2025-12-03,2729.796630859375,12,36836.32421875
17,2025-12-03,3006.773681640625,12,36836.32421875
18,2025-12-03,3133.66943359375,12,36836.32421875
19,2025-12-03,2316.916748046875,12,36836.32421875
20,2025-12-03,1494.19677734375,12,36836.32421875
21,2025-12-03,938.60693359375,12,36836.32421875
22,2025-12-03,452.91830444335938,12,36836.32421875
23,2025-12-03,251.99693298339844,12,36836.32421875
0,2025-12-04,47.831596374511719,12,36668.453125
1,2025-12-04,0.96532082557678223,12,36668.453125
2,2025-12-04,0.00031498447060585022,12,36668.453125
3,2025-12-04,0.00071688182651996613,12,36668.453125
4,2025-12-04,5.3439931869506836,12,36668.453125
5,2025-12-04,307.68234252929688,12,36668.453125
6,2025-12-04,1366.3616943359375,12,36668.453125
7,2025-12-04,2592.3427734375,12,36668.453125
8,2025-12-04,3406.315185546875,12,36668.453125
9,2025-12-04,2486.4384765625,12,36668.453125
10,2025-12-04,2053.030029296875,12,36668.453125
11,2025-12-04,1984.8829345703125,12,36668.453125
12,2025-12-04,2070.843505859375,12,36668.453125
13,2025-12-04,2090.108154296875,12,36668.453125
14,2025-12-04,1941.9825439453125,12,36668.453125
15,2025-12-04,2283.844970703125,12,36668.453125
16,2025-12-04,2748.350341796875,12,36668.453125
17,2025-12-04,3015.274658203125,12,36668.453125
18,2025-12-04,3129.180419921875,12,36668.453125
19,2025-12-04,2322.939453125,12,36668.453125
20,2025-12-04,1512.14453125,12,36668.453125
21,2025-12-04,935.93975830078125,12,36668.453125
22,2025-12-04,456.43734741210938,12,36668.453125
23,2025-12-04,263.9114990234375,12,36668.453125
0,2025-12-05,52.230949401855469,12,36152.34375
1,2025-12-05,1.0263845920562744,12,36152.34375
2,2025-12-05,0.00076558440923690796,12,36152.34375
3,2025-12-05,0.0011615883558988571,12,36152.34375
4,2025-12-05,4.6063361167907715,12,36152.34375
5,2025-12-05,303.79962158203125,12,36152.34375
6,2025-12-05,1354.2962646484375,12,36152.34375
7,2025-12-05,2522.990478515625,12,36152.34375
8,2025-12-05,3298.26025390625,12,36152.34375
9,2025-12-05,2457.065185546875,12,36152.34375
10,2025-12-05,1992.51318359375,12,36152.34375
11,2025-12-05,1959.426513671875,12,36152.34375
12,2025-12-05,2021.4859619140625,12,36152.34375
13,2025-12-05,2072.32666015625,12,36152.34375
14,2025-12-05,1983.343994140625,12,36152.34375
15,2025-12-05,2363.346435546875,12,36152.34375
16,2025-12-05,2867.897705078125,12,36152.34375
17,2025-12-05,2971.4375,12,36152.34375
18,2025-12-05,2610.827392578125,12,36152.34375
19,2025-12-05,2098.376708984375,12,36152.34375
20,2025-12-05,1421.9002685546875,12,36152.34375
21,2025-12-05,958.6514892578125,12,36152.34375
22,2025-12-05,461.2080078125,12,36152.34375
23,2025-12-05,289.78628540039062,12,36152.34375
0,2025-12-06,72.103675842285156,12,21674.501953125
1,2025-12-06,2.2388005256652832,12,21674.501953125
2,2025-12-06,0.00071550533175468445,12,21674.501953125
3,2025-12-06,0.0011804383248090744,12,21674.501953125
4,2025-12-06,1.9697079658508301,12,21674.501953125
5,2025-12-06,219.52423095703125,12,21674.501953125
6,2025-12-06,801.72900390625,12,21674.501953125
7,2025-12-06,862.5140380859375,12,21674.501953125
8,2025-12-06,943.4832763671875,12,21674.501953125
9,2025-12-06,1200.8662109375,12,21674.501953125
10,2025-12-06,1398.99267578125,12,21674.501953125
11,2025-12-06,1457.4971923828125,12,21674.501953125
12,2025-12-06,1471.28369140625,12,21674.501953125
13,2025-12-06,1727.53076171875,12,21674.501953125
14,2025-12-06,1546.379638671875,12,21674.501953125
15,2025-12-06,1532.31884765625,12,21674.501953125
16,2025-12-06,1604.00244140625,12,21674.501953125
17,2025-12-06,1525.068359375,12,21674.501953125
18,2025-12-06,1465.5386962890625,12,21674.501953125
19,2025-12-06,1274.4244384765625,12,21674.501953125
20,2025-12-06,921.00323486328125,12,21674.501953125
21,2025-12-06,668.713623046875,12,21674.501953125
22,2025-12-06,379.75485229492188,12,21674.501953125
23,2025-12-06,265.35305786132812,12,21674.501953125
0,2025-12-07,78.793060302734375,12,19083.12890625
1,2025-12-07,5.0822162628173828,12,19083.12890625
2,2025-12-07,0.00062084570527076721,12,19083.12890625
3,2025-12-07,0.00076813995838165283,12,19083.12890625
4,2025-12-07,1.4580755233764648,12,19083.12890625
5,2025-12-07,136.45576477050781,12,19083.12890625
6,2025-12-07,536.22747802734375,12,19083.12890625
7,2025-12-07,659.257568359375,12,19083.12890625
8,2025-12-07,752.7945556640625,12,19083.12890625
9,2025-12-07,963.95660400390625,12,19083.12890625
10,2025-12-07,1194.7685546875,12,19083.12890625
11,2025-12-07,1290.0819091796875,12,19083.12890625
12,2025-12-07,1365.099609375,12,19083.12890625
13,2025-12-07,1577.06298828125,12,19083.12890625
14,2025-12-07,1442.082275390625,12,19083.12890625
15,2025-12-07,1445.9022216796875,12,19083.12890625
16,2025-12-07,1524.648681640625,12,19083.12890625
17,2025-12-07,1507.8004150390625,12,19083.12890625
18,2025-12-07,1327.5384521484375,12,19083.12890625
19,2025-12-07,952.35791015625,12,19083.12890625
20,2025-12-07,760.60205078125,12,19083.12890625
21,2025-12-07,581.6917724609375,12,19083.12890625
22,2025-12-07,360.9365234375,12,19083.12890625
23,2025-12-07,218.10867309570312,12,19083.12890625
0,2025-12-08,57.000179290771484,12,36145.91015625
1,2025-12-08,1.9036406278610229,12,36145.91015625
2,2025-12-08,0.00076600164175033569,12,36145.91015625
3,2025-12-08,0.0011468827724456787,12,36145.91015625
4,2025-12-08,4.5923843383789062,12,36145.91015625
5,2025-12-08,304.41024780273438,12,36145.91015625
6,2025-12-08,1353.0770263671875,12,36145.91015625
7,2025-12-08,2561.8798828125,12,36145.91015625
8,2025-12-08,3399.16455078125,12,36145.91015625
9,2025-12-08,2469.757080078125,12,36145.91015625
10,2025-12-08,2032.635986328125,12,36145.91015625
11,2025-12-08,1938.048583984375,12,36145.91015625
12,2025-12-08,2049.561279296875,12,36145.91015625
13,2025-12-08,2049.6728515625,12,36145.91015625
14,2025-12-08,1875.9066162109375,12,36145.91015625
15,2025-12-08,2236.086181640625,12,36145.91015625
16,2025-12-08,2681.27685546875,12,36145.91015625
17,2025-12-08,2968.760009765625,12,36145.91015625
18,2025-12-08,3092.0908203125,12,36145.91015625
19,2025-12-08,2260.060546875,12,36145.91015625
20,2025-12-08,1483.8544921875,12,36145.91015625
21,2025-12-08,892.11749267578125,12,36145.91015625
22,2025-12-08,413.31494140625,12,36145.91015625
23,2025-12-08,224.98281860351562,12,36145.91015625
0,2025-12-09,44.08209228515625,12,37004.03515625
1,2025-12-09,0.71564626693725586,12,37004.03515625
2,2025-12-09,0.00033328868448734283,12,37004.03515625
3,2025-12-09,0.0005475953221321106,12,37004.03515625
4,2025-12-09,5.0699615478515625,12,37004.03515625
5,2025-12-09,312.30545043945312,12,37004.03515625
6,2025-12-09,1385.462646484375,12,37004.03515625
7,2025-12-09,2624.2939453125,12,37004.03515625
8,2025-12-09,3463.039306640625,12,37004.03515625
9,2025-12-09,2482.236572265625,12,37004.03515625
10,2025-12-09,2071.620849609375,12,37004.03515625
11,2025-12-09,2001.769287109375,12,37004.03515625
12,2025-12-09,2064.375244140625,12,37004.03515625
13,2025-12-09,2101.515869140625,12,37004.03515625
14,2025-12-09,1956.5806884765625,12,37004.03515625
15,2025-12-09,2258.495849609375,12,37004.03515625
16,2025-12-09,2748.440673828125,12,37004.03515625
17,2025-12-09,3029.50830078125,12,37004.03515625
18,2025-12-09,3152.068359375,12,37004.03515625
19,2025-12-09,2339.82763671875,12,37004.03515625
20,2025-12-09,1489.6522216796875,12,37004.03515625
21,2025-12-09,908.43572998046875,12,37004.03515625
22,2025-12-09,427.5712890625,12,37004.03515625
23,2025-12-09,237.90573120117188,12,37004.03515625
0,2025-12-10,51.429672241210938,12,37236.3125
1,2025-12-10,0.94522190093994141,12,37236.3125
2,2025-12-10,0.00051078945398330688,12,37236.3125
3,2025-12-10,0.00082697533071041107,12,37236.3125
4,2025-12-10,5.3031625747680664,12,37236.3125
5,2025-12-10,313.46237182617188,12,37236.3125
6,2025-12-10,1383.0208740234375,12,37236.3125
7,2025-12-10,2610.98291015625,12,37236.3125
8,2025-12-10,3416.381591796875,12,37236.3125
9,2025-12-10,2506.0654296875,12,37236.3125
10,2025-12-10,2072.496826171875,12,37236.3125
11,2025-12-10,1993.5181884765625,12,37236.3125
12,2025-12-10,2062.255615234375,12,37236.3125
13,2025-12-10,2091.806396484375,12,37236.3125
14,2025-12-10,1943.5489501953125,12,37236.3125
15,2025-12-10,2274.14892578125,12,37236.3125
16,2025-12-10,2737.86865234375,12,37236.3125
17,2025-12-10,3013.141357421875,12,37236.3125
18,2025-12-10,3148.59228515625,12,37236.3125
19,2025-12-10,2329.55224609375,12,37236.3125
20,2025-12-10,1496.1494140625,12,37236.3125
21,2025-12-10,938.21044921875,12,37236.3125
22,2025-12-10,443.60772705078125,12,37236.3125
23,2025-12-10,252.83024597167969,12,37236.3125
0,2025-12-11,48.275466918945312,12,36895.56640625
1,2025-12-11,0.90922737121582031,12,36895.56640625
2,2025-12-11,0.00068026967346668243,12,36895.56640625
3,2025-12-11,0.0010076425969600677,12,36895.56640625
4,2025-12-11,5.1290502548217773,12,36895.56640625
5,2025-12-11,309.20947265625,12,36895.56640625
6,2025-12-11,1366.06787109375,12,36895.56640625
7,2025-12-11,2596.30419921875,12,36895.56640625
8,2025-12-11,3415.592529296875,12,36895.56640625
9,2025-12-11,2465.7724609375,12,36895.56640625
10,2025-12-11,2040.5533447265625,12,36895.56640625
11,2025-12-11,1986.283447265625,12,36895.56640625
12,2025-12-11,2050.730224609375,12,36895.56640625
13,2025-12-11,2085.900634765625,12,36895.56640625
14,2025-12-11,1942.3543701171875,12,36895.56640625
15,2025-12-11,2281.802001953125,12,36895.56640625
16,2025-12-11,2755.66748046875,12,36895.56640625
17,2025-12-11,3018.43359375,12,36895.56640625
18,2025-12-11,3112.087890625,12,36895.56640625
19,2025-12-11,2325.728759765625,12,36895.56640625
20,2025-12-11,1505.104248046875,12,36895.56640625
21,2025-12-11,922.80609130859375,12,36895.56640625
22,2025-12-11,452.62637329101562,12,36895.56640625
23,2025-12-11,262.83111572265625,12,36895.56640625
0,2025-12-12,51.377586364746094,12,35908.01953125
1,2025-12-12,0.9953148365020752,12,35908.01953125
2,2025-12-12,0.00057873688638210297,12,35908.01953125
3,2025-12-12,0.00083889439702033997,12,35908.01953125
4,2025-12-12,4.5998516082763672,12,35908.01953125
5,2025-12-12,301.81723022460938,12,35908.01953125
6,2025-12-12,1342.795654296875,12,35908.01953125
7,2025-12-12,2498.31640625,12,35908.01953125
8,2025-12-12,3265.550537109375,12,35908.01953125
9,2025-12-12,2408.95849609375,12,35908.01953125
10,2025-12-12,1977.9407958984375,12,35908.01953125
11,2025-12-12,1940.42919921875,12,35908.01953125
12,2025-12-12,2003.8294677734375,12,35908.01953125
13,2025-12-12,2062.0595703125,12,35908.01953125
14,2025-12-12,1977.2589111328125,12,35908.01953125
15,2025-12-12,2355.24462890625,12,35908.01953125
16,2025-12-12,2880.9521484375,12,35908.01953125
17,2025-12-12,2964.5947265625,12,35908.01953125
18,2025-12-12,2615.24462890625,12,35908.01953125
19,2025-12-12,2093.931640625,12,35908.01953125
20,2025-12-12,1412.094970703125,12,35908.01953125
21,2025-12-12,948.1947021484375,12,35908.01953125
22,2025-12-12,457.96157836914062,12,35908.01953125
23,2025-12-12,290.17031860351562,12,35908.01953125
0,2025-12-13,70.854644775390625,12,21105.85546875
1,2025-12-13,2.0428595542907715,12,21105.85546875
2,2025-12-13,0.00074880011379718781,12,21105.85546875
3,2025-12-13,0.0012382399290800095,12,21105.85546875
4,2025-12-13,1.9708743095397949,12,21105.85546875
5,2025-12-13,211.6494140625,12,21105.85546875
6,2025-12-13,799.62261962890625,12,21105.85546875
7,2025-12-13,846.004638671875,12,21105.85546875
8,2025-12-13,919.47998046875,12,21105.85546875
9,2025-12-13,1163.789794921875,12,21105.85546875
10,2025-12-13,1385.06005859375,12,21105.85546875
11,2025-12-13,1448.1031494140625,12,21105.85546875
12,2025-12-13,1453.486083984375,12,21105.85546875
13,2025-12-13,1721.838623046875,12,21105.85546875
14,2025-12-13,1542.8638916015625,12,21105.85546875
15,2025-12-13,1511.26318359375,12,21105.85546875
16,2025-12-13,1609.87646484375,12,21105.85546875
17,2025-12-13,1512.0218505859375,12,21105.85546875
18,2025-12-13,1412.93994140625,12,21105.85546875
19,2025-12-13,1245.46240234375,12,21105.85546875
20,2025-12-13,905.799072265625,12,21105.85546875
21,2025-12-13,653.3726806640625,12,21105.85546875
22,2025-12-13,379.7767333984375,12,21105.85546875
23,2025-12-13,265.42681884765625,12,21105.85546875
0,2025-12-14,79.031974792480469,12,19229.736328125
1,2025-12-14,4.790071964263916,12,19229.736328125
2,2025-12-14,0.00048797391355037689,12,19229.736328125
3,2025-12-14,0.00092269293963909149,12,19229.736328125
4,2025-12-14,1.6099429130554199,12,19229.736328125
5,2025-12-14,135.744384765625,12,19229.736328125
6,2025-12-14,547.7725830078125,12,19229.736328125
7,2025-12-14,693.1951904296875,12,19229.736328125
8,2025-12-14,778.4906005859375,12,19229.736328125
9,2025-12-14,992.64752197265625,12,19229.736328125
10,2025-12-14,1183.7281494140625,12,19229.736328125
11,2025-12-14,1279.6751708984375,12,19229.736328125
12,2025-12-14,1352.02587890625,12,19229.736328125
13,2025-12-14,1590.3240966796875,12,19229.736328125
14,2025-12-14,1430.656005859375,12,19229.736328125
15,2025-12-14,1438.394775390625,12,19229.736328125
16,2025-12-14,1546.152587890625,12,19229.736328125
17,2025-12-14,1528.258544921875,12,19229.736328125
18,2025-12-14,1322.099609375,12,19229.736328125
19,2025-12-14,964.788818359375,12,19229.736328125
20,2025-12-14,759.05999755859375,12,19229.736328125
21,2025-12-14,574.4820556640625,12,19229.736328125
22,2025-12-14,357.70184326171875,12,19229.736328125
23,2025-12-14,218.04531860351562,12,19229.736328125
0,2025-12-15,56.491176605224609,12,36155.15625
1,2025-12-15,1.8623229265213013,12,36155.15625
2,2025-12-15,0.00034521520137786865,12,36155.15625
3,2025-12-15,0.00074941106140613556,12,36155.15625
4,2025-12-15,4.8105025291442871,12,36155.15625
5,2025-12-15,305.09820556640625,12,36155.15625
6,2025-12-15,1351.723876953125,12,36155.15625
7,2025-12-15,2534.4619140625,12,36155.15625
8,2025-12-15,3384.093994140625,12,36155.15625
9,2025-12-15,2479.13232421875,12,36155.15625
10,2025-12-15,2024.98193359375,12,36155.15625
11,2025-12-15,1919.2967529296875,12,36155.15625
12,2025-12-15,2034.239990234375,12,36155.15625
13,2025-12-15,2048.91748046875,12,36155.15625
14,2025-12-15,1842.528076171875,12,36155.15625
15,2025-12-15,2224.665771484375,12,36155.15625
16,2025-12-15,2674.53759765625,12,36155.15625
17,2025-12-15,2980.87451171875,12,36155.15625
18,2025-12-15,3087.14990234375,12,36155.15625
19,2025-12-15,2250.82763671875,12,36155.15625
20,2025-12-15,1471.07763671875,12,36155.15625
21,2025-12-15,867.583251953125,12,36155.15625
22,2025-12-15,402.13479614257812,12,36155.15625
23,2025-12-15,226.96217346191406,12,36155.15625
0,2025-12-16,43.344818115234375,12,36897.25390625
1,2025-12-16,0.75551152229309082,12,36897.25390625
2,2025-12-16,0.00039098039269447327,12,36897.25390625
3,2025-12-16,0.00075343437492847443,12,36897.25390625
4,2025-12-16,5.2895693778991699,12,36897.25390625
5,2025-12-16,311.46762084960938,12,36897.25390625
6,2025-12-16,1381.417724609375,12,36897.25390625
7,2025-12-16,2603.1669921875,12,36897.25390625
8,2025-12-16,3434.86181640625,12,36897.25390625
9,2025-12-16,2496.770751953125,12,36897.25390625
10,2025-12-16,2086.661376953125,12,36897.25390625
11,2025-12-16,1998.870849609375,12,36897.25390625
12,2025-12-16,2059.081787109375,12,36897.25390625
13,2025-12-16,2093.548583984375,12,36897.25390625
14,2025-12-16,1939.435791015625,12,36897.25390625
15,2025-12-16,2237.908203125,12,36897.25390625
16,2025-12-16,2742.624755859375,12,36897.25390625
17,2025-12-16,3021.2509765625,12,36897.25390625
18,2025-12-16,3149.134521484375,12,36897.25390625
19,2025-12-16,2339.470947265625,12,36897.25390625
20,2025-12-16,1482.02001953125,12,36897.25390625
21,2025-12-16,894.15020751953125,12,36897.25390625
22,2025-12-16,425.07937622070312,12,36897.25390625
23,2025-12-16,238.21156311035156,12,36897.25390625
0,2025-12-17,50.686996459960938,12,37051.97265625
1,2025-12-17,0.92998456954956055,12,37051.97265625
2,2025-12-17,0.00066353566944599152,12,37051.97265625
3,2025-12-17,0.0010919291526079178,12,37051.97265625
4,2025-12-17,5.4512343406677246,12,37051.97265625
5,2025-12-17,310.31167602539062,12,37051.97265625
6,2025-12-17,1385.0369873046875,12,37051.97265625
7,2025-12-17,2594.92626953125,12,37051.97265625
8,2025-12-17,3398.09765625,12,37051.97265625
9,2025-12-17,2502.93359375,12,37051.97265625
10,2025-12-17,2085.73876953125,12,37051.97265625
11,2025-12-17,1988.953369140625,12,37051.97265625
12,2025-12-17,2058.1279296875,12,37051.97265625
13,2025-12-17,2089.5263671875,12,37051.97265625
14,2025-12-17,1937.3529052734375,12,37051.97265625
15,2025-12-17,2267.878662109375,12,37051.97265625
16,2025-12-17,2736.742919921875,12,37051.97265625
17,2025-12-17,3012.010009765625,12,37051.97265625
18,2025-12-17,3132.21728515625,12,37051.97265625
19,2025-12-17,2321.732177734375,12,37051.97265625
20,2025-12-17,1491.07080078125,12,37051.97265625
21,2025-12-17,924.0936279296875,12,37051.97265625
22,2025-12-17,436.34494018554688,12,37051.97265625
23,2025-12-17,247.71804809570312,12,37051.97265625
0,2025-12-18,47.347259521484375,12,36927.0546875
1,2025-12-18,0.94375252723693848,12,36927.0546875
2,2025-12-18,0.00076216273009777069,12,36927.0546875
3,2025-12-18,0.0014181956648826599,12,36927.0546875
4,2025-12-18,5.5276308059692383,12,36927.0546875
5,2025-12-18,308.20855712890625,12,36927.0546875
6,2025-12-18,1370.50390625,12,36927.0546875
7,2025-12-18,2604.14453125,12,36927.0546875
8,2025-12-18,3412.57958984375,12,36927.0546875
9,2025-12-18,2488.623291015625,12,36927.0546875
10,2025-12-18,2041.2960205078125,12,36927.0546875
11,2025-12-18,1961.5098876953125,12,36927.0546875
12,2025-12-18,2038.1085205078125,12,36927.0546875
13,2025-12-18,2080.4921875,12,36927.0546875
14,2025-12-18,1932.973388671875,12,36927.0546875
15,2025-12-18,2269.406982421875,12,36927.0546875
16,2025-12-18,2757.01611328125,12,36927.0546875
17,2025-12-18,3022.1611328125,12,36927.0546875
18,2025-12-18,3100.130126953125,12,36927.0546875
19,2025-12-18,2306.83837890625,12,36927.0546875
20,2025-12-18,1500.5048828125,12,36927.0546875
21,2025-12-18,920.1009521484375,12,36927.0546875
22,2025-12-18,449.28073120117188,12,36927.0546875
23,2025-12-18,261.84170532226562,12,36927.0546875
0,2025-12-19,52.354331970214844,12,36499.95703125
1,2025-12-19,1.072927713394165,12,36499.95703125
2,2025-12-19,0.00077993981540203094,12,36499.95703125
3,2025-12-19,0.0011747255921363831,12,36499.95703125
4,2025-12-19,4.7344799041748047,12,36499.95703125
5,2025-12-19,301.39535522460938,12,36499.95703125
6,2025-12-19,1321.0372314453125,12,36499.95703125
7,2025-12-19,2452.990966796875,12,36499.95703125
8,2025-12-19,3201.7177734375,12,36499.95703125
9,2025-12-19,2377.026123046875,12,36499.95703125
10,2025-12-19,1962.463134765625,12,36499.95703125
11,2025-12-19,1928.617919921875,12,36499.95703125
12,2025-12-19,1954.5159912109375,12,36499.95703125
13,2025-12-19,2033.9783935546875,12,36499.95703125
14,2025-12-19,1955.5213623046875,12,36499.95703125
15,2025-12-19,2349.388916015625,12,36499.95703125
16,2025-12-19,2834.051513671875,12,36499.95703125
17,2025-12-19,2922.594970703125,12,36499.95703125
18,2025-12-19,2564.06396484375,12,36499.95703125
19,2025-12-19,2077.171142578125,12,36499.95703125
20,2025-12-19,1411.657470703125,12,36499.95703125
21,2025-12-19,928.1031494140625,12,36499.95703125
22,2025-12-19,444.27850341796875,12,36499.95703125
23,2025-12-19,283.88656616210938,12,36499.95703125
0,2025-12-20,69.382240295410156,12,22238.087890625
1,2025-12-20,2.257218599319458,12,22238.087890625
2,2025-12-20,0.00042210333049297333,12,22238.087890625
3,2025-12-20,0.00050909072160720825,12,22238.087890625
4,2025-12-20,2.1667466163635254,12,22238.087890625
5,2025-12-20,217.13754272460938,12,22238.087890625
6,2025-12-20,817.6895751953125,12,22238.087890625
7,2025-12-20,898.7491455078125,12,22238.087890625
8,2025-12-20,996.8677978515625,12,22238.087890625
9,2025-12-20,1208.30712890625,12,22238.087890625
10,2025-12-20,1429.6453857421875,12,22238.087890625
11,2025-12-20,1451.7681884765625,12,22238.087890625
12,2025-12-20,1456.943603515625,12,22238.087890625
13,2025-12-20,1726.8211669921875,12,22238.087890625
14,2025-12-20,1557.0345458984375,12,22238.087890625
15,2025-12-20,1557.8822021484375,12,22238.087890625
16,2025-12-20,1648.939697265625,12,22238.087890625
17,2025-12-20,1569.7552490234375,12,22238.087890625
18,2025-12-20,1455.779052734375,12,22238.087890625
19,2025-12-20,1271.464599609375,12,22238.087890625
20,2025-12-20,940.8671875,12,22238.087890625
21,2025-12-20,654.98931884765625,12,22238.087890625
22,2025-12-20,380.78610229492188,12,22238.087890625
23,2025-12-20,266.19033813476562,12,22238.087890625
0,2025-12-21,77.062835693359375,12,18878.19140625
1,2025-12-21,5.1320614814758301,12,18878.19140625
2,2025-12-21,0.00067495554685592651,12,18878.19140625
3,2025-12-21,0.0010030902922153473,12,18878.19140625
4,2025-12-21,1.5806488990783691,12,18878.19140625
5,2025-12-21,129.24824523925781,12,18878.19140625
6,2025-12-21,526.60369873046875,12,18878.19140625
7,2025-12-21,701.5526123046875,12,18878.19140625
8,2025-12-21,770.371826171875,12,18878.19140625
9,2025-12-21,995.96533203125,12,18878.19140625
10,2025-12-21,1159.68310546875,12,18878.19140625
11,2025-12-21,1257.0877685546875,12,18878.19140625
12,2025-12-21,1331.2645263671875,12,18878.19140625
13,2025-12-21,1562.63427734375,12,18878.19140625
14,2025-12-21,1429.901123046875,12,18878.19140625
15,2025-12-21,1436.8765869140625,12,18878.19140625
16,2025-12-21,1534.0679931640625,12,18878.19140625
17,2025-12-21,1529.7073974609375,12,18878.19140625
18,2025-12-21,1335.489013671875,12,18878.19140625
19,2025-12-21,992.5704345703125,12,18878.19140625
20,2025-12-21,778.59417724609375,12,18878.19140625
21,2025-12-21,566.5836181640625,12,18878.19140625
22,2025-12-21,361.751953125,12,18878.19140625
23,2025-12-21,219.40660095214844,12,18878.19140625
0,2025-12-22,57.097450256347656,12,36415.22265625
1,2025-12-22,2.1105880737304688,12,36415.22265625
2,2025-12-22,0.00078504718840122223,12,36415.22265625
3,2025-12-22,0.0012645963579416275,12,36415.22265625
4,2025-12-22,5.4360814094543457,12,36415.22265625
5,2025-12-22,305.39739990234375,12,36415.22265625
6,2025-12-22,1353.90234375,12,36415.22265625
7,2025-12-22,2542.3359375,12,36415.22265625
8,2025-12-22,3344.77197265625,12,36415.22265625
9,2025-12-22,2442.093994140625,12,36415.22265625
10,2025-12-22,2026.72265625,12,36415.22265625
11,2025-12-22,1961.0908203125,12,36415.22265625
12,2025-12-22,2039.99365234375,12,36415.22265625
13,2025-12-22,2081.072509765625,12,36415.22265625
14,2025-12-22,1934.618896484375,12,36415.22265625
15,2025-12-22,2305.3193359375,12,36415.22265625
16,2025-12-22,2768.61669921875,12,36415.22265625
17,2025-12-22,3001.54345703125,12,36415.22265625
18,2025-12-22,3110.3349609375,12,36415.22265625
19,2025-12-22,2300.8974609375,12,36415.22265625
20,2025-12-22,1475.7677001953125,12,36415.22265625
21,2025-12-22,894.975830078125,12,36415.22265625
22,2025-12-22,410.57928466796875,12,36415.22265625
23,2025-12-22,228.51727294921875,12,36415.22265625
0,2025-12-23,43.763309478759766,12,36794.515625
1,2025-12-23,0.71268391609191895,12,36794.515625
2,2025-12-23,0.0009982772171497345,12,36794.515625
3,2025-12-23,0.0010492987930774689,12,36794.515625
4,2025-12-23,5.8307342529296875,12,36794.515625
5,2025-12-23,311.32171630859375,12,36794.515625
6,2025-12-23,1377.80859375,12,36794.515625
7,2025-12-23,2575.00390625,12,36794.515625
8,2025-12-23,3416.68017578125,12,36794.515625
9,2025-12-23,2464.08642578125,12,36794.515625
10,2025-12-23,2055.109619140625,12,36794.515625
11,2025-12-23,1976.5201416015625,12,36794.515625
12,2025-12-23,2029.501953125,12,36794.515625
13,2025-12-23,2101.82470703125,12,36794.515625
14,2025-12-23,1962.3009033203125,12,36794.515625
15,2025-12-23,2309.458740234375,12,36794.515625
16,2025-12-23,2786.826171875,12,36794.515625
17,2025-12-23,3021.95703125,12,36794.515625
18,2025-12-23,3114.517822265625,12,36794.515625
19,2025-12-23,2322.55029296875,12,36794.515625
20,2025-12-23,1468.8372802734375,12,36794.515625
21,2025-12-23,901.1075439453125,12,36794.515625
22,2025-12-23,420.76513671875,12,36794.515625
23,2025-12-23,240.03030395507812,12,36794.515625
0,2025-12-24,49.297016143798828,12,37003.0859375
1,2025-12-24,0.78955292701721191,12,37003.0859375
2,2025-12-24,0.001125609502196312,12,37003.0859375
3,2025-12-24,0.0016702171415090561,12,37003.0859375
4,2025-12-24,5.7608709335327148,12,37003.0859375
5,2025-12-24,305.10687255859375,12,37003.0859375
6,2025-12-24,1360.2381591796875,12,37003.0859375
7,2025-12-24,2539.115966796875,12,37003.0859375
8,2025-12-24,3335.92822265625,12,37003.0859375
9,2025-12-24,2448.843017578125,12,37003.0859375
10,2025-12-24,2037.789794921875,12,37003.0859375
11,2025-12-24,1955.237548828125,12,37003.0859375
12,2025-12-24,2003.878662109375,12,37003.0859375
13,2025-12-24,2071.69580078125,12,37003.0859375
14,2025-12-24,1938.74462890625,12,37003.0859375
15,2025-12-24,2284.92626953125,12,37003.0859375
16,2025-12-24,2769.84423828125,12,37003.0859375
17,2025-12-24,3001.8671875,12,37003.0859375
18,2025-12-24,3043.33837890625,12,37003.0859375
19,2025-12-24,2265.196533203125,12,37003.0859375
20,2025-12-24,1452.576904296875,12,37003.0859375
21,2025-12-24,907.2259521484375,12,37003.0859375
22,2025-12-24,427.54339599609375,12,37003.0859375
23,2025-12-24,248.10435485839844,12,37003.0859375
0,2025-12-25,46.908966064453125,12,36623.30078125
1,2025-12-25,0.86849880218505859,12,36623.30078125
2,2025-12-25,0.00041767209768295288,12,36623.30078125
3,2025-12-25,0.00073852576315402985,12,36623.30078125
4,2025-12-25,5.4289088249206543,12,36623.30078125
5,2025-12-25,299.49697875976562,12,36623.30078125
6,2025-12-25,1341.333984375,12,36623.30078125
7,2025-12-25,2532.26953125,12,36623.30078125
8,2025-12-25,3313.87255859375,12,36623.30078125
9,2025-12-25,2406.57373046875,12,36623.30078125
10,2025-12-25,2010.74365234375,12,36623.30078125
11,2025-12-25,1939.8126220703125,12,36623.30078125
12,2025-12-25,1984.2073974609375,12,36623.30078125
13,2025-12-25,2051.908447265625,12,36623.30078125
14,2025-12-25,1901.5369873046875,12,36623.30078125
15,2025-12-25,2263.08544921875,12,36623.30078125
16,2025-12-25,2744.011962890625,12,36623.30078125
17,2025-12-25,2975.66796875,12,36623.30078125
18,2025-12-25,3025.23193359375,12,36623.30078125
19,2025-12-25,2260.522705078125,12,36623.30078125
20,2025-12-25,1468.82177734375,12,36623.30078125
21,2025-12-25,895.46429443359375,12,36623.30078125
22,2025-12-25,435.07272338867188,12,36623.30078125
23,2025-12-25,260.1153564453125,12,36623.30078125
0,2025-12-26,51.188568115234375,12,35914.49609375
1,2025-12-26,1.1177518367767334,12,35914.49609375
2,2025-12-26,0.00066997110843658447,12,35914.49609375
3,2025-12-26,0.0010011028498411179,12,35914.49609375
4,2025-12-26,4.7363882064819336,12,35914.49609375
5,2025-12-26,296.68682861328125,12,35914.49609375
6,2025-12-26,1316.9185791015625,12,35914.49609375
7,2025-12-26,2428.641845703125,12,35914.49609375
8,2025-12-26,3142.951904296875,12,35914.49609375
9,2025-12-26,2321.1982421875,12,35914.49609375
10,2025-12-26,1930.4324951171875,12,35914.49609375
11,2025-12-26,1887.514892578125,12,35914.49609375
12,2025-12-26,1899.494384765625,12,35914.49609375
13,2025-12-26,2007.47607421875,12,35914.49609375
14,2025-12-26,1903.1376953125,12,35914.49609375
15,2025-12-26,2294.625732421875,12,35914.49609375
16,2025-12-26,2788.60009765625,12,35914.49609375
17,2025-12-26,2873.3759765625,12,35914.49609375
18,2025-12-26,2472.634765625,12,35914.49609375
19,2025-12-26,2018.61962890625,12,35914.49609375
20,2025-12-26,1351.4033203125,12,35914.49609375
21,2025-12-26,908.60498046875,12,35914.49609375
22,2025-12-26,438.98263549804688,12,35914.49609375
23,2025-12-26,285.10891723632812,12,35914.49609375
0,2025-12-27,68.412322998046875,12,20081.56640625
1,2025-12-27,2.0841474533081055,12,20081.56640625
2,2025-12-27,0.00073769316077232361,12,20081.56640625
3,2025-12-27,0.0010206755250692368,12,20081.56640625
4,2025-12-27,2.1838393211364746,12,20081.56640625
5,2025-12-27,217.79757690429688,12,20081.56640625
6,2025-12-27,837.2774658203125,12,20081.56640625
7,2025-12-27,948.5010986328125,12,20081.56640625
8,2025-12-27,1026.243896484375,12,20081.56640625
9,2025-12-27,1296.8206787109375,12,20081.56640625
10,2025-12-27,1479.777587890625,12,20081.56640625
11,2025-12-27,1483.91162109375,12,20081.56640625
12,2025-12-27,1490.6448974609375,12,20081.56640625
13,2025-12-27,1753.9056396484375,12,20081.56640625
14,2025-12-27,1569.000732421875,12,20081.56640625
15,2025-12-27,1597.50927734375,12,20081.56640625
16,2025-12-27,1692.2294921875,12,20081.56640625
17,2025-12-27,1624.13623046875,12,20081.56640625
18,2025-12-27,1518.1474609375,12,20081.56640625
19,2025-12-27,1332.408203125,12,20081.56640625
20,2025-12-27,958.41033935546875,12,20081.56640625
21,2025-12-27,648.69232177734375,12,20081.56640625
22,2025-12-27,383.77789306640625,12,20081.56640625
23,2025-12-27,264.02633666992188,12,20081.56640625
0,2025-12-28,76.94097900390625,12,18053.7734375
1,2025-12-28,4.7067451477050781,12,18053.7734375
2,2025-12-28,0.0007181260734796524,12,18053.7734375
3,2025-12-28,0.0010624043643474579,12,18053.7734375
4,2025-12-28,1.7533087730407715,12,18053.7734375
5,2025-12-28,135.86331176757812,12,18053.7734375
6,2025-12-28,551.96875,12,18053.7734375
7,2025-12-28,688.9901123046875,12,18053.7734375
8,2025-12-28,784.7645263671875,12,18053.7734375
9,2025-12-28,1006.2095336914062,12,18053.7734375
10,2025-12-28,1219.154052734375,12,18053.7734375
11,2025-12-28,1293.4422607421875,12,18053.7734375
12,2025-12-28,1358.1959228515625,12,18053.7734375
13,2025-12-28,1588.336181640625,12,18053.7734375
14,2025-12-28,1469.62451171875,12,18053.7734375
15,2025-12-28,1467.9345703125,12,18053.7734375
16,2025-12-28,1577.247802734375,12,18053.7734375
17,2025-12-28,1603.306640625,12,18053.7734375
18,2025-12-28,1393.95703125,12,18053.7734375
19,2025-12-28,979.651123046875,12,18053.7734375
20,2025-12-28,759.11328125,12,18053.7734375
21,2025-12-28,551.7322998046875,12,18053.7734375
22,2025-12-28,364.991455078125,12,18053.7734375
23,2025-12-28,220.16128540039062,12,18053.7734375
0,2025-12-29,56.428646087646484,12,36563.14453125
1,2025-12-29,1.9759910106658936,12,36563.14453125
2,2025-12-29,0.00085892528295516968,12,36563.14453125
3,2025-12-29,0.0014399290084838867,12,36563.14453125
4,2025-12-29,5.0514016151428223,12,36563.14453125
5,2025-12-29,301.72091674804688,12,36563.14453125
6,2025-12-29,1365.83740234375,12,36563.14453125
7,2025-12-29,2539.326171875,12,36563.14453125
8,2025-12-29,3366.254638671875,12,36563.14453125
9,2025-12-29,2448.75048828125,12,36563.14453125
10,2025-12-29,2024.3839111328125,12,36563.14453125
11,2025-12-29,1931.536865234375,12,36563.14453125
12,2025-12-29,2014.9671630859375,12,36563.14453125
13,2025-12-29,2045.7353515625,12,36563.14453125
14,2025-12-29,1915.0716552734375,12,36563.14453125
15,2025-12-29,2299.5263671875,12,36563.14453125
16,2025-12-29,2732.512939453125,12,36563.14453125
17,2025-12-29,2993.632080078125,12,36563.14453125
18,2025-12-29,3026.6611328125,12,36563.14453125
19,2025-12-29,2266.222412109375,12,36563.14453125
20,2025-12-29,1437.0631103515625,12,36563.14453125
21,2025-12-29,861.43951416015625,12,36563.14453125
22,2025-12-29,406.62442016601562,12,36563.14453125
23,2025-12-29,227.27517700195312,12,36563.14453125
0,2025-12-30,42.043106079101562,12,37115.125
1,2025-12-30,0.69309616088867188,12,37115.125
2,2025-12-30,0.00075316242873668671,12,37115.125
3,2025-12-30,0.0010376721620559692,12,37115.125
4,2025-12-30,5.298832893371582,12,37115.125
5,2025-12-30,307.82443237304688,12,37115.125
6,2025-12-30,1391.5206298828125,12,37115.125
7,2025-12-30,2597.549560546875,12,37115.125
8,2025-12-30,3434.494384765625,12,37115.125
9,2025-12-30,2486.845458984375,12,37115.125
10,2025-12-30,2057.146484375,12,37115.125
11,2025-12-30,1957.1005859375,12,37115.125
12,2025-12-30,2005.497314453125,12,37115.125
13,2025-12-30,2066.417724609375,12,37115.125
14,2025-12-30,1961.603515625,12,37115.125
15,2025-12-30,2304.34375,12,37115.125
16,2025-12-30,2774.211669921875,12,37115.125
17,2025-12-30,3038.96923828125,12,37115.125
18,2025-12-30,3067.49951171875,12,37115.125
19,2025-12-30,2298.671875,12,37115.125
20,2025-12-30,1423.3389892578125,12,37115.125
21,2025-12-30,879.8807373046875,12,37115.125
22,2025-12-30,423.20458984375,12,37115.125
23,2025-12-30,233.54570007324219,12,37115.125
0,2025-12-31,50.311195373535156,12,16921.916015625
1,2025-12-31,1.0397822856903076,12,16921.916015625
2,2025-12-31,0.00086555071175098419,12,16921.916015625
3,2025-12-31,0.0012647341936826706,12,16921.916015625
4,2025-12-31,3.2408280372619629,12,16921.916015625
5,2025-12-31,227.91094970703125,12,16921.916015625
6,2025-12-31,841.1484375,12,16921.916015625
7,2025-12-31,827.6837158203125,12,16921.916015625
8,2025-12-31,1007.910888671875,12,16921.916015625
9,2025-12-31,936.6961669921875,12,16921.916015625
10,2025-12-31,1125.4765625,12,16921.916015625
11,2025-12-31,1061.28564453125,12,16921.916015625
12,2025-12-31,1074.92138671875,12,16921.916015625
13,2025-12-31,1341.34912109375,12,16921.916015625
14,2025-12-31,1169.96826171875,12,16921.916015625
15,2025-12-31,1174.13671875,12,16921.916015625
16,2025-12-31,1343.00634765625,12,16921.916015625
17,2025-12-31,1220.217529296875,12,16921.916015625
18,2025-12-31,1069.8453369140625,12,16921.916015625
19,2025-12-31,1040.09326171875,12,16921.916015625
20,2025-12-31,669.45330810546875,12,16921.916015625
21,2025-12-31,629.52545166015625,12,16921.916015625
22,2025-12-31,334.9788818359375,12,16921.916015625
23,2025-12-31,231.39369201660156,12,16921.916015625
0,2025-11-01,195.70294189453125,17,48635.80078125
1,2025-11-01,24.361328125,17,48635.80078125
2,2025-11-01,0.0089791715145111084,17,48635.80078125
3,2025-11-01,0.0072205662727355957,17,48635.80078125
4,2025-11-01,2.4632740020751953,17,48635.80078125
5,2025-11-01,95.97552490234375,17,48635.80078125
6,2025-11-01,392.89422607421875,17,48635.80078125
7,2025-11-01,809.4447021484375,17,48635.80078125
8,2025-11-01,1158.98583984375,17,48635.80078125
9,2025-11-01,1707.9041748046875,17,48635.80078125
10,2025-11-01,1962.42529296875,17,48635.80078125
11,2025-11-01,2593.364013671875,17,48635.80078125
12,2025-11-01,2888.373046875,17,48635.80078125
13,2025-11-01,3305.292236328125,17,48635.80078125
14,2025-11-01,3282.483642578125,17,48635.80078125
15,2025-11-01,3258.030029296875,17,48635.80078125
16,2025-11-01,3295.724853515625,17,48635.80078125
17,2025-11-01,2805.8203125,17,48635.80078125
18,2025-11-01,2113.3095703125,17,48635.80078125
19,2025-11-01,1884.46826171875,17,48635.80078125
20,2025-11-01,1671.091552734375,17,48635.80078125
21,2025-11-01,1278.274658203125,17,48635.80078125
22,2025-11-01,698.9420166015625,17,48635.80078125
23,2025-11-01,434.74844360351562,17,48635.80078125
0,2025-11-02,189.58790588378906,17,32384.638671875
1,2025-11-02,27.21343994140625,17,32384.638671875
2,2025-11-02,0.010735273361206055,17,32384.638671875
3,2025-11-02,0.0062994509935379028,17,32384.638671875
4,2025-11-02,0.63356208801269531,17,32384.638671875
5,2025-11-02,68.793853759765625,17,32384.638671875
6,2025-11-02,251.53985595703125,17,32384.638671875
7,2025-11-02,486.28662109375,17,32384.638671875
8,2025-11-02,725.703125,17,32384.638671875
9,2025-11-02,1235.44775390625,17,32384.638671875
10,2025-11-02,1407.2352294921875,17,32384.638671875
11,2025-11-02,2052.043212890625,17,32384.638671875
12,2025-11-02,2610.235107421875,17,32384.638671875
13,2025-11-02,3062.39794921875,17,32384.638671875
14,2025-11-02,3150.83154296875,17,32384.638671875
15,2025-11-02,3068.42822265625,17,32384.638671875
16,2025-11-02,2983.43359375,17,32384.638671875
17,2025-11-02,2403.976806640625,17,32384.638671875
18,2025-11-02,1712.833984375,17,32384.638671875
19,2025-11-02,1526.96923828125,17,32384.638671875
20,2025-11-02,1402.91796875,17,32384.638671875
21,2025-11-02,1104.539306640625,17,32384.638671875
22,2025-11-02,577.9925537109375,17,32384.638671875
23,2025-11-02,330.77554321289062,17,32384.638671875
0,2025-11-03,119.12594604492188,17,37081.30859375
1,2025-11-03,16.761482238769531,17,37081.30859375
2,2025-11-03,0.010402023792266846,17,37081.30859375
3,2025-11-03,0.0087657719850540161,17,37081.30859375
4,2025-11-03,4.9044618606567383,17,37081.30859375
5,2025-11-03,87.232513427734375,17,37081.30859375
6,2025-11-03,448.08343505859375,17,37081.30859375
7,2025-11-03,1016.144775390625,17,37081.30859375
8,2025-11-03,1029.55908203125,17,37081.30859375
9,2025-11-03,1302.402587890625,17,37081.30859375
10,2025-11-03,1344.1123046875,17,37081.30859375
11,2025-11-03,1700.777099609375,17,37081.30859375
12,2025-11-03,2298.958740234375,17,37081.30859375
13,2025-11-03,2802.57666015625,17,37081.30859375
14,2025-11-03,2905.2744140625,17,37081.30859375
15,2025-11-03,2927.086181640625,17,37081.30859375
16,2025-11-03,3055.568603515625,17,37081.30859375
17,2025-11-03,2622.36865234375,17,37081.30859375
18,2025-11-03,2066.140625,17,37081.30859375
19,2025-11-03,1856.1466064453125,17,37081.30859375
20,2025-11-03,1718.049072265625,17,37081.30859375
21,2025-11-03,1254.8111572265625,17,37081.30859375
22,2025-11-03,585.42529296875,17,37081.30859375
23,2025-11-03,326.57763671875,17,37081.30859375
0,2025-11-04,118.94747924804688,17,36203.0859375
1,2025-11-04,14.56146240234375,17,36203.0859375
2,2025-11-04,0.013237178325653076,17,36203.0859375
3,2025-11-04,0.0090774446725845337,17,36203.0859375
4,2025-11-04,4.8351554870605469,17,36203.0859375
5,2025-11-04,88.402938842773438,17,36203.0859375
6,2025-11-04,463.559814453125,17,36203.0859375
7,2025-11-04,1112.130126953125,17,36203.0859375
8,2025-11-04,1100.7216796875,17,36203.0859375
9,2025-11-04,1402.2926025390625,17,36203.0859375
10,2025-11-04,1411.551513671875,17,36203.0859375
11,2025-11-04,1694.9984130859375,17,36203.0859375
12,2025-11-04,2438.6455078125,17,36203.0859375
13,2025-11-04,2916.5478515625,17,36203.0859375
14,2025-11-04,3071.53271484375,17,36203.0859375
15,2025-11-04,2999.02294921875,17,36203.0859375
16,2025-11-04,3030.230224609375,17,36203.0859375
17,2025-11-04,2636.898193359375,17,36203.0859375
18,2025-11-04,2091.4453125,17,36203.0859375
19,2025-11-04,1983.1448974609375,17,36203.0859375
20,2025-11-04,1834.3338623046875,17,36203.0859375
21,2025-11-04,1319.4677734375,17,36203.0859375
22,2025-11-04,628.76812744140625,17,36203.0859375
23,2025-11-04,345.720703125,17,36203.0859375
0,2025-11-05,120.83003997802734,17,53784.30078125
1,2025-11-05,11.894186019897461,17,53784.30078125
2,2025-11-05,0.011252135038375854,17,53784.30078125
3,2025-11-05,0.0073865056037902832,17,53784.30078125
4,2025-11-05,25.473846435546875,17,53784.30078125
5,2025-11-05,303.30361938476562,17,53784.30078125
6,2025-11-05,1488.694580078125,17,53784.30078125
7,2025-11-05,3862.8935546875,17,53784.30078125
8,2025-11-05,5083.53466796875,17,53784.30078125
9,2025-11-05,3733.68603515625,17,53784.30078125
10,2025-11-05,3001.2763671875,17,53784.30078125
11,2025-11-05,3014.4443359375,17,53784.30078125
12,2025-11-05,3048.4599609375,17,53784.30078125
13,2025-11-05,3140.11181640625,17,53784.30078125
14,2025-11-05,3213.122314453125,17,53784.30078125
15,2025-11-05,3217.865966796875,17,53784.30078125
16,2025-11-05,3611.12548828125,17,53784.30078125
17,2025-11-05,4325.48095703125,17,53784.30078125
18,2025-11-05,4429.53759765625,17,53784.30078125
19,2025-11-05,3199.15771484375,17,53784.30078125
20,2025-11-05,2265.908203125,17,53784.30078125
21,2025-11-05,1432.03515625,17,53784.30078125
22,2025-11-05,663.6483154296875,17,53784.30078125
23,2025-11-05,370.60720825195312,17,53784.30078125
0,2025-11-06,130.22645568847656,17,54288.0234375
1,2025-11-06,11.200918197631836,17,54288.0234375
2,2025-11-06,0.0091514885425567627,17,54288.0234375
3,2025-11-06,0.0062550008296966553,17,54288.0234375
4,2025-11-06,24.649642944335938,17,54288.0234375
5,2025-11-06,303.40655517578125,17,54288.0234375
6,2025-11-06,1481.947998046875,17,54288.0234375
7,2025-11-06,3859.9091796875,17,54288.0234375
8,2025-11-06,5083.6416015625,17,54288.0234375
9,2025-11-06,3747.165283203125,17,54288.0234375
10,2025-11-06,2989.574462890625,17,54288.0234375
11,2025-11-06,3029.822021484375,17,54288.0234375
12,2025-11-06,3065.2763671875,17,54288.0234375
13,2025-11-06,3135.39990234375,17,54288.0234375
14,2025-11-06,3206.122314453125,17,54288.0234375
15,2025-11-06,3284.935546875,17,54288.0234375
16,2025-11-06,3724.9287109375,17,54288.0234375
17,2025-11-06,4385.02197265625,17,54288.0234375
18,2025-11-06,4471.5009765625,17,54288.0234375
19,2025-11-06,3227.424072265625,17,54288.0234375
20,2025-11-06,2301.6767578125,17,54288.0234375
21,2025-11-06,1474.9029541015625,17,54288.0234375
22,2025-11-06,711.80816650390625,17,54288.0234375
23,2025-11-06,393.25921630859375,17,54288.0234375
0,2025-11-07,143.64552307128906,17,54301.0078125
1,2025-11-07,15.097051620483398,17,54301.0078125
2,2025-11-07,0.0053855776786804199,17,54301.0078125
3,2025-11-07,0.0030479878187179565,17,54301.0078125
4,2025-11-07,23.872276306152344,17,54301.0078125
5,2025-11-07,298.18328857421875,17,54301.0078125
6,2025-11-07,1476.146484375,17,54301.0078125
7,2025-11-07,3835.726806640625,17,54301.0078125
8,2025-11-07,5049.0244140625,17,54301.0078125
9,2025-11-07,3719.054443359375,17,54301.0078125
10,2025-11-07,2983.387939453125,17,54301.0078125
11,2025-11-07,3053.8359375,17,54301.0078125
12,2025-11-07,3084.71533203125,17,54301.0078125
13,2025-11-07,3191.4423828125,17,54301.0078125
14,2025-11-07,3247.39404296875,17,54301.0078125
15,2025-11-07,3455.3837890625,17,54301.0078125
16,2025-11-07,4002.449951171875,17,54301.0078125
17,2025-11-07,4402.05712890625,17,54301.0078125
18,2025-11-07,4106.35986328125,17,54301.0078125
19,2025-11-07,3038.6923828125,17,54301.0078125
20,2025-11-07,2265.9140625,17,54301.0078125
21,2025-11-07,1492.6807861328125,17,54301.0078125
22,2025-11-07,749.64398193359375,17,54301.0078125
23,2025-11-07,442.5743408203125,17,54301.0078125
0,2025-11-08,184.34712219238281,17,39092.72265625
1,2025-11-08,22.384494781494141,17,39092.72265625
2,2025-11-08,0.0051529407501220703,17,39092.72265625
3,2025-11-08,0.0046369582414627075,17,39092.72265625
4,2025-11-08,5.7330837249755859,17,39092.72265625
5,2025-11-08,136.87002563476562,17,39092.72265625
6,2025-11-08,618.6258544921875,17,39092.72265625
7,2025-11-08,1242.552734375,17,39092.72265625
8,2025-11-08,1797.879638671875,17,39092.72265625
9,2025-11-08,2293.4560546875,17,39092.72265625
10,2025-11-08,2485.264404296875,17,39092.72265625
11,2025-11-08,2944.45947265625,17,39092.72265625
12,2025-11-08,3083.951171875,17,39092.72265625
13,2025-11-08,3382.64208984375,17,39092.72265625
14,2025-11-08,3391.243896484375,17,39092.72265625
15,2025-11-08,3363.830322265625,17,39092.72265625
16,2025-11-08,3452.890380859375,17,39092.72265625
17,2025-11-08,3255.663818359375,17,39092.72265625
18,2025-11-08,2695.933349609375,17,39092.72265625
19,2025-11-08,2218.3818359375,17,39092.72265625
20,2025-11-08,1801.0621337890625,17,39092.72265625
21,2025-11-08,1299.8365478515625,17,39092.72265625
22,2025-11-08,728.17333984375,17,39092.72265625
23,2025-11-08,425.07955932617188,17,39092.72265625
0,2025-11-09,176.5460205078125,17,33853.28515625
1,2025-11-09,24.427093505859375,17,33853.28515625
2,2025-11-09,0.0084387063980102539,17,33853.28515625
3,2025-11-09,0.0058874338865280151,17,33853.28515625
4,2025-11-09,3.5819969177246094,17,33853.28515625
5,2025-11-09,98.868850708007812,17,33853.28515625
6,2025-11-09,407.0439453125,17,33853.28515625
7,2025-11-09,789.744384765625,17,33853.28515625
8,2025-11-09,1189.18896484375,17,33853.28515625
9,2025-11-09,1714.4202880859375,17,33853.28515625
10,2025-11-09,1986.5487060546875,17,33853.28515625
11,2025-11-09,2515.23876953125,17,33853.28515625
12,2025-11-09,2856.1083984375,17,33853.28515625
13,2025-11-09,3165.393798828125,17,33853.28515625
14,2025-11-09,3195.49462890625,17,33853.28515625
15,2025-11-09,3160.3369140625,17,33853.28515625
16,2025-11-09,3107.788330078125,17,33853.28515625
17,2025-11-09,2826.9765625,17,33853.28515625
18,2025-11-09,2266.690185546875,17,33853.28515625
19,2025-11-09,1850.474609375,17,33853.28515625
20,2025-11-09,1543.3714599609375,17,33853.28515625
21,2025-11-09,1127.957763671875,17,33853.28515625
22,2025-11-09,596.627197265625,17,33853.28515625
23,2025-11-09,331.28555297851562,17,33853.28515625
0,2025-11-10,113.77115631103516,17,53548.37109375
1,2025-11-10,13.033764839172363,17,53548.37109375
2,2025-11-10,0.0098126828670501709,17,53548.37109375
3,2025-11-10,0.0060541480779647827,17,53548.37109375
4,2025-11-10,24.255229949951172,17,53548.37109375
5,2025-11-10,299.31930541992188,17,53548.37109375
6,2025-11-10,1479.406982421875,17,53548.37109375
7,2025-11-10,3841.350830078125,17,53548.37109375
8,2025-11-10,5103.140625,17,53548.37109375
9,2025-11-10,3761.396240234375,17,53548.37109375
10,2025-11-10,2981.883056640625,17,53548.37109375
11,2025-11-10,2979.30859375,17,53548.37109375
12,2025-11-10,2969.111572265625,17,53548.37109375
13,2025-11-10,3015.230712890625,17,53548.37109375
14,2025-11-10,3071.94091796875,17,53548.37109375
15,2025-11-10,3170.324951171875,17,53548.37109375
16,2025-11-10,3567.653076171875,17,53548.37109375
17,2025-11-10,4369.23193359375,17,53548.37109375
18,2025-11-10,4514.45263671875,17,53548.37109375
19,2025-11-10,3172.824951171875,17,53548.37109375
20,2025-11-10,2209.603271484375,17,53548.37109375
21,2025-11-10,1342.5087890625,17,53548.37109375
22,2025-11-10,608.76983642578125,17,53548.37109375
23,2025-11-10,331.7919921875,17,53548.37109375
0,2025-11-11,117.82794189453125,17,54158.140625
1,2025-11-11,11.212739944458008,17,54158.140625
2,2025-11-11,0.0096323192119598389,17,54158.140625
3,2025-11-11,0.0066053271293640137,17,54158.140625
4,2025-11-11,24.762128829956055,17,54158.140625
5,2025-11-11,299.66268920898438,17,54158.140625
6,2025-11-11,1484.542724609375,17,54158.140625
7,2025-11-11,3863.6484375,17,54158.140625
8,2025-11-11,5111.92041015625,17,54158.140625
9,2025-11-11,3767.076416015625,17,54158.140625
10,2025-11-11,3001.24560546875,17,54158.140625
11,2025-11-11,2994.869140625,17,54158.140625
12,2025-11-11,3025.248046875,17,54158.140625
13,2025-11-11,3087.872314453125,17,54158.140625
14,2025-11-11,3211.78955078125,17,54158.140625
15,2025-11-11,3216.792724609375,17,54158.140625
16,2025-11-11,3585.70361328125,17,54158.140625
17,2025-11-11,4413.98486328125,17,54158.140625
18,2025-11-11,4535.02001953125,17,54158.140625
19,2025-11-11,3219.767578125,17,54158.140625
20,2025-11-11,2271.9345703125,17,54158.140625
21,2025-11-11,1396.1351318359375,17,54158.140625
22,2025-11-11,643.014892578125,17,54158.140625
23,2025-11-11,348.41195678710938,17,54158.140625
0,2025-11-12,122.45719909667969,17,54145.66015625
1,2025-11-12,11.206375122070312,17,54145.66015625
2,2025-11-12,0.010360032320022583,17,54145.66015625
3,2025-11-12,0.00649261474609375,17,54145.66015625
4,2025-11-12,25.020484924316406,17,54145.66015625
5,2025-11-12,298.67999267578125,17,54145.66015625
6,2025-11-12,1486.85595703125,17,54145.66015625
7,2025-11-12,3853.314697265625,17,54145.66015625
8,2025-11-12,5110.072265625,17,54145.66015625
9,2025-11-12,3769.7177734375,17,54145.66015625
10,2025-11-12,3004.618408203125,17,54145.66015625
11,2025-11-12,3013.9560546875,17,54145.66015625
12,2025-11-12,3042.306640625,17,54145.66015625
13,2025-11-12,3115.528076171875,17,54145.66015625
14,2025-11-12,3208.51513671875,17,54145.66015625
15,2025-11-12,3224.8740234375,17,54145.66015625
16,2025-11-12,3593.444091796875,17,54145.66015625
17,2025-11-12,4363.2392578125,17,54145.66015625
18,2025-11-12,4459.62939453125,17,54145.66015625
19,2025-11-12,3188.328125,17,54145.66015625
20,2025-11-12,2262.97607421875,17,54145.66015625
21,2025-11-12,1431.8328857421875,17,54145.66015625
22,2025-11-12,668.32440185546875,17,54145.66015625
23,2025-11-12,369.95059204101562,17,54145.66015625
0,2025-11-13,131.60368347167969,17,54622.4375
1,2025-11-13,11.560636520385742,17,54622.4375
2,2025-11-13,0.0033515989780426025,17,54622.4375
3,2025-11-13,0.0034249871969223022,17,54622.4375
4,2025-11-13,24.26177978515625,17,54622.4375
5,2025-11-13,299.36148071289062,17,54622.4375
6,2025-11-13,1473.891357421875,17,54622.4375
7,2025-11-13,3838.67822265625,17,54622.4375
8,2025-11-13,5076.9912109375,17,54622.4375
9,2025-11-13,3743.006591796875,17,54622.4375
10,2025-11-13,3006.867919921875,17,54622.4375
11,2025-11-13,3036.42138671875,17,54622.4375
12,2025-11-13,3067.035400390625,17,54622.4375
13,2025-11-13,3141.86181640625,17,54622.4375
14,2025-11-13,3214.75048828125,17,54622.4375
15,2025-11-13,3283.905029296875,17,54622.4375
16,2025-11-13,3728.716064453125,17,54622.4375
17,2025-11-13,4401.4208984375,17,54622.4375
18,2025-11-13,4467.22021484375,17,54622.4375
19,2025-11-13,3218.962890625,17,54622.4375
20,2025-11-13,2308.064208984375,17,54622.4375
21,2025-11-13,1478.41796875,17,54622.4375
22,2025-11-13,722.41845703125,17,54622.4375
23,2025-11-13,393.54782104492188,17,54622.4375
0,2025-11-14,146.51808166503906,17,54938.88671875
1,2025-11-14,15.081889152526855,17,54938.88671875
2,2025-11-14,-2.905726432800293e-05,17,54938.88671875
3,2025-11-14,0.0020027011632919312,17,54938.88671875
4,2025-11-14,23.822296142578125,17,54938.88671875
5,2025-11-14,297.4378662109375,17,54938.88671875
6,2025-11-14,1472.132568359375,17,54938.88671875
7,2025-11-14,3827.75732421875,17,54938.88671875
8,2025-11-14,5047.45361328125,17,54938.88671875
9,2025-11-14,3735.0595703125,17,54938.88671875
10,2025-11-14,3008.230224609375,17,54938.88671875
11,2025-11-14,3074.854248046875,17,54938.88671875
12,2025-11-14,3098.61572265625,17,54938.88671875
13,2025-11-14,3226.20751953125,17,54938.88671875
14,2025-11-14,3269.868408203125,17,54938.88671875
15,2025-11-14,3492.56884765625,17,54938.88671875
16,2025-11-14,4080.13720703125,17,54938.88671875
17,2025-11-14,4457.3720703125,17,54938.88671875
18,2025-11-14,4174.7841796875,17,54938.88671875
19,2025-11-14,3068.2958984375,17,54938.88671875
20,2025-11-14,2279.67041015625,17,54938.88671875
21,2025-11-14,1513.5360107421875,17,54938.88671875
22,2025-11-14,764.29937744140625,17,54938.88671875
23,2025-11-14,455.55599975585938,17,54938.88671875
0,2025-11-15,192.46028137207031,17,39923.17578125
1,2025-11-15,22.187456130981445,17,39923.17578125
2,2025-11-15,0.005448758602142334,17,39923.17578125
3,2025-11-15,0.00509604811668396,17,39923.17578125
4,2025-11-15,5.5005044937133789,17,39923.17578125
5,2025-11-15,140.77458190917969,17,39923.17578125
6,2025-11-15,612.78533935546875,17,39923.17578125
7,2025-11-15,1223.423583984375,17,39923.17578125
8,2025-11-15,1821.7760009765625,17,39923.17578125
9,2025-11-15,2353.5087890625,17,39923.17578125
10,2025-11-15,2546.078369140625,17,39923.17578125
11,2025-11-15,2956.887939453125,17,39923.17578125
12,2025-11-15,3104.7578125,17,39923.17578125
13,2025-11-15,3428.34521484375,17,39923.17578125
14,2025-11-15,3427.953857421875,17,39923.17578125
15,2025-11-15,3389.016357421875,17,39923.17578125
16,2025-11-15,3487.56640625,17,39923.17578125
17,2025-11-15,3349.20751953125,17,39923.17578125
18,2025-11-15,2829.84716796875,17,39923.17578125
19,2025-11-15,2254.80712890625,17,39923.17578125
20,2025-11-15,1792.020751953125,17,39923.17578125
21,2025-11-15,1299.798095703125,17,39923.17578125
22,2025-11-15,733.68408203125,17,39923.17578125
23,2025-11-15,428.11868286132812,17,39923.17578125
0,2025-11-16,182.24806213378906,17,34748.75390625
1,2025-11-16,24.918430328369141,17,34748.75390625
2,2025-11-16,0.0022330880165100098,17,34748.75390625
3,2025-11-16,0.004359900951385498,17,34748.75390625
4,2025-11-16,3.3635692596435547,17,34748.75390625
5,2025-11-16,99.482177734375,17,34748.75390625
6,2025-11-16,414.11376953125,17,34748.75390625
7,2025-11-16,767.295654296875,17,34748.75390625
8,2025-11-16,1218.160400390625,17,34748.75390625
9,2025-11-16,1766.294677734375,17,34748.75390625
10,2025-11-16,2027.169921875,17,34748.75390625
11,2025-11-16,2535.3154296875,17,34748.75390625
12,2025-11-16,2855.926025390625,17,34748.75390625
13,2025-11-16,3152.43798828125,17,34748.75390625
14,2025-11-16,3211.606689453125,17,34748.75390625
15,2025-11-16,3121.8603515625,17,34748.75390625
16,2025-11-16,3124.284423828125,17,34748.75390625
17,2025-11-16,2888.72021484375,17,34748.75390625
18,2025-11-16,2334.2548828125,17,34748.75390625
19,2025-11-16,1875.5430908203125,17,34748.75390625
20,2025-11-16,1540.0135498046875,17,34748.75390625
21,2025-11-16,1112.3839111328125,17,34748.75390625
22,2025-11-16,587.98846435546875,17,34748.75390625
23,2025-11-16,320.1351318359375,17,34748.75390625
0,2025-11-17,110.06687164306641,17,54051.19140625
1,2025-11-17,11.904197692871094,17,54051.19140625
2,2025-11-17,0.0080481767654418945,17,54051.19140625
3,2025-11-17,0.0044195652008056641,17,54051.19140625
4,2025-11-17,25.293285369873047,17,54051.19140625
5,2025-11-17,305.76849365234375,17,54051.19140625
6,2025-11-17,1515.667236328125,17,54051.19140625
7,2025-11-17,3990.6904296875,17,54051.19140625
8,2025-11-17,5333.25146484375,17,54051.19140625
9,2025-11-17,3862.1630859375,17,54051.19140625
10,2025-11-17,3030.3505859375,17,54051.19140625
11,2025-11-17,2999.218994140625,17,54051.19140625
12,2025-11-17,2939.4013671875,17,54051.19140625
13,2025-11-17,2994.809814453125,17,54051.19140625
14,2025-11-17,3020.56201171875,17,54051.19140625
15,2025-11-17,3172.60009765625,17,54051.19140625
16,2025-11-17,3589.550537109375,17,54051.19140625
17,2025-11-17,4470.89892578125,17,54051.19140625
18,2025-11-17,4651.72412109375,17,54051.19140625
19,2025-11-17,3245.67529296875,17,54051.19140625
20,2025-11-17,2255.82177734375,17,54051.19140625
21,2025-11-17,1338.2767333984375,17,54051.19140625
22,2025-11-17,604.224853515625,17,54051.19140625
23,2025-11-17,318.10586547851562,17,54051.19140625
0,2025-11-18,110.95166015625,17,54819.7734375
1,2025-11-18,9.8564167022705078,17,54819.7734375
2,2025-11-18,0.0050441920757293701,17,54819.7734375
3,2025-11-18,0.0019313246011734009,17,54819.7734375
4,2025-11-18,25.51068115234375,17,54819.7734375
5,2025-11-18,307.48486328125,17,54819.7734375
6,2025-11-18,1514.5579833984375,17,54819.7734375
7,2025-11-18,3998.061279296875,17,54819.7734375
8,2025-11-18,5317.025390625,17,54819.7734375
9,2025-11-18,3866.510009765625,17,54819.7734375
10,2025-11-18,3059.80908203125,17,54819.7734375
11,2025-11-18,3030.57568359375,17,54819.7734375
12,2025-11-18,3040.4775390625,17,54819.7734375
13,2025-11-18,3055.981201171875,17,54819.7734375
14,2025-11-18,3171.450439453125,17,54819.7734375
15,2025-11-18,3199.932373046875,17,54819.7734375
16,2025-11-18,3598.28173828125,17,54819.7734375
17,2025-11-18,4523.06591796875,17,54819.7734375
18,2025-11-18,4677.4765625,17,54819.7734375
19,2025-11-18,3295.188720703125,17,54819.7734375
20,2025-11-18,2302.9814453125,17,54819.7734375
21,2025-11-18,1397.515625,17,54819.7734375
22,2025-11-18,641.89141845703125,17,54819.7734375
23,2025-11-18,340.38589477539062,17,54819.7734375
0,2025-11-19,116.635009765625,17,54952.48046875
1,2025-11-19,10.594028472900391,17,54952.48046875
2,2025-11-19,0.0043327212333679199,17,54952.48046875
3,2025-11-19,0.0038452744483947754,17,54952.48046875
4,2025-11-19,25.476055145263672,17,54952.48046875
5,2025-11-19,308.20526123046875,17,54952.48046875
6,2025-11-19,1505.8408203125,17,54952.48046875
7,2025-11-19,3962.593017578125,17,54952.48046875
8,2025-11-19,5276.2890625,17,54952.48046875
9,2025-11-19,3845.94873046875,17,54952.48046875
10,2025-11-19,3074.105224609375,17,54952.48046875
11,2025-11-19,3060.4169921875,17,54952.48046875
12,2025-11-19,3076.334716796875,17,54952.48046875
13,2025-11-19,3131.6025390625,17,54952.48046875
14,2025-11-19,3208.6318359375,17,54952.48046875
15,2025-11-19,3239.4541015625,17,54952.48046875
16,2025-11-19,3651.05126953125,17,54952.48046875
17,2025-11-19,4477.271484375,17,54952.48046875
18,2025-11-19,4628.2099609375,17,54952.48046875
19,2025-11-19,3246.15625,17,54952.48046875
20,2025-11-19,2291.215087890625,17,54952.48046875
21,2025-11-19,1439.9013671875,17,54952.48046875
22,2025-11-19,668.95941162109375,17,54952.48046875
23,2025-11-19,371.16415405273438,17,54952.48046875
0,2025-11-20,129.2105712890625,17,55281.9140625
1,2025-11-20,10.474112510681152,17,55281.9140625
2,2025-11-20,0.0045353472232818604,17,55281.9140625
3,2025-11-20,0.0045369714498519897,17,55281.9140625
4,2025-11-20,25.086820602416992,17,55281.9140625
5,2025-11-20,308.22052001953125,17,55281.9140625
6,2025-11-20,1508.32177734375,17,55281.9140625
7,2025-11-20,3951.97900390625,17,55281.9140625
8,2025-11-20,5277.22900390625,17,55281.9140625
9,2025-11-20,3855.26025390625,17,55281.9140625
10,2025-11-20,3065.616943359375,17,55281.9140625
11,2025-11-20,3060.846435546875,17,55281.9140625
12,2025-11-20,3074.725341796875,17,55281.9140625
13,2025-11-20,3117.55224609375,17,55281.9140625
14,2025-11-20,3171.48095703125,17,55281.9140625
15,2025-11-20,3291.3076171875,17,55281.9140625
16,2025-11-20,3757.16943359375,17,55281.9140625
17,2025-11-20,4510.81396484375,17,55281.9140625
18,2025-11-20,4608.23046875,17,55281.9140625
19,2025-11-20,3263.56640625,17,55281.9140625
20,2025-11-20,2311.537109375,17,55281.9140625
21,2025-11-20,1477.2523193359375,17,55281.9140625
22,2025-11-20,706.17620849609375,17,55281.9140625
23,2025-11-20,396.186767578125,17,55281.9140625
0,2025-11-21,144.44746398925781,17,54807.46875
1,2025-11-21,15.145979881286621,17,54807.46875
2,2025-11-21,0.0073823630809783936,17,54807.46875
3,2025-11-21,0.0046632736921310425,17,54807.46875
4,2025-11-21,24.214134216308594,17,54807.46875
5,2025-11-21,300.3590087890625,17,54807.46875
6,2025-11-21,1486.8485107421875,17,54807.46875
7,2025-11-21,3871.220458984375,17,54807.46875
8,2025-11-21,5176.21630859375,17,54807.46875
9,2025-11-21,3771.83935546875,17,54807.46875
10,2025-11-21,3013.169921875,17,54807.46875
11,2025-11-21,3065.69287109375,17,54807.46875
12,2025-11-21,3089.317138671875,17,54807.46875
13,2025-11-21,3167.816650390625,17,54807.46875
14,2025-11-21,3237.02197265625,17,54807.46875
15,2025-11-21,3502.169189453125,17,54807.46875
16,2025-11-21,4068.134765625,17,54807.46875
17,2025-11-21,4498.20703125,17,54807.46875
18,2025-11-21,4112.32666015625,17,54807.46875
19,2025-11-21,3009.134033203125,17,54807.46875
20,2025-11-21,2261.00048828125,17,54807.46875
21,2025-11-21,1502.0050048828125,17,54807.46875
22,2025-11-21,760.015625,17,54807.46875
23,2025-11-21,448.0780029296875,17,54807.46875
0,2025-11-22,186.79168701171875,17,40933.01171875
1,2025-11-22,21.824272155761719,17,40933.01171875
2,2025-11-22,0.006199568510055542,17,40933.01171875
3,2025-11-22,0.0041378289461135864,17,40933.01171875
4,2025-11-22,5.0120906829833984,17,40933.01171875
5,2025-11-22,127.67831420898438,17,40933.01171875
6,2025-11-22,535.21923828125,17,40933.01171875
7,2025-11-22,1073.0931396484375,17,40933.01171875
8,2025-11-22,1607.835205078125,17,40933.01171875
9,2025-11-22,2186.28662109375,17,40933.01171875
10,2025-11-22,2460.657470703125,17,40933.01171875
11,2025-11-22,2938.452392578125,17,40933.01171875
12,2025-11-22,3201.8369140625,17,40933.01171875
13,2025-11-22,3461.8330078125,17,40933.01171875
14,2025-11-22,3490.533203125,17,40933.01171875
15,2025-11-22,3400.789306640625,17,40933.01171875
16,2025-11-22,3455.076171875,17,40933.01171875
17,2025-11-22,3268.88330078125,17,40933.01171875
18,2025-11-22,2830.643798828125,17,40933.01171875
19,2025-11-22,2241.1103515625,17,40933.01171875
20,2025-11-22,1792.07763671875,17,40933.01171875
21,2025-11-22,1311.013916015625,17,40933.01171875
22,2025-11-22,739.91424560546875,17,40933.01171875
23,2025-11-22,434.48648071289062,17,40933.01171875
0,2025-11-23,180.04429626464844,17,36202.140625
1,2025-11-23,24.594764709472656,17,36202.140625
2,2025-11-23,0.0031486749649047852,17,36202.140625
3,2025-11-23,0.00035037100315093994,17,36202.140625
4,2025-11-23,3.6754856109619141,17,36202.140625
5,2025-11-23,105.77398681640625,17,36202.140625
6,2025-11-23,420.46112060546875,17,36202.140625
7,2025-11-23,792.652587890625,17,36202.140625
8,2025-11-23,1266.697021484375,17,36202.140625
9,2025-11-23,1747.9324951171875,17,36202.140625
10,2025-11-23,2086.167236328125,17,36202.140625
11,2025-11-23,2584.284423828125,17,36202.140625
12,2025-11-23,2904.875732421875,17,36202.140625
13,2025-11-23,3190.767822265625,17,36202.140625
14,2025-11-23,3253.794921875,17,36202.140625
15,2025-11-23,3210.047607421875,17,36202.140625
16,2025-11-23,3225.3623046875,17,36202.140625
17,2025-11-23,3025.68896484375,17,36202.140625
18,2025-11-23,2513.72509765625,17,36202.140625
19,2025-11-23,1962.635498046875,17,36202.140625
20,2025-11-23,1574.691162109375,17,36202.140625
21,2025-11-23,1135.0186767578125,17,36202.140625
22,2025-11-23,616.3682861328125,17,36202.140625
23,2025-11-23,326.63763427734375,17,36202.140625
0,2025-11-24,111.00283813476562,17,53689.91796875
1,2025-11-24,12.592828750610352,17,53689.91796875
2,2025-11-24,0.0055344998836517334,17,53689.91796875
3,2025-11-24,0.0033248811960220337,17,53689.91796875
4,2025-11-24,24.722507476806641,17,53689.91796875
5,2025-11-24,300.90975952148438,17,53689.91796875
6,2025-11-24,1499.767822265625,17,53689.91796875
7,2025-11-24,3947.943603515625,17,53689.91796875
8,2025-11-24,5274.41552734375,17,53689.91796875
9,2025-11-24,3836.177734375,17,53689.91796875
10,2025-11-24,3026.3271484375,17,53689.91796875
11,2025-11-24,3016.983642578125,17,53689.91796875
12,2025-11-24,2943.689208984375,17,53689.91796875
13,2025-11-24,3001.483642578125,17,53689.91796875
14,2025-11-24,3047.904296875,17,53689.91796875
15,2025-11-24,3184.449951171875,17,53689.91796875
16,2025-11-24,3598.08544921875,17,53689.91796875
17,2025-11-24,4440.05615234375,17,53689.91796875
18,2025-11-24,4601.47802734375,17,53689.91796875
19,2025-11-24,3222.425048828125,17,53689.91796875
20,2025-11-24,2249.980712890625,17,53689.91796875
21,2025-11-24,1346.50244140625,17,53689.91796875
22,2025-11-24,609.927978515625,17,53689.91796875
23,2025-11-24,329.66043090820312,17,53689.91796875
0,2025-11-25,113.50267028808594,17,54760.63671875
1,2025-11-25,10.573890686035156,17,54760.63671875
2,2025-11-25,0.0064770281314849854,17,54760.63671875
3,2025-11-25,0.0042482912540435791,17,54760.63671875
4,2025-11-25,25.148395538330078,17,54760.63671875
5,2025-11-25,305.51876831054688,17,54760.63671875
6,2025-11-25,1509.81103515625,17,54760.63671875
7,2025-11-25,3981.57861328125,17,54760.63671875
8,2025-11-25,5288.146484375,17,54760.63671875
9,2025-11-25,3864.39111328125,17,54760.63671875
10,2025-11-25,3058.32958984375,17,54760.63671875
11,2025-11-25,3037.495849609375,17,54760.63671875
12,2025-11-25,3045.0712890625,17,54760.63671875
13,2025-11-25,3070.857421875,17,54760.63671875
14,2025-11-25,3205.813232421875,17,54760.63671875
15,2025-11-25,3210.287353515625,17,54760.63671875
16,2025-11-25,3638.192138671875,17,54760.63671875
17,2025-11-25,4506.32421875,17,54760.63671875
18,2025-11-25,4662.251953125,17,54760.63671875
19,2025-11-25,3282.25927734375,17,54760.63671875
20,2025-11-25,2307.04736328125,17,54760.63671875
21,2025-11-25,1409.223876953125,17,54760.63671875
22,2025-11-25,639.7548828125,17,54760.63671875
23,2025-11-25,350.26080322265625,17,54760.63671875
0,2025-11-26,117.89291381835938,17,54916.90234375
1,2025-11-26,10.961880683898926,17,54916.90234375
2,2025-11-26,0.0078092813491821289,17,54916.90234375
3,2025-11-26,0.0038195699453353882,17,54916.90234375
4,2025-11-26,25.365203857421875,17,54916.90234375
5,2025-11-26,306.92962646484375,17,54916.90234375
6,2025-11-26,1506.3363037109375,17,54916.90234375
7,2025-11-26,3974.20849609375,17,54916.90234375
8,2025-11-26,5294.34912109375,17,54916.90234375
9,2025-11-26,3855.74658203125,17,54916.90234375
10,2025-11-26,3063.2197265625,17,54916.90234375
11,2025-11-26,3058.14599609375,17,54916.90234375
12,2025-11-26,3064.406005859375,17,54916.90234375
13,2025-11-26,3111.8662109375,17,54916.90234375
14,2025-11-26,3209.336669921875,17,54916.90234375
15,2025-11-26,3235.102294921875,17,54916.90234375
16,2025-11-26,3652.170654296875,17,54916.90234375
17,2025-11-26,4472.666015625,17,54916.90234375
18,2025-11-26,4630.93359375,17,54916.90234375
19,2025-11-26,3266.850830078125,17,54916.90234375
20,2025-11-26,2297.228515625,17,54916.90234375
21,2025-11-26,1450.6761474609375,17,54916.90234375
22,2025-11-26,667.05950927734375,17,54916.90234375
23,2025-11-26,369.61856079101562,17,54916.90234375
0,2025-11-27,129.60104370117188,17,55310.84765625
1,2025-11-27,10.986400604248047,17,55310.84765625
2,2025-11-27,0.0077629983425140381,17,55310.84765625
3,2025-11-27,0.0048354417085647583,17,55310.84765625
4,2025-11-27,25.000247955322266,17,55310.84765625
5,2025-11-27,310.2598876953125,17,55310.84765625
6,2025-11-27,1508.7371826171875,17,55310.84765625
7,2025-11-27,3965.79150390625,17,55310.84765625
8,2025-11-27,5285.7314453125,17,55310.84765625
9,2025-11-27,3852.323974609375,17,55310.84765625
10,2025-11-27,3059.93359375,17,55310.84765625
11,2025-11-27,3061.8154296875,17,55310.84765625
12,2025-11-27,3069.194580078125,17,55310.84765625
13,2025-11-27,3122.56640625,17,55310.84765625
14,2025-11-27,3206.7841796875,17,55310.84765625
15,2025-11-27,3302.863525390625,17,55310.84765625
16,2025-11-27,3786.36767578125,17,55310.84765625
17,2025-11-27,4528.35107421875,17,55310.84765625
18,2025-11-27,4627.4140625,17,55310.84765625
19,2025-11-27,3278.259521484375,17,55310.84765625
20,2025-11-27,2321.80859375,17,55310.84765625
21,2025-11-27,1486.3819580078125,17,55310.84765625
22,2025-11-27,716.65618896484375,17,55310.84765625
23,2025-11-27,402.38992309570312,17,55310.84765625
0,2025-11-28,145.84590148925781,17,54975.5
1,2025-11-28,15.967704772949219,17,54975.5
2,2025-11-28,0.0073752701282501221,17,54975.5
3,2025-11-28,0.0041255950927734375,17,54975.5
4,2025-11-28,23.964939117431641,17,54975.5
5,2025-11-28,299.4149169921875,17,54975.5
6,2025-11-28,1484.33349609375,17,54975.5
7,2025-11-28,3855.206787109375,17,54975.5
8,2025-11-28,5173.13720703125,17,54975.5
9,2025-11-28,3787.019287109375,17,54975.5
10,2025-11-28,3017.48193359375,17,54975.5
11,2025-11-28,3074.986083984375,17,54975.5
12,2025-11-28,3092.17919921875,17,54975.5
13,2025-11-28,3181.525146484375,17,54975.5
14,2025-11-28,3247.240966796875,17,54975.5
15,2025-11-28,3533.8095703125,17,54975.5
16,2025-11-28,4122.69189453125,17,54975.5
17,2025-11-28,4533.478515625,17,54975.5
18,2025-11-28,4165.939453125,17,54975.5
19,2025-11-28,3082.118896484375,17,54975.5
20,2025-11-28,2287.12060546875,17,54975.5
21,2025-11-28,1515.5399169921875,17,54975.5
22,2025-11-28,781.34796142578125,17,54975.5
23,2025-11-28,457.65252685546875,17,54975.5
0,2025-11-29,189.8883056640625,17,40829.28515625
1,2025-11-29,22.94074821472168,17,40829.28515625
2,2025-11-29,0.0014442205429077148,17,40829.28515625
3,2025-11-29,0.002284809947013855,17,40829.28515625
4,2025-11-29,4.8107233047485352,17,40829.28515625
5,2025-11-29,126.74882507324219,17,40829.28515625
6,2025-11-29,553.98486328125,17,40829.28515625
7,2025-11-29,1073.6298828125,17,40829.28515625
8,2025-11-29,1628.36474609375,17,40829.28515625
9,2025-11-29,2262.412353515625,17,40829.28515625
10,2025-11-29,2482.021484375,17,40829.28515625
11,2025-11-29,2936.78515625,17,40829.28515625
12,2025-11-29,3214.158935546875,17,40829.28515625
13,2025-11-29,3481.61962890625,17,40829.28515625
14,2025-11-29,3536.79296875,17,40829.28515625
15,2025-11-29,3410.10009765625,17,40829.28515625
16,2025-11-29,3471.766845703125,17,40829.28515625
17,2025-11-29,3283.5634765625,17,40829.28515625
18,2025-11-29,2802.04541015625,17,40829.28515625
19,2025-11-29,2254.68896484375,17,40829.28515625
20,2025-11-29,1783.44091796875,17,40829.28515625
21,2025-11-29,1303.89111328125,17,40829.28515625
22,2025-11-29,735.2830810546875,17,40829.28515625
23,2025-11-29,431.19009399414062,17,40829.28515625
0,2025-11-30,177.49313354492188,17,36375.078125
1,2025-11-30,25.056308746337891,17,36375.078125
2,2025-11-30,0.0010640919208526611,17,36375.078125
3,2025-11-30,0.0026520192623138428,17,36375.078125
4,2025-11-30,3.5728340148925781,17,36375.078125
5,2025-11-30,107.32353210449219,17,36375.078125
6,2025-11-30,417.51202392578125,17,36375.078125
7,2025-11-30,799.627685546875,17,36375.078125
8,2025-11-30,1289.048095703125,17,36375.078125
9,2025-11-30,1775.115478515625,17,36375.078125
10,2025-11-30,2073.920166015625,17,36375.078125
11,2025-11-30,2570.2255859375,17,36375.078125
12,2025-11-30,2889.794677734375,17,36375.078125
13,2025-11-30,3170.91015625,17,36375.078125
14,2025-11-30,3265.7978515625,17,36375.078125
15,2025-11-30,3181.951416015625,17,36375.078125
16,2025-11-30,3193.9072265625,17,36375.078125
17,2025-11-30,3048.280517578125,17,36375.078125
18,2025-11-30,2545.695556640625,17,36375.078125
19,2025-11-30,2016.803955078125,17,36375.078125
20,2025-11-30,1583.4287109375,17,36375.078125
21,2025-11-30,1139.296875,17,36375.078125
22,2025-11-30,607.74273681640625,17,36375.078125
23,2025-11-30,316.7725830078125,17,36375.078125
0,2025-12-01,106.66175842285156,17,54034.67578125
1,2025-12-01,12.719870567321777,17,54034.67578125
2,2025-12-01,0.005827784538269043,17,54034.67578125
3,2025-12-01,0.0043006092309951782,17,54034.67578125
4,2025-12-01,24.756118774414062,17,54034.67578125
5,2025-12-01,303.21792602539062,17,54034.67578125
6,2025-12-01,1510.0863037109375,17,54034.67578125
7,2025-12-01,3943.4990234375,17,54034.67578125
8,2025-12-01,5315.3486328125,17,54034.67578125
9,2025-12-01,3864.241455078125,17,54034.67578125
10,2025-12-01,3032.22802734375,17,54034.67578125
11,2025-12-01,2993.97314453125,17,54034.67578125
12,2025-12-01,2923.682373046875,17,54034.67578125
13,2025-12-01,2998.24755859375,17,54034.67578125
14,2025-12-01,3041.6796875,17,54034.67578125
15,2025-12-01,3184.813232421875,17,54034.67578125
16,2025-12-01,3591.8896484375,17,54034.67578125
17,2025-12-01,4451.78466796875,17,54034.67578125
18,2025-12-01,4639.55224609375,17,54034.67578125
19,2025-12-01,3255.345947265625,17,54034.67578125
20,2025-12-01,2275.94677734375,17,54034.67578125
21,2025-12-01,1341.37255859375,17,54034.67578125
22,2025-12-01,607.37139892578125,17,54034.67578125
23,2025-12-01,325.6583251953125,17,54034.67578125
0,2025-12-02,112.203857421875,17,54882.62109375
1,2025-12-02,10.885334014892578,17,54882.62109375
2,2025-12-02,0.0027489364147186279,17,54882.62109375
3,2025-12-02,0.0034813284873962402,17,54882.62109375
4,2025-12-02,25.010459899902344,17,54882.62109375
5,2025-12-02,304.820556640625,17,54882.62109375
6,2025-12-02,1512.1260986328125,17,54882.62109375
7,2025-12-02,3967.6513671875,17,54882.62109375
8,2025-12-02,5305.224609375,17,54882.62109375
9,2025-12-02,3875.331298828125,17,54882.62109375
10,2025-12-02,3077.639892578125,17,54882.62109375
11,2025-12-02,3033.82568359375,17,54882.62109375
12,2025-12-02,3049.425537109375,17,54882.62109375
13,2025-12-02,3119.480712890625,17,54882.62109375
14,2025-12-02,3254.4033203125,17,54882.62109375
15,2025-12-02,3231.813232421875,17,54882.62109375
16,2025-12-02,3644.31982421875,17,54882.62109375
17,2025-12-02,4523.626953125,17,54882.62109375
18,2025-12-02,4706.15771484375,17,54882.62109375
19,2025-12-02,3310.16943359375,17,54882.62109375
20,2025-12-02,2306.056884765625,17,54882.62109375
21,2025-12-02,1406.824951171875,17,54882.62109375
22,2025-12-02,640.76336669921875,17,54882.62109375
23,2025-12-02,347.33807373046875,17,54882.62109375
0,2025-12-03,117.34855651855469,17,54777.5859375
1,2025-12-03,11.319239616394043,17,54777.5859375
2,2025-12-03,0.0065499544143676758,17,54777.5859375
3,2025-12-03,0.0041773766279220581,17,54777.5859375
4,2025-12-03,25.459333419799805,17,54777.5859375
5,2025-12-03,305.97549438476562,17,54777.5859375
6,2025-12-03,1505.4495849609375,17,54777.5859375
7,2025-12-03,3916.232421875,17,54777.5859375
8,2025-12-03,5261.3359375,17,54777.5859375
9,2025-12-03,3869.176513671875,17,54777.5859375
10,2025-12-03,3089.701171875,17,54777.5859375
11,2025-12-03,3055.451416015625,17,54777.5859375
12,2025-12-03,3069.990234375,17,54777.5859375
13,2025-12-03,3122.7646484375,17,54777.5859375
14,2025-12-03,3233.5,17,54777.5859375
15,2025-12-03,3265.521728515625,17,54777.5859375
16,2025-12-03,3643.4462890625,17,54777.5859375
17,2025-12-03,4481.53369140625,17,54777.5859375
18,2025-12-03,4581.91845703125,17,54777.5859375
19,2025-12-03,3261.833984375,17,54777.5859375
20,2025-12-03,2297.822265625,17,54777.5859375
21,2025-12-03,1442.1083984375,17,54777.5859375
22,2025-12-03,672.5633544921875,17,54777.5859375
23,2025-12-03,374.78890991210938,17,54777.5859375
0,2025-12-04,126.80970001220703,17,55084.4453125
1,2025-12-04,11.304801940917969,17,55084.4453125
2,2025-12-04,0.0063342154026031494,17,55084.4453125
3,2025-12-04,0.0026980787515640259,17,55084.4453125
4,2025-12-04,25.15618896484375,17,55084.4453125
5,2025-12-04,306.78497314453125,17,55084.4453125
6,2025-12-04,1504.92138671875,17,55084.4453125
7,2025-12-04,3918.894775390625,17,55084.4453125
8,2025-12-04,5246.298828125,17,55084.4453125
9,2025-12-04,3863.634033203125,17,55084.4453125
10,2025-12-04,3084.72412109375,17,55084.4453125
11,2025-12-04,3071.5537109375,17,55084.4453125
12,2025-12-04,3096.9267578125,17,55084.4453125
13,2025-12-04,3127.375,17,55084.4453125
14,2025-12-04,3206.528076171875,17,55084.4453125
15,2025-12-04,3318.90283203125,17,55084.4453125
16,2025-12-04,3748.791015625,17,55084.4453125
17,2025-12-04,4514.166015625,17,55084.4453125
18,2025-12-04,4585.55126953125,17,55084.4453125
19,2025-12-04,3281.410888671875,17,55084.4453125
20,2025-12-04,2323.89306640625,17,55084.4453125
21,2025-12-04,1481.00634765625,17,55084.4453125
22,2025-12-04,705.17822265625,17,55084.4453125
23,2025-12-04,393.505859375,17,55084.4453125
0,2025-12-05,139.83262634277344,17,55177.60546875
1,2025-12-05,15.018013000488281,17,55177.60546875
2,2025-12-05,0.005110323429107666,17,55177.60546875
3,2025-12-05,0.0035121440887451172,17,55177.60546875
4,2025-12-05,24.375347137451172,17,55177.60546875
5,2025-12-05,302.77374267578125,17,55177.60546875
6,2025-12-05,1494.6334228515625,17,55177.60546875
7,2025-12-05,3844.155029296875,17,55177.60546875
8,2025-12-05,5179.6796875,17,55177.60546875
9,2025-12-05,3819.0341796875,17,55177.60546875
10,2025-12-05,3057.805419921875,17,55177.60546875
11,2025-12-05,3091.790283203125,17,55177.60546875
12,2025-12-05,3120.53662109375,17,55177.60546875
13,2025-12-05,3184.67626953125,17,55177.60546875
14,2025-12-05,3266.6962890625,17,55177.60546875
15,2025-12-05,3538.593994140625,17,55177.60546875
16,2025-12-05,4128.4951171875,17,55177.60546875
17,2025-12-05,4536.798828125,17,55177.60546875
18,2025-12-05,4145.66259765625,17,55177.60546875
19,2025-12-05,3064.3671875,17,55177.60546875
20,2025-12-05,2295.26611328125,17,55177.60546875
21,2025-12-05,1528.7169189453125,17,55177.60546875
22,2025-12-05,770.7962646484375,17,55177.60546875
23,2025-12-05,458.4227294921875,17,55177.60546875
0,2025-12-06,188.46530151367188,17,41541.1171875
1,2025-12-06,23.054719924926758,17,41541.1171875
2,2025-12-06,0.0068784952163696289,17,41541.1171875
3,2025-12-06,0.004738539457321167,17,41541.1171875
4,2025-12-06,4.8025894165039062,17,41541.1171875
5,2025-12-06,126.91864013671875,17,41541.1171875
6,2025-12-06,565.0130615234375,17,41541.1171875
7,2025-12-06,1112.6942138671875,17,41541.1171875
8,2025-12-06,1660.501220703125,17,41541.1171875
9,2025-12-06,2228.206787109375,17,41541.1171875
10,2025-12-06,2484.7109375,17,41541.1171875
11,2025-12-06,2940.092529296875,17,41541.1171875
12,2025-12-06,3225.40625,17,41541.1171875
13,2025-12-06,3460.77978515625,17,41541.1171875
14,2025-12-06,3530.826171875,17,41541.1171875
15,2025-12-06,3427.1875,17,41541.1171875
16,2025-12-06,3497.912109375,17,41541.1171875
17,2025-12-06,3285.091064453125,17,41541.1171875
18,2025-12-06,2833.44873046875,17,41541.1171875
19,2025-12-06,2261.511962890625,17,41541.1171875
20,2025-12-06,1801.0167236328125,17,41541.1171875
21,2025-12-06,1327.3980712890625,17,41541.1171875
22,2025-12-06,757.10906982421875,17,41541.1171875
23,2025-12-06,441.62942504882812,17,41541.1171875
0,2025-12-07,184.71258544921875,17,37010.4765625
1,2025-12-07,25.898765563964844,17,37010.4765625
2,2025-12-07,0.010168373584747314,17,37010.4765625
3,2025-12-07,0.0057154148817062378,17,37010.4765625
4,2025-12-07,3.2646102905273438,17,37010.4765625
5,2025-12-07,102.84283447265625,17,37010.4765625
6,2025-12-07,410.8861083984375,17,37010.4765625
7,2025-12-07,770.756591796875,17,37010.4765625
8,2025-12-07,1267.9814453125,17,37010.4765625
9,2025-12-07,1777.4901123046875,17,37010.4765625
10,2025-12-07,2098.64306640625,17,37010.4765625
11,2025-12-07,2616.406494140625,17,37010.4765625
12,2025-12-07,2900.9619140625,17,37010.4765625
13,2025-12-07,3197.400146484375,17,37010.4765625
14,2025-12-07,3304.687255859375,17,37010.4765625
15,2025-12-07,3183.012939453125,17,37010.4765625
16,2025-12-07,3238.600341796875,17,37010.4765625
17,2025-12-07,3048.533935546875,17,37010.4765625
18,2025-12-07,2497.289306640625,17,37010.4765625
19,2025-12-07,2000.09716796875,17,37010.4765625
20,2025-12-07,1611.9580078125,17,37010.4765625
21,2025-12-07,1149.08203125,17,37010.4765625
22,2025-12-07,605.48858642578125,17,37010.4765625
23,2025-12-07,328.60879516601562,17,37010.4765625
0,2025-12-08,110.33993530273438,17,53578.71875
1,2025-12-08,12.27226448059082,17,53578.71875
2,2025-12-08,0.0080284774303436279,17,53578.71875
3,2025-12-08,0.0050472021102905273,17,53578.71875
4,2025-12-08,24.766870498657227,17,53578.71875
5,2025-12-08,301.17733764648438,17,53578.71875
6,2025-12-08,1490.2076416015625,17,53578.71875
7,2025-12-08,3910.6845703125,17,53578.71875
8,2025-12-08,5239.505859375,17,53578.71875
9,2025-12-08,3843.88671875,17,53578.71875
10,2025-12-08,3010.753662109375,17,53578.71875
11,2025-12-08,2983.891357421875,17,53578.71875
12,2025-12-08,2912.395263671875,17,53578.71875
13,2025-12-08,2980.879638671875,17,53578.71875
14,2025-12-08,3034.286376953125,17,53578.71875
15,2025-12-08,3168.62939453125,17,53578.71875
16,2025-12-08,3575.02734375,17,53578.71875
17,2025-12-08,4428.6982421875,17,53578.71875
18,2025-12-08,4581.2255859375,17,53578.71875
19,2025-12-08,3230.37060546875,17,53578.71875
20,2025-12-08,2257.2978515625,17,53578.71875
21,2025-12-08,1337.5982666015625,17,53578.71875
22,2025-12-08,600.7877197265625,17,53578.71875
23,2025-12-08,326.71209716796875,17,53578.71875
0,2025-12-09,112.44192504882812,17,54715.453125
1,2025-12-09,10.374081611633301,17,54715.453125
2,2025-12-09,0.0052716434001922607,17,54715.453125
3,2025-12-09,0.0024583041667938232,17,54715.453125
4,2025-12-09,25.030460357666016,17,54715.453125
5,2025-12-09,306.27825927734375,17,54715.453125
6,2025-12-09,1506.7579345703125,17,54715.453125
7,2025-12-09,3947.34521484375,17,54715.453125
8,2025-12-09,5269.29150390625,17,54715.453125
9,2025-12-09,3867.491943359375,17,54715.453125
10,2025-12-09,3057.521484375,17,54715.453125
11,2025-12-09,3021.38818359375,17,54715.453125
12,2025-12-09,3025.834228515625,17,54715.453125
13,2025-12-09,3070.953857421875,17,54715.453125
14,2025-12-09,3190.972900390625,17,54715.453125
15,2025-12-09,3204.488037109375,17,54715.453125
16,2025-12-09,3603.160888671875,17,54715.453125
17,2025-12-09,4503.6669921875,17,54715.453125
18,2025-12-09,4649.72265625,17,54715.453125
19,2025-12-09,3300.4970703125,17,54715.453125
20,2025-12-09,2324.342041015625,17,54715.453125
21,2025-12-09,1399.537109375,17,54715.453125
22,2025-12-09,637.13232421875,17,54715.453125
23,2025-12-09,342.01034545898438,17,54715.453125
0,2025-12-10,117.67908477783203,17,54850.046875
1,2025-12-10,10.896406173706055,17,54850.046875
2,2025-12-10,0.0064028501510620117,17,54850.046875
3,2025-12-10,0.0044875144958496094,17,54850.046875
4,2025-12-10,25.446090698242188,17,54850.046875
5,2025-12-10,307.472412109375,17,54850.046875
6,2025-12-10,1509.01025390625,17,54850.046875
7,2025-12-10,3946.689697265625,17,54850.046875
8,2025-12-10,5267.9111328125,17,54850.046875
9,2025-12-10,3869.314697265625,17,54850.046875
10,2025-12-10,3085.38818359375,17,54850.046875
11,2025-12-10,3049.565673828125,17,54850.046875
12,2025-12-10,3069.8525390625,17,54850.046875
13,2025-12-10,3126.51953125,17,54850.046875
14,2025-12-10,3212.097412109375,17,54850.046875
15,2025-12-10,3261.5458984375,17,54850.046875
16,2025-12-10,3642.28662109375,17,54850.046875
17,2025-12-10,4465.9453125,17,54850.046875
18,2025-12-10,4610.294921875,17,54850.046875
19,2025-12-10,3280.79541015625,17,54850.046875
20,2025-12-10,2316.708251953125,17,54850.046875
21,2025-12-10,1452.886474609375,17,54850.046875
22,2025-12-10,672.352294921875,17,54850.046875
23,2025-12-10,372.24728393554688,17,54850.046875
0,2025-12-11,129.04156494140625,17,55160.6171875
1,2025-12-11,10.889174461364746,17,55160.6171875
2,2025-12-11,0.0080421864986419678,17,55160.6171875
3,2025-12-11,0.00525665283203125,17,55160.6171875
4,2025-12-11,25.019670486450195,17,55160.6171875
5,2025-12-11,309.62274169921875,17,55160.6171875
6,2025-12-11,1504.630859375,17,55160.6171875
7,2025-12-11,3933.036376953125,17,55160.6171875
8,2025-12-11,5239.1962890625,17,55160.6171875
9,2025-12-11,3861.25537109375,17,55160.6171875
10,2025-12-11,3081.81689453125,17,55160.6171875
11,2025-12-11,3063.90576171875,17,55160.6171875
12,2025-12-11,3081.2783203125,17,55160.6171875
13,2025-12-11,3124.445068359375,17,55160.6171875
14,2025-12-11,3202.88330078125,17,55160.6171875
15,2025-12-11,3321.4814453125,17,55160.6171875
16,2025-12-11,3783.41162109375,17,55160.6171875
17,2025-12-11,4514.330078125,17,55160.6171875
18,2025-12-11,4626.4287109375,17,55160.6171875
19,2025-12-11,3309.484130859375,17,55160.6171875
20,2025-12-11,2349.351806640625,17,55160.6171875
21,2025-12-11,1494.947021484375,17,55160.6171875
22,2025-12-11,723.9119873046875,17,55160.6171875
23,2025-12-11,400.62606811523438,17,55160.6171875
0,2025-12-12,142.08964538574219,17,55006.1640625
1,2025-12-12,14.292271614074707,17,55006.1640625
2,2025-12-12,0.0095329880714416504,17,55006.1640625
3,2025-12-12,0.0050325393676757812,17,55006.1640625
4,2025-12-12,23.954750061035156,17,55006.1640625
5,2025-12-12,300.37225341796875,17,55006.1640625
6,2025-12-12,1482.775634765625,17,55006.1640625
7,2025-12-12,3825.34423828125,17,55006.1640625
8,2025-12-12,5118.68359375,17,55006.1640625
9,2025-12-12,3793.5791015625,17,55006.1640625
10,2025-12-12,3032.5380859375,17,55006.1640625
11,2025-12-12,3082.53564453125,17,55006.1640625
12,2025-12-12,3100.35595703125,17,55006.1640625
13,2025-12-12,3182.9765625,17,55006.1640625
14,2025-12-12,3250.968505859375,17,55006.1640625
15,2025-12-12,3517.72119140625,17,55006.1640625
16,2025-12-12,4093.8603515625,17,55006.1640625
17,2025-12-12,4518.1181640625,17,55006.1640625
18,2025-12-12,4129.7421875,17,55006.1640625
19,2025-12-12,3068.27783203125,17,55006.1640625
20,2025-12-12,2300.314208984375,17,55006.1640625
21,2025-12-12,1517.01318359375,17,55006.1640625
22,2025-12-12,773.1612548828125,17,55006.1640625
23,2025-12-12,452.95989990234375,17,55006.1640625
0,2025-12-13,187.20474243164062,17,40829.359375
1,2025-12-13,22.551351547241211,17,40829.359375
2,2025-12-13,0.0087455213069915771,17,40829.359375
3,2025-12-13,0.0052262693643569946,17,40829.359375
4,2025-12-13,4.5248527526855469,17,40829.359375
5,2025-12-13,123.80240631103516,17,40829.359375
6,2025-12-13,521.1182861328125,17,40829.359375
7,2025-12-13,1034.670166015625,17,40829.359375
8,2025-12-13,1558.35498046875,17,40829.359375
9,2025-12-13,2194.88037109375,17,40829.359375
10,2025-12-13,2455.0390625,17,40829.359375
11,2025-12-13,2925.095703125,17,40829.359375
12,2025-12-13,3210.60986328125,17,40829.359375
13,2025-12-13,3499.260009765625,17,40829.359375
14,2025-12-13,3535.8125,17,40829.359375
15,2025-12-13,3411.572998046875,17,40829.359375
16,2025-12-13,3472.352783203125,17,40829.359375
17,2025-12-13,3247.176025390625,17,40829.359375
18,2025-12-13,2736.23486328125,17,40829.359375
19,2025-12-13,2224.04150390625,17,40829.359375
20,2025-12-13,1793.3203125,17,40829.359375
21,2025-12-13,1326.5599365234375,17,40829.359375
22,2025-12-13,744.04803466796875,17,40829.359375
23,2025-12-13,428.08160400390625,17,40829.359375
0,2025-12-14,182.43467712402344,17,36877.30078125
1,2025-12-14,24.615348815917969,17,36877.30078125
2,2025-12-14,0.010268628597259521,17,36877.30078125
3,2025-12-14,0.0056503713130950928,17,36877.30078125
4,2025-12-14,3.4405374526977539,17,36877.30078125
5,2025-12-14,105.57261657714844,17,36877.30078125
6,2025-12-14,413.795166015625,17,36877.30078125
7,2025-12-14,801.084716796875,17,36877.30078125
8,2025-12-14,1274.669921875,17,36877.30078125
9,2025-12-14,1813.43603515625,17,36877.30078125
10,2025-12-14,2098.310791015625,17,36877.30078125
11,2025-12-14,2578.314453125,17,36877.30078125
12,2025-12-14,2894.00439453125,17,36877.30078125
13,2025-12-14,3178.535400390625,17,36877.30078125
14,2025-12-14,3255.11474609375,17,36877.30078125
15,2025-12-14,3170.179931640625,17,36877.30078125
16,2025-12-14,3190.2666015625,17,36877.30078125
17,2025-12-14,3029.54248046875,17,36877.30078125
18,2025-12-14,2524.3447265625,17,36877.30078125
19,2025-12-14,2037.09619140625,17,36877.30078125
20,2025-12-14,1636.4459228515625,17,36877.30078125
21,2025-12-14,1150.39013671875,17,36877.30078125
22,2025-12-14,607.303955078125,17,36877.30078125
23,2025-12-14,327.615478515625,17,36877.30078125
0,2025-12-15,110.78464508056641,17,53689.48828125
1,2025-12-15,11.871871948242188,17,53689.48828125
2,2025-12-15,0.0042591094970703125,17,53689.48828125
3,2025-12-15,0.0032280236482620239,17,53689.48828125
4,2025-12-15,24.994632720947266,17,53689.48828125
5,2025-12-15,304.90377807617188,17,53689.48828125
6,2025-12-15,1497.71484375,17,53689.48828125
7,2025-12-15,3899.091064453125,17,53689.48828125
8,2025-12-15,5249.287109375,17,53689.48828125
9,2025-12-15,3861.9462890625,17,53689.48828125
10,2025-12-15,3045.367431640625,17,53689.48828125
11,2025-12-15,2989.0830078125,17,53689.48828125
12,2025-12-15,2931.56494140625,17,53689.48828125
13,2025-12-15,3011.337158203125,17,53689.48828125
14,2025-12-15,3042.01123046875,17,53689.48828125
15,2025-12-15,3167.39306640625,17,53689.48828125
16,2025-12-15,3556.513671875,17,53689.48828125
17,2025-12-15,4416.55078125,17,53689.48828125
18,2025-12-15,4606.970703125,17,53689.48828125
19,2025-12-15,3255.07080078125,17,53689.48828125
20,2025-12-15,2276.149169921875,17,53689.48828125
21,2025-12-15,1335.930908203125,17,53689.48828125
22,2025-12-15,603.6092529296875,17,53689.48828125
23,2025-12-15,330.54702758789062,17,53689.48828125
0,2025-12-16,114.28216552734375,17,54503.80078125
1,2025-12-16,9.9571619033813477,17,54503.80078125
2,2025-12-16,0.00434914231300354,17,54503.80078125
3,2025-12-16,0.004289478063583374,17,54503.80078125
4,2025-12-16,24.981161117553711,17,54503.80078125
5,2025-12-16,305.04568481445312,17,54503.80078125
6,2025-12-16,1502.8541259765625,17,54503.80078125
7,2025-12-16,3912.0927734375,17,54503.80078125
8,2025-12-16,5243.984375,17,54503.80078125
9,2025-12-16,3873.779052734375,17,54503.80078125
10,2025-12-16,3075.343017578125,17,54503.80078125
11,2025-12-16,3024.939453125,17,54503.80078125
12,2025-12-16,3028.75537109375,17,54503.80078125
13,2025-12-16,3092.556640625,17,54503.80078125
14,2025-12-16,3208.567138671875,17,54503.80078125
15,2025-12-16,3208.70263671875,17,54503.80078125
16,2025-12-16,3598.538330078125,17,54503.80078125
17,2025-12-16,4477.43017578125,17,54503.80078125
18,2025-12-16,4658.62939453125,17,54503.80078125
19,2025-12-16,3308.35400390625,17,54503.80078125
20,2025-12-16,2325.638671875,17,54503.80078125
21,2025-12-16,1400.258056640625,17,54503.80078125
22,2025-12-16,642.64849853515625,17,54503.80078125
23,2025-12-16,346.88638305664062,17,54503.80078125
0,2025-12-17,118.50450134277344,17,54599.5
1,2025-12-17,10.3560791015625,17,54599.5
2,2025-12-17,0.0081819593906402588,17,54599.5
3,2025-12-17,0.0056978315114974976,17,54599.5
4,2025-12-17,25.359081268310547,17,54599.5
5,2025-12-17,306.95925903320312,17,54599.5
6,2025-12-17,1506.336181640625,17,54599.5
7,2025-12-17,3898.956787109375,17,54599.5
8,2025-12-17,5235.3525390625,17,54599.5
9,2025-12-17,3866.87548828125,17,54599.5
10,2025-12-17,3090.9873046875,17,54599.5
11,2025-12-17,3056.754150390625,17,54599.5
12,2025-12-17,3064.098876953125,17,54599.5
13,2025-12-17,3120.897216796875,17,54599.5
14,2025-12-17,3211.363037109375,17,54599.5
15,2025-12-17,3250.76611328125,17,54599.5
16,2025-12-17,3639.52294921875,17,54599.5
17,2025-12-17,4434.376953125,17,54599.5
18,2025-12-17,4587.07568359375,17,54599.5
19,2025-12-17,3265.178466796875,17,54599.5
20,2025-12-17,2307.975830078125,17,54599.5
21,2025-12-17,1451.3516845703125,17,54599.5
22,2025-12-17,674.01800537109375,17,54599.5
23,2025-12-17,369.51748657226562,17,54599.5
0,2025-12-18,126.67449188232422,17,55103.640625
1,2025-12-18,10.586393356323242,17,55103.640625
2,2025-12-18,0.0052767395973205566,17,55103.640625
3,2025-12-18,0.0042763501405715942,17,55103.640625
4,2025-12-18,25.124385833740234,17,55103.640625
5,2025-12-18,311.96295166015625,17,55103.640625
6,2025-12-18,1509.7550048828125,17,55103.640625
7,2025-12-18,3906.701171875,17,55103.640625
8,2025-12-18,5236.0478515625,17,55103.640625
9,2025-12-18,3867.44970703125,17,55103.640625
10,2025-12-18,3111.953369140625,17,55103.640625
11,2025-12-18,3074.254638671875,17,55103.640625
12,2025-12-18,3096.25146484375,17,55103.640625
13,2025-12-18,3117.7001953125,17,55103.640625
14,2025-12-18,3191.048828125,17,55103.640625
15,2025-12-18,3307.4609375,17,55103.640625
16,2025-12-18,3780.582275390625,17,55103.640625
17,2025-12-18,4504.62109375,17,55103.640625
18,2025-12-18,4611.630859375,17,55103.640625
19,2025-12-18,3310.697021484375,17,55103.640625
20,2025-12-18,2376.176025390625,17,55103.640625
21,2025-12-18,1504.16357421875,17,55103.640625
22,2025-12-18,730.21539306640625,17,55103.640625
23,2025-12-18,399.04226684570312,17,55103.640625
0,2025-12-19,142.28482055664062,17,54996.60546875
1,2025-12-19,14.920427322387695,17,54996.60546875
2,2025-12-19,0.0070243477821350098,17,54996.60546875
3,2025-12-19,0.0053430646657943726,17,54996.60546875
4,2025-12-19,23.398324966430664,17,54996.60546875
5,2025-12-19,298.87637329101562,17,54996.60546875
6,2025-12-19,1471.45556640625,17,54996.60546875
7,2025-12-19,3747.388671875,17,54996.60546875
8,2025-12-19,5089.84228515625,17,54996.60546875
9,2025-12-19,3769.4033203125,17,54996.60546875
10,2025-12-19,3042.887939453125,17,54996.60546875
11,2025-12-19,3081.50244140625,17,54996.60546875
12,2025-12-19,3103.788818359375,17,54996.60546875
13,2025-12-19,3192.697265625,17,54996.60546875
14,2025-12-19,3250.73291015625,17,54996.60546875
15,2025-12-19,3499.103515625,17,54996.60546875
16,2025-12-19,4097.046875,17,54996.60546875
17,2025-12-19,4473.52734375,17,54996.60546875
18,2025-12-19,4077.886962890625,17,54996.60546875
19,2025-12-19,3072.067138671875,17,54996.60546875
20,2025-12-19,2291.552490234375,17,54996.60546875
21,2025-12-19,1508.158447265625,17,54996.60546875
22,2025-12-19,750.952392578125,17,54996.60546875
23,2025-12-19,459.40771484375,17,54996.60546875
0,2025-12-20,190.46281433105469,17,41140.87109375
1,2025-12-20,23.127704620361328,17,41140.87109375
2,2025-12-20,0.0071235001087188721,17,41140.87109375
3,2025-12-20,0.0042452514171600342,17,41140.87109375
4,2025-12-20,5.2314977645874023,17,41140.87109375
5,2025-12-20,131.1202392578125,17,41140.87109375
6,2025-12-20,543.91436767578125,17,41140.87109375
7,2025-12-20,1119.760498046875,17,41140.87109375
8,2025-12-20,1660.88134765625,17,41140.87109375
9,2025-12-20,2158.25927734375,17,41140.87109375
10,2025-12-20,2438.844482421875,17,41140.87109375
11,2025-12-20,2898.223876953125,17,41140.87109375
12,2025-12-20,3151.834228515625,17,41140.87109375
13,2025-12-20,3403.900146484375,17,41140.87109375
14,2025-12-20,3418.42724609375,17,41140.87109375
15,2025-12-20,3368.80859375,17,41140.87109375
16,2025-12-20,3441.636474609375,17,41140.87109375
17,2025-12-20,3225.494873046875,17,41140.87109375
18,2025-12-20,2661.379150390625,17,41140.87109375
19,2025-12-20,2228.187255859375,17,41140.87109375
20,2025-12-20,1788.2958984375,17,41140.87109375
21,2025-12-20,1301.81396484375,17,41140.87109375
22,2025-12-20,736.21173095703125,17,41140.87109375
23,2025-12-20,436.27804565429688,17,41140.87109375
0,2025-12-21,184.15855407714844,17,35775.6328125
1,2025-12-21,25.40985107421875,17,35775.6328125
2,2025-12-21,0.0042462348937988281,17,35775.6328125
3,2025-12-21,0.0045464485883712769,17,35775.6328125
4,2025-12-21,3.7634363174438477,17,35775.6328125
5,2025-12-21,108.70863342285156,17,35775.6328125
6,2025-12-21,404.17218017578125,17,35775.6328125
7,2025-12-21,780.4345703125,17,35775.6328125
8,2025-12-21,1294.1044921875,17,35775.6328125
9,2025-12-21,1763.6724853515625,17,35775.6328125
10,2025-12-21,1992.0938720703125,17,35775.6328125
11,2025-12-21,2500.790771484375,17,35775.6328125
12,2025-12-21,2845.074462890625,17,35775.6328125
13,2025-12-21,3149.739990234375,17,35775.6328125
14,2025-12-21,3244.19775390625,17,35775.6328125
15,2025-12-21,3156.197021484375,17,35775.6328125
16,2025-12-21,3176.234130859375,17,35775.6328125
17,2025-12-21,2980.86474609375,17,35775.6328125
18,2025-12-21,2391.892822265625,17,35775.6328125
19,2025-12-21,1937.1859130859375,17,35775.6328125
20,2025-12-21,1574.761474609375,17,35775.6328125
21,2025-12-21,1136.8134765625,17,35775.6328125
22,2025-12-21,601.4752197265625,17,35775.6328125
23,2025-12-21,325.86959838867188,17,35775.6328125
0,2025-12-22,110.11878967285156,17,54074.53515625
1,2025-12-22,12.182853698730469,17,54074.53515625
2,2025-12-22,0.0063811540603637695,17,54074.53515625
3,2025-12-22,0.0054632127285003662,17,54074.53515625
4,2025-12-22,24.138460159301758,17,54074.53515625
5,2025-12-22,307.53594970703125,17,54074.53515625
6,2025-12-22,1495.093994140625,17,54074.53515625
7,2025-12-22,3875.2568359375,17,54074.53515625
8,2025-12-22,5197.30322265625,17,54074.53515625
9,2025-12-22,3836.80712890625,17,54074.53515625
10,2025-12-22,3052.681884765625,17,54074.53515625
11,2025-12-22,3034.706787109375,17,54074.53515625
12,2025-12-22,2952.053955078125,17,54074.53515625
13,2025-12-22,3010.267822265625,17,54074.53515625
14,2025-12-22,3069.44287109375,17,54074.53515625
15,2025-12-22,3180.19287109375,17,54074.53515625
16,2025-12-22,3593.1640625,17,54074.53515625
17,2025-12-22,4459.09228515625,17,54074.53515625
18,2025-12-22,4650.6025390625,17,54074.53515625
19,2025-12-22,3289.0361328125,17,54074.53515625
20,2025-12-22,2289.218017578125,17,54074.53515625
21,2025-12-22,1355.369140625,17,54074.53515625
22,2025-12-22,597.30255126953125,17,54074.53515625
23,2025-12-22,325.78826904296875,17,54074.53515625
0,2025-12-23,109.83268737792969,17,54575.1796875
1,2025-12-23,9.9447441101074219,17,54575.1796875
2,2025-12-23,0.010011672973632812,17,54575.1796875
3,2025-12-23,0.0073670297861099243,17,54575.1796875
4,2025-12-23,24.494453430175781,17,54575.1796875
5,2025-12-23,307.85198974609375,17,54575.1796875
6,2025-12-23,1508.5113525390625,17,54575.1796875
7,2025-12-23,3899.10791015625,17,54575.1796875
8,2025-12-23,5223.8505859375,17,54575.1796875
9,2025-12-23,3865.18994140625,17,54575.1796875
10,2025-12-23,3094.835205078125,17,54575.1796875
11,2025-12-23,3055.937255859375,17,54575.1796875
12,2025-12-23,3043.5009765625,17,54575.1796875
13,2025-12-23,3075.15966796875,17,54575.1796875
14,2025-12-23,3191.61279296875,17,54575.1796875
15,2025-12-23,3213.3740234375,17,54575.1796875
16,2025-12-23,3626.24560546875,17,54575.1796875
17,2025-12-23,4499.85302734375,17,54575.1796875
18,2025-12-23,4693.78173828125,17,54575.1796875
19,2025-12-23,3309.789306640625,17,54575.1796875
20,2025-12-23,2320.211181640625,17,54575.1796875
21,2025-12-23,1415.86572265625,17,54575.1796875
22,2025-12-23,638.8345947265625,17,54575.1796875
23,2025-12-23,350.52023315429688,17,54575.1796875
0,2025-12-24,117.21590423583984,17,54701.45703125
1,2025-12-24,10.534755706787109,17,54701.45703125
2,2025-12-24,0.0089098513126373291,17,54701.45703125
3,2025-12-24,0.0072335898876190186,17,54701.45703125
4,2025-12-24,24.382368087768555,17,54701.45703125
5,2025-12-24,305.30825805664062,17,54701.45703125
6,2025-12-24,1495.5216064453125,17,54701.45703125
7,2025-12-24,3864.83544921875,17,54701.45703125
8,2025-12-24,5169.14453125,17,54701.45703125
9,2025-12-24,3828.1982421875,17,54701.45703125
10,2025-12-24,3067.10205078125,17,54701.45703125
11,2025-12-24,3062.0302734375,17,54701.45703125
12,2025-12-24,3069.015869140625,17,54701.45703125
13,2025-12-24,3116.96337890625,17,54701.45703125
14,2025-12-24,3181.863037109375,17,54701.45703125
15,2025-12-24,3254.982177734375,17,54701.45703125
16,2025-12-24,3649.3583984375,17,54701.45703125
17,2025-12-24,4443.98095703125,17,54701.45703125
18,2025-12-24,4564.90771484375,17,54701.45703125
19,2025-12-24,3256.18408203125,17,54701.45703125
20,2025-12-24,2298.75048828125,17,54701.45703125
21,2025-12-24,1449.3516845703125,17,54701.45703125
22,2025-12-24,675.95574951171875,17,54701.45703125
23,2025-12-24,377.56222534179688,17,54701.45703125
0,2025-12-25,127.63603210449219,17,54710.6484375
1,2025-12-25,10.9443359375,17,54710.6484375
2,2025-12-25,0.0066406428813934326,17,54710.6484375
3,2025-12-25,0.0043046623468399048,17,54710.6484375
4,2025-12-25,23.953842163085938,17,54710.6484375
5,2025-12-25,305.64898681640625,17,54710.6484375
6,2025-12-25,1498.989501953125,17,54710.6484375
7,2025-12-25,3859.811279296875,17,54710.6484375
8,2025-12-25,5179.7822265625,17,54710.6484375
9,2025-12-25,3840.4169921875,17,54710.6484375
10,2025-12-25,3070.568359375,17,54710.6484375
11,2025-12-25,3070.8388671875,17,54710.6484375
12,2025-12-25,3076.58740234375,17,54710.6484375
13,2025-12-25,3126.897705078125,17,54710.6484375
14,2025-12-25,3176.227783203125,17,54710.6484375
15,2025-12-25,3299.11962890625,17,54710.6484375
16,2025-12-25,3763.28662109375,17,54710.6484375
17,2025-12-25,4464.42529296875,17,54710.6484375
18,2025-12-25,4559.9580078125,17,54710.6484375
19,2025-12-25,3276.00732421875,17,54710.6484375
20,2025-12-25,2324.278564453125,17,54710.6484375
21,2025-12-25,1481.8031005859375,17,54710.6484375
22,2025-12-25,714.6441650390625,17,54710.6484375
23,2025-12-25,398.8790283203125,17,54710.6484375
0,2025-12-26,141.81349182128906,17,54443.3359375
1,2025-12-26,15.185529708862305,17,54443.3359375
2,2025-12-26,0.0057628750801086426,17,54443.3359375
3,2025-12-26,0.0050507038831710815,17,54443.3359375
4,2025-12-26,22.667324066162109,17,54443.3359375
5,2025-12-26,297.8692626953125,17,54443.3359375
6,2025-12-26,1481.950439453125,17,54443.3359375
7,2025-12-26,3767.75634765625,17,54443.3359375
8,2025-12-26,5064.4990234375,17,54443.3359375
9,2025-12-26,3738.307373046875,17,54443.3359375
10,2025-12-26,3019.90185546875,17,54443.3359375
11,2025-12-26,3068.381591796875,17,54443.3359375
12,2025-12-26,3096.369384765625,17,54443.3359375
13,2025-12-26,3183.377685546875,17,54443.3359375
14,2025-12-26,3247.38134765625,17,54443.3359375
15,2025-12-26,3455.305908203125,17,54443.3359375
16,2025-12-26,4023.049072265625,17,54443.3359375
17,2025-12-26,4461.4736328125,17,54443.3359375
18,2025-12-26,4077.55419921875,17,54443.3359375
19,2025-12-26,3063.58740234375,17,54443.3359375
20,2025-12-26,2284.0283203125,17,54443.3359375
21,2025-12-26,1502.4344482421875,17,54443.3359375
22,2025-12-26,757.3924560546875,17,54443.3359375
23,2025-12-26,453.16497802734375,17,54443.3359375
0,2025-12-27,188.97067260742188,17,39271.015625
1,2025-12-27,22.613960266113281,17,39271.015625
2,2025-12-27,0.0065278708934783936,17,39271.015625
3,2025-12-27,0.0054140686988830566,17,39271.015625
4,2025-12-27,5.0130643844604492,17,39271.015625
5,2025-12-27,138.79246520996094,17,39271.015625
6,2025-12-27,580.525390625,17,39271.015625
7,2025-12-27,1223.8095703125,17,39271.015625
8,2025-12-27,1773.26904296875,17,39271.015625
9,2025-12-27,2329.717529296875,17,39271.015625
10,2025-12-27,2501.03369140625,17,39271.015625
11,2025-12-27,2943.096435546875,17,39271.015625
12,2025-12-27,3163.423583984375,17,39271.015625
13,2025-12-27,3431.128662109375,17,39271.015625
14,2025-12-27,3420.628662109375,17,39271.015625
15,2025-12-27,3363.140380859375,17,39271.015625
16,2025-12-27,3425.6240234375,17,39271.015625
17,2025-12-27,3317.01806640625,17,39271.015625
18,2025-12-27,2779.76318359375,17,39271.015625
19,2025-12-27,2289.346923828125,17,39271.015625
20,2025-12-27,1814.871826171875,17,39271.015625
21,2025-12-27,1303.90869140625,17,39271.015625
22,2025-12-27,731.84893798828125,17,39271.015625
23,2025-12-27,427.39923095703125,17,39271.015625
0,2025-12-28,181.19189453125,17,35422
1,2025-12-28,24.804195404052734,17,35422
2,2025-12-28,0.008533179759979248,17,35422
3,2025-12-28,0.0055210292339324951,17,35422
4,2025-12-28,3.3410606384277344,17,35422
5,2025-12-28,104.6002197265625,17,35422
6,2025-12-28,419.1988525390625,17,35422
7,2025-12-28,780.99560546875,17,35422
8,2025-12-28,1254.890869140625,17,35422
9,2025-12-28,1775.26806640625,17,35422
10,2025-12-28,2069.387451171875,17,35422
11,2025-12-28,2557.962646484375,17,35422
12,2025-12-28,2891.702880859375,17,35422
13,2025-12-28,3169.967529296875,17,35422
14,2025-12-28,3221.6533203125,17,35422
15,2025-12-28,3183.520263671875,17,35422
16,2025-12-28,3161.832275390625,17,35422
17,2025-12-28,3008.954833984375,17,35422
18,2025-12-28,2475.442626953125,17,35422
19,2025-12-28,1983.8233642578125,17,35422
20,2025-12-28,1573.87451171875,17,35422
21,2025-12-28,1138.4359130859375,17,35422
22,2025-12-28,605.604736328125,17,35422
23,2025-12-28,329.34967041015625,17,35422
0,2025-12-29,110.82766723632812,17,54342.015625
1,2025-12-29,11.578824043273926,17,54342.015625
2,2025-12-29,0.0082452595233917236,17,54342.015625
3,2025-12-29,0.0063796490430831909,17,54342.015625
4,2025-12-29,23.313690185546875,17,54342.015625
5,2025-12-29,305.265380859375,17,54342.015625
6,2025-12-29,1502.2554931640625,17,54342.015625
7,2025-12-29,3873.83544921875,17,54342.015625
8,2025-12-29,5191.87451171875,17,54342.015625
9,2025-12-29,3793.214111328125,17,54342.015625
10,2025-12-29,3040.24853515625,17,54342.015625
11,2025-12-29,3025.225830078125,17,54342.015625
12,2025-12-29,2981.238037109375,17,54342.015625
13,2025-12-29,3044.227783203125,17,54342.015625
14,2025-12-29,3074.4580078125,17,54342.015625
15,2025-12-29,3201.7353515625,17,54342.015625
16,2025-12-29,3595.4189453125,17,54342.015625
17,2025-12-29,4460.2685546875,17,54342.015625
18,2025-12-29,4613.4267578125,17,54342.015625
19,2025-12-29,3244.83642578125,17,54342.015625
20,2025-12-29,2275.52001953125,17,54342.015625
21,2025-12-29,1357.54296875,17,54342.015625
22,2025-12-29,605.137939453125,17,54342.015625
23,2025-12-29,330.9595947265625,17,54342.015625
0,2025-12-30,111.76976776123047,17,55186.828125
1,2025-12-30,9.7401046752929688,17,55186.828125
2,2025-12-30,0.0088109970092773438,17,55186.828125
3,2025-12-30,0.006563335657119751,17,55186.828125
4,2025-12-30,23.510322570800781,17,55186.828125
5,2025-12-30,306.75234985351562,17,55186.828125
6,2025-12-30,1518.01171875,17,55186.828125
7,2025-12-30,3912.091552734375,17,55186.828125
8,2025-12-30,5230.8349609375,17,55186.828125
9,2025-12-30,3838.4921875,17,55186.828125
10,2025-12-30,3086.49853515625,17,55186.828125
11,2025-12-30,3050.3125,17,55186.828125
12,2025-12-30,3040.394287109375,17,55186.828125
13,2025-12-30,3083.64990234375,17,55186.828125
14,2025-12-30,3202.576171875,17,55186.828125
15,2025-12-30,3217.33056640625,17,55186.828125
16,2025-12-30,3635.432861328125,17,55186.828125
17,2025-12-30,4513.830078125,17,55186.828125
18,2025-12-30,4655.5830078125,17,55186.828125
19,2025-12-30,3308.41650390625,17,55186.828125
20,2025-12-30,2326.832275390625,17,55186.828125
21,2025-12-30,1422.93701171875,17,55186.828125
22,2025-12-30,641.07171630859375,17,55186.828125
23,2025-12-30,351.42791748046875,17,55186.828125
0,2025-12-31,122.6326904296875,17,32482.7890625
1,2025-12-31,13.013884544372559,17,32482.7890625
2,2025-12-31,0.0060219764709472656,17,32482.7890625
3,2025-12-31,0.006937757134437561,17,32482.7890625
4,2025-12-31,3.1286945343017578,17,32482.7890625
5,2025-12-31,116.52703857421875,17,32482.7890625
6,2025-12-31,820.99884033203125,17,32482.7890625
7,2025-12-31,1549.4627685546875,17,32482.7890625
8,2025-12-31,2131.9658203125,17,32482.7890625
9,2025-12-31,1831.753173828125,17,32482.7890625
10,2025-12-31,2343.751953125,17,32482.7890625
11,2025-12-31,2481.332275390625,17,32482.7890625
12,2025-12-31,2762.256591796875,17,32482.7890625
13,2025-12-31,2979.3291015625,17,32482.7890625
14,2025-12-31,3122.764404296875,17,32482.7890625
15,2025-12-31,3084.898193359375,17,32482.7890625
16,2025-12-31,3276.76318359375,17,32482.7890625
17,2025-12-31,3079.6123046875,17,32482.7890625
18,2025-12-31,2666.798828125,17,32482.7890625
19,2025-12-31,2321.73876953125,17,32482.7890625
20,2025-12-31,1915.3009033203125,17,32482.7890625
21,2025-12-31,1384.61376953125,17,32482.7890625
22,2025-12-31,665.80035400390625,17,32482.7890625
23,2025-12-31,369.0146484375,17,32482.7890625
0,2025-11-01,0.72313213348388672,25,7135.49169921875
1,2025-11-01,0.0038295984268188477,25,7135.49169921875
2,2025-11-01,3.9488683434285576e-09,25,7135.49169921875
3,2025-11-01,3.9488496916817439e-09,25,7135.49169921875
4,2025-11-01,0.0013031847774982452,25,7135.49169921875
5,2025-11-01,15.360169410705566,25,7135.49169921875
6,2025-11-01,115.51833343505859,25,7135.49169921875
7,2025-11-01,104.2127685546875,25,7135.49169921875
8,2025-11-01,202.4090576171875,25,7135.49169921875
9,2025-11-01,214.52857971191406,25,7135.49169921875
10,2025-11-01,239.88008117675781,25,7135.49169921875
11,2025-11-01,315.9654541015625,25,7135.49169921875
12,2025-11-01,344.16183471679688,25,7135.49169921875
13,2025-11-01,489.57022094726562,25,7135.49169921875
14,2025-11-01,517.9783935546875,25,7135.49169921875
15,2025-11-01,626.43646240234375,25,7135.49169921875
16,2025-11-01,548.15972900390625,25,7135.49169921875
17,2025-11-01,453.24148559570312,25,7135.49169921875
18,2025-11-01,402.4539794921875,25,7135.49169921875
19,2025-11-01,453.00738525390625,25,7135.49169921875
20,2025-11-01,247.19125366210938,25,7135.49169921875
21,2025-11-01,190.73870849609375,25,7135.49169921875
22,2025-11-01,114.28166198730469,25,7135.49169921875
23,2025-11-01,50.598663330078125,25,7135.49169921875
0,2025-11-02,17.178401947021484,25,4354.6865234375
1,2025-11-02,0.025904655456542969,25,4354.6865234375
2,2025-11-02,4.947241283304038e-09,25,4354.6865234375
3,2025-11-02,4.9472506091774449e-09,25,4354.6865234375
4,2025-11-02,0.0011526886373758316,25,4354.6865234375
5,2025-11-02,14.64614200592041,25,4354.6865234375
6,2025-11-02,91.77838134765625,25,4354.6865234375
7,2025-11-02,78.22113037109375,25,4354.6865234375
8,2025-11-02,135.09133911132812,25,4354.6865234375
9,2025-11-02,156.27850341796875,25,4354.6865234375
10,2025-11-02,181.15782165527344,25,4354.6865234375
11,2025-11-02,235.83187866210938,25,4354.6865234375
12,2025-11-02,306.97427368164062,25,4354.6865234375
13,2025-11-02,409.55892944335938,25,4354.6865234375
14,2025-11-02,477.19247436523438,25,4354.6865234375
15,2025-11-02,580.224365234375,25,4354.6865234375
16,2025-11-02,461.9595947265625,25,4354.6865234375
17,2025-11-02,419.08724975585938,25,4354.6865234375
18,2025-11-02,351.22918701171875,25,4354.6865234375
19,2025-11-02,345.7647705078125,25,4354.6865234375
20,2025-11-02,209.06716918945312,25,4354.6865234375
21,2025-11-02,175.91572570800781,25,4354.6865234375
22,2025-11-02,93.88470458984375,25,4354.6865234375
23,2025-11-02,43.896171569824219,25,4354.6865234375
0,2025-11-03,11.089635848999023,25,4636.45947265625
1,2025-11-03,0.014887511730194092,25,4636.45947265625
2,2025-11-03,7.9437398881054833e-09,25,4636.45947265625
3,2025-11-03,7.9437398881054833e-09,25,4636.45947265625
4,2025-11-03,0.001240808516740799,25,4636.45947265625
5,2025-11-03,20.992359161376953,25,4636.45947265625
6,2025-11-03,202.41365051269531,25,4636.45947265625
7,2025-11-03,201.88319396972656,25,4636.45947265625
8,2025-11-03,261.27291870117188,25,4636.45947265625
9,2025-11-03,192.39126586914062,25,4636.45947265625
10,2025-11-03,189.68814086914062,25,4636.45947265625
11,2025-11-03,239.19961547851562,25,4636.45947265625
12,2025-11-03,251.91654968261719,25,4636.45947265625
13,2025-11-03,361.45303344726562,25,4636.45947265625
14,2025-11-03,387.5965576171875,25,4636.45947265625
15,2025-11-03,434.21435546875,25,4636.45947265625
16,2025-11-03,479.87124633789062,25,4636.45947265625
17,2025-11-03,467.23873901367188,25,4636.45947265625
18,2025-11-03,430.34332275390625,25,4636.45947265625
19,2025-11-03,481.37997436523438,25,4636.45947265625
20,2025-11-03,253.43740844726562,25,4636.45947265625
21,2025-11-03,179.08540344238281,25,4636.45947265625
22,2025-11-03,81.459403991699219,25,4636.45947265625
23,2025-11-03,24.330772399902344,25,4636.45947265625
0,2025-11-04,1.3290939331054688,25,4383.99267578125
1,2025-11-04,-0.00016936659812927246,25,4383.99267578125
2,2025-11-04,6.9141670167027769e-09,25,4383.99267578125
3,2025-11-04,6.914125272317051e-09,25,4383.99267578125
4,2025-11-04,0.0012237224727869034,25,4383.99267578125
5,2025-11-04,21.656204223632812,25,4383.99267578125
6,2025-11-04,197.86508178710938,25,4383.99267578125
7,2025-11-04,203.18338012695312,25,4383.99267578125
8,2025-11-04,231.95809936523438,25,4383.99267578125
9,2025-11-04,190.62197875976562,25,4383.99267578125
10,2025-11-04,204.29666137695312,25,4383.99267578125
11,2025-11-04,249.80215454101562,25,4383.99267578125
12,2025-11-04,243.33056640625,25,4383.99267578125
13,2025-11-04,333.59259033203125,25,4383.99267578125
14,2025-11-04,403.16122436523438,25,4383.99267578125
15,2025-11-04,458.0955810546875,25,4383.99267578125
16,2025-11-04,470.60040283203125,25,4383.99267578125
17,2025-11-04,436.16668701171875,25,4383.99267578125
18,2025-11-04,425.23773193359375,25,4383.99267578125
19,2025-11-04,511.46450805664062,25,4383.99267578125
20,2025-11-04,269.47625732421875,25,4383.99267578125
21,2025-11-04,182.60270690917969,25,4383.99267578125
22,2025-11-04,86.108566284179688,25,4383.99267578125
23,2025-11-04,22.973409652709961,25,4383.99267578125
0,2025-11-05,0.19902420043945312,25,7956.47705078125
1,2025-11-05,-0.00099658966064453125,25,7956.47705078125
2,2025-11-05,5.4789799364129976e-09,25,7956.47705078125
3,2025-11-05,5.4790123549253167e-09,25,7956.47705078125
4,2025-11-05,0.0011787489056587219,25,7956.47705078125
5,2025-11-05,21.623420715332031,25,7956.47705078125
6,2025-11-05,252.2158203125,25,7956.47705078125
7,2025-11-05,519.56915283203125,25,7956.47705078125
8,2025-11-05,850.534423828125,25,7956.47705078125
9,2025-11-05,440.14767456054688,25,7956.47705078125
10,2025-11-05,350.86328125,25,7956.47705078125
11,2025-11-05,414.4228515625,25,7956.47705078125
12,2025-11-05,415.69784545898438,25,7956.47705078125
13,2025-11-05,533.514404296875,25,7956.47705078125
14,2025-11-05,443.39892578125,25,7956.47705078125
15,2025-11-05,559.2474365234375,25,7956.47705078125
16,2025-11-05,656.53118896484375,25,7956.47705078125
17,2025-11-05,743.68896484375,25,7956.47705078125
18,2025-11-05,762.15924072265625,25,7956.47705078125
19,2025-11-05,566.8955078125,25,7956.47705078125
20,2025-11-05,315.85626220703125,25,7956.47705078125
21,2025-11-05,203.26724243164062,25,7956.47705078125
22,2025-11-05,93.041969299316406,25,7956.47705078125
23,2025-11-05,4.8711395263671875,25,7956.47705078125
0,2025-11-06,0.16312408447265625,25,8094.13134765625
1,2025-11-06,-0.0017171204090118408,25,8094.13134765625
2,2025-11-06,1.5502609196360595e-09,25,8094.13134765625
3,2025-11-06,1.5502609196360595e-09,25,8094.13134765625
4,2025-11-06,0.001181701198220253,25,8094.13134765625
5,2025-11-06,21.329868316650391,25,8094.13134765625
6,2025-11-06,252.7064208984375,25,8094.13134765625
7,2025-11-06,514.84735107421875,25,8094.13134765625
8,2025-11-06,847.44024658203125,25,8094.13134765625
9,2025-11-06,437.3529052734375,25,8094.13134765625
10,2025-11-06,358.69223022460938,25,8094.13134765625
11,2025-11-06,415.71246337890625,25,8094.13134765625
12,2025-11-06,409.26193237304688,25,8094.13134765625
13,2025-11-06,515.40673828125,25,8094.13134765625
14,2025-11-06,469.0816650390625,25,8094.13134765625
15,2025-11-06,577.6956787109375,25,8094.13134765625
16,2025-11-06,664.70068359375,25,8094.13134765625
17,2025-11-06,737.41168212890625,25,8094.13134765625
18,2025-11-06,744.111328125,25,8094.13134765625
19,2025-11-06,564.399169921875,25,8094.13134765625
20,2025-11-06,309.85964965820312,25,8094.13134765625
21,2025-11-06,203.77369689941406,25,8094.13134765625
22,2025-11-06,96.525550842285156,25,8094.13134765625
23,2025-11-06,5.4589290618896484,25,8094.13134765625
0,2025-11-07,0.15869951248168945,25,8035.6123046875
1,2025-11-07,0.00089654326438903809,25,8035.6123046875
2,2025-11-07,2.1639185998623134e-09,25,8035.6123046875
3,2025-11-07,2.16391393692561e-09,25,8035.6123046875
4,2025-11-07,0.00078452751040458679,25,8035.6123046875
5,2025-11-07,19.799617767333984,25,8035.6123046875
6,2025-11-07,254.57243347167969,25,8035.6123046875
7,2025-11-07,513.88006591796875,25,8035.6123046875
8,2025-11-07,821.8336181640625,25,8035.6123046875
9,2025-11-07,437.67904663085938,25,8035.6123046875
10,2025-11-07,353.77853393554688,25,8035.6123046875
11,2025-11-07,419.12945556640625,25,8035.6123046875
12,2025-11-07,407.89495849609375,25,8035.6123046875
13,2025-11-07,528.324462890625,25,8035.6123046875
14,2025-11-07,485.681640625,25,8035.6123046875
15,2025-11-07,605.10614013671875,25,8035.6123046875
16,2025-11-07,696.713134765625,25,8035.6123046875
17,2025-11-07,738.81793212890625,25,8035.6123046875
18,2025-11-07,669.6849365234375,25,8035.6123046875
19,2025-11-07,537.4349365234375,25,8035.6123046875
20,2025-11-07,304.38723754882812,25,8035.6123046875
21,2025-11-07,202.4281005859375,25,8035.6123046875
22,2025-11-07,106.66404724121094,25,8035.6123046875
23,2025-11-07,7.3977251052856445,25,8035.6123046875
0,2025-11-08,0.54738426208496094,25,6261.1396484375
1,2025-11-08,0.0037206709384918213,25,6261.1396484375
2,2025-11-08,4.2983048231803878e-09,25,6261.1396484375
3,2025-11-08,4.2983470116553235e-09,25,6261.1396484375
4,2025-11-08,0.00093604438006877899,25,6261.1396484375
5,2025-11-08,14.314496040344238,25,6261.1396484375
6,2025-11-08,126.57177734375,25,6261.1396484375
7,2025-11-08,144.44625854492188,25,6261.1396484375
8,2025-11-08,314.27755737304688,25,6261.1396484375
9,2025-11-08,299.2216796875,25,6261.1396484375
10,2025-11-08,283.29537963867188,25,6261.1396484375
11,2025-11-08,392.0849609375,25,6261.1396484375
12,2025-11-08,393.00338745117188,25,6261.1396484375
13,2025-11-08,528.95880126953125,25,6261.1396484375
14,2025-11-08,517.4901123046875,25,6261.1396484375
15,2025-11-08,640.12542724609375,25,6261.1396484375
16,2025-11-08,626.715576171875,25,6261.1396484375
17,2025-11-08,564.1905517578125,25,6261.1396484375
18,2025-11-08,522.31951904296875,25,6261.1396484375
19,2025-11-08,460.46316528320312,25,6261.1396484375
20,2025-11-08,263.10540771484375,25,6261.1396484375
21,2025-11-08,198.98367309570312,25,6261.1396484375
22,2025-11-08,113.48725128173828,25,6261.1396484375
23,2025-11-08,48.298191070556641,25,6261.1396484375
0,2025-11-09,15.6812744140625,25,5352.7978515625
1,2025-11-09,0.024027258157730103,25,5352.7978515625
2,2025-11-09,5.4494337931032533e-09,25,5352.7978515625
3,2025-11-09,5.449387163736219e-09,25,5352.7978515625
4,2025-11-09,0.0011965613812208176,25,5352.7978515625
5,2025-11-09,14.118290901184082,25,5352.7978515625
6,2025-11-09,104.37950134277344,25,5352.7978515625
7,2025-11-09,114.89033508300781,25,5352.7978515625
8,2025-11-09,209.77728271484375,25,5352.7978515625
9,2025-11-09,223.14183044433594,25,5352.7978515625
10,2025-11-09,234.5625,25,5352.7978515625
11,2025-11-09,319.9786376953125,25,5352.7978515625
12,2025-11-09,370.30087280273438,25,5352.7978515625
13,2025-11-09,477.79959106445312,25,5352.7978515625
14,2025-11-09,482.68539428710938,25,5352.7978515625
15,2025-11-09,597.5369873046875,25,5352.7978515625
16,2025-11-09,550.24310302734375,25,5352.7978515625
17,2025-11-09,518.29290771484375,25,5352.7978515625
18,2025-11-09,466.29937744140625,25,5352.7978515625
19,2025-11-09,369.04876708984375,25,5352.7978515625
20,2025-11-09,228.86627197265625,25,5352.7978515625
21,2025-11-09,186.33685302734375,25,5352.7978515625
22,2025-11-09,93.669952392578125,25,5352.7978515625
23,2025-11-09,37.253654479980469,25,5352.7978515625
0,2025-11-10,8.9277505874633789,25,7741.1689453125
1,2025-11-10,0.018448412418365479,25,7741.1689453125
2,2025-11-10,5.3970792279756097e-09,25,7741.1689453125
3,2025-11-10,5.3971072055958302e-09,25,7741.1689453125
4,2025-11-10,0.0011755283921957016,25,7741.1689453125
5,2025-11-10,19.519065856933594,25,7741.1689453125
6,2025-11-10,247.12179565429688,25,7741.1689453125
7,2025-11-10,518.23681640625,25,7741.1689453125
8,2025-11-10,849.6871337890625,25,7741.1689453125
9,2025-11-10,443.48904418945312,25,7741.1689453125
10,2025-11-10,335.946533203125,25,7741.1689453125
11,2025-11-10,395.39068603515625,25,7741.1689453125
12,2025-11-10,386.0662841796875,25,7741.1689453125
13,2025-11-10,505.0233154296875,25,7741.1689453125
14,2025-11-10,420.853759765625,25,7741.1689453125
15,2025-11-10,518.568359375,25,7741.1689453125
16,2025-11-10,662.80999755859375,25,7741.1689453125
17,2025-11-10,722.68115234375,25,7741.1689453125
18,2025-11-10,757.25,25,7741.1689453125
19,2025-11-10,531.59234619140625,25,7741.1689453125
20,2025-11-10,292.08242797851562,25,7741.1689453125
21,2025-11-10,192.79483032226562,25,7741.1689453125
22,2025-11-10,82.452613830566406,25,7741.1689453125
23,2025-11-10,5.3706302642822266,25,7741.1689453125
0,2025-11-11,0.57664060592651367,25,7784.037109375
1,2025-11-11,0.0011267960071563721,25,7784.037109375
2,2025-11-11,4.3210666156312527e-09,25,7784.037109375
3,2025-11-11,4.3210737210586103e-09,25,7784.037109375
4,2025-11-11,0.0011379644274711609,25,7784.037109375
5,2025-11-11,20.534704208374023,25,7784.037109375
6,2025-11-11,245.59613037109375,25,7784.037109375
7,2025-11-11,518.25604248046875,25,7784.037109375
8,2025-11-11,840.1243896484375,25,7784.037109375
9,2025-11-11,436.88247680664062,25,7784.037109375
10,2025-11-11,349.68194580078125,25,7784.037109375
11,2025-11-11,409.58566284179688,25,7784.037109375
12,2025-11-11,392.21066284179688,25,7784.037109375
13,2025-11-11,492.11849975585938,25,7784.037109375
14,2025-11-11,429.22802734375,25,7784.037109375
15,2025-11-11,534.9388427734375,25,7784.037109375
16,2025-11-11,660.80401611328125,25,7784.037109375
17,2025-11-11,714.5972900390625,25,7784.037109375
18,2025-11-11,748.080810546875,25,7784.037109375
19,2025-11-11,559.07354736328125,25,7784.037109375
20,2025-11-11,303.24978637695312,25,7784.037109375
21,2025-11-11,195.02268981933594,25,7784.037109375
22,2025-11-11,86.167320251464844,25,7784.037109375
23,2025-11-11,5.1305217742919922,25,7784.037109375
0,2025-11-12,0.20641660690307617,25,7856.2705078125
1,2025-11-12,-0.002098768949508667,25,7856.2705078125
2,2025-11-12,7.8545907555849226e-09,25,7856.2705078125
3,2025-11-12,7.8545188131329269e-09,25,7856.2705078125
4,2025-11-12,0.0011852346360683441,25,7856.2705078125
5,2025-11-12,20.336122512817383,25,7856.2705078125
6,2025-11-12,247.58453369140625,25,7856.2705078125
7,2025-11-12,516.068359375,25,7856.2705078125
8,2025-11-12,826.6337890625,25,7856.2705078125
9,2025-11-12,427.038818359375,25,7856.2705078125
10,2025-11-12,346.07559204101562,25,7856.2705078125
11,2025-11-12,401.912109375,25,7856.2705078125
12,2025-11-12,397.60244750976562,25,7856.2705078125
13,2025-11-12,505.7105712890625,25,7856.2705078125
14,2025-11-12,434.32891845703125,25,7856.2705078125
15,2025-11-12,536.0400390625,25,7856.2705078125
16,2025-11-12,652.6942138671875,25,7856.2705078125
17,2025-11-12,736.41119384765625,25,7856.2705078125
18,2025-11-12,755.12249755859375,25,7856.2705078125
19,2025-11-12,563.13671875,25,7856.2705078125
20,2025-11-12,312.39443969726562,25,7856.2705078125
21,2025-11-12,202.45979309082031,25,7856.2705078125
22,2025-11-12,93.021797180175781,25,7856.2705078125
23,2025-11-12,3.8605384826660156,25,7856.2705078125
0,2025-11-13,0.21231651306152344,25,7943.34130859375
1,2025-11-13,0.0005957484245300293,25,7943.34130859375
2,2025-11-13,5.7559952360008992e-09,25,7943.34130859375
3,2025-11-13,5.7560280986024281e-09,25,7943.34130859375
4,2025-11-13,0.00058892369270324707,25,7943.34130859375
5,2025-11-13,19.900936126708984,25,7943.34130859375
6,2025-11-13,240.55117797851562,25,7943.34130859375
7,2025-11-13,506.2779541015625,25,7943.34130859375
8,2025-11-13,808.09600830078125,25,7943.34130859375
9,2025-11-13,427.54150390625,25,7943.34130859375
10,2025-11-13,349.69522094726562,25,7943.34130859375
11,2025-11-13,397.769287109375,25,7943.34130859375
12,2025-11-13,398.041259765625,25,7943.34130859375
13,2025-11-13,498.3494873046875,25,7943.34130859375
14,2025-11-13,452.69711303710938,25,7943.34130859375
15,2025-11-13,551.724853515625,25,7943.34130859375
16,2025-11-13,656.02667236328125,25,7943.34130859375
17,2025-11-13,734.0294189453125,25,7943.34130859375
18,2025-11-13,738.43682861328125,25,7943.34130859375
19,2025-11-13,550.80364990234375,25,7943.34130859375
20,2025-11-13,306.59957885742188,25,7943.34130859375
21,2025-11-13,200.74818420410156,25,7943.34130859375
22,2025-11-13,96.43292236328125,25,7943.34130859375
23,2025-11-13,4.7586650848388672,25,7943.34130859375
0,2025-11-14,0.33001708984375,25,7999.5205078125
1,2025-11-14,-0.00064346194267272949,25,7999.5205078125
2,2025-11-14,1.0867858835084121e-09,25,7999.5205078125
3,2025-11-14,1.0868533850683093e-09,25,7999.5205078125
4,2025-11-14,0.00054865144193172455,25,7999.5205078125
5,2025-11-14,18.256019592285156,25,7999.5205078125
6,2025-11-14,243.11495971679688,25,7999.5205078125
7,2025-11-14,510.3406982421875,25,7999.5205078125
8,2025-11-14,797.0509033203125,25,7999.5205078125
9,2025-11-14,427.705322265625,25,7999.5205078125
10,2025-11-14,346.42742919921875,25,7999.5205078125
11,2025-11-14,403.1658935546875,25,7999.5205078125
12,2025-11-14,400.23171997070312,25,7999.5205078125
13,2025-11-14,517.32135009765625,25,7999.5205078125
14,2025-11-14,478.8184814453125,25,7999.5205078125
15,2025-11-14,588.859130859375,25,7999.5205078125
16,2025-11-14,698.9691162109375,25,7999.5205078125
17,2025-11-14,743.52410888671875,25,7999.5205078125
18,2025-11-14,658.35906982421875,25,7999.5205078125
19,2025-11-14,530.978759765625,25,7999.5205078125
20,2025-11-14,300.62631225585938,25,7999.5205078125
21,2025-11-14,199.11845397949219,25,7999.5205078125
22,2025-11-14,106.28041076660156,25,7999.5205078125
23,2025-11-14,5.7751884460449219,25,7999.5205078125
0,2025-11-15,0.38826322555541992,25,6222.4912109375
1,2025-11-15,0.002229154109954834,25,6222.4912109375
2,2025-11-15,3.028460593412774e-09,25,6222.4912109375
3,2025-11-15,3.0285585150835459e-09,25,6222.4912109375
4,2025-11-15,0.0010189339518547058,25,6222.4912109375
5,2025-11-15,12.961071014404297,25,6222.4912109375
6,2025-11-15,116.76246643066406,25,6222.4912109375
7,2025-11-15,140.17353820800781,25,6222.4912109375
8,2025-11-15,306.23416137695312,25,6222.4912109375
9,2025-11-15,289.76080322265625,25,6222.4912109375
10,2025-11-15,268.299560546875,25,6222.4912109375
11,2025-11-15,374.29965209960938,25,6222.4912109375
12,2025-11-15,384.16485595703125,25,6222.4912109375
13,2025-11-15,516.2451171875,25,6222.4912109375
14,2025-11-15,511.90396118164062,25,6222.4912109375
15,2025-11-15,637.17034912109375,25,6222.4912109375
16,2025-11-15,610.6495361328125,25,6222.4912109375
17,2025-11-15,560.75958251953125,25,6222.4912109375
18,2025-11-15,520.48193359375,25,6222.4912109375
19,2025-11-15,457.41876220703125,25,6222.4912109375
20,2025-11-15,257.37710571289062,25,6222.4912109375
21,2025-11-15,196.84703063964844,25,6222.4912109375
22,2025-11-15,113.27206420898438,25,6222.4912109375
23,2025-11-15,47.544326782226562,25,6222.4912109375
0,2025-11-16,15.903377532958984,25,5366.818359375
1,2025-11-16,0.031503170728683472,25,5366.818359375
2,2025-11-16,4.6304218237480654e-09,25,5366.818359375
3,2025-11-16,4.6304546863495943e-09,25,5366.818359375
4,2025-11-16,0.0010808352380990982,25,5366.818359375
5,2025-11-16,12.638421058654785,25,5366.818359375
6,2025-11-16,102.3726806640625,25,5366.818359375
7,2025-11-16,111.82960510253906,25,5366.818359375
8,2025-11-16,203.8291015625,25,5366.818359375
9,2025-11-16,221.08296203613281,25,5366.818359375
10,2025-11-16,217.60943603515625,25,5366.818359375
11,2025-11-16,306.35366821289062,25,5366.818359375
12,2025-11-16,355.7978515625,25,5366.818359375
13,2025-11-16,459.05178833007812,25,5366.818359375
14,2025-11-16,473.79705810546875,25,5366.818359375
15,2025-11-16,584.81085205078125,25,5366.818359375
16,2025-11-16,542.63494873046875,25,5366.818359375
17,2025-11-16,522.1478271484375,25,5366.818359375
18,2025-11-16,470.62863159179688,25,5366.818359375
19,2025-11-16,373.02517700195312,25,5366.818359375
20,2025-11-16,221.58140563964844,25,5366.818359375
21,2025-11-16,183.22108459472656,25,5366.818359375
22,2025-11-16,92.46820068359375,25,5366.818359375
23,2025-11-16,37.348915100097656,25,5366.818359375
0,2025-11-17,8.743840217590332,25,7753.37744140625
1,2025-11-17,0.0019830465316772461,25,7753.37744140625
2,2025-11-17,7.1298328352398244e-10,25,7753.37744140625
3,2025-11-17,7.1289013581221639e-10,25,7753.37744140625
4,2025-11-17,0.00087492726743221283,25,7753.37744140625
5,2025-11-17,19.314712524414062,25,7753.37744140625
6,2025-11-17,247.04953002929688,25,7753.37744140625
7,2025-11-17,533.538818359375,25,7753.37744140625
8,2025-11-17,880.437744140625,25,7753.37744140625
9,2025-11-17,442.99520874023438,25,7753.37744140625
10,2025-11-17,320.1790771484375,25,7753.37744140625
11,2025-11-17,377.298828125,25,7753.37744140625
12,2025-11-17,367.90780639648438,25,7753.37744140625
13,2025-11-17,478.819580078125,25,7753.37744140625
14,2025-11-17,396.53863525390625,25,7753.37744140625
15,2025-11-17,497.52615356445312,25,7753.37744140625
16,2025-11-17,653.22760009765625,25,7753.37744140625
17,2025-11-17,736.962646484375,25,7753.37744140625
18,2025-11-17,771.91845703125,25,7753.37744140625
19,2025-11-17,534.600830078125,25,7753.37744140625
20,2025-11-17,292.72857666015625,25,7753.37744140625
21,2025-11-17,190.79109191894531,25,7753.37744140625
22,2025-11-17,81.4072265625,25,7753.37744140625
23,2025-11-17,6.2464466094970703,25,7753.37744140625
0,2025-11-18,0.32169342041015625,25,7900.57470703125
1,2025-11-18,-0.0034382939338684082,25,7900.57470703125
2,2025-11-18,-5.0989911078158645e-12,25,7900.57470703125
3,2025-11-18,-5.0850209459829543e-12,25,7900.57470703125
4,2025-11-18,0.00070193037390708923,25,7900.57470703125
5,2025-11-18,19.907794952392578,25,7900.57470703125
6,2025-11-18,251.24618530273438,25,7900.57470703125
7,2025-11-18,533.0230712890625,25,7900.57470703125
8,2025-11-18,867.4542236328125,25,7900.57470703125
9,2025-11-18,449.98138427734375,25,7900.57470703125
10,2025-11-18,340.3822021484375,25,7900.57470703125
11,2025-11-18,395.30621337890625,25,7900.57470703125
12,2025-11-18,376.3587646484375,25,7900.57470703125
13,2025-11-18,464.35983276367188,25,7900.57470703125
14,2025-11-18,409.56069946289062,25,7900.57470703125
15,2025-11-18,517.15399169921875,25,7900.57470703125
16,2025-11-18,657.58551025390625,25,7900.57470703125
17,2025-11-18,726.1278076171875,25,7900.57470703125
18,2025-11-18,758.78216552734375,25,7900.57470703125
19,2025-11-18,563.35943603515625,25,7900.57470703125
20,2025-11-18,304.52114868164062,25,7900.57470703125
21,2025-11-18,194.02778625488281,25,7900.57470703125
22,2025-11-18,85.806465148925781,25,7900.57470703125
23,2025-11-18,4.3382377624511719,25,7900.57470703125
0,2025-11-19,0.16615390777587891,25,7997.9189453125
1,2025-11-19,-0.0046750307083129883,25,7997.9189453125
2,2025-11-19,2.0066623918069126e-09,25,7997.9189453125
3,2025-11-19,2.0066670547436161e-09,25,7997.9189453125
4,2025-11-19,0.00045225955545902252,25,7997.9189453125
5,2025-11-19,19.932912826538086,25,7997.9189453125
6,2025-11-19,249.17913818359375,25,7997.9189453125
7,2025-11-19,525.4927978515625,25,7997.9189453125
8,2025-11-19,857.77642822265625,25,7997.9189453125
9,2025-11-19,445.91802978515625,25,7997.9189453125
10,2025-11-19,339.86114501953125,25,7997.9189453125
11,2025-11-19,397.92501831054688,25,7997.9189453125
12,2025-11-19,387.0972900390625,25,7997.9189453125
13,2025-11-19,494.11050415039062,25,7997.9189453125
14,2025-11-19,419.759765625,25,7997.9189453125
15,2025-11-19,526.25799560546875,25,7997.9189453125
16,2025-11-19,656.5501708984375,25,7997.9189453125
17,2025-11-19,744.958984375,25,7997.9189453125
18,2025-11-19,765.0902099609375,25,7997.9189453125
19,2025-11-19,567.41595458984375,25,7997.9189453125
20,2025-11-19,314.29034423828125,25,7997.9189453125
21,2025-11-19,200.51322937011719,25,7997.9189453125
22,2025-11-19,94.586517333984375,25,7997.9189453125
23,2025-11-19,3.8384914398193359,25,7997.9189453125
0,2025-11-20,0.23560762405395508,25,8008.9658203125
1,2025-11-20,-0.0049396157264709473,25,8008.9658203125
2,2025-11-20,1.6630906651826649e-09,25,8008.9658203125
3,2025-11-20,1.6631138688438796e-09,25,8008.9658203125
4,2025-11-20,0.00052671320736408234,25,8008.9658203125
5,2025-11-20,19.843738555908203,25,8008.9658203125
6,2025-11-20,243.97447204589844,25,8008.9658203125
7,2025-11-20,525.417724609375,25,8008.9658203125
8,2025-11-20,857.6865234375,25,8008.9658203125
9,2025-11-20,440.39193725585938,25,8008.9658203125
10,2025-11-20,345.63937377929688,25,8008.9658203125
11,2025-11-20,394.8726806640625,25,8008.9658203125
12,2025-11-20,386.0338134765625,25,8008.9658203125
13,2025-11-20,483.13986206054688,25,8008.9658203125
14,2025-11-20,435.9805908203125,25,8008.9658203125
15,2025-11-20,538.43310546875,25,8008.9658203125
16,2025-11-20,653.26080322265625,25,8008.9658203125
17,2025-11-20,735.3494873046875,25,8008.9658203125
18,2025-11-20,741.194091796875,25,8008.9658203125
19,2025-11-20,556.12091064453125,25,8008.9658203125
20,2025-11-20,306.95159912109375,25,8008.9658203125
21,2025-11-20,200.14738464355469,25,8008.9658203125
22,2025-11-20,97.603050231933594,25,8008.9658203125
23,2025-11-20,4.2317581176757812,25,8008.9658203125
0,2025-11-21,0.2059016227722168,25,7892.3671875
1,2025-11-21,-0.0027094781398773193,25,7892.3671875
2,2025-11-21,3.6948288872906687e-09,25,7892.3671875
3,2025-11-21,3.6948801795944064e-09,25,7892.3671875
4,2025-11-21,0.0007505565881729126,25,7892.3671875
5,2025-11-21,18.32244873046875,25,7892.3671875
6,2025-11-21,241.77650451660156,25,7892.3671875
7,2025-11-21,516.0772705078125,25,7892.3671875
8,2025-11-21,805.30657958984375,25,7892.3671875
9,2025-11-21,416.74179077148438,25,7892.3671875
10,2025-11-21,332.94830322265625,25,7892.3671875
11,2025-11-21,387.64288330078125,25,7892.3671875
12,2025-11-21,379.98251342773438,25,7892.3671875
13,2025-11-21,495.3447265625,25,7892.3671875
14,2025-11-21,453.41995239257812,25,7892.3671875
15,2025-11-21,572.0599365234375,25,7892.3671875
16,2025-11-21,689.10565185546875,25,7892.3671875
17,2025-11-21,726.07061767578125,25,7892.3671875
18,2025-11-21,638.43365478515625,25,7892.3671875
19,2025-11-21,527.445556640625,25,7892.3671875
20,2025-11-21,296.54647827148438,25,7892.3671875
21,2025-11-21,194.72727966308594,25,7892.3671875
22,2025-11-21,106.57817840576172,25,7892.3671875
23,2025-11-21,5.8670616149902344,25,7892.3671875
0,2025-11-22,0.29587173461914062,25,6069.07080078125
1,2025-11-22,0.0017581582069396973,25,6069.07080078125
2,2025-11-22,2.6457755986086795e-09,25,6069.07080078125
3,2025-11-22,2.6457662727352727e-09,25,6069.07080078125
4,2025-11-22,0.00080649368464946747,25,6069.07080078125
5,2025-11-22,12.53887939453125,25,6069.07080078125
6,2025-11-22,118.77162170410156,25,6069.07080078125
7,2025-11-22,130.63435363769531,25,6069.07080078125
8,2025-11-22,272.58718872070312,25,6069.07080078125
9,2025-11-22,269.31045532226562,25,6069.07080078125
10,2025-11-22,256.195068359375,25,6069.07080078125
11,2025-11-22,348.6866455078125,25,6069.07080078125
12,2025-11-22,357.1729736328125,25,6069.07080078125
13,2025-11-22,493.28402709960938,25,6069.07080078125
14,2025-11-22,477.77825927734375,25,6069.07080078125
15,2025-11-22,599.5364990234375,25,6069.07080078125
16,2025-11-22,579.6116943359375,25,6069.07080078125
17,2025-11-22,514.820556640625,25,6069.07080078125
18,2025-11-22,472.07000732421875,25,6069.07080078125
19,2025-11-22,449.86050415039062,25,6069.07080078125
20,2025-11-22,249.01724243164062,25,6069.07080078125
21,2025-11-22,192.21156311035156,25,6069.07080078125
22,2025-11-22,113.72564697265625,25,6069.07080078125
23,2025-11-22,45.252506256103516,25,6069.07080078125
0,2025-11-23,14.969249725341797,25,5123.74609375
1,2025-11-23,0.033679217100143433,25,5123.74609375
2,2025-11-23,5.5334807846918466e-09,25,5123.74609375
3,2025-11-23,5.5335322990401892e-09,25,5123.74609375
4,2025-11-23,0.00039306655526161194,25,5123.74609375
5,2025-11-23,12.383756637573242,25,5123.74609375
6,2025-11-23,98.070816040039062,25,5123.74609375
7,2025-11-23,107.88546752929688,25,5123.74609375
8,2025-11-23,202.56124877929688,25,5123.74609375
9,2025-11-23,210.60935974121094,25,5123.74609375
10,2025-11-23,209.76727294921875,25,5123.74609375
11,2025-11-23,290.2464599609375,25,5123.74609375
12,2025-11-23,340.22964477539062,25,5123.74609375
13,2025-11-23,434.30905151367188,25,5123.74609375
14,2025-11-23,447.29608154296875,25,5123.74609375
15,2025-11-23,559.36883544921875,25,5123.74609375
16,2025-11-23,507.7730712890625,25,5123.74609375
17,2025-11-23,479.77728271484375,25,5123.74609375
18,2025-11-23,425.1956787109375,25,5123.74609375
19,2025-11-23,363.16085815429688,25,5123.74609375
20,2025-11-23,220.98870849609375,25,5123.74609375
21,2025-11-23,179.50178527832031,25,5123.74609375
22,2025-11-23,94.903350830078125,25,5123.74609375
23,2025-11-23,37.368949890136719,25,5123.74609375
0,2025-11-24,9.1497230529785156,25,7658.365234375
1,2025-11-24,0.0076260268688201904,25,7658.365234375
2,2025-11-24,3.4192251252562755e-09,25,7658.365234375
3,2025-11-24,3.4192668696420014e-09,25,7658.365234375
4,2025-11-24,0.00052788294851779938,25,7658.365234375
5,2025-11-24,17.973993301391602,25,7658.365234375
6,2025-11-24,239.38223266601562,25,7658.365234375
7,2025-11-24,520.50262451171875,25,7658.365234375
8,2025-11-24,842.253662109375,25,7658.365234375
9,2025-11-24,433.62384033203125,25,7658.365234375
10,2025-11-24,311.21078491210938,25,7658.365234375
11,2025-11-24,359.6591796875,25,7658.365234375
12,2025-11-24,358.26553344726562,25,7658.365234375
13,2025-11-24,459.11776733398438,25,7658.365234375
14,2025-11-24,386.24008178710938,25,7658.365234375
15,2025-11-24,471.60269165039062,25,7658.365234375
16,2025-11-24,642.78399658203125,25,7658.365234375
17,2025-11-24,716.6236572265625,25,7658.365234375
18,2025-11-24,746.49755859375,25,7658.365234375
19,2025-11-24,537.3858642578125,25,7658.365234375
20,2025-11-24,288.7860107421875,25,7658.365234375
21,2025-11-24,186.2142333984375,25,7658.365234375
22,2025-11-24,82.967514038085938,25,7658.365234375
23,2025-11-24,7.1512317657470703,25,7658.365234375
0,2025-11-25,0.41252565383911133,25,7827.890625
1,2025-11-25,-0.0023069083690643311,25,7827.890625
2,2025-11-25,3.0195992373194258e-09,25,7827.890625
3,2025-11-25,3.0196132261295361e-09,25,7827.890625
4,2025-11-25,0.00071385875344276428,25,7827.890625
5,2025-11-25,19.087181091308594,25,7827.890625
6,2025-11-25,243.72489929199219,25,7827.890625
7,2025-11-25,526.03863525390625,25,7827.890625
8,2025-11-25,851.92755126953125,25,7827.890625
9,2025-11-25,442.330078125,25,7827.890625
10,2025-11-25,334.57623291015625,25,7827.890625
11,2025-11-25,384.41796875,25,7827.890625
12,2025-11-25,372.8511962890625,25,7827.890625
13,2025-11-25,449.69586181640625,25,7827.890625
14,2025-11-25,399.41607666015625,25,7827.890625
15,2025-11-25,494.71002197265625,25,7827.890625
16,2025-11-25,648.3194580078125,25,7827.890625
17,2025-11-25,717.4630126953125,25,7827.890625
18,2025-11-25,745.648193359375,25,7827.890625
19,2025-11-25,563.8883056640625,25,7827.890625
20,2025-11-25,305.13955688476562,25,7827.890625
21,2025-11-25,189.08718872070312,25,7827.890625
22,2025-11-25,88.330718994140625,25,7827.890625
23,2025-11-25,5.6433296203613281,25,7827.890625
0,2025-11-26,0.20708322525024414,25,7958.89697265625
1,2025-11-26,-0.00096923112869262695,25,7958.89697265625
2,2025-11-26,3.019361649592156e-09,25,7958.89697265625
3,2025-11-26,3.0194129418958937e-09,25,7958.89697265625
4,2025-11-26,0.00076281279325485229,25,7958.89697265625
5,2025-11-26,18.894329071044922,25,7958.89697265625
6,2025-11-26,243.52764892578125,25,7958.89697265625
7,2025-11-26,520.0382080078125,25,7958.89697265625
8,2025-11-26,845.20904541015625,25,7958.89697265625
9,2025-11-26,440.27395629882812,25,7958.89697265625
10,2025-11-26,333.95904541015625,25,7958.89697265625
11,2025-11-26,384.60693359375,25,7958.89697265625
12,2025-11-26,380.82781982421875,25,7958.89697265625
13,2025-11-26,476.04769897460938,25,7958.89697265625
14,2025-11-26,407.62698364257812,25,7958.89697265625
15,2025-11-26,506.0791015625,25,7958.89697265625
16,2025-11-26,641.2493896484375,25,7958.89697265625
17,2025-11-26,737.01593017578125,25,7958.89697265625
18,2025-11-26,754.9393310546875,25,7958.89697265625
19,2025-11-26,568.82196044921875,25,7958.89697265625
20,2025-11-26,311.18698120117188,25,7958.89697265625
21,2025-11-26,195.32818603515625,25,7958.89697265625
22,2025-11-26,95.23974609375,25,7958.89697265625
23,2025-11-26,5.2729454040527344,25,7958.89697265625
0,2025-11-27,0.14680862426757812,25,7988.9267578125
1,2025-11-27,-0.0056345164775848389,25,7988.9267578125
2,2025-11-27,2.3265811499584288e-09,25,7988.9267578125
3,2025-11-27,2.3266277793254631e-09,25,7988.9267578125
4,2025-11-27,0.00083193928003311157,25,7988.9267578125
5,2025-11-27,18.826744079589844,25,7988.9267578125
6,2025-11-27,239.4007568359375,25,7988.9267578125
7,2025-11-27,520.62835693359375,25,7988.9267578125
8,2025-11-27,845.4354248046875,25,7988.9267578125
9,2025-11-27,432.45693969726562,25,7988.9267578125
10,2025-11-27,336.56948852539062,25,7988.9267578125
11,2025-11-27,383.49566650390625,25,7988.9267578125
12,2025-11-27,379.20864868164062,25,7988.9267578125
13,2025-11-27,464.39361572265625,25,7988.9267578125
14,2025-11-27,427.946044921875,25,7988.9267578125
15,2025-11-27,525.76959228515625,25,7988.9267578125
16,2025-11-27,641.1492919921875,25,7988.9267578125
17,2025-11-27,732.789794921875,25,7988.9267578125
18,2025-11-27,737.77020263671875,25,7988.9267578125
19,2025-11-27,559.2093505859375,25,7988.9267578125
20,2025-11-27,305.09707641601562,25,7988.9267578125
21,2025-11-27,194.16001892089844,25,7988.9267578125
22,2025-11-27,99.150718688964844,25,7988.9267578125
23,2025-11-27,7.012059211730957,25,7988.9267578125
0,2025-11-28,0.23303031921386719,25,7989.017578125
1,2025-11-28,-0.0014743804931640625,25,7989.017578125
2,2025-11-28,5.4353055389810834e-09,25,7989.017578125
3,2025-11-28,5.4352891076803189e-09,25,7989.017578125
4,2025-11-28,0.00091059878468513489,25,7989.017578125
5,2025-11-28,16.902210235595703,25,7989.017578125
6,2025-11-28,234.509033203125,25,7989.017578125
7,2025-11-28,510.89688110351562,25,7989.017578125
8,2025-11-28,806.94873046875,25,7989.017578125
9,2025-11-28,415.58181762695312,25,7989.017578125
10,2025-11-28,324.71585083007812,25,7989.017578125
11,2025-11-28,379.64102172851562,25,7989.017578125
12,2025-11-28,374.29238891601562,25,7989.017578125
13,2025-11-28,479.51223754882812,25,7989.017578125
14,2025-11-28,443.73287963867188,25,7989.017578125
15,2025-11-28,555.3953857421875,25,7989.017578125
16,2025-11-28,684.3394775390625,25,7989.017578125
17,2025-11-28,730.82623291015625,25,7989.017578125
18,2025-11-28,629.30975341796875,25,7989.017578125
19,2025-11-28,530.08416748046875,25,7989.017578125
20,2025-11-28,295.47509765625,25,7989.017578125
21,2025-11-28,189.08905029296875,25,7989.017578125
22,2025-11-28,107.80788421630859,25,7989.017578125
23,2025-11-28,11.388075828552246,25,7989.017578125
0,2025-11-29,0.58145761489868164,25,5937.76318359375
1,2025-11-29,-0.0026229619979858398,25,5937.76318359375
2,2025-11-29,5.0667741113841203e-09,25,5937.76318359375
3,2025-11-29,5.0667998685582916e-09,25,5937.76318359375
4,2025-11-29,0.00054657645523548126,25,5937.76318359375
5,2025-11-29,11.758489608764648,25,5937.76318359375
6,2025-11-29,109.48670196533203,25,5937.76318359375
7,2025-11-29,130.190673828125,25,5937.76318359375
8,2025-11-29,275.92318725585938,25,5937.76318359375
9,2025-11-29,261.20309448242188,25,5937.76318359375
10,2025-11-29,244.9910888671875,25,5937.76318359375
11,2025-11-29,336.79580688476562,25,5937.76318359375
12,2025-11-29,351.60165405273438,25,5937.76318359375
13,2025-11-29,476.27252197265625,25,5937.76318359375
14,2025-11-29,467.71548461914062,25,5937.76318359375
15,2025-11-29,583.3138427734375,25,5937.76318359375
16,2025-11-29,547.82000732421875,25,5937.76318359375
17,2025-11-29,502.58001708984375,25,5937.76318359375
18,2025-11-29,461.08071899414062,25,5937.76318359375
19,2025-11-29,435.47470092773438,25,5937.76318359375
20,2025-11-29,245.25,25,5937.76318359375
21,2025-11-29,184.87985229492188,25,5937.76318359375
22,2025-11-29,114.58672332763672,25,5937.76318359375
23,2025-11-29,47.053749084472656,25,5937.76318359375
0,2025-11-30,15.367062568664551,25,5075.4921875
1,2025-11-30,0.01763075590133667,25,5075.4921875
2,2025-11-30,1.317388309551859e-09,25,5075.4921875
3,2025-11-30,1.3173627744222927e-09,25,5075.4921875
4,2025-11-30,0.00054971314966678619,25,5075.4921875
5,2025-11-30,11.075770378112793,25,5075.4921875
6,2025-11-30,94.601310729980469,25,5075.4921875
7,2025-11-30,111.76005554199219,25,5075.4921875
8,2025-11-30,203.09735107421875,25,5075.4921875
9,2025-11-30,209.18183898925781,25,5075.4921875
10,2025-11-30,201.25439453125,25,5075.4921875
11,2025-11-30,278.74627685546875,25,5075.4921875
12,2025-11-30,332.30276489257812,25,5075.4921875
13,2025-11-30,416.48468017578125,25,5075.4921875
14,2025-11-30,437.49142456054688,25,5075.4921875
15,2025-11-30,542.64703369140625,25,5075.4921875
16,2025-11-30,491.12152099609375,25,5075.4921875
17,2025-11-30,476.69790649414062,25,5075.4921875
18,2025-11-30,416.76690673828125,25,5075.4921875
19,2025-11-30,356.27883911132812,25,5075.4921875
20,2025-11-30,213.6099853515625,25,5075.4921875
21,2025-11-30,174.23252868652344,25,5075.4921875
22,2025-11-30,94.831680297851562,25,5075.4921875
23,2025-11-30,39.379863739013672,25,5075.4921875
0,2025-12-01,9.8774147033691406,25,7611.236328125
1,2025-12-01,0.013757437467575073,25,7611.236328125
2,2025-12-01,3.6249774293395376e-09,25,7611.236328125
3,2025-12-01,3.6250287216432753e-09,25,7611.236328125
4,2025-12-01,0.00074781849980354309,25,7611.236328125
5,2025-12-01,17.697658538818359,25,7611.236328125
6,2025-12-01,234.71875,25,7611.236328125
7,2025-12-01,519.5223388671875,25,7611.236328125
8,2025-12-01,839.20849609375,25,7611.236328125
9,2025-12-01,434.6441650390625,25,7611.236328125
10,2025-12-01,305.48870849609375,25,7611.236328125
11,2025-12-01,352.83306884765625,25,7611.236328125
12,2025-12-01,350.85586547851562,25,7611.236328125
13,2025-12-01,447.32595825195312,25,7611.236328125
14,2025-12-01,375.36062622070312,25,7611.236328125
15,2025-12-01,456.50039672851562,25,7611.236328125
16,2025-12-01,625.63836669921875,25,7611.236328125
17,2025-12-01,712.19244384765625,25,7611.236328125
18,2025-12-01,747.48486328125,25,7611.236328125
19,2025-12-01,528.216552734375,25,7611.236328125
20,2025-12-01,285.413818359375,25,7611.236328125
21,2025-12-01,181.44419860839844,25,7611.236328125
22,2025-12-01,84.862884521484375,25,7611.236328125
23,2025-12-01,6.0343151092529297,25,7611.236328125
0,2025-12-02,0.65989780426025391,25,7722.447265625
1,2025-12-02,0.0028559565544128418,25,7722.447265625
2,2025-12-02,4.9991646378089172e-09,25,7722.447265625
3,2025-12-02,4.9991601969168187e-09,25,7722.447265625
4,2025-12-02,0.00054301135241985321,25,7722.447265625
5,2025-12-02,17.742618560791016,25,7722.447265625
6,2025-12-02,238.30947875976562,25,7722.447265625
7,2025-12-02,526.25634765625,25,7722.447265625
8,2025-12-02,842.63623046875,25,7722.447265625
9,2025-12-02,439.94412231445312,25,7722.447265625
10,2025-12-02,324.01779174804688,25,7722.447265625
11,2025-12-02,374.82598876953125,25,7722.447265625
12,2025-12-02,359.6058349609375,25,7722.447265625
13,2025-12-02,435.66177368164062,25,7722.447265625
14,2025-12-02,385.041259765625,25,7722.447265625
15,2025-12-02,474.8734130859375,25,7722.447265625
16,2025-12-02,631.7818603515625,25,7722.447265625
17,2025-12-02,702.71502685546875,25,7722.447265625
18,2025-12-02,735.56072998046875,25,7722.447265625
19,2025-12-02,549.31103515625,25,7722.447265625
20,2025-12-02,297.63308715820312,25,7722.447265625
21,2025-12-02,184.41105651855469,25,7722.447265625
22,2025-12-02,89.523788452148438,25,7722.447265625
23,2025-12-02,4.9389228820800781,25,7722.447265625
0,2025-12-03,0.18362665176391602,25,7761.8037109375
1,2025-12-03,-0.0028716623783111572,25,7761.8037109375
2,2025-12-03,-1.9866366329779339e-09,25,7761.8037109375
3,2025-12-03,-1.9865342704150635e-09,25,7761.8037109375
4,2025-12-03,0.00067108683288097382,25,7761.8037109375
5,2025-12-03,18.744380950927734,25,7761.8037109375
6,2025-12-03,231.470458984375,25,7761.8037109375
7,2025-12-03,515.94921875,25,7761.8037109375
8,2025-12-03,829.29095458984375,25,7761.8037109375
9,2025-12-03,424.55169677734375,25,7761.8037109375
10,2025-12-03,320.58966064453125,25,7761.8037109375
11,2025-12-03,367.01315307617188,25,7761.8037109375
12,2025-12-03,363.93017578125,25,7761.8037109375
13,2025-12-03,451.43115234375,25,7761.8037109375
14,2025-12-03,393.36029052734375,25,7761.8037109375
15,2025-12-03,486.76089477539062,25,7761.8037109375
16,2025-12-03,620.51458740234375,25,7761.8037109375
17,2025-12-03,717.69378662109375,25,7761.8037109375
18,2025-12-03,743.25439453125,25,7761.8037109375
19,2025-12-03,551.69830322265625,25,7761.8037109375
20,2025-12-03,301.05865478515625,25,7761.8037109375
21,2025-12-03,187.99787902832031,25,7761.8037109375
22,2025-12-03,95.329238891601562,25,7761.8037109375
23,2025-12-03,3.8338508605957031,25,7761.8037109375
0,2025-12-04,0.17003631591796875,25,7769.2421875
1,2025-12-04,-0.0026310384273529053,25,7769.2421875
2,2025-12-04,-1.4737621123472877e-09,25,7769.2421875
3,2025-12-04,-1.4737341347270672e-09,25,7769.2421875
4,2025-12-04,0.00055750645697116852,25,7769.2421875
5,2025-12-04,19.039985656738281,25,7769.2421875
6,2025-12-04,229.81187438964844,25,7769.2421875
7,2025-12-04,516.56182861328125,25,7769.2421875
8,2025-12-04,819.416015625,25,7769.2421875
9,2025-12-04,422.34121704101562,25,7769.2421875
10,2025-12-04,322.73904418945312,25,7769.2421875
11,2025-12-04,363.57803344726562,25,7769.2421875
12,2025-12-04,361.23934936523438,25,7769.2421875
13,2025-12-04,434.82073974609375,25,7769.2421875
14,2025-12-04,411.64566040039062,25,7769.2421875
15,2025-12-04,501.49942016601562,25,7769.2421875
16,2025-12-04,625.9976806640625,25,7769.2421875
17,2025-12-04,714.0054931640625,25,7769.2421875
18,2025-12-04,728.5052490234375,25,7769.2421875
19,2025-12-04,538.9837646484375,25,7769.2421875
20,2025-12-04,297.20928955078125,25,7769.2421875
21,2025-12-04,188.45941162109375,25,7769.2421875
22,2025-12-04,98.09478759765625,25,7769.2421875
23,2025-12-04,4.6897144317626953,25,7769.2421875
0,2025-12-05,0.15436935424804688,25,7825.7294921875
1,2025-12-05,-0.0011315047740936279,25,7825.7294921875
2,2025-12-05,9.6473140587249873e-10,25,7825.7294921875
3,2025-12-05,9.6475705202436757e-10,25,7825.7294921875
4,2025-12-05,0.00035401806235313416,25,7825.7294921875
5,2025-12-05,17.771202087402344,25,7825.7294921875
6,2025-12-05,231.74459838867188,25,7825.7294921875
7,2025-12-05,513.29931640625,25,7825.7294921875
8,2025-12-05,796.1368408203125,25,7825.7294921875
9,2025-12-05,406.96090698242188,25,7825.7294921875
10,2025-12-05,316.05682373046875,25,7825.7294921875
11,2025-12-05,363.864013671875,25,7825.7294921875
12,2025-12-05,360.39718627929688,25,7825.7294921875
13,2025-12-05,455.77841186523438,25,7825.7294921875
14,2025-12-05,429.68014526367188,25,7825.7294921875
15,2025-12-05,536.8577880859375,25,7825.7294921875
16,2025-12-05,674.3931884765625,25,7825.7294921875
17,2025-12-05,720.19873046875,25,7825.7294921875
18,2025-12-05,629.12176513671875,25,7825.7294921875
19,2025-12-05,522.15875244140625,25,7825.7294921875
20,2025-12-05,291.2620849609375,25,7825.7294921875
21,2025-12-05,188.84564208984375,25,7825.7294921875
22,2025-12-05,106.85440063476562,25,7825.7294921875
23,2025-12-05,6.7117366790771484,25,7825.7294921875
0,2025-12-06,0.43789148330688477,25,5848.36328125
1,2025-12-06,-0.002478480339050293,25,5848.36328125
2,2025-12-06,6.78412603871692e-10,25,5848.36328125
3,2025-12-06,6.7844985185416817e-10,25,5848.36328125
4,2025-12-06,0.00048429146409034729,25,5848.36328125
5,2025-12-06,12.542333602905273,25,5848.36328125
6,2025-12-06,109.72024536132812,25,5848.36328125
7,2025-12-06,132.93679809570312,25,5848.36328125
8,2025-12-06,276.966064453125,25,5848.36328125
9,2025-12-06,249.06356811523438,25,5848.36328125
10,2025-12-06,240.58613586425781,25,5848.36328125
11,2025-12-06,321.68487548828125,25,5848.36328125
12,2025-12-06,337.66998291015625,25,5848.36328125
13,2025-12-06,458.00485229492188,25,5848.36328125
14,2025-12-06,452.36257934570312,25,5848.36328125
15,2025-12-06,563.4857177734375,25,5848.36328125
16,2025-12-06,547.22833251953125,25,5848.36328125
17,2025-12-06,502.19091796875,25,5848.36328125
18,2025-12-06,462.81207275390625,25,5848.36328125
19,2025-12-06,432.39862060546875,25,5848.36328125
20,2025-12-06,243.91455078125,25,5848.36328125
21,2025-12-06,186.69902038574219,25,5848.36328125
22,2025-12-06,115.70974731445312,25,5848.36328125
23,2025-12-06,45.263450622558594,25,5848.36328125
0,2025-12-07,15.467472076416016,25,4878.8466796875
1,2025-12-07,0.02481880784034729,25,4878.8466796875
2,2025-12-07,3.2384901427207069e-09,25,4878.8466796875
3,2025-12-07,3.2385321091510377e-09,25,4878.8466796875
4,2025-12-07,0.00069424323737621307,25,4878.8466796875
5,2025-12-07,11.379632949829102,25,4878.8466796875
6,2025-12-07,89.358917236328125,25,4878.8466796875
7,2025-12-07,107.64471435546875,25,4878.8466796875
8,2025-12-07,197.28402709960938,25,4878.8466796875
9,2025-12-07,199.62211608886719,25,4878.8466796875
10,2025-12-07,196.68415832519531,25,4878.8466796875
11,2025-12-07,270.92462158203125,25,4878.8466796875
12,2025-12-07,323.93582153320312,25,4878.8466796875
13,2025-12-07,406.38912963867188,25,4878.8466796875
14,2025-12-07,417.44302368164062,25,4878.8466796875
15,2025-12-07,526.29083251953125,25,4878.8466796875
16,2025-12-07,483.415283203125,25,4878.8466796875
17,2025-12-07,460.21185302734375,25,4878.8466796875
18,2025-12-07,412.34078979492188,25,4878.8466796875
19,2025-12-07,349.1412353515625,25,4878.8466796875
20,2025-12-07,211.29336547851562,25,4878.8466796875
21,2025-12-07,171.99266052246094,25,4878.8466796875
22,2025-12-07,95.715934753417969,25,4878.8466796875
23,2025-12-07,36.192508697509766,25,4878.8466796875
0,2025-12-08,9.2082853317260742,25,7451.41748046875
1,2025-12-08,0.00730934739112854,25,7451.41748046875
2,2025-12-08,1.7456802670068328e-09,25,7451.41748046875
3,2025-12-08,1.7456617262823215e-09,25,7451.41748046875
4,2025-12-08,0.00065294839441776276,25,7451.41748046875
5,2025-12-08,17.637454986572266,25,7451.41748046875
6,2025-12-08,225.28121948242188,25,7451.41748046875
7,2025-12-08,514.4476318359375,25,7451.41748046875
8,2025-12-08,821.0216064453125,25,7451.41748046875
9,2025-12-08,420.7073974609375,25,7451.41748046875
10,2025-12-08,289.9178466796875,25,7451.41748046875
11,2025-12-08,331.80661010742188,25,7451.41748046875
12,2025-12-08,338.11334228515625,25,7451.41748046875
13,2025-12-08,418.64910888671875,25,7451.41748046875
14,2025-12-08,362.5081787109375,25,7451.41748046875
15,2025-12-08,440.94125366210938,25,7451.41748046875
16,2025-12-08,608.31365966796875,25,7451.41748046875
17,2025-12-08,697.732177734375,25,7451.41748046875
18,2025-12-08,735.19329833984375,25,7451.41748046875
19,2025-12-08,512.83013916015625,25,7451.41748046875
20,2025-12-08,274.32736206054688,25,7451.41748046875
21,2025-12-08,171.92674255371094,25,7451.41748046875
22,2025-12-08,83.074905395507812,25,7451.41748046875
23,2025-12-08,4.0064105987548828,25,7451.41748046875
0,2025-12-09,0.47563266754150391,25,7506.25927734375
1,2025-12-09,-0.0029621422290802002,25,7506.25927734375
2,2025-12-09,3.3738882798672876e-09,25,7506.25927734375
3,2025-12-09,3.3739115945508047e-09,25,7506.25927734375
4,2025-12-09,0.00029214099049568176,25,7506.25927734375
5,2025-12-09,18.288482666015625,25,7506.25927734375
6,2025-12-09,229.29035949707031,25,7506.25927734375
7,2025-12-09,517.3885498046875,25,7506.25927734375
8,2025-12-09,825.00250244140625,25,7506.25927734375
9,2025-12-09,423.16116333007812,25,7506.25927734375
10,2025-12-09,309.24075317382812,25,7506.25927734375
11,2025-12-09,354.1151123046875,25,7506.25927734375
12,2025-12-09,347.11968994140625,25,7506.25927734375
13,2025-12-09,405.47549438476562,25,7506.25927734375
14,2025-12-09,372.689697265625,25,7506.25927734375
15,2025-12-09,463.29257202148438,25,7506.25927734375
16,2025-12-09,617.08660888671875,25,7506.25927734375
17,2025-12-09,690.219482421875,25,7506.25927734375
18,2025-12-09,729.00811767578125,25,7506.25927734375
19,2025-12-09,542.5987548828125,25,7506.25927734375
20,2025-12-09,292.64117431640625,25,7506.25927734375
21,2025-12-09,177.82310485839844,25,7506.25927734375
22,2025-12-09,88.31744384765625,25,7506.25927734375
23,2025-12-09,3.9496231079101562,25,7506.25927734375
0,2025-12-10,0.16564655303955078,25,7705.68359375
1,2025-12-10,0.0010922253131866455,25,7705.68359375
2,2025-12-10,2.7369289057332935e-09,25,7705.68359375
3,2025-12-10,2.73699862773924e-09,25,7705.68359375
4,2025-12-10,0.00039464421570301056,25,7705.68359375
5,2025-12-10,18.228000640869141,25,7705.68359375
6,2025-12-10,231.25790405273438,25,7705.68359375
7,2025-12-10,514.83349609375,25,7705.68359375
8,2025-12-10,822.36474609375,25,7705.68359375
9,2025-12-10,419.56204223632812,25,7705.68359375
10,2025-12-10,311.04998779296875,25,7705.68359375
11,2025-12-10,358.50924682617188,25,7705.68359375
12,2025-12-10,357.322998046875,25,7705.68359375
13,2025-12-10,431.30145263671875,25,7705.68359375
14,2025-12-10,382.79672241210938,25,7705.68359375
15,2025-12-10,471.82037353515625,25,7705.68359375
16,2025-12-10,621.5576171875,25,7705.68359375
17,2025-12-10,712.4185791015625,25,7705.68359375
18,2025-12-10,739.825927734375,25,7705.68359375
19,2025-12-10,547.8121337890625,25,7705.68359375
20,2025-12-10,301.4405517578125,25,7705.68359375
21,2025-12-10,184.46258544921875,25,7705.68359375
22,2025-12-10,96.189056396484375,25,7705.68359375
23,2025-12-10,3.5750503540039062,25,7705.68359375
0,2025-12-11,0.15576601028442383,25,7753.8828125
1,2025-12-11,-0.00089222192764282227,25,7753.8828125
2,2025-12-11,2.1077413148162805e-09,25,7753.8828125
3,2025-12-11,2.1078017109488201e-09,25,7753.8828125
4,2025-12-11,0.00054279342293739319,25,7753.8828125
5,2025-12-11,18.777656555175781,25,7753.8828125
6,2025-12-11,228.02096557617188,25,7753.8828125
7,2025-12-11,517.18927001953125,25,7753.8828125
8,2025-12-11,823.968017578125,25,7753.8828125
9,2025-12-11,418.13491821289062,25,7753.8828125
10,2025-12-11,317.72457885742188,25,7753.8828125
11,2025-12-11,358.22042846679688,25,7753.8828125
12,2025-12-11,358.50018310546875,25,7753.8828125
13,2025-12-11,426.11569213867188,25,7753.8828125
14,2025-12-11,403.98651123046875,25,7753.8828125
15,2025-12-11,493.06976318359375,25,7753.8828125
16,2025-12-11,632.7161865234375,25,7753.8828125
17,2025-12-11,717.5264892578125,25,7753.8828125
18,2025-12-11,729.18414306640625,25,7753.8828125
19,2025-12-11,542.264404296875,25,7753.8828125
20,2025-12-11,300.02081298828125,25,7753.8828125
21,2025-12-11,185.84939575195312,25,7753.8828125
22,2025-12-11,99.5191650390625,25,7753.8828125
23,2025-12-11,4.7624588012695312,25,7753.8828125
0,2025-12-12,0.11871671676635742,25,7754.5146484375
1,2025-12-12,-0.00069004297256469727,25,7754.5146484375
2,2025-12-12,1.892219270160922e-09,25,7754.5146484375
3,2025-12-12,1.8922798883380665e-09,25,7754.5146484375
4,2025-12-12,0.000653853639960289,25,7754.5146484375
5,2025-12-12,16.728977203369141,25,7754.5146484375
6,2025-12-12,227.62652587890625,25,7754.5146484375
7,2025-12-12,505.7637939453125,25,7754.5146484375
8,2025-12-12,788.3585205078125,25,7754.5146484375
9,2025-12-12,404.92071533203125,25,7754.5146484375
10,2025-12-12,310.14053344726562,25,7754.5146484375
11,2025-12-12,357.660888671875,25,7754.5146484375
12,2025-12-12,357.35208129882812,25,7754.5146484375
13,2025-12-12,443.78683471679688,25,7754.5146484375
14,2025-12-12,421.8389892578125,25,7754.5146484375
15,2025-12-12,521.6600341796875,25,7754.5146484375
16,2025-12-12,678.80377197265625,25,7754.5146484375
17,2025-12-12,717.5377197265625,25,7754.5146484375
18,2025-12-12,622.75482177734375,25,7754.5146484375
19,2025-12-12,520.98468017578125,25,7754.5146484375
20,2025-12-12,291.17324829101562,25,7754.5146484375
21,2025-12-12,186.47444152832031,25,7754.5146484375
22,2025-12-12,107.18023681640625,25,7754.5146484375
23,2025-12-12,6.6189517974853516,25,7754.5146484375
0,2025-12-13,0.2799530029296875,25,5706.224609375
1,2025-12-13,-0.0021365880966186523,25,5706.224609375
2,2025-12-13,2.7995555526572069e-11,25,5706.224609375
3,2025-12-13,2.7995555526572069e-11,25,5706.224609375
4,2025-12-13,0.00070126540958881378,25,5706.224609375
5,2025-12-13,11.698047637939453,25,5706.224609375
6,2025-12-13,106.744140625,25,5706.224609375
7,2025-12-13,126.35795593261719,25,5706.224609375
8,2025-12-13,257.665283203125,25,5706.224609375
9,2025-12-13,247.43768310546875,25,5706.224609375
10,2025-12-13,231.201904296875,25,5706.224609375
11,2025-12-13,319.80718994140625,25,5706.224609375
12,2025-12-13,333.93170166015625,25,5706.224609375
13,2025-12-13,446.47299194335938,25,5706.224609375
14,2025-12-13,446.4141845703125,25,5706.224609375
15,2025-12-13,554.5618896484375,25,5706.224609375
16,2025-12-13,545.56585693359375,25,5706.224609375
17,2025-12-13,489.182373046875,25,5706.224609375
18,2025-12-13,449.19351196289062,25,5706.224609375
19,2025-12-13,438.243896484375,25,5706.224609375
20,2025-12-13,245.23680114746094,25,5706.224609375
21,2025-12-13,183.72398376464844,25,5706.224609375
22,2025-12-13,117.21903991699219,25,5706.224609375
23,2025-12-13,46.840507507324219,25,5706.224609375
0,2025-12-14,16.044086456298828,25,4817.34375
1,2025-12-14,0.035261869430541992,25,4817.34375
2,2025-12-14,4.8437551747326779e-09,25,4817.34375
3,2025-12-14,4.8436739064072754e-09,25,4817.34375
4,2025-12-14,0.00078526698052883148,25,4817.34375
5,2025-12-14,10.910823822021484,25,4817.34375
6,2025-12-14,89.580551147460938,25,4817.34375
7,2025-12-14,111.32756042480469,25,4817.34375
8,2025-12-14,197.60818481445312,25,4817.34375
9,2025-12-14,198.90274047851562,25,4817.34375
10,2025-12-14,192.74371337890625,25,4817.34375
11,2025-12-14,270.2010498046875,25,4817.34375
12,2025-12-14,319.22671508789062,25,4817.34375
13,2025-12-14,393.97845458984375,25,4817.34375
14,2025-12-14,409.948974609375,25,4817.34375
15,2025-12-14,512.17181396484375,25,4817.34375
16,2025-12-14,483.59661865234375,25,4817.34375
17,2025-12-14,461.61578369140625,25,4817.34375
18,2025-12-14,404.488525390625,25,4817.34375
19,2025-12-14,364.50186157226562,25,4817.34375
20,2025-12-14,217.4652099609375,25,4817.34375
21,2025-12-14,172.41146850585938,25,4817.34375
22,2025-12-14,96.5357666015625,25,4817.34375
23,2025-12-14,35.538490295410156,25,4817.34375
0,2025-12-15,8.7908611297607422,25,7404.54443359375
1,2025-12-15,0.014900445938110352,25,7404.54443359375
2,2025-12-15,4.0063028450276761e-09,25,7404.54443359375
3,2025-12-15,4.0062770878535048e-09,25,7404.54443359375
4,2025-12-15,0.00030382722616195679,25,7404.54443359375
5,2025-12-15,17.222097396850586,25,7404.54443359375
6,2025-12-15,221.92974853515625,25,7404.54443359375
7,2025-12-15,516.1268310546875,25,7404.54443359375
8,2025-12-15,816.37847900390625,25,7404.54443359375
9,2025-12-15,417.25839233398438,25,7404.54443359375
10,2025-12-15,291.49716186523438,25,7404.54443359375
11,2025-12-15,332.57479858398438,25,7404.54443359375
12,2025-12-15,334.46237182617188,25,7404.54443359375
13,2025-12-15,404.2005615234375,25,7404.54443359375
14,2025-12-15,352.38156127929688,25,7404.54443359375
15,2025-12-15,425.66949462890625,25,7404.54443359375
16,2025-12-15,607.72369384765625,25,7404.54443359375
17,2025-12-15,693.7314453125,25,7404.54443359375
18,2025-12-15,738.0921630859375,25,7404.54443359375
19,2025-12-15,520.9134521484375,25,7404.54443359375
20,2025-12-15,276.52011108398438,25,7404.54443359375
21,2025-12-15,172.92117309570312,25,7404.54443359375
22,2025-12-15,83.472908020019531,25,7404.54443359375
23,2025-12-15,4.3045234680175781,25,7404.54443359375
0,2025-12-16,0.45111799240112305,25,7408.70068359375
1,2025-12-16,0.0010389089584350586,25,7408.70068359375
2,2025-12-16,-3.8126599100074543e-10,25,7408.70068359375
3,2025-12-16,-3.8127995205528009e-10,25,7408.70068359375
4,2025-12-16,9.1018155217170715e-05,25,7408.70068359375
5,2025-12-16,18.001249313354492,25,7408.70068359375
6,2025-12-16,222.95779418945312,25,7408.70068359375
7,2025-12-16,512.454833984375,25,7408.70068359375
8,2025-12-16,812.879150390625,25,7408.70068359375
9,2025-12-16,419.09719848632812,25,7408.70068359375
10,2025-12-16,304.9495849609375,25,7408.70068359375
11,2025-12-16,354.1695556640625,25,7408.70068359375
12,2025-12-16,343.21945190429688,25,7408.70068359375
13,2025-12-16,390.70205688476562,25,7408.70068359375
14,2025-12-16,364.25973510742188,25,7408.70068359375
15,2025-12-16,443.5067138671875,25,7408.70068359375
16,2025-12-16,609.9989013671875,25,7408.70068359375
17,2025-12-16,679.07568359375,25,7408.70068359375
18,2025-12-16,724.8331298828125,25,7408.70068359375
19,2025-12-16,543.1953125,25,7408.70068359375
20,2025-12-16,291.09201049804688,25,7408.70068359375
21,2025-12-16,177.52015686035156,25,7408.70068359375
22,2025-12-16,87.852447509765625,25,7408.70068359375
23,2025-12-16,4.6552009582519531,25,7408.70068359375
0,2025-12-17,0.098804950714111328,25,7519.0458984375
1,2025-12-17,-0.0012776553630828857,25,7519.0458984375
2,2025-12-17,2.1887662793318441e-09,25,7519.0458984375
3,2025-12-17,2.1887709422685475e-09,25,7519.0458984375
4,2025-12-17,0.00061958655714988708,25,7519.0458984375
5,2025-12-17,18.24273681640625,25,7519.0458984375
6,2025-12-17,225.37527465820312,25,7519.0458984375
7,2025-12-17,508.7489013671875,25,7519.0458984375
8,2025-12-17,814.002197265625,25,7519.0458984375
9,2025-12-17,412.52096557617188,25,7519.0458984375
10,2025-12-17,305.81109619140625,25,7519.0458984375
11,2025-12-17,355.07705688476562,25,7519.0458984375
12,2025-12-17,352.18118286132812,25,7519.0458984375
13,2025-12-17,418.80728149414062,25,7519.0458984375
14,2025-12-17,372.87606811523438,25,7519.0458984375
15,2025-12-17,454.14306640625,25,7519.0458984375
16,2025-12-17,607.938720703125,25,7519.0458984375
17,2025-12-17,703.5283203125,25,7519.0458984375
18,2025-12-17,736.2926025390625,25,7519.0458984375
19,2025-12-17,550.427490234375,25,7519.0458984375
20,2025-12-17,300.73870849609375,25,7519.0458984375
21,2025-12-17,184.60041809082031,25,7519.0458984375
22,2025-12-17,96.00506591796875,25,7519.0458984375
23,2025-12-17,4.5408840179443359,25,7519.0458984375
0,2025-12-18,0.13456249237060547,25,7566.05859375
1,2025-12-18,-0.0028111934661865234,25,7566.05859375
2,2025-12-18,4.8334363178526019e-09,25,7566.05859375
3,2025-12-18,4.833426991979195e-09,25,7566.05859375
4,2025-12-18,0.0004262775182723999,25,7566.05859375
5,2025-12-18,18.228618621826172,25,7566.05859375
6,2025-12-18,223.42568969726562,25,7566.05859375
7,2025-12-18,511.6300048828125,25,7566.05859375
8,2025-12-18,809.654296875,25,7566.05859375
9,2025-12-18,407.8038330078125,25,7566.05859375
10,2025-12-18,311.37457275390625,25,7566.05859375
11,2025-12-18,351.76983642578125,25,7566.05859375
12,2025-12-18,352.34161376953125,25,7566.05859375
13,2025-12-18,411.93618774414062,25,7566.05859375
14,2025-12-18,391.60760498046875,25,7566.05859375
15,2025-12-18,471.867431640625,25,7566.05859375
16,2025-12-18,619.58380126953125,25,7566.05859375
17,2025-12-18,705.99676513671875,25,7566.05859375
18,2025-12-18,718.165771484375,25,7566.05859375
19,2025-12-18,542.9578857421875,25,7566.05859375
20,2025-12-18,297.5516357421875,25,7566.05859375
21,2025-12-18,184.88710021972656,25,7566.05859375
22,2025-12-18,98.699295043945312,25,7566.05859375
23,2025-12-18,5.8732070922851562,25,7566.05859375
0,2025-12-19,0.21213102340698242,25,7665.072265625
1,2025-12-19,0.0054157078266143799,25,7665.072265625
2,2025-12-19,-5.1167092784965007e-09,25,7665.072265625
3,2025-12-19,-5.116755907863535e-09,25,7665.072265625
4,2025-12-19,0.0006968080997467041,25,7665.072265625
5,2025-12-19,16.402744293212891,25,7665.072265625
6,2025-12-19,210.56887817382812,25,7665.072265625
7,2025-12-19,492.52117919921875,25,7665.072265625
8,2025-12-19,764.9898681640625,25,7665.072265625
9,2025-12-19,395.09616088867188,25,7665.072265625
10,2025-12-19,299.06210327148438,25,7665.072265625
11,2025-12-19,347.4869384765625,25,7665.072265625
12,2025-12-19,352.79428100585938,25,7665.072265625
13,2025-12-19,438.97943115234375,25,7665.072265625
14,2025-12-19,411.56814575195312,25,7665.072265625
15,2025-12-19,514.7464599609375,25,7665.072265625
16,2025-12-19,656.2255859375,25,7665.072265625
17,2025-12-19,696.53240966796875,25,7665.072265625
18,2025-12-19,627.130615234375,25,7665.072265625
19,2025-12-19,519.1165771484375,25,7665.072265625
20,2025-12-19,291.85317993164062,25,7665.072265625
21,2025-12-19,184.39332580566406,25,7665.072265625
22,2025-12-19,106.84185791015625,25,7665.072265625
23,2025-12-19,10.705507278442383,25,7665.072265625
0,2025-12-20,0.69512033462524414,25,5854.5009765625
1,2025-12-20,0.0071229040622711182,25,5854.5009765625
2,2025-12-20,-5.3260569288227089e-09,25,5854.5009765625
3,2025-12-20,-5.3259450183418267e-09,25,5854.5009765625
4,2025-12-20,0.00064308755099773407,25,5854.5009765625
5,2025-12-20,11.176302909851074,25,5854.5009765625
6,2025-12-20,95.909393310546875,25,5854.5009765625
7,2025-12-20,135.49275207519531,25,5854.5009765625
8,2025-12-20,261.44345092773438,25,5854.5009765625
9,2025-12-20,247.55624389648438,25,5854.5009765625
10,2025-12-20,226.24859619140625,25,5854.5009765625
11,2025-12-20,309.9652099609375,25,5854.5009765625
12,2025-12-20,329.07598876953125,25,5854.5009765625
13,2025-12-20,437.46240234375,25,5854.5009765625
14,2025-12-20,436.53134155273438,25,5854.5009765625
15,2025-12-20,548.20257568359375,25,5854.5009765625
16,2025-12-20,541.789306640625,25,5854.5009765625
17,2025-12-20,475.16986083984375,25,5854.5009765625
18,2025-12-20,447.786865234375,25,5854.5009765625
19,2025-12-20,442.59033203125,25,5854.5009765625
20,2025-12-20,247.0316162109375,25,5854.5009765625
21,2025-12-20,183.47976684570312,25,5854.5009765625
22,2025-12-20,115.92018127441406,25,5854.5009765625
23,2025-12-20,53.172698974609375,25,5854.5009765625
0,2025-12-21,16.485401153564453,25,4848.72119140625
1,2025-12-21,0.018347054719924927,25,4848.72119140625
2,2025-12-21,-2.5593906993748305e-09,25,4848.72119140625
3,2025-12-21,-2.5594419916785682e-09,25,4848.72119140625
4,2025-12-21,0.00054020434617996216,25,4848.72119140625
5,2025-12-21,10.729429244995117,25,4848.72119140625
6,2025-12-21,79.923751831054688,25,4848.72119140625
7,2025-12-21,115.02105712890625,25,4848.72119140625
8,2025-12-21,195.44915771484375,25,4848.72119140625
9,2025-12-21,190.04441833496094,25,4848.72119140625
10,2025-12-21,184.11068725585938,25,4848.72119140625
11,2025-12-21,260.66424560546875,25,4848.72119140625
12,2025-12-21,311.32186889648438,25,4848.72119140625
13,2025-12-21,387.19143676757812,25,4848.72119140625
14,2025-12-21,400.8074951171875,25,4848.72119140625
15,2025-12-21,508.61981201171875,25,4848.72119140625
16,2025-12-21,485.54611206054688,25,4848.72119140625
17,2025-12-21,456.74053955078125,25,4848.72119140625
18,2025-12-21,410.687255859375,25,4848.72119140625
19,2025-12-21,370.72952270507812,25,4848.72119140625
20,2025-12-21,221.11273193359375,25,4848.72119140625
21,2025-12-21,173.1109619140625,25,4848.72119140625
22,2025-12-21,96.962234497070312,25,4848.72119140625
23,2025-12-21,39.081893920898438,25,4848.72119140625
0,2025-12-22,9.2719688415527344,25,7372.69677734375
1,2025-12-22,0.008405536413192749,25,7372.69677734375
2,2025-12-22,1.2421980111199105e-09,25,7372.69677734375
3,2025-12-22,1.2421468298384752e-09,25,7372.69677734375
4,2025-12-22,0.00058049149811267853,25,7372.69677734375
5,2025-12-22,16.410808563232422,25,7372.69677734375
6,2025-12-22,204.88787841796875,25,7372.69677734375
7,2025-12-22,501.33163452148438,25,7372.69677734375
8,2025-12-22,806.20941162109375,25,7372.69677734375
9,2025-12-22,403.76278686523438,25,7372.69677734375
10,2025-12-22,282.23876953125,25,7372.69677734375
11,2025-12-22,331.02288818359375,25,7372.69677734375
12,2025-12-22,333.2877197265625,25,7372.69677734375
13,2025-12-22,408.11114501953125,25,7372.69677734375
14,2025-12-22,347.22998046875,25,7372.69677734375
15,2025-12-22,423.88055419921875,25,7372.69677734375
16,2025-12-22,623.32305908203125,25,7372.69677734375
17,2025-12-22,690.94598388671875,25,7372.69677734375
18,2025-12-22,732.69671630859375,25,7372.69677734375
19,2025-12-22,513.82550048828125,25,7372.69677734375
20,2025-12-22,280.79705810546875,25,7372.69677734375
21,2025-12-22,174.37617492675781,25,7372.69677734375
22,2025-12-22,84.873847961425781,25,7372.69677734375
23,2025-12-22,5.6217098236083984,25,7372.69677734375
0,2025-12-23,0.47395849227905273,25,7398.41064453125
1,2025-12-23,0.0086272060871124268,25,7398.41064453125
2,2025-12-23,3.1061959671063732e-09,25,7398.41064453125
3,2025-12-23,3.1061260230558219e-09,25,7398.41064453125
4,2025-12-23,0.0008813813328742981,25,7398.41064453125
5,2025-12-23,16.543972015380859,25,7398.41064453125
6,2025-12-23,206.32229614257812,25,7398.41064453125
7,2025-12-23,503.73663330078125,25,7398.41064453125
8,2025-12-23,803.72918701171875,25,7398.41064453125
9,2025-12-23,408.18008422851562,25,7398.41064453125
10,2025-12-23,298.08786010742188,25,7398.41064453125
11,2025-12-23,344.93548583984375,25,7398.41064453125
12,2025-12-23,342.04315185546875,25,7398.41064453125
13,2025-12-23,394.73492431640625,25,7398.41064453125
14,2025-12-23,358.36993408203125,25,7398.41064453125
15,2025-12-23,444.55279541015625,25,7398.41064453125
16,2025-12-23,618.7886962890625,25,7398.41064453125
17,2025-12-23,683.21002197265625,25,7398.41064453125
18,2025-12-23,721.60137939453125,25,7398.41064453125
19,2025-12-23,525.8565673828125,25,7398.41064453125
20,2025-12-23,294.9150390625,25,7398.41064453125
21,2025-12-23,176.06385803222656,25,7398.41064453125
22,2025-12-23,87.8804931640625,25,7398.41064453125
23,2025-12-23,5.2815189361572266,25,7398.41064453125
0,2025-12-24,0.1654353141784668,25,7546.90380859375
1,2025-12-24,-5.1766633987426758e-05,25,7546.90380859375
2,2025-12-24,2.899090745245303e-09,25,7546.90380859375
3,2025-12-24,2.8991697931246563e-09,25,7546.90380859375
4,2025-12-24,0.00091763027012348175,25,7546.90380859375
5,2025-12-24,16.917278289794922,25,7546.90380859375
6,2025-12-24,201.23146057128906,25,7546.90380859375
7,2025-12-24,492.4091796875,25,7546.90380859375
8,2025-12-24,787.9134521484375,25,7546.90380859375
9,2025-12-24,402.267578125,25,7546.90380859375
10,2025-12-24,298.43490600585938,25,7546.90380859375
11,2025-12-24,342.67578125,25,7546.90380859375
12,2025-12-24,348.75332641601562,25,7546.90380859375
13,2025-12-24,417.94345092773438,25,7546.90380859375
14,2025-12-24,367.60018920898438,25,7546.90380859375
15,2025-12-24,447.89266967773438,25,7546.90380859375
16,2025-12-24,614.27569580078125,25,7546.90380859375
17,2025-12-24,693.98675537109375,25,7546.90380859375
18,2025-12-24,719.51385498046875,25,7546.90380859375
19,2025-12-24,525.38409423828125,25,7546.90380859375
20,2025-12-24,297.56338500976562,25,7546.90380859375
21,2025-12-24,185.17034912109375,25,7546.90380859375
22,2025-12-24,96.499984741210938,25,7546.90380859375
23,2025-12-24,4.9320507049560547,25,7546.90380859375
0,2025-12-25,0.10781049728393555,25,7428.90673828125
1,2025-12-25,0.00082060694694519043,25,7428.90673828125
2,2025-12-25,3.8567185001170401e-09,25,7428.90673828125
3,2025-12-25,3.856662544876599e-09,25,7428.90673828125
4,2025-12-25,0.00060461089015007019,25,7428.90673828125
5,2025-12-25,16.646879196166992,25,7428.90673828125
6,2025-12-25,200.96646118164062,25,7428.90673828125
7,2025-12-25,493.0892333984375,25,7428.90673828125
8,2025-12-25,788.307373046875,25,7428.90673828125
9,2025-12-25,396.50576782226562,25,7428.90673828125
10,2025-12-25,301.1116943359375,25,7428.90673828125
11,2025-12-25,342.47113037109375,25,7428.90673828125
12,2025-12-25,348.35821533203125,25,7428.90673828125
13,2025-12-25,410.51132202148438,25,7428.90673828125
14,2025-12-25,387.24322509765625,25,7428.90673828125
15,2025-12-25,465.08389282226562,25,7428.90673828125
16,2025-12-25,614.44244384765625,25,7428.90673828125
17,2025-12-25,692.9188232421875,25,7428.90673828125
18,2025-12-25,712.4168701171875,25,7428.90673828125
19,2025-12-25,517.12139892578125,25,7428.90673828125
20,2025-12-25,293.00701904296875,25,7428.90673828125
21,2025-12-25,185.356689453125,25,7428.90673828125
22,2025-12-25,99.982528686523438,25,7428.90673828125
23,2025-12-25,5.3104419708251953,25,7428.90673828125
0,2025-12-26,0.13193178176879883,25,7366.54833984375
1,2025-12-26,0.0011940598487854004,25,7366.54833984375
2,2025-12-26,2.6939761532673856e-09,25,7366.54833984375
3,2025-12-26,2.6939110941981426e-09,25,7366.54833984375
4,2025-12-26,0.00064091570675373077,25,7366.54833984375
5,2025-12-26,15.087058067321777,25,7366.54833984375
6,2025-12-26,198.34042358398438,25,7366.54833984375
7,2025-12-26,482.38885498046875,25,7366.54833984375
8,2025-12-26,743.6031494140625,25,7366.54833984375
9,2025-12-26,386.544189453125,25,7366.54833984375
10,2025-12-26,290.98663330078125,25,7366.54833984375
11,2025-12-26,342.22845458984375,25,7366.54833984375
12,2025-12-26,345.63314819335938,25,7366.54833984375
13,2025-12-26,427.17532348632812,25,7366.54833984375
14,2025-12-26,405.26675415039062,25,7366.54833984375
15,2025-12-26,496.47933959960938,25,7366.54833984375
16,2025-12-26,637.64501953125,25,7366.54833984375
17,2025-12-26,689.3587646484375,25,7366.54833984375
18,2025-12-26,605.72369384765625,25,7366.54833984375
19,2025-12-26,490.5516357421875,25,7366.54833984375
20,2025-12-26,283.89993286132812,25,7366.54833984375
21,2025-12-26,182.87812805175781,25,7366.54833984375
22,2025-12-26,106.7098388671875,25,7366.54833984375
23,2025-12-26,7.7825460433959961,25,7366.54833984375
0,2025-12-27,0.24444723129272461,25,5398.5361328125
1,2025-12-27,0.0059127211570739746,25,5398.5361328125
2,2025-12-27,4.1772612036083956e-09,25,5398.5361328125
3,2025-12-27,4.1774099734936954e-09,25,5398.5361328125
4,2025-12-27,0.00076346844434738159,25,5398.5361328125
5,2025-12-27,10.100762367248535,25,5398.5361328125
6,2025-12-27,95.770439147949219,25,5398.5361328125
7,2025-12-27,140.66227722167969,25,5398.5361328125
8,2025-12-27,280.0157470703125,25,5398.5361328125
9,2025-12-27,259.05953979492188,25,5398.5361328125
10,2025-12-27,230.64274597167969,25,5398.5361328125
11,2025-12-27,312.26889038085938,25,5398.5361328125
12,2025-12-27,328.806884765625,25,5398.5361328125
13,2025-12-27,432.95513916015625,25,5398.5361328125
14,2025-12-27,427.921142578125,25,5398.5361328125
15,2025-12-27,537.94873046875,25,5398.5361328125
16,2025-12-27,529.2855224609375,25,5398.5361328125
17,2025-12-27,475.52206420898438,25,5398.5361328125
18,2025-12-27,461.8182373046875,25,5398.5361328125
19,2025-12-27,422.79998779296875,25,5398.5361328125
20,2025-12-27,242.39083862304688,25,5398.5361328125
21,2025-12-27,180.31581115722656,25,5398.5361328125
22,2025-12-27,113.88401031494141,25,5398.5361328125
23,2025-12-27,48.640327453613281,25,5398.5361328125
0,2025-12-28,15.787696838378906,25,4711.91015625
1,2025-12-28,0.026327192783355713,25,4711.91015625
2,2025-12-28,3.4553231387235428e-09,25,4711.91015625
3,2025-12-28,3.4552718464198051e-09,25,4711.91015625
4,2025-12-28,0.00089002028107643127,25,4711.91015625
5,2025-12-28,9.1676673889160156,25,4711.91015625
6,2025-12-28,77.453628540039062,25,4711.91015625
7,2025-12-28,117.44911193847656,25,4711.91015625
8,2025-12-28,189.51953125,25,4711.91015625
9,2025-12-28,185.61294555664062,25,4711.91015625
10,2025-12-28,189.00643920898438,25,4711.91015625
11,2025-12-28,263.857421875,25,4711.91015625
12,2025-12-28,311.76617431640625,25,4711.91015625
13,2025-12-28,382.09906005859375,25,4711.91015625
14,2025-12-28,398.80087280273438,25,4711.91015625
15,2025-12-28,499.46072387695312,25,4711.91015625
16,2025-12-28,469.37225341796875,25,4711.91015625
17,2025-12-28,448.1431884765625,25,4711.91015625
18,2025-12-28,407.464111328125,25,4711.91015625
19,2025-12-28,351.34869384765625,25,4711.91015625
20,2025-12-28,209.98753356933594,25,4711.91015625
21,2025-12-28,171.94004821777344,25,4711.91015625
22,2025-12-28,96.320686340332031,25,4711.91015625
23,2025-12-28,36.259872436523438,25,4711.91015625
0,2025-12-29,8.9036026000976562,25,7308.72216796875
1,2025-12-29,0.017828077077865601,25,7308.72216796875
2,2025-12-29,1.6575865124934808e-09,25,7308.72216796875
3,2025-12-29,1.6575701922150188e-09,25,7308.72216796875
4,2025-12-29,0.00088758207857608795,25,7308.72216796875
5,2025-12-29,15.112412452697754,25,7308.72216796875
6,2025-12-29,200.92233276367188,25,7308.72216796875
7,2025-12-29,502.08163452148438,25,7308.72216796875
8,2025-12-29,801.028564453125,25,7308.72216796875
9,2025-12-29,402.19271850585938,25,7308.72216796875
10,2025-12-29,286.30679321289062,25,7308.72216796875
11,2025-12-29,325.87869262695312,25,7308.72216796875
12,2025-12-29,331.13674926757812,25,7308.72216796875
13,2025-12-29,399.1107177734375,25,7308.72216796875
14,2025-12-29,342.27850341796875,25,7308.72216796875
15,2025-12-29,419.78314208984375,25,7308.72216796875
16,2025-12-29,602.75714111328125,25,7308.72216796875
17,2025-12-29,681.4326171875,25,7308.72216796875
18,2025-12-29,723.03387451171875,25,7308.72216796875
19,2025-12-29,488.47149658203125,25,7308.72216796875
20,2025-12-29,273.41983032226562,25,7308.72216796875
21,2025-12-29,173.840576171875,25,7308.72216796875
22,2025-12-29,84.017707824707031,25,7308.72216796875
23,2025-12-29,4.5437374114990234,25,7308.72216796875
0,2025-12-30,0.492584228515625,25,7369.69140625
1,2025-12-30,0.0042303502559661865,25,7369.69140625
2,2025-12-30,7.5691914958042616e-09,25,7369.69140625
3,2025-12-30,7.5691151124601674e-09,25,7369.69140625
4,2025-12-30,0.00098669901490211487,25,7369.69140625
5,2025-12-30,15.079624176025391,25,7369.69140625
6,2025-12-30,200.326171875,25,7369.69140625
7,2025-12-30,512.81536865234375,25,7369.69140625
8,2025-12-30,812.49609375,25,7369.69140625
9,2025-12-30,403.75808715820312,25,7369.69140625
10,2025-12-30,300.96310424804688,25,7369.69140625
11,2025-12-30,336.101806640625,25,7369.69140625
12,2025-12-30,334.29144287109375,25,7369.69140625
13,2025-12-30,384.98715209960938,25,7369.69140625
14,2025-12-30,350.07879638671875,25,7369.69140625
15,2025-12-30,433.13739013671875,25,7369.69140625
16,2025-12-30,608.69281005859375,25,7369.69140625
17,2025-12-30,668.07879638671875,25,7369.69140625
18,2025-12-30,719.36566162109375,25,7369.69140625
19,2025-12-30,499.84197998046875,25,7369.69140625
20,2025-12-30,282.51171875,25,7369.69140625
21,2025-12-30,174.57945251464844,25,7369.69140625
22,2025-12-30,86.043342590332031,25,7369.69140625
23,2025-12-30,3.9104118347167969,25,7369.69140625
0,2025-12-31,0.31335592269897461,25,3976.229248046875
1,2025-12-31,-0.00010484457015991211,25,3976.229248046875
2,2025-12-31,2.1574559028181284e-08,25,3976.229248046875
3,2025-12-31,2.1574484421194029e-08,25,3976.229248046875
4,2025-12-31,0.00098017044365406036,25,3976.229248046875
5,2025-12-31,15.17646312713623,25,3976.229248046875
6,2025-12-31,122.77828216552734,25,3976.229248046875
7,2025-12-31,175.07569885253906,25,3976.229248046875
8,2025-12-31,260.19540405273438,25,3976.229248046875
9,2025-12-31,192.60301208496094,25,3976.229248046875
10,2025-12-31,194.67361450195312,25,3976.229248046875
11,2025-12-31,279.57391357421875,25,3976.229248046875
12,2025-12-31,271.6097412109375,25,3976.229248046875
13,2025-12-31,327.52667236328125,25,3976.229248046875
14,2025-12-31,342.68734741210938,25,3976.229248046875
15,2025-12-31,392.89529418945312,25,3976.229248046875
16,2025-12-31,445.03875732421875,25,3976.229248046875
17,2025-12-31,502.13311767578125,25,3976.229248046875
18,2025-12-31,459.8907470703125,25,3976.229248046875
19,2025-12-31,469.77716064453125,25,3976.229248046875
20,2025-12-31,257.31903076171875,25,3976.229248046875
21,2025-12-31,176.42680358886719,25,3976.229248046875
22,2025-12-31,95.80047607421875,25,3976.229248046875
23,2025-12-31,12.83619213104248,25,3976.229248046875
0,2025-11-01,45.327617645263672,26,17927.048828125
1,2025-11-01,1.1668268442153931,26,17927.048828125
2,2025-11-01,0.020665884017944336,26,17927.048828125
3,2025-11-01,0.029953896999359131,26,17927.048828125
4,2025-11-01,0.96924471855163574,26,17927.048828125
5,2025-11-01,44.469215393066406,26,17927.048828125
6,2025-11-01,170.99723815917969,26,17927.048828125
7,2025-11-01,228.51947021484375,26,17927.048828125
8,2025-11-01,357.1561279296875,26,17927.048828125
9,2025-11-01,431.522705078125,26,17927.048828125
10,2025-11-01,570.9249267578125,26,17927.048828125
11,2025-11-01,786.15008544921875,26,17927.048828125
12,2025-11-01,814.425048828125,26,17927.048828125
13,2025-11-01,839.91650390625,26,17927.048828125
14,2025-11-01,912.449462890625,26,17927.048828125
15,2025-11-01,800.68536376953125,26,17927.048828125
16,2025-11-01,662.44744873046875,26,17927.048828125
17,2025-11-01,675.61358642578125,26,17927.048828125
18,2025-11-01,550.20452880859375,26,17927.048828125
19,2025-11-01,628.03363037109375,26,17927.048828125
20,2025-11-01,365.92156982421875,26,17927.048828125
21,2025-11-01,323.88345336914062,26,17927.048828125
22,2025-11-01,166.05792236328125,26,17927.048828125
23,2025-11-01,134.14895629882812,26,17927.048828125
0,2025-11-02,49.6517333984375,26,9125.8447265625
1,2025-11-02,3.8342976570129395,26,9125.8447265625
2,2025-11-02,0.027216434478759766,26,9125.8447265625
3,2025-11-02,0.0472869873046875,26,9125.8447265625
4,2025-11-02,0.92577457427978516,26,9125.8447265625
5,2025-11-02,24.825721740722656,26,9125.8447265625
6,2025-11-02,85.5386962890625,26,9125.8447265625
7,2025-11-02,157.79449462890625,26,9125.8447265625
8,2025-11-02,222.16650390625,26,9125.8447265625
9,2025-11-02,322.17333984375,26,9125.8447265625
10,2025-11-02,394.01953125,26,9125.8447265625
11,2025-11-02,555.6087646484375,26,9125.8447265625
12,2025-11-02,602.510009765625,26,9125.8447265625
13,2025-11-02,655.768310546875,26,9125.8447265625
14,2025-11-02,699.2337646484375,26,9125.8447265625
15,2025-11-02,646.43658447265625,26,9125.8447265625
16,2025-11-02,549.85198974609375,26,9125.8447265625
17,2025-11-02,569.28076171875,26,9125.8447265625
18,2025-11-02,430.66876220703125,26,9125.8447265625
19,2025-11-02,396.06683349609375,26,9125.8447265625
20,2025-11-02,275.84698486328125,26,9125.8447265625
21,2025-11-02,251.47872924804688,26,9125.8447265625
22,2025-11-02,146.03720092773438,26,9125.8447265625
23,2025-11-02,97.890121459960938,26,9125.8447265625
0,2025-11-03,31.714271545410156,26,10653.6796875
1,2025-11-03,1.821155309677124,26,10653.6796875
2,2025-11-03,0.023868441581726074,26,10653.6796875
3,2025-11-03,0.032038271427154541,26,10653.6796875
4,2025-11-03,1.3259260654449463,26,10653.6796875
5,2025-11-03,70.839241027832031,26,10653.6796875
6,2025-11-03,213.61878967285156,26,10653.6796875
7,2025-11-03,243.90838623046875,26,10653.6796875
8,2025-11-03,639.39752197265625,26,10653.6796875
9,2025-11-03,423.1177978515625,26,10653.6796875
10,2025-11-03,479.66122436523438,26,10653.6796875
11,2025-11-03,484.77548217773438,26,10653.6796875
12,2025-11-03,487.24163818359375,26,10653.6796875
13,2025-11-03,593.568115234375,26,10653.6796875
14,2025-11-03,760.86553955078125,26,10653.6796875
15,2025-11-03,667.9801025390625,26,10653.6796875
16,2025-11-03,630.15826416015625,26,10653.6796875
17,2025-11-03,705.98419189453125,26,10653.6796875
18,2025-11-03,746.9833984375,26,10653.6796875
19,2025-11-03,774.40081787109375,26,10653.6796875
20,2025-11-03,354.24819946289062,26,10653.6796875
21,2025-11-03,336.88525390625,26,10653.6796875
22,2025-11-03,147.87750244140625,26,10653.6796875
23,2025-11-03,92.657424926757812,26,10653.6796875
0,2025-11-04,31.358615875244141,26,10174.7919921875
1,2025-11-04,0.79050588607788086,26,10174.7919921875
2,2025-11-04,0.023002713918685913,26,10174.7919921875
3,2025-11-04,0.047889769077301025,26,10174.7919921875
4,2025-11-04,1.2631545066833496,26,10174.7919921875
5,2025-11-04,71.826751708984375,26,10174.7919921875
6,2025-11-04,208.45881652832031,26,10174.7919921875
7,2025-11-04,252.2921142578125,26,10174.7919921875
8,2025-11-04,687.997802734375,26,10174.7919921875
9,2025-11-04,425.3153076171875,26,10174.7919921875
10,2025-11-04,462.1561279296875,26,10174.7919921875
11,2025-11-04,500.63568115234375,26,10174.7919921875
12,2025-11-04,486.28253173828125,26,10174.7919921875
13,2025-11-04,566.23931884765625,26,10174.7919921875
14,2025-11-04,740.9273681640625,26,10174.7919921875
15,2025-11-04,655.82958984375,26,10174.7919921875
16,2025-11-04,624.82861328125,26,10174.7919921875
17,2025-11-04,709.85736083984375,26,10174.7919921875
18,2025-11-04,710.78033447265625,26,10174.7919921875
19,2025-11-04,820.4471435546875,26,10174.7919921875
20,2025-11-04,349.74313354492188,26,10174.7919921875
21,2025-11-04,356.61978149414062,26,10174.7919921875
22,2025-11-04,153.95004272460938,26,10174.7919921875
23,2025-11-04,93.974609375,26,10174.7919921875
0,2025-11-05,32.987621307373047,26,19320.154296875
1,2025-11-05,0.69206738471984863,26,19320.154296875
2,2025-11-05,0.016594201326370239,26,19320.154296875
3,2025-11-05,0.04318159818649292,26,19320.154296875
4,2025-11-05,1.5646204948425293,26,19320.154296875
5,2025-11-05,87.035064697265625,26,19320.154296875
6,2025-11-05,461.96047973632812,26,19320.154296875
7,2025-11-05,980.61541748046875,26,19320.154296875
8,2025-11-05,2109.00244140625,26,19320.154296875
9,2025-11-05,1381.603515625,26,19320.154296875
10,2025-11-05,1167.48876953125,26,19320.154296875
11,2025-11-05,1081.643310546875,26,19320.154296875
12,2025-11-05,1158.817138671875,26,19320.154296875
13,2025-11-05,1162.1534423828125,26,19320.154296875
14,2025-11-05,1319.8905029296875,26,19320.154296875
15,2025-11-05,1290.1219482421875,26,19320.154296875
16,2025-11-05,1441.365966796875,26,19320.154296875
17,2025-11-05,1624.5103759765625,26,19320.154296875
18,2025-11-05,1676.3687744140625,26,19320.154296875
19,2025-11-05,1158.713623046875,26,19320.154296875
20,2025-11-05,704.9017333984375,26,19320.154296875
21,2025-11-05,469.16387939453125,26,19320.154296875
22,2025-11-05,184.14019775390625,26,19320.154296875
23,2025-11-05,120.24452972412109,26,19320.154296875
0,2025-11-06,35.446239471435547,26,19440.326171875
1,2025-11-06,0.68481159210205078,26,19440.326171875
2,2025-11-06,0.011604189872741699,26,19440.326171875
3,2025-11-06,0.041527390480041504,26,19440.326171875
4,2025-11-06,1.3691332340240479,26,19440.326171875
5,2025-11-06,86.724029541015625,26,19440.326171875
6,2025-11-06,461.70526123046875,26,19440.326171875
7,2025-11-06,972.2515869140625,26,19440.326171875
8,2025-11-06,2079.185302734375,26,19440.326171875
9,2025-11-06,1370.8017578125,26,19440.326171875
10,2025-11-06,1152.4312744140625,26,19440.326171875
11,2025-11-06,1079.458984375,26,19440.326171875
12,2025-11-06,1132.9560546875,26,19440.326171875
13,2025-11-06,1146.5533447265625,26,19440.326171875
14,2025-11-06,1301.1785888671875,26,19440.326171875
15,2025-11-06,1279.1314697265625,26,19440.326171875
16,2025-11-06,1431.55908203125,26,19440.326171875
17,2025-11-06,1625.638427734375,26,19440.326171875
18,2025-11-06,1669.458740234375,26,19440.326171875
19,2025-11-06,1154.6923828125,26,19440.326171875
20,2025-11-06,689.8001708984375,26,19440.326171875
21,2025-11-06,468.16879272460938,26,19440.326171875
22,2025-11-06,188.182861328125,26,19440.326171875
23,2025-11-06,123.44864654541016,26,19440.326171875
0,2025-11-07,33.447139739990234,26,19141.7734375
1,2025-11-07,0.64765572547912598,26,19141.7734375
2,2025-11-07,0.012691974639892578,26,19141.7734375
3,2025-11-07,0.033370018005371094,26,19141.7734375
4,2025-11-07,1.2610094547271729,26,19141.7734375
5,2025-11-07,85.515060424804688,26,19141.7734375
6,2025-11-07,458.618896484375,26,19141.7734375
7,2025-11-07,945.70184326171875,26,19141.7734375
8,2025-11-07,2028.2484130859375,26,19141.7734375
9,2025-11-07,1321.921142578125,26,19141.7734375
10,2025-11-07,1143.8511962890625,26,19141.7734375
11,2025-11-07,1065.9637451171875,26,19141.7734375
12,2025-11-07,1133.5562744140625,26,19141.7734375
13,2025-11-07,1156.0858154296875,26,19141.7734375
14,2025-11-07,1303.9803466796875,26,19141.7734375
15,2025-11-07,1304.138427734375,26,19141.7734375
16,2025-11-07,1508.00341796875,26,19141.7734375
17,2025-11-07,1627.4617919921875,26,19141.7734375
18,2025-11-07,1337.3956298828125,26,19141.7734375
19,2025-11-07,1035.553955078125,26,19141.7734375
20,2025-11-07,646.95166015625,26,19141.7734375
21,2025-11-07,448.02069091796875,26,19141.7734375
22,2025-11-07,185.21832275390625,26,19141.7734375
23,2025-11-07,136.33506774902344,26,19141.7734375
0,2025-11-08,42.411495208740234,26,11962.05859375
1,2025-11-08,0.99231100082397461,26,11962.05859375
2,2025-11-08,0.016041994094848633,26,11962.05859375
3,2025-11-08,0.038313686847686768,26,11962.05859375
4,2025-11-08,1.1195287704467773,26,11962.05859375
5,2025-11-08,49.677398681640625,26,11962.05859375
6,2025-11-08,249.99967956542969,26,11962.05859375
7,2025-11-08,389.30294799804688,26,11962.05859375
8,2025-11-08,673.29498291015625,26,11962.05859375
9,2025-11-08,706.701171875,26,11962.05859375
10,2025-11-08,828.74285888671875,26,11962.05859375
11,2025-11-08,1013.03076171875,26,11962.05859375
12,2025-11-08,1061.34521484375,26,11962.05859375
13,2025-11-08,1064.556396484375,26,11962.05859375
14,2025-11-08,1122.528076171875,26,11962.05859375
15,2025-11-08,994.39398193359375,26,11962.05859375
16,2025-11-08,1003.3795166015625,26,11962.05859375
17,2025-11-08,964.6673583984375,26,11962.05859375
18,2025-11-08,798.17413330078125,26,11962.05859375
19,2025-11-08,761.3944091796875,26,11962.05859375
20,2025-11-08,492.36019897460938,26,11962.05859375
21,2025-11-08,367.66262817382812,26,11962.05859375
22,2025-11-08,170.45443725585938,26,11962.05859375
23,2025-11-08,131.13563537597656,26,11962.05859375
0,2025-11-09,44.245407104492188,26,9391.5751953125
1,2025-11-09,3.457467794418335,26,9391.5751953125
2,2025-11-09,0.0113239586353302,26,9391.5751953125
3,2025-11-09,0.036439359188079834,26,9391.5751953125
4,2025-11-09,1.0963926315307617,26,9391.5751953125
5,2025-11-09,29.081047058105469,26,9391.5751953125
6,2025-11-09,139.159912109375,26,9391.5751953125
7,2025-11-09,260.34698486328125,26,9391.5751953125
8,2025-11-09,422.7191162109375,26,9391.5751953125
9,2025-11-09,516.53302001953125,26,9391.5751953125
10,2025-11-09,585.882568359375,26,9391.5751953125
11,2025-11-09,814.5006103515625,26,9391.5751953125
12,2025-11-09,867.84429931640625,26,9391.5751953125
13,2025-11-09,897.7552490234375,26,9391.5751953125
14,2025-11-09,901.4847412109375,26,9391.5751953125
15,2025-11-09,801.03131103515625,26,9391.5751953125
16,2025-11-09,775.36297607421875,26,9391.5751953125
17,2025-11-09,776.1256103515625,26,9391.5751953125
18,2025-11-09,637.7744140625,26,9391.5751953125
19,2025-11-09,523.098388671875,26,9391.5751953125
20,2025-11-09,365.63604736328125,26,9391.5751953125
21,2025-11-09,298.13888549804688,26,9391.5751953125
22,2025-11-09,153.46817016601562,26,9391.5751953125
23,2025-11-09,101.82637786865234,26,9391.5751953125
0,2025-11-10,29.297863006591797,26,19527.0234375
1,2025-11-10,1.5001814365386963,26,19527.0234375
2,2025-11-10,0.017417669296264648,26,19527.0234375
3,2025-11-10,0.037847340106964111,26,19527.0234375
4,2025-11-10,1.5169310569763184,26,19527.0234375
5,2025-11-10,85.526374816894531,26,19527.0234375
6,2025-11-10,458.17739868164062,26,19527.0234375
7,2025-11-10,969.33465576171875,26,19527.0234375
8,2025-11-10,2067.7451171875,26,19527.0234375
9,2025-11-10,1356.35595703125,26,19527.0234375
10,2025-11-10,1167.666015625,26,19527.0234375
11,2025-11-10,1063.8233642578125,26,19527.0234375
12,2025-11-10,1120.104736328125,26,19527.0234375
13,2025-11-10,1139.785400390625,26,19527.0234375
14,2025-11-10,1243.4564208984375,26,19527.0234375
15,2025-11-10,1255.7884521484375,26,19527.0234375
16,2025-11-10,1419.05029296875,26,19527.0234375
17,2025-11-10,1637.6722412109375,26,19527.0234375
18,2025-11-10,1693.388916015625,26,19527.0234375
19,2025-11-10,1144.7396240234375,26,19527.0234375
20,2025-11-10,686.67071533203125,26,19527.0234375
21,2025-11-10,439.34884643554688,26,19527.0234375
22,2025-11-10,165.9940185546875,26,19527.0234375
23,2025-11-10,99.561729431152344,26,19527.0234375
0,2025-11-11,30.268051147460938,26,19792.705078125
1,2025-11-11,0.72034764289855957,26,19792.705078125
2,2025-11-11,0.018538355827331543,26,19792.705078125
3,2025-11-11,0.034916222095489502,26,19792.705078125
4,2025-11-11,1.3880922794342041,26,19792.705078125
5,2025-11-11,86.642501831054688,26,19792.705078125
6,2025-11-11,463.1497802734375,26,19792.705078125
7,2025-11-11,983.89892578125,26,19792.705078125
8,2025-11-11,2095.54638671875,26,19792.705078125
9,2025-11-11,1370.912353515625,26,19792.705078125
10,2025-11-11,1166.201904296875,26,19792.705078125
11,2025-11-11,1079.11962890625,26,19792.705078125
12,2025-11-11,1138.870849609375,26,19792.705078125
13,2025-11-11,1125.550537109375,26,19792.705078125
14,2025-11-11,1273.59326171875,26,19792.705078125
15,2025-11-11,1263.2515869140625,26,19792.705078125
16,2025-11-11,1428.557373046875,26,19792.705078125
17,2025-11-11,1665.189208984375,26,19792.705078125
18,2025-11-11,1701.3321533203125,26,19792.705078125
19,2025-11-11,1174.5615234375,26,19792.705078125
20,2025-11-11,701.2169189453125,26,19792.705078125
21,2025-11-11,457.982666015625,26,19792.705078125
22,2025-11-11,176.09170532226562,26,19792.705078125
23,2025-11-11,105.93926239013672,26,19792.705078125
0,2025-11-12,32.030647277832031,26,19640.10546875
1,2025-11-12,0.55999016761779785,26,19640.10546875
2,2025-11-12,0.018222153186798096,26,19640.10546875
3,2025-11-12,0.044910609722137451,26,19640.10546875
4,2025-11-12,1.5416293144226074,26,19640.10546875
5,2025-11-12,87.768447875976562,26,19640.10546875
6,2025-11-12,459.12646484375,26,19640.10546875
7,2025-11-12,967.57275390625,26,19640.10546875
8,2025-11-12,2070.45556640625,26,19640.10546875
9,2025-11-12,1365.5205078125,26,19640.10546875
10,2025-11-12,1159.411865234375,26,19640.10546875
11,2025-11-12,1080.28369140625,26,19640.10546875
12,2025-11-12,1144.3060302734375,26,19640.10546875
13,2025-11-12,1144.500732421875,26,19640.10546875
14,2025-11-12,1300.2322998046875,26,19640.10546875
15,2025-11-12,1274.303955078125,26,19640.10546875
16,2025-11-12,1421.10791015625,26,19640.10546875
17,2025-11-12,1629.7799072265625,26,19640.10546875
18,2025-11-12,1651.2674560546875,26,19640.10546875
19,2025-11-12,1160.528564453125,26,19640.10546875
20,2025-11-12,704.42645263671875,26,19640.10546875
21,2025-11-12,471.55819702148438,26,19640.10546875
22,2025-11-12,186.40731811523438,26,19640.10546875
23,2025-11-12,116.72653961181641,26,19640.10546875
0,2025-11-13,34.724452972412109,26,19849.48046875
1,2025-11-13,0.60852575302124023,26,19849.48046875
2,2025-11-13,0.014692544937133789,26,19849.48046875
3,2025-11-13,0.029830515384674072,26,19849.48046875
4,2025-11-13,1.3673443794250488,26,19849.48046875
5,2025-11-13,86.287200927734375,26,19849.48046875
6,2025-11-13,460.246337890625,26,19849.48046875
7,2025-11-13,952.531005859375,26,19849.48046875
8,2025-11-13,2018.855224609375,26,19849.48046875
9,2025-11-13,1349.9713134765625,26,19849.48046875
10,2025-11-13,1150.1143798828125,26,19849.48046875
11,2025-11-13,1088.5751953125,26,19849.48046875
12,2025-11-13,1152.196533203125,26,19849.48046875
13,2025-11-13,1146.6348876953125,26,19849.48046875
14,2025-11-13,1301.8436279296875,26,19849.48046875
15,2025-11-13,1277.395751953125,26,19849.48046875
16,2025-11-13,1434.92626953125,26,19849.48046875
17,2025-11-13,1633.665283203125,26,19849.48046875
18,2025-11-13,1651.5194091796875,26,19849.48046875
19,2025-11-13,1150.7437744140625,26,19849.48046875
20,2025-11-13,698.767578125,26,19849.48046875
21,2025-11-13,467.115234375,26,19849.48046875
22,2025-11-13,189.17124938964844,26,19849.48046875
23,2025-11-13,120.91343688964844,26,19849.48046875
0,2025-11-14,34.839122772216797,26,19623.3203125
1,2025-11-14,0.64035892486572266,26,19623.3203125
2,2025-11-14,0.017491847276687622,26,19623.3203125
3,2025-11-14,0.0280800461769104,26,19623.3203125
4,2025-11-14,1.2050967216491699,26,19623.3203125
5,2025-11-14,85.210365295410156,26,19623.3203125
6,2025-11-14,464.5765380859375,26,19623.3203125
7,2025-11-14,931.615966796875,26,19623.3203125
8,2025-11-14,1994.463623046875,26,19623.3203125
9,2025-11-14,1324.8009033203125,26,19623.3203125
10,2025-11-14,1156.234619140625,26,19623.3203125
11,2025-11-14,1083.719970703125,26,19623.3203125
12,2025-11-14,1158.67431640625,26,19623.3203125
13,2025-11-14,1166.4613037109375,26,19623.3203125
14,2025-11-14,1314.80859375,26,19623.3203125
15,2025-11-14,1310.9071044921875,26,19623.3203125
16,2025-11-14,1521.766357421875,26,19623.3203125
17,2025-11-14,1662.981201171875,26,19623.3203125
18,2025-11-14,1363.7135009765625,26,19623.3203125
19,2025-11-14,1040.812255859375,26,19623.3203125
20,2025-11-14,668.11907958984375,26,19623.3203125
21,2025-11-14,445.81967163085938,26,19623.3203125
22,2025-11-14,184.74655151367188,26,19623.3203125
23,2025-11-14,134.383544921875,26,19623.3203125
0,2025-11-15,43.708213806152344,26,12437.09375
1,2025-11-15,1.058902382850647,26,12437.09375
2,2025-11-15,0.014932245016098022,26,12437.09375
3,2025-11-15,0.025319755077362061,26,12437.09375
4,2025-11-15,1.0232546329498291,26,12437.09375
5,2025-11-15,49.079803466796875,26,12437.09375
6,2025-11-15,261.0020751953125,26,12437.09375
7,2025-11-15,398.6676025390625,26,12437.09375
8,2025-11-15,647.42047119140625,26,12437.09375
9,2025-11-15,733.43939208984375,26,12437.09375
10,2025-11-15,870.3450927734375,26,12437.09375
11,2025-11-15,1014.152099609375,26,12437.09375
12,2025-11-15,1066.7247314453125,26,12437.09375
13,2025-11-15,1074.16064453125,26,12437.09375
14,2025-11-15,1118.1939697265625,26,12437.09375
15,2025-11-15,1004.79443359375,26,12437.09375
16,2025-11-15,1026.17138671875,26,12437.09375
17,2025-11-15,959.262451171875,26,12437.09375
18,2025-11-15,835.555908203125,26,12437.09375
19,2025-11-15,768.58599853515625,26,12437.09375
20,2025-11-15,518.9532470703125,26,12437.09375
21,2025-11-15,353.5147705078125,26,12437.09375
22,2025-11-15,171.92710876464844,26,12437.09375
23,2025-11-15,130.37228393554688,26,12437.09375
0,2025-11-16,45.92694091796875,26,9925.978515625
1,2025-11-16,3.7499544620513916,26,9925.978515625
2,2025-11-16,0.018389642238616943,26,9925.978515625
3,2025-11-16,0.012663722038269043,26,9925.978515625
4,2025-11-16,0.94145464897155762,26,9925.978515625
5,2025-11-16,30.851272583007812,26,9925.978515625
6,2025-11-16,156.40560913085938,26,9925.978515625
7,2025-11-16,275.2598876953125,26,9925.978515625
8,2025-11-16,427.7935791015625,26,9925.978515625
9,2025-11-16,555.85919189453125,26,9925.978515625
10,2025-11-16,615.4930419921875,26,9925.978515625
11,2025-11-16,819.7998046875,26,9925.978515625
12,2025-11-16,890.59442138671875,26,9925.978515625
13,2025-11-16,922.48895263671875,26,9925.978515625
14,2025-11-16,914.2757568359375,26,9925.978515625
15,2025-11-16,800.7799072265625,26,9925.978515625
16,2025-11-16,788.89306640625,26,9925.978515625
17,2025-11-16,819.87664794921875,26,9925.978515625
18,2025-11-16,691.21234130859375,26,9925.978515625
19,2025-11-16,548.634765625,26,9925.978515625
20,2025-11-16,413.39019775390625,26,9925.978515625
21,2025-11-16,293.7962646484375,26,9925.978515625
22,2025-11-16,154.19534301757812,26,9925.978515625
23,2025-11-16,96.849761962890625,26,9925.978515625
0,2025-11-17,27.135730743408203,26,19766.890625
1,2025-11-17,1.2770699262619019,26,19766.890625
2,2025-11-17,0.0093431770801544189,26,19766.890625
3,2025-11-17,0.036965727806091309,26,19766.890625
4,2025-11-17,1.5482230186462402,26,19766.890625
5,2025-11-17,88.803947448730469,26,19766.890625
6,2025-11-17,469.67593383789062,26,19766.890625
7,2025-11-17,1022.5408935546875,26,19766.890625
8,2025-11-17,2134.05615234375,26,19766.890625
9,2025-11-17,1402.633056640625,26,19766.890625
10,2025-11-17,1192.9268798828125,26,19766.890625
11,2025-11-17,1080.474609375,26,19766.890625
12,2025-11-17,1136.767578125,26,19766.890625
13,2025-11-17,1171.4559326171875,26,19766.890625
14,2025-11-17,1276.103271484375,26,19766.890625
15,2025-11-17,1282.0694580078125,26,19766.890625
16,2025-11-17,1443.70849609375,26,19766.890625
17,2025-11-17,1696.475830078125,26,19766.890625
18,2025-11-17,1772.34716796875,26,19766.890625
19,2025-11-17,1175.6181640625,26,19766.890625
20,2025-11-17,718.31524658203125,26,19766.890625
21,2025-11-17,436.68948364257812,26,19766.890625
22,2025-11-17,169.5054931640625,26,19766.890625
23,2025-11-17,99.895294189453125,26,19766.890625
0,2025-11-18,27.948715209960938,26,19959.88671875
1,2025-11-18,0.47379350662231445,26,19959.88671875
2,2025-11-18,0.01229509711265564,26,19959.88671875
3,2025-11-18,0.033031105995178223,26,19959.88671875
4,2025-11-18,1.3693156242370605,26,19959.88671875
5,2025-11-18,89.232948303222656,26,19959.88671875
6,2025-11-18,470.10369873046875,26,19959.88671875
7,2025-11-18,1028.189208984375,26,19959.88671875
8,2025-11-18,2164.935546875,26,19959.88671875
9,2025-11-18,1411.09375,26,19959.88671875
10,2025-11-18,1195.38427734375,26,19959.88671875
11,2025-11-18,1110.9134521484375,26,19959.88671875
12,2025-11-18,1159.294189453125,26,19959.88671875
13,2025-11-18,1168.2802734375,26,19959.88671875
14,2025-11-18,1303.7706298828125,26,19959.88671875
15,2025-11-18,1292.6280517578125,26,19959.88671875
16,2025-11-18,1444.7210693359375,26,19959.88671875
17,2025-11-18,1698.250244140625,26,19959.88671875
18,2025-11-18,1768.52294921875,26,19959.88671875
19,2025-11-18,1212.772216796875,26,19959.88671875
20,2025-11-18,727.183349609375,26,19959.88671875
21,2025-11-18,458.9635009765625,26,19959.88671875
22,2025-11-18,178.75752258300781,26,19959.88671875
23,2025-11-18,104.61148071289062,26,19959.88671875
0,2025-11-19,30.470577239990234,26,19942.779296875
1,2025-11-19,0.49677491188049316,26,19942.779296875
2,2025-11-19,0.011655479669570923,26,19942.779296875
3,2025-11-19,0.034129917621612549,26,19942.779296875
4,2025-11-19,1.4935600757598877,26,19942.779296875
5,2025-11-19,89.449119567871094,26,19942.779296875
6,2025-11-19,465.11639404296875,26,19942.779296875
7,2025-11-19,1015.7192993164062,26,19942.779296875
8,2025-11-19,2132.9609375,26,19942.779296875
9,2025-11-19,1402.203857421875,26,19942.779296875
10,2025-11-19,1186.4822998046875,26,19942.779296875
11,2025-11-19,1105.3355712890625,26,19942.779296875
12,2025-11-19,1164.725830078125,26,19942.779296875
13,2025-11-19,1180.763427734375,26,19942.779296875
14,2025-11-19,1336.8641357421875,26,19942.779296875
15,2025-11-19,1301.758056640625,26,19942.779296875
16,2025-11-19,1425.443603515625,26,19942.779296875
17,2025-11-19,1662.4073486328125,26,19942.779296875
18,2025-11-19,1734.25146484375,26,19942.779296875
19,2025-11-19,1180.516357421875,26,19942.779296875
20,2025-11-19,717.807373046875,26,19942.779296875
21,2025-11-19,475.1092529296875,26,19942.779296875
22,2025-11-19,193.19453430175781,26,19942.779296875
23,2025-11-19,113.82184600830078,26,19942.779296875
0,2025-11-20,32.005466461181641,26,19928.841796875
1,2025-11-20,0.5306246280670166,26,19928.841796875
2,2025-11-20,0.013368189334869385,26,19928.841796875
3,2025-11-20,0.033457279205322266,26,19928.841796875
4,2025-11-20,1.406599760055542,26,19928.841796875
5,2025-11-20,88.73272705078125,26,19928.841796875
6,2025-11-20,465.97171020507812,26,19928.841796875
7,2025-11-20,1005.3182373046875,26,19928.841796875
8,2025-11-20,2118.73486328125,26,19928.841796875
9,2025-11-20,1393.559326171875,26,19928.841796875
10,2025-11-20,1180.837890625,26,19928.841796875
11,2025-11-20,1113.4105224609375,26,19928.841796875
12,2025-11-20,1161.790771484375,26,19928.841796875
13,2025-11-20,1172.9033203125,26,19928.841796875
14,2025-11-20,1324.4654541015625,26,19928.841796875
15,2025-11-20,1303.0018310546875,26,19928.841796875
16,2025-11-20,1433.381591796875,26,19928.841796875
17,2025-11-20,1672.103271484375,26,19928.841796875
18,2025-11-20,1732.11181640625,26,19928.841796875
19,2025-11-20,1166.8177490234375,26,19928.841796875
20,2025-11-20,722.22381591796875,26,19928.841796875
21,2025-11-20,470.98980712890625,26,19928.841796875
22,2025-11-20,197.38838195800781,26,19928.841796875
23,2025-11-20,118.7557373046875,26,19928.841796875
0,2025-11-21,34.25592041015625,26,19271.1328125
1,2025-11-21,0.52666521072387695,26,19271.1328125
2,2025-11-21,0.014527857303619385,26,19271.1328125
3,2025-11-21,0.038468897342681885,26,19271.1328125
4,2025-11-21,1.2899789810180664,26,19271.1328125
5,2025-11-21,86.347183227539062,26,19271.1328125
6,2025-11-21,458.3309326171875,26,19271.1328125
7,2025-11-21,948.92755126953125,26,19271.1328125
8,2025-11-21,2004.556640625,26,19271.1328125
9,2025-11-21,1305.5928955078125,26,19271.1328125
10,2025-11-21,1147.9708251953125,26,19271.1328125
11,2025-11-21,1064.736572265625,26,19271.1328125
12,2025-11-21,1139.486572265625,26,19271.1328125
13,2025-11-21,1154.0823974609375,26,19271.1328125
14,2025-11-21,1301.67529296875,26,19271.1328125
15,2025-11-21,1300.2220458984375,26,19271.1328125
16,2025-11-21,1507.836181640625,26,19271.1328125
17,2025-11-21,1650.8634033203125,26,19271.1328125
18,2025-11-21,1312.28369140625,26,19271.1328125
19,2025-11-21,1011.5241088867188,26,19271.1328125
20,2025-11-21,663.93994140625,26,19271.1328125
21,2025-11-21,447.81439208984375,26,19271.1328125
22,2025-11-21,190.92436218261719,26,19271.1328125
23,2025-11-21,135.58726501464844,26,19271.1328125
0,2025-11-22,39.379665374755859,26,12508.701171875
1,2025-11-22,0.92386674880981445,26,12508.701171875
2,2025-11-22,0.0090883374214172363,26,12508.701171875
3,2025-11-22,0.03854680061340332,26,12508.701171875
4,2025-11-22,1.0246281623840332,26,12508.701171875
5,2025-11-22,47.444869995117188,26,12508.701171875
6,2025-11-22,229.71624755859375,26,12508.701171875
7,2025-11-22,344.96768188476562,26,12508.701171875
8,2025-11-22,575.4049072265625,26,12508.701171875
9,2025-11-22,656.8232421875,26,12508.701171875
10,2025-11-22,786.648193359375,26,12508.701171875
11,2025-11-22,974.5054931640625,26,12508.701171875
12,2025-11-22,1028.435791015625,26,12508.701171875
13,2025-11-22,1018.1204833984375,26,12508.701171875
14,2025-11-22,1074.7650146484375,26,12508.701171875
15,2025-11-22,921.9344482421875,26,12508.701171875
16,2025-11-22,936.8201904296875,26,12508.701171875
17,2025-11-22,925.091064453125,26,12508.701171875
18,2025-11-22,825.4146728515625,26,12508.701171875
19,2025-11-22,750.237548828125,26,12508.701171875
20,2025-11-22,506.4503173828125,26,12508.701171875
21,2025-11-22,361.53778076171875,26,12508.701171875
22,2025-11-22,175.36892700195312,26,12508.701171875
23,2025-11-22,130.12315368652344,26,12508.701171875
0,2025-11-23,44.321258544921875,26,10184.287109375
1,2025-11-23,3.6639485359191895,26,10184.287109375
2,2025-11-23,0.014512211084365845,26,10184.287109375
3,2025-11-23,0.026082992553710938,26,10184.287109375
4,2025-11-23,1.0093228816986084,26,10184.287109375
5,2025-11-23,30.258171081542969,26,10184.287109375
6,2025-11-23,138.86495971679688,26,10184.287109375
7,2025-11-23,269.63406372070312,26,10184.287109375
8,2025-11-23,428.37109375,26,10184.287109375
9,2025-11-23,543.4595947265625,26,10184.287109375
10,2025-11-23,588.630615234375,26,10184.287109375
11,2025-11-23,806.06689453125,26,10184.287109375
12,2025-11-23,853.42822265625,26,10184.287109375
13,2025-11-23,882.8260498046875,26,10184.287109375
14,2025-11-23,878.1983642578125,26,10184.287109375
15,2025-11-23,785.96630859375,26,10184.287109375
16,2025-11-23,771.3916015625,26,10184.287109375
17,2025-11-23,826.6446533203125,26,10184.287109375
18,2025-11-23,728.1663818359375,26,10184.287109375
19,2025-11-23,557.5328369140625,26,10184.287109375
20,2025-11-23,412.25662231445312,26,10184.287109375
21,2025-11-23,295.66580200195312,26,10184.287109375
22,2025-11-23,163.06253051757812,26,10184.287109375
23,2025-11-23,102.57022094726562,26,10184.287109375
0,2025-11-24,27.692211151123047,26,19558.125
1,2025-11-24,1.2822809219360352,26,19558.125
2,2025-11-24,0.01252824068069458,26,19558.125
3,2025-11-24,0.031378209590911865,26,19558.125
4,2025-11-24,1.5297038555145264,26,19558.125
5,2025-11-24,87.502410888671875,26,19558.125
6,2025-11-24,462.033203125,26,19558.125
7,2025-11-24,986.7177734375,26,19558.125
8,2025-11-24,2068.79541015625,26,19558.125
9,2025-11-24,1361.631103515625,26,19558.125
10,2025-11-24,1170.7037353515625,26,19558.125
11,2025-11-24,1072.78564453125,26,19558.125
12,2025-11-24,1136.4158935546875,26,19558.125
13,2025-11-24,1160.54248046875,26,19558.125
14,2025-11-24,1256.39404296875,26,19558.125
15,2025-11-24,1265.51708984375,26,19558.125
16,2025-11-24,1423.791015625,26,19558.125
17,2025-11-24,1661.1622314453125,26,19558.125
18,2025-11-24,1732.4884033203125,26,19558.125
19,2025-11-24,1178.891845703125,26,19558.125
20,2025-11-24,723.9091796875,26,19558.125
21,2025-11-24,435.8739013671875,26,19558.125
22,2025-11-24,171.79710388183594,26,19558.125
23,2025-11-24,102.66470336914062,26,19558.125
0,2025-11-25,27.352659225463867,26,19921.671875
1,2025-11-25,0.54091238975524902,26,19921.671875
2,2025-11-25,0.010407835245132446,26,19921.671875
3,2025-11-25,0.037500083446502686,26,19921.671875
4,2025-11-25,1.3761675357818604,26,19921.671875
5,2025-11-25,88.50982666015625,26,19921.671875
6,2025-11-25,467.07009887695312,26,19921.671875
7,2025-11-25,1013.5908203125,26,19921.671875
8,2025-11-25,2139.74462890625,26,19921.671875
9,2025-11-25,1392.66845703125,26,19921.671875
10,2025-11-25,1187.2276611328125,26,19921.671875
11,2025-11-25,1108.58203125,26,19921.671875
12,2025-11-25,1160.142333984375,26,19921.671875
13,2025-11-25,1161.536376953125,26,19921.671875
14,2025-11-25,1294.546875,26,19921.671875
15,2025-11-25,1288.4884033203125,26,19921.671875
16,2025-11-25,1445.4749755859375,26,19921.671875
17,2025-11-25,1684.3294677734375,26,19921.671875
18,2025-11-25,1753.2877197265625,26,19921.671875
19,2025-11-25,1218.18603515625,26,19921.671875
20,2025-11-25,734.90234375,26,19921.671875
21,2025-11-25,459.05126953125,26,19921.671875
22,2025-11-25,181.00094604492188,26,19921.671875
23,2025-11-25,109.05478668212891,26,19921.671875
0,2025-11-26,29.324550628662109,26,19841.8046875
1,2025-11-26,0.57660031318664551,26,19841.8046875
2,2025-11-26,0.01263776421546936,26,19841.8046875
3,2025-11-26,0.034556865692138672,26,19841.8046875
4,2025-11-26,1.52677321434021,26,19841.8046875
5,2025-11-26,88.96551513671875,26,19841.8046875
6,2025-11-26,463.7119140625,26,19841.8046875
7,2025-11-26,1004.0841064453125,26,19841.8046875
8,2025-11-26,2125.14599609375,26,19841.8046875
9,2025-11-26,1386.6015625,26,19841.8046875
10,2025-11-26,1184.611083984375,26,19841.8046875
11,2025-11-26,1108.248291015625,26,19841.8046875
12,2025-11-26,1171.66357421875,26,19841.8046875
13,2025-11-26,1178.706298828125,26,19841.8046875
14,2025-11-26,1321.9613037109375,26,19841.8046875
15,2025-11-26,1296.3282470703125,26,19841.8046875
16,2025-11-26,1432.49658203125,26,19841.8046875
17,2025-11-26,1639.530029296875,26,19841.8046875
18,2025-11-26,1718.4541015625,26,19841.8046875
19,2025-11-26,1195.2724609375,26,19841.8046875
20,2025-11-26,727.00274658203125,26,19841.8046875
21,2025-11-26,472.90298461914062,26,19841.8046875
22,2025-11-26,193.36373901367188,26,19841.8046875
23,2025-11-26,118.4864501953125,26,19841.8046875
0,2025-11-27,32.467330932617188,26,19914.072265625
1,2025-11-27,0.62138462066650391,26,19914.072265625
2,2025-11-27,0.012023627758026123,26,19914.072265625
3,2025-11-27,0.038106083869934082,26,19914.072265625
4,2025-11-27,1.3655648231506348,26,19914.072265625
5,2025-11-27,88.123672485351562,26,19914.072265625
6,2025-11-27,465.68801879882812,26,19914.072265625
7,2025-11-27,1008.562744140625,26,19914.072265625
8,2025-11-27,2125.1806640625,26,19914.072265625
9,2025-11-27,1390.756591796875,26,19914.072265625
10,2025-11-27,1182.6641845703125,26,19914.072265625
11,2025-11-27,1117.7294921875,26,19914.072265625
12,2025-11-27,1169.8133544921875,26,19914.072265625
13,2025-11-27,1173.614990234375,26,19914.072265625
14,2025-11-27,1323.5526123046875,26,19914.072265625
15,2025-11-27,1303.645751953125,26,19914.072265625
16,2025-11-27,1456.140625,26,19914.072265625
17,2025-11-27,1670.2210693359375,26,19914.072265625
18,2025-11-27,1740.673583984375,26,19914.072265625
19,2025-11-27,1183.20263671875,26,19914.072265625
20,2025-11-27,728.91754150390625,26,19914.072265625
21,2025-11-27,469.342529296875,26,19914.072265625
22,2025-11-27,196.2486572265625,26,19914.072265625
23,2025-11-27,123.27958679199219,26,19914.072265625
0,2025-11-28,33.474639892578125,26,19311.7109375
1,2025-11-28,0.53922390937805176,26,19311.7109375
2,2025-11-28,0.013681381940841675,26,19311.7109375
3,2025-11-28,0.034601092338562012,26,19311.7109375
4,2025-11-28,1.192347526550293,26,19311.7109375
5,2025-11-28,85.1627197265625,26,19311.7109375
6,2025-11-28,458.96755981445312,26,19311.7109375
7,2025-11-28,948.6925048828125,26,19311.7109375
8,2025-11-28,1988.416748046875,26,19311.7109375
9,2025-11-28,1306.635986328125,26,19311.7109375
10,2025-11-28,1149.74951171875,26,19311.7109375
11,2025-11-28,1069.7896728515625,26,19311.7109375
12,2025-11-28,1151.6890869140625,26,19311.7109375
13,2025-11-28,1160.656494140625,26,19311.7109375
14,2025-11-28,1296.396240234375,26,19311.7109375
15,2025-11-28,1300.876708984375,26,19311.7109375
16,2025-11-28,1518.2840576171875,26,19311.7109375
17,2025-11-28,1648.4599609375,26,19311.7109375
18,2025-11-28,1333.560791015625,26,19311.7109375
19,2025-11-28,1035.538330078125,26,19311.7109375
20,2025-11-28,674.31988525390625,26,19311.7109375
21,2025-11-28,438.00994873046875,26,19311.7109375
22,2025-11-28,188.10247802734375,26,19311.7109375
23,2025-11-28,139.34115600585938,26,19311.7109375
0,2025-11-29,40.743610382080078,26,12433.373046875
1,2025-11-29,1.0732200145721436,26,12433.373046875
2,2025-11-29,0.013925254344940186,26,12433.373046875
3,2025-11-29,0.024758875370025635,26,12433.373046875
4,2025-11-29,1.0340712070465088,26,12433.373046875
5,2025-11-29,46.263916015625,26,12433.373046875
6,2025-11-29,234.54336547851562,26,12433.373046875
7,2025-11-29,354.53756713867188,26,12433.373046875
8,2025-11-29,569.00341796875,26,12433.373046875
9,2025-11-29,661.818359375,26,12433.373046875
10,2025-11-29,804.56439208984375,26,12433.373046875
11,2025-11-29,969.9420166015625,26,12433.373046875
12,2025-11-29,1034.141845703125,26,12433.373046875
13,2025-11-29,1023.7098388671875,26,12433.373046875
14,2025-11-29,1062.2899169921875,26,12433.373046875
15,2025-11-29,923.32794189453125,26,12433.373046875
16,2025-11-29,937.79296875,26,12433.373046875
17,2025-11-29,914.00933837890625,26,12433.373046875
18,2025-11-29,817.56927490234375,26,12433.373046875
19,2025-11-29,759.73724365234375,26,12433.373046875
20,2025-11-29,507.94790649414062,26,12433.373046875
21,2025-11-29,351.46783447265625,26,12433.373046875
22,2025-11-29,172.50044250488281,26,12433.373046875
23,2025-11-29,133.82254028320312,26,12433.373046875
0,2025-11-30,45.227928161621094,26,10148.13671875
1,2025-11-30,3.7619423866271973,26,10148.13671875
2,2025-11-30,0.01456606388092041,26,10148.13671875
3,2025-11-30,0.031691908836364746,26,10148.13671875
4,2025-11-30,0.91552519798278809,26,10148.13671875
5,2025-11-30,29.211662292480469,26,10148.13671875
6,2025-11-30,140.42315673828125,26,10148.13671875
7,2025-11-30,279.13427734375,26,10148.13671875
8,2025-11-30,455.2987060546875,26,10148.13671875
9,2025-11-30,542.084228515625,26,10148.13671875
10,2025-11-30,599.18060302734375,26,10148.13671875
11,2025-11-30,807.309814453125,26,10148.13671875
12,2025-11-30,862.4783935546875,26,10148.13671875
13,2025-11-30,891.8701171875,26,10148.13671875
14,2025-11-30,873.18603515625,26,10148.13671875
15,2025-11-30,786.85504150390625,26,10148.13671875
16,2025-11-30,781.5948486328125,26,10148.13671875
17,2025-11-30,832.90728759765625,26,10148.13671875
18,2025-11-30,737.7750244140625,26,10148.13671875
19,2025-11-30,569.7435302734375,26,10148.13671875
20,2025-11-30,418.26220703125,26,10148.13671875
21,2025-11-30,297.633056640625,26,10148.13671875
22,2025-11-30,160.13662719726562,26,10148.13671875
23,2025-11-30,105.13130187988281,26,10148.13671875
0,2025-12-01,27.552230834960938,26,19670.255859375
1,2025-12-01,1.3133412599563599,26,19670.255859375
2,2025-12-01,0.011291742324829102,26,19670.255859375
3,2025-12-01,0.038983702659606934,26,19670.255859375
4,2025-12-01,1.5350027084350586,26,19670.255859375
5,2025-12-01,88.122184753417969,26,19670.255859375
6,2025-12-01,465.62017822265625,26,19670.255859375
7,2025-12-01,999.1326904296875,26,19670.255859375
8,2025-12-01,2072.295654296875,26,19670.255859375
9,2025-12-01,1372.123291015625,26,19670.255859375
10,2025-12-01,1180.1590576171875,26,19670.255859375
11,2025-12-01,1074.5084228515625,26,19670.255859375
12,2025-12-01,1137.07275390625,26,19670.255859375
13,2025-12-01,1164.5791015625,26,19670.255859375
14,2025-12-01,1251.592041015625,26,19670.255859375
15,2025-12-01,1269.9639892578125,26,19670.255859375
16,2025-12-01,1430.15673828125,26,19670.255859375
17,2025-12-01,1667.68798828125,26,19670.255859375
18,2025-12-01,1743.2303466796875,26,19670.255859375
19,2025-12-01,1197.1239013671875,26,19670.255859375
20,2025-12-01,729.4820556640625,26,19670.255859375
21,2025-12-01,436.94192504882812,26,19670.255859375
22,2025-12-01,168.11331176757812,26,19670.255859375
23,2025-12-01,102.62488555908203,26,19670.255859375
0,2025-12-02,28.278324127197266,26,19903.408203125
1,2025-12-02,0.47258305549621582,26,19903.408203125
2,2025-12-02,0.0094265341758728027,26,19903.408203125
3,2025-12-02,0.037595510482788086,26,19903.408203125
4,2025-12-02,1.3495995998382568,26,19903.408203125
5,2025-12-02,88.928840637207031,26,19903.408203125
6,2025-12-02,469.49722290039062,26,19903.408203125
7,2025-12-02,1014.61572265625,26,19903.408203125
8,2025-12-02,2137.02490234375,26,19903.408203125
9,2025-12-02,1395.2330322265625,26,19903.408203125
10,2025-12-02,1180.3651123046875,26,19903.408203125
11,2025-12-02,1105.4801025390625,26,19903.408203125
12,2025-12-02,1156.1810302734375,26,19903.408203125
13,2025-12-02,1160.3861083984375,26,19903.408203125
14,2025-12-02,1273.064453125,26,19903.408203125
15,2025-12-02,1274.1485595703125,26,19903.408203125
16,2025-12-02,1430.546142578125,26,19903.408203125
17,2025-12-02,1676.4144287109375,26,19903.408203125
18,2025-12-02,1750.96533203125,26,19903.408203125
19,2025-12-02,1224.882568359375,26,19903.408203125
20,2025-12-02,735.26995849609375,26,19903.408203125
21,2025-12-02,452.584716796875,26,19903.408203125
22,2025-12-02,179.08695983886719,26,19903.408203125
23,2025-12-02,108.65802764892578,26,19903.408203125
0,2025-12-03,28.50128173828125,26,19717.51171875
1,2025-12-03,0.59197711944580078,26,19717.51171875
2,2025-12-03,0.010072559118270874,26,19717.51171875
3,2025-12-03,0.031076490879058838,26,19717.51171875
4,2025-12-03,1.5393033027648926,26,19717.51171875
5,2025-12-03,89.106170654296875,26,19717.51171875
6,2025-12-03,460.23675537109375,26,19717.51171875
7,2025-12-03,983.0164794921875,26,19717.51171875
8,2025-12-03,2087.643310546875,26,19717.51171875
9,2025-12-03,1382.434326171875,26,19717.51171875
10,2025-12-03,1178.868408203125,26,19717.51171875
11,2025-12-03,1101.1982421875,26,19717.51171875
12,2025-12-03,1170.333984375,26,19717.51171875
13,2025-12-03,1166.774658203125,26,19717.51171875
14,2025-12-03,1320.42041015625,26,19717.51171875
15,2025-12-03,1287.6790771484375,26,19717.51171875
16,2025-12-03,1420.00830078125,26,19717.51171875
17,2025-12-03,1649.773193359375,26,19717.51171875
18,2025-12-03,1703.5499267578125,26,19717.51171875
19,2025-12-03,1181.8834228515625,26,19717.51171875
20,2025-12-03,721.01580810546875,26,19717.51171875
21,2025-12-03,474.65591430664062,26,19717.51171875
22,2025-12-03,184.85792541503906,26,19717.51171875
23,2025-12-03,121.10340881347656,26,19717.51171875
0,2025-12-04,31.798171997070312,26,19671.392578125
1,2025-12-04,0.59980511665344238,26,19671.392578125
2,2025-12-04,0.012078940868377686,26,19671.392578125
3,2025-12-04,0.032405555248260498,26,19671.392578125
4,2025-12-04,1.3906888961791992,26,19671.392578125
5,2025-12-04,88.301353454589844,26,19671.392578125
6,2025-12-04,463.07366943359375,26,19671.392578125
7,2025-12-04,977.2130126953125,26,19671.392578125
8,2025-12-04,2072.58056640625,26,19671.392578125
9,2025-12-04,1378.38916015625,26,19671.392578125
10,2025-12-04,1175.2462158203125,26,19671.392578125
11,2025-12-04,1111.04736328125,26,19671.392578125
12,2025-12-04,1174.8311767578125,26,19671.392578125
13,2025-12-04,1163.0772705078125,26,19671.392578125
14,2025-12-04,1312.53466796875,26,19671.392578125
15,2025-12-04,1290.1346435546875,26,19671.392578125
16,2025-12-04,1439.0850830078125,26,19671.392578125
17,2025-12-04,1654.40966796875,26,19671.392578125
18,2025-12-04,1719.2899169921875,26,19671.392578125
19,2025-12-04,1177.9427490234375,26,19671.392578125
20,2025-12-04,717.7332763671875,26,19671.392578125
21,2025-12-04,471.07110595703125,26,19671.392578125
22,2025-12-04,185.41845703125,26,19671.392578125
23,2025-12-04,122.98104858398438,26,19671.392578125
0,2025-12-05,31.806526184082031,26,19306.6015625
1,2025-12-05,0.56034517288208008,26,19306.6015625
2,2025-12-05,0.013533532619476318,26,19306.6015625
3,2025-12-05,0.030679941177368164,26,19306.6015625
4,2025-12-05,1.2815172672271729,26,19306.6015625
5,2025-12-05,86.013687133789062,26,19306.6015625
6,2025-12-05,459.76882934570312,26,19306.6015625
7,2025-12-05,944.39215087890625,26,19306.6015625
8,2025-12-05,1985.168212890625,26,19306.6015625
9,2025-12-05,1311.1146240234375,26,19306.6015625
10,2025-12-05,1159.07763671875,26,19306.6015625
11,2025-12-05,1079.3485107421875,26,19306.6015625
12,2025-12-05,1165.9100341796875,26,19306.6015625
13,2025-12-05,1154.143310546875,26,19306.6015625
14,2025-12-05,1309.5645751953125,26,19306.6015625
15,2025-12-05,1300.0306396484375,26,19306.6015625
16,2025-12-05,1525.5888671875,26,19306.6015625
17,2025-12-05,1638.237548828125,26,19306.6015625
18,2025-12-05,1326.5828857421875,26,19306.6015625
19,2025-12-05,1033.462646484375,26,19306.6015625
20,2025-12-05,675.5029296875,26,19306.6015625
21,2025-12-05,448.60458374023438,26,19306.6015625
22,2025-12-05,178.70436096191406,26,19306.6015625
23,2025-12-05,139.00314331054688,26,19306.6015625
0,2025-12-06,39.293498992919922,26,12530.24609375
1,2025-12-06,0.99724578857421875,26,12530.24609375
2,2025-12-06,0.015960842370986938,26,12530.24609375
3,2025-12-06,0.03536522388458252,26,12530.24609375
4,2025-12-06,1.0533640384674072,26,12530.24609375
5,2025-12-06,46.79833984375,26,12530.24609375
6,2025-12-06,226.96125793457031,26,12530.24609375
7,2025-12-06,351.97003173828125,26,12530.24609375
8,2025-12-06,597.63787841796875,26,12530.24609375
9,2025-12-06,651.291259765625,26,12530.24609375
10,2025-12-06,786.138671875,26,12530.24609375
11,2025-12-06,985.85455322265625,26,12530.24609375
12,2025-12-06,1040.8873291015625,26,12530.24609375
13,2025-12-06,1005.41552734375,26,12530.24609375
14,2025-12-06,1064.44873046875,26,12530.24609375
15,2025-12-06,921.1177978515625,26,12530.24609375
16,2025-12-06,947.8568115234375,26,12530.24609375
17,2025-12-06,932.96435546875,26,12530.24609375
18,2025-12-06,840.21136474609375,26,12530.24609375
19,2025-12-06,769.9388427734375,26,12530.24609375
20,2025-12-06,514.26300048828125,26,12530.24609375
21,2025-12-06,358.41537475585938,26,12530.24609375
22,2025-12-06,166.06451416015625,26,12530.24609375
23,2025-12-06,135.17831420898438,26,12530.24609375
0,2025-12-07,46.2738037109375,26,10195.55859375
1,2025-12-07,3.6335611343383789,26,10195.55859375
2,2025-12-07,0.016701102256774902,26,10195.55859375
3,2025-12-07,0.042069196701049805,26,10195.55859375
4,2025-12-07,1.0433471202850342,26,10195.55859375
5,2025-12-07,29.809234619140625,26,10195.55859375
6,2025-12-07,136.28500366210938,26,10195.55859375
7,2025-12-07,264.3983154296875,26,10195.55859375
8,2025-12-07,439.68035888671875,26,10195.55859375
9,2025-12-07,535.4951171875,26,10195.55859375
10,2025-12-07,611.7943115234375,26,10195.55859375
11,2025-12-07,809.0633544921875,26,10195.55859375
12,2025-12-07,890.568115234375,26,10195.55859375
13,2025-12-07,883.7930908203125,26,10195.55859375
14,2025-12-07,879.76043701171875,26,10195.55859375
15,2025-12-07,794.25738525390625,26,10195.55859375
16,2025-12-07,796.55865478515625,26,10195.55859375
17,2025-12-07,829.720458984375,26,10195.55859375
18,2025-12-07,732.041748046875,26,10195.55859375
19,2025-12-07,591.395751953125,26,10195.55859375
20,2025-12-07,419.29617309570312,26,10195.55859375
21,2025-12-07,303.375732421875,26,10195.55859375
22,2025-12-07,152.15493774414062,26,10195.55859375
23,2025-12-07,109.73506927490234,26,10195.55859375
0,2025-12-08,28.612705230712891,26,19365.20703125
1,2025-12-08,1.2208497524261475,26,19365.20703125
2,2025-12-08,0.011204689741134644,26,19365.20703125
3,2025-12-08,0.040220737457275391,26,19365.20703125
4,2025-12-08,1.4840641021728516,26,19365.20703125
5,2025-12-08,87.115478515625,26,19365.20703125
6,2025-12-08,462.89974975585938,26,19365.20703125
7,2025-12-08,976.992431640625,26,19365.20703125
8,2025-12-08,2048.44140625,26,19365.20703125
9,2025-12-08,1352.8834228515625,26,19365.20703125
10,2025-12-08,1173.1949462890625,26,19365.20703125
11,2025-12-08,1069.1475830078125,26,19365.20703125
12,2025-12-08,1140.2099609375,26,19365.20703125
13,2025-12-08,1161.9202880859375,26,19365.20703125
14,2025-12-08,1241.140869140625,26,19365.20703125
15,2025-12-08,1265.613525390625,26,19365.20703125
16,2025-12-08,1420.9876708984375,26,19365.20703125
17,2025-12-08,1657.1390380859375,26,19365.20703125
18,2025-12-08,1736.89013671875,26,19365.20703125
19,2025-12-08,1184.515380859375,26,19365.20703125
20,2025-12-08,719.89697265625,26,19365.20703125
21,2025-12-08,438.10964965820312,26,19365.20703125
22,2025-12-08,158.27279663085938,26,19365.20703125
23,2025-12-08,105.5870361328125,26,19365.20703125
0,2025-12-09,27.563228607177734,26,19753.40625
1,2025-12-09,0.47968149185180664,26,19753.40625
2,2025-12-09,0.015342086553573608,26,19753.40625
3,2025-12-09,0.028003454208374023,26,19753.40625
4,2025-12-09,1.2712218761444092,26,19753.40625
5,2025-12-09,87.786834716796875,26,19753.40625
6,2025-12-09,464.92312622070312,26,19753.40625
7,2025-12-09,996.295166015625,26,19753.40625
8,2025-12-09,2105.564453125,26,19753.40625
9,2025-12-09,1374.846923828125,26,19753.40625
10,2025-12-09,1185.53564453125,26,19753.40625
11,2025-12-09,1106.115234375,26,19753.40625
12,2025-12-09,1171.0535888671875,26,19753.40625
13,2025-12-09,1165.523681640625,26,19753.40625
14,2025-12-09,1280.423828125,26,19753.40625
15,2025-12-09,1280.20703125,26,19753.40625
16,2025-12-09,1437.17138671875,26,19753.40625
17,2025-12-09,1678.1397705078125,26,19753.40625
18,2025-12-09,1752.423095703125,26,19753.40625
19,2025-12-09,1213.9324951171875,26,19753.40625
20,2025-12-09,732.19482421875,26,19753.40625
21,2025-12-09,455.58050537109375,26,19753.40625
22,2025-12-09,167.50497436523438,26,19753.40625
23,2025-12-09,111.42964172363281,26,19753.40625
0,2025-12-10,30.690927505493164,26,19765.0546875
1,2025-12-10,0.54982471466064453,26,19765.0546875
2,2025-12-10,0.014532625675201416,26,19765.0546875
3,2025-12-10,0.032766163349151611,26,19765.0546875
4,2025-12-10,1.5253593921661377,26,19765.0546875
5,2025-12-10,88.169525146484375,26,19765.0546875
6,2025-12-10,462.04360961914062,26,19765.0546875
7,2025-12-10,988.1103515625,26,19765.0546875
8,2025-12-10,2093.69921875,26,19765.0546875
9,2025-12-10,1375.08984375,26,19765.0546875
10,2025-12-10,1183.4661865234375,26,19765.0546875
11,2025-12-10,1107.4405517578125,26,19765.0546875
12,2025-12-10,1183.2080078125,26,19765.0546875
13,2025-12-10,1181.490478515625,26,19765.0546875
14,2025-12-10,1315.66162109375,26,19765.0546875
15,2025-12-10,1284.781494140625,26,19765.0546875
16,2025-12-10,1423.7852783203125,26,19765.0546875
17,2025-12-10,1640.7366943359375,26,19765.0546875
18,2025-12-10,1725.67578125,26,19765.0546875
19,2025-12-10,1194.8492431640625,26,19765.0546875
20,2025-12-10,726.960693359375,26,19765.0546875
21,2025-12-10,471.2257080078125,26,19765.0546875
22,2025-12-10,177.80381774902344,26,19765.0546875
23,2025-12-10,119.80983734130859,26,19765.0546875
0,2025-12-11,34.110366821289062,26,19689.20703125
1,2025-12-11,0.5913393497467041,26,19689.20703125
2,2025-12-11,0.011801064014434814,26,19689.20703125
3,2025-12-11,0.03574836254119873,26,19689.20703125
4,2025-12-11,1.2990930080413818,26,19689.20703125
5,2025-12-11,87.225776672363281,26,19689.20703125
6,2025-12-11,464.16769409179688,26,19689.20703125
7,2025-12-11,982.73724365234375,26,19689.20703125
8,2025-12-11,2086.45947265625,26,19689.20703125
9,2025-12-11,1372.146728515625,26,19689.20703125
10,2025-12-11,1175.900146484375,26,19689.20703125
11,2025-12-11,1112.1580810546875,26,19689.20703125
12,2025-12-11,1178.3743896484375,26,19689.20703125
13,2025-12-11,1176.16015625,26,19689.20703125
14,2025-12-11,1305.583740234375,26,19689.20703125
15,2025-12-11,1286.947509765625,26,19689.20703125
16,2025-12-11,1443.552734375,26,19689.20703125
17,2025-12-11,1652.5494384765625,26,19689.20703125
18,2025-12-11,1734.718505859375,26,19689.20703125
19,2025-12-11,1174.7554931640625,26,19689.20703125
20,2025-12-11,721.99957275390625,26,19689.20703125
21,2025-12-11,467.4205322265625,26,19689.20703125
22,2025-12-11,178.768310546875,26,19689.20703125
23,2025-12-11,123.11450958251953,26,19689.20703125
0,2025-12-12,34.270675659179688,26,19154.095703125
1,2025-12-12,0.58589816093444824,26,19154.095703125
2,2025-12-12,0.014402657747268677,26,19154.095703125
3,2025-12-12,0.039751946926116943,26,19154.095703125
4,2025-12-12,1.2306129932403564,26,19154.095703125
5,2025-12-12,84.643814086914062,26,19154.095703125
6,2025-12-12,456.72500610351562,26,19154.095703125
7,2025-12-12,937.89874267578125,26,19154.095703125
8,2025-12-12,1962.7587890625,26,19154.095703125
9,2025-12-12,1293.6077880859375,26,19154.095703125
10,2025-12-12,1154.6617431640625,26,19154.095703125
11,2025-12-12,1074.997314453125,26,19154.095703125
12,2025-12-12,1165.0504150390625,26,19154.095703125
13,2025-12-12,1170.847412109375,26,19154.095703125
14,2025-12-12,1293.88525390625,26,19154.095703125
15,2025-12-12,1292.7691650390625,26,19154.095703125
16,2025-12-12,1514.568359375,26,19154.095703125
17,2025-12-12,1626.9210205078125,26,19154.095703125
18,2025-12-12,1321.111083984375,26,19154.095703125
19,2025-12-12,1038.9068603515625,26,19154.095703125
20,2025-12-12,674.3133544921875,26,19154.095703125
21,2025-12-12,445.79489135742188,26,19154.095703125
22,2025-12-12,172.28375244140625,26,19154.095703125
23,2025-12-12,139.8934326171875,26,19154.095703125
0,2025-12-13,40.934986114501953,26,12369.7529296875
1,2025-12-13,1.1141593456268311,26,12369.7529296875
2,2025-12-13,0.013952583074569702,26,12369.7529296875
3,2025-12-13,0.042373120784759521,26,12369.7529296875
4,2025-12-13,1.0337538719177246,26,12369.7529296875
5,2025-12-13,45.819801330566406,26,12369.7529296875
6,2025-12-13,226.91326904296875,26,12369.7529296875
7,2025-12-13,353.32492065429688,26,12369.7529296875
8,2025-12-13,562.22589111328125,26,12369.7529296875
9,2025-12-13,627.2076416015625,26,12369.7529296875
10,2025-12-13,787.7073974609375,26,12369.7529296875
11,2025-12-13,980.36041259765625,26,12369.7529296875
12,2025-12-13,1033.6099853515625,26,12369.7529296875
13,2025-12-13,1025.182861328125,26,12369.7529296875
14,2025-12-13,1062.5592041015625,26,12369.7529296875
15,2025-12-13,919.239990234375,26,12369.7529296875
16,2025-12-13,946.232421875,26,12369.7529296875
17,2025-12-13,914.92889404296875,26,12369.7529296875
18,2025-12-13,814.8643798828125,26,12369.7529296875
19,2025-12-13,758.7152099609375,26,12369.7529296875
20,2025-12-13,507.706787109375,26,12369.7529296875
21,2025-12-13,356.89608764648438,26,12369.7529296875
22,2025-12-13,157.2984619140625,26,12369.7529296875
23,2025-12-13,134.52342224121094,26,12369.7529296875
0,2025-12-14,47.705055236816406,26,10343.6640625
1,2025-12-14,3.4565410614013672,26,10343.6640625
2,2025-12-14,0.017026126384735107,26,10343.6640625
3,2025-12-14,0.041496992111206055,26,10343.6640625
4,2025-12-14,1.0542902946472168,26,10343.6640625
5,2025-12-14,30.394248962402344,26,10343.6640625
6,2025-12-14,141.11703491210938,26,10343.6640625
7,2025-12-14,280.56143188476562,26,10343.6640625
8,2025-12-14,459.0107421875,26,10343.6640625
9,2025-12-14,543.19140625,26,10343.6640625
10,2025-12-14,612.093505859375,26,10343.6640625
11,2025-12-14,827.2431640625,26,10343.6640625
12,2025-12-14,891.2613525390625,26,10343.6640625
13,2025-12-14,913.67144775390625,26,10343.6640625
14,2025-12-14,892.7313232421875,26,10343.6640625
15,2025-12-14,796.11346435546875,26,10343.6640625
16,2025-12-14,800.0130615234375,26,10343.6640625
17,2025-12-14,845.7982177734375,26,10343.6640625
18,2025-12-14,743.148193359375,26,10343.6640625
19,2025-12-14,588.8079833984375,26,10343.6640625
20,2025-12-14,422.7730712890625,26,10343.6640625
21,2025-12-14,304.54122924804688,26,10343.6640625
22,2025-12-14,146.91616821289062,26,10343.6640625
23,2025-12-14,107.47483825683594,26,10343.6640625
0,2025-12-15,29.883365631103516,26,19483.2109375
1,2025-12-15,1.2705483436584473,26,19483.2109375
2,2025-12-15,0.016153186559677124,26,19483.2109375
3,2025-12-15,0.029368042945861816,26,19483.2109375
4,2025-12-15,1.4896936416625977,26,19483.2109375
5,2025-12-15,87.046478271484375,26,19483.2109375
6,2025-12-15,466.19210815429688,26,19483.2109375
7,2025-12-15,978.5257568359375,26,19483.2109375
8,2025-12-15,2041.2373046875,26,19483.2109375
9,2025-12-15,1349.282470703125,26,19483.2109375
10,2025-12-15,1164.189453125,26,19483.2109375
11,2025-12-15,1068.894775390625,26,19483.2109375
12,2025-12-15,1141.6932373046875,26,19483.2109375
13,2025-12-15,1162.66162109375,26,19483.2109375
14,2025-12-15,1243.43798828125,26,19483.2109375
15,2025-12-15,1259.0777587890625,26,19483.2109375
16,2025-12-15,1413.7132568359375,26,19483.2109375
17,2025-12-15,1666.1668701171875,26,19483.2109375
18,2025-12-15,1739.6658935546875,26,19483.2109375
19,2025-12-15,1166.9888916015625,26,19483.2109375
20,2025-12-15,720.83319091796875,26,19483.2109375
21,2025-12-15,440.74612426757812,26,19483.2109375
22,2025-12-15,153.87637329101562,26,19483.2109375
23,2025-12-15,103.25032043457031,26,19483.2109375
0,2025-12-16,28.024173736572266,26,19663.06640625
1,2025-12-16,0.52033734321594238,26,19663.06640625
2,2025-12-16,0.015010148286819458,26,19663.06640625
3,2025-12-16,0.030400276184082031,26,19663.06640625
4,2025-12-16,1.3395416736602783,26,19663.06640625
5,2025-12-16,87.766525268554688,26,19663.06640625
6,2025-12-16,467.1976318359375,26,19663.06640625
7,2025-12-16,993.812744140625,26,19663.06640625
8,2025-12-16,2094.35693359375,26,19663.06640625
9,2025-12-16,1370.0572509765625,26,19663.06640625
10,2025-12-16,1182.2183837890625,26,19663.06640625
11,2025-12-16,1099.90771484375,26,19663.06640625
12,2025-12-16,1167.8438720703125,26,19663.06640625
13,2025-12-16,1157.22119140625,26,19663.06640625
14,2025-12-16,1277.46728515625,26,19663.06640625
15,2025-12-16,1268.241455078125,26,19663.06640625
16,2025-12-16,1424.1650390625,26,19663.06640625
17,2025-12-16,1674.77783203125,26,19663.06640625
18,2025-12-16,1747.1142578125,26,19663.06640625
19,2025-12-16,1193.957763671875,26,19663.06640625
20,2025-12-16,728.325927734375,26,19663.06640625
21,2025-12-16,457.16708374023438,26,19663.06640625
22,2025-12-16,163.912109375,26,19663.06640625
23,2025-12-16,109.48971557617188,26,19663.06640625
0,2025-12-17,30.572000503540039,26,19657.26171875
1,2025-12-17,0.59996771812438965,26,19657.26171875
2,2025-12-17,0.011177569627761841,26,19657.26171875
3,2025-12-17,0.036918699741363525,26,19657.26171875
4,2025-12-17,1.5535595417022705,26,19657.26171875
5,2025-12-17,88.117210388183594,26,19657.26171875
6,2025-12-17,462.44601440429688,26,19657.26171875
7,2025-12-17,985.672607421875,26,19657.26171875
8,2025-12-17,2075.44873046875,26,19657.26171875
9,2025-12-17,1361.679931640625,26,19657.26171875
10,2025-12-17,1175.4864501953125,26,19657.26171875
11,2025-12-17,1101.4501953125,26,19657.26171875
12,2025-12-17,1169.84765625,26,19657.26171875
13,2025-12-17,1167.361328125,26,19657.26171875
14,2025-12-17,1310.2615966796875,26,19657.26171875
15,2025-12-17,1275.98095703125,26,19657.26171875
16,2025-12-17,1406.8331298828125,26,19657.26171875
17,2025-12-17,1636.003662109375,26,19657.26171875
18,2025-12-17,1711.052490234375,26,19657.26171875
19,2025-12-17,1162.0697021484375,26,19657.26171875
20,2025-12-17,717.89703369140625,26,19657.26171875
21,2025-12-17,470.83978271484375,26,19657.26171875
22,2025-12-17,171.15325927734375,26,19657.26171875
23,2025-12-17,118.99113464355469,26,19657.26171875
0,2025-12-18,32.793514251708984,26,19615.310546875
1,2025-12-18,0.610198974609375,26,19615.310546875
2,2025-12-18,0.012542963027954102,26,19615.310546875
3,2025-12-18,0.035006999969482422,26,19615.310546875
4,2025-12-18,1.3853366374969482,26,19615.310546875
5,2025-12-18,86.950607299804688,26,19615.310546875
6,2025-12-18,465.1881103515625,26,19615.310546875
7,2025-12-18,981.1160888671875,26,19615.310546875
8,2025-12-18,2061.237548828125,26,19615.310546875
9,2025-12-18,1361.4903564453125,26,19615.310546875
10,2025-12-18,1167.2330322265625,26,19615.310546875
11,2025-12-18,1102.489013671875,26,19615.310546875
12,2025-12-18,1169.5257568359375,26,19615.310546875
13,2025-12-18,1158.693603515625,26,19615.310546875
14,2025-12-18,1299.04443359375,26,19615.310546875
15,2025-12-18,1281.1175537109375,26,19615.310546875
16,2025-12-18,1453.783935546875,26,19615.310546875
17,2025-12-18,1653.874267578125,26,19615.310546875
18,2025-12-18,1722.81298828125,26,19615.310546875
19,2025-12-18,1151.4755859375,26,19615.310546875
20,2025-12-18,717.451171875,26,19615.310546875
21,2025-12-18,463.13253784179688,26,19615.310546875
22,2025-12-18,171.86312866210938,26,19615.310546875
23,2025-12-18,123.39266967773438,26,19615.310546875
0,2025-12-19,34.359989166259766,26,19028.15625
1,2025-12-19,0.60535597801208496,26,19028.15625
2,2025-12-19,0.012104660272598267,26,19028.15625
3,2025-12-19,0.03726649284362793,26,19028.15625
4,2025-12-19,1.3828880786895752,26,19028.15625
5,2025-12-19,83.235572814941406,26,19028.15625
6,2025-12-19,456.76126098632812,26,19028.15625
7,2025-12-19,914.755859375,26,19028.15625
8,2025-12-19,1908.7955322265625,26,19028.15625
9,2025-12-19,1286.11279296875,26,19028.15625
10,2025-12-19,1140.320556640625,26,19028.15625
11,2025-12-19,1059.0662841796875,26,19028.15625
12,2025-12-19,1132.2354736328125,26,19028.15625
13,2025-12-19,1150.2799072265625,26,19028.15625
14,2025-12-19,1268.09130859375,26,19028.15625
15,2025-12-19,1289.2537841796875,26,19028.15625
16,2025-12-19,1516.682861328125,26,19028.15625
17,2025-12-19,1621.9808349609375,26,19028.15625
18,2025-12-19,1288.8428955078125,26,19028.15625
19,2025-12-19,1020.6219482421875,26,19028.15625
20,2025-12-19,666.46075439453125,26,19028.15625
21,2025-12-19,441.52191162109375,26,19028.15625
22,2025-12-19,163.91867065429688,26,19028.15625
23,2025-12-19,138.76069641113281,26,19028.15625
0,2025-12-20,43.713523864746094,26,12849.3017578125
1,2025-12-20,1.1911016702651978,26,12849.3017578125
2,2025-12-20,0.013256072998046875,26,12849.3017578125
3,2025-12-20,0.038007974624633789,26,12849.3017578125
4,2025-12-20,1.2043726444244385,26,12849.3017578125
5,2025-12-20,47.903236389160156,26,12849.3017578125
6,2025-12-20,247.14732360839844,26,12849.3017578125
7,2025-12-20,352.4920654296875,26,12849.3017578125
8,2025-12-20,575.63616943359375,26,12849.3017578125
9,2025-12-20,638.9283447265625,26,12849.3017578125
10,2025-12-20,777.8564453125,26,12849.3017578125
11,2025-12-20,974.41668701171875,26,12849.3017578125
12,2025-12-20,1030.10107421875,26,12849.3017578125
13,2025-12-20,1027.8795166015625,26,12849.3017578125
14,2025-12-20,1063.4383544921875,26,12849.3017578125
15,2025-12-20,952.339111328125,26,12849.3017578125
16,2025-12-20,960.14361572265625,26,12849.3017578125
17,2025-12-20,940.764892578125,26,12849.3017578125
18,2025-12-20,802.43646240234375,26,12849.3017578125
19,2025-12-20,751.89501953125,26,12849.3017578125
20,2025-12-20,504.14422607421875,26,12849.3017578125
21,2025-12-20,348.70651245117188,26,12849.3017578125
22,2025-12-20,151.12362670898438,26,12849.3017578125
23,2025-12-20,134.14826965332031,26,12849.3017578125
0,2025-12-21,46.907203674316406,26,10016.3095703125
1,2025-12-21,3.7746851444244385,26,10016.3095703125
2,2025-12-21,0.014144688844680786,26,10016.3095703125
3,2025-12-21,0.028956294059753418,26,10016.3095703125
4,2025-12-21,1.1511642932891846,26,10016.3095703125
5,2025-12-21,28.574092864990234,26,10016.3095703125
6,2025-12-21,145.73370361328125,26,10016.3095703125
7,2025-12-21,270.41574096679688,26,10016.3095703125
8,2025-12-21,435.18597412109375,26,10016.3095703125
9,2025-12-21,527.52569580078125,26,10016.3095703125
10,2025-12-21,577.86065673828125,26,10016.3095703125
11,2025-12-21,802.0552978515625,26,10016.3095703125
12,2025-12-21,863.50555419921875,26,10016.3095703125
13,2025-12-21,889.6246337890625,26,10016.3095703125
14,2025-12-21,888.02923583984375,26,10016.3095703125
15,2025-12-21,796.630126953125,26,10016.3095703125
16,2025-12-21,799.56884765625,26,10016.3095703125
17,2025-12-21,828.438232421875,26,10016.3095703125
18,2025-12-21,713.1348876953125,26,10016.3095703125
19,2025-12-21,558.19189453125,26,10016.3095703125
20,2025-12-21,406.34490966796875,26,10016.3095703125
21,2025-12-21,289.60791015625,26,10016.3095703125
22,2025-12-21,141.49990844726562,26,10016.3095703125
23,2025-12-21,104.62210083007812,26,10016.3095703125
0,2025-12-22,29.432268142700195,26,19334.1484375
1,2025-12-22,1.2982026338577271,26,19334.1484375
2,2025-12-22,0.015369027853012085,26,19334.1484375
3,2025-12-22,0.033391118049621582,26,19334.1484375
4,2025-12-22,1.606842041015625,26,19334.1484375
5,2025-12-22,84.989089965820312,26,19334.1484375
6,2025-12-22,465.29263305664062,26,19334.1484375
7,2025-12-22,968.718505859375,26,19334.1484375
8,2025-12-22,2029.668701171875,26,19334.1484375
9,2025-12-22,1346.0721435546875,26,19334.1484375
10,2025-12-22,1172.2703857421875,26,19334.1484375
11,2025-12-22,1080.4383544921875,26,19334.1484375
12,2025-12-22,1155.5352783203125,26,19334.1484375
13,2025-12-22,1187.127197265625,26,19334.1484375
14,2025-12-22,1256.126220703125,26,19334.1484375
15,2025-12-22,1279.0067138671875,26,19334.1484375
16,2025-12-22,1438.197265625,26,19334.1484375
17,2025-12-22,1665.14599609375,26,19334.1484375
18,2025-12-22,1730.4296875,26,19334.1484375
19,2025-12-22,1154.786376953125,26,19334.1484375
20,2025-12-22,719.41461181640625,26,19334.1484375
21,2025-12-22,430.54208374023438,26,19334.1484375
22,2025-12-22,147.83053588867188,26,19334.1484375
23,2025-12-22,101.53123474121094,26,19334.1484375
0,2025-12-23,28.840875625610352,26,19373.568359375
1,2025-12-23,0.48567509651184082,26,19373.568359375
2,2025-12-23,0.016368865966796875,26,19373.568359375
3,2025-12-23,0.043972373008728027,26,19373.568359375
4,2025-12-23,1.4320657253265381,26,19373.568359375
5,2025-12-23,85.820556640625,26,19373.568359375
6,2025-12-23,469.54312133789062,26,19373.568359375
7,2025-12-23,977.422607421875,26,19373.568359375
8,2025-12-23,2066.43505859375,26,19373.568359375
9,2025-12-23,1353.726318359375,26,19373.568359375
10,2025-12-23,1166.124267578125,26,19373.568359375
11,2025-12-23,1094.7635498046875,26,19373.568359375
12,2025-12-23,1158.8280029296875,26,19373.568359375
13,2025-12-23,1178.330810546875,26,19373.568359375
14,2025-12-23,1274.3358154296875,26,19373.568359375
15,2025-12-23,1274.8856201171875,26,19373.568359375
16,2025-12-23,1438.177001953125,26,19373.568359375
17,2025-12-23,1673.779052734375,26,19373.568359375
18,2025-12-23,1732.630615234375,26,19373.568359375
19,2025-12-23,1174.5079345703125,26,19373.568359375
20,2025-12-23,725.09613037109375,26,19373.568359375
21,2025-12-23,451.23171997070312,26,19373.568359375
22,2025-12-23,156.010986328125,26,19373.568359375
23,2025-12-23,108.88603210449219,26,19373.568359375
0,2025-12-24,31.915077209472656,26,19340.640625
1,2025-12-24,0.48513054847717285,26,19340.640625
2,2025-12-24,0.013023495674133301,26,19340.640625
3,2025-12-24,0.046300113201141357,26,19340.640625
4,2025-12-24,1.6258065700531006,26,19340.640625
5,2025-12-24,85.582061767578125,26,19340.640625
6,2025-12-24,461.81768798828125,26,19340.640625
7,2025-12-24,956.212890625,26,19340.640625
8,2025-12-24,2030.78564453125,26,19340.640625
9,2025-12-24,1332.8671875,26,19340.640625
10,2025-12-24,1150.79150390625,26,19340.640625
11,2025-12-24,1080.420654296875,26,19340.640625
12,2025-12-24,1147.572021484375,26,19340.640625
13,2025-12-24,1175.467529296875,26,19340.640625
14,2025-12-24,1276.37890625,26,19340.640625
15,2025-12-24,1266.1617431640625,26,19340.640625
16,2025-12-24,1409.086181640625,26,19340.640625
17,2025-12-24,1627.155517578125,26,19340.640625
18,2025-12-24,1677.504150390625,26,19340.640625
19,2025-12-24,1145.9058837890625,26,19340.640625
20,2025-12-24,717.11505126953125,26,19340.640625
21,2025-12-24,458.03982543945312,26,19340.640625
22,2025-12-24,162.33755493164062,26,19340.640625
23,2025-12-24,117.20799255371094,26,19340.640625
0,2025-12-25,34.238945007324219,26,19230.49609375
1,2025-12-25,0.53803801536560059,26,19230.49609375
2,2025-12-25,0.017337232828140259,26,19230.49609375
3,2025-12-25,0.038807213306427002,26,19230.49609375
4,2025-12-25,1.4421281814575195,26,19230.49609375
5,2025-12-25,84.622970581054688,26,19230.49609375
6,2025-12-25,464.36325073242188,26,19230.49609375
7,2025-12-25,958.4090576171875,26,19230.49609375
8,2025-12-25,2027.156494140625,26,19230.49609375
9,2025-12-25,1334.1881103515625,26,19230.49609375
10,2025-12-25,1145.659912109375,26,19230.49609375
11,2025-12-25,1089.1162109375,26,19230.49609375
12,2025-12-25,1145.061279296875,26,19230.49609375
13,2025-12-25,1163.9451904296875,26,19230.49609375
14,2025-12-25,1273.3631591796875,26,19230.49609375
15,2025-12-25,1274.942138671875,26,19230.49609375
16,2025-12-25,1426.8427734375,26,19230.49609375
17,2025-12-25,1642.74951171875,26,19230.49609375
18,2025-12-25,1695.5101318359375,26,19230.49609375
19,2025-12-25,1138.5087890625,26,19230.49609375
20,2025-12-25,707.1669921875,26,19230.49609375
21,2025-12-25,454.29913330078125,26,19230.49609375
22,2025-12-25,163.85459899902344,26,19230.49609375
23,2025-12-25,121.70693969726562,26,19230.49609375
0,2025-12-26,34.791397094726562,26,18817.7265625
1,2025-12-26,0.58074522018432617,26,18817.7265625
2,2025-12-26,0.01607474684715271,26,18817.7265625
3,2025-12-26,0.038038432598114014,26,18817.7265625
4,2025-12-26,1.3929376602172852,26,18817.7265625
5,2025-12-26,83.639320373535156,26,18817.7265625
6,2025-12-26,461.29949951171875,26,18817.7265625
7,2025-12-26,917.107177734375,26,18817.7265625
8,2025-12-26,1920.85986328125,26,18817.7265625
9,2025-12-26,1278.665283203125,26,18817.7265625
10,2025-12-26,1129.976806640625,26,18817.7265625
11,2025-12-26,1058.6787109375,26,18817.7265625
12,2025-12-26,1132.6834716796875,26,18817.7265625
13,2025-12-26,1158.1142578125,26,18817.7265625
14,2025-12-26,1253.328369140625,26,18817.7265625
15,2025-12-26,1270.090576171875,26,18817.7265625
16,2025-12-26,1507.061279296875,26,18817.7265625
17,2025-12-26,1629.877197265625,26,18817.7265625
18,2025-12-26,1306.790771484375,26,18817.7265625
19,2025-12-26,1011.111328125,26,18817.7265625
20,2025-12-26,656.7774658203125,26,18817.7265625
21,2025-12-26,441.82119750976562,26,18817.7265625
22,2025-12-26,160.9427490234375,26,18817.7265625
23,2025-12-26,136.21334838867188,26,18817.7265625
0,2025-12-27,44.800655364990234,26,11714.3203125
1,2025-12-27,1.1104403734207153,26,11714.3203125
2,2025-12-27,0.0097869634628295898,26,11714.3203125
3,2025-12-27,0.037491798400878906,26,11714.3203125
4,2025-12-27,1.2416017055511475,26,11714.3203125
5,2025-12-27,49.326740264892578,26,11714.3203125
6,2025-12-27,256.3936767578125,26,11714.3203125
7,2025-12-27,394.2381591796875,26,11714.3203125
8,2025-12-27,630.4473876953125,26,11714.3203125
9,2025-12-27,713.560791015625,26,11714.3203125
10,2025-12-27,834.65533447265625,26,11714.3203125
11,2025-12-27,999.0850830078125,26,11714.3203125
12,2025-12-27,1052.9024658203125,26,11714.3203125
13,2025-12-27,1048.62939453125,26,11714.3203125
14,2025-12-27,1092.146728515625,26,11714.3203125
15,2025-12-27,981.29620361328125,26,11714.3203125
16,2025-12-27,1009.6148681640625,26,11714.3203125
17,2025-12-27,985.027099609375,26,11714.3203125
18,2025-12-27,848.6800537109375,26,11714.3203125
19,2025-12-27,768.797607421875,26,11714.3203125
20,2025-12-27,513.55865478515625,26,11714.3203125
21,2025-12-27,356.17919921875,26,11714.3203125
22,2025-12-27,148.34832763671875,26,11714.3203125
23,2025-12-27,132.54022216796875,26,11714.3203125
0,2025-12-28,47.476448059082031,26,9568.65234375
1,2025-12-28,3.3477654457092285,26,9568.65234375
2,2025-12-28,0.01427459716796875,26,9568.65234375
3,2025-12-28,0.039657533168792725,26,9568.65234375
4,2025-12-28,1.1359293460845947,26,9568.65234375
5,2025-12-28,30.775959014892578,26,9568.65234375
6,2025-12-28,156.46859741210938,26,9568.65234375
7,2025-12-28,275.42636108398438,26,9568.65234375
8,2025-12-28,447.42694091796875,26,9568.65234375
9,2025-12-28,537.70135498046875,26,9568.65234375
10,2025-12-28,602.8375244140625,26,9568.65234375
11,2025-12-28,834.7757568359375,26,9568.65234375
12,2025-12-28,893.7117919921875,26,9568.65234375
13,2025-12-28,905.794921875,26,9568.65234375
14,2025-12-28,915.75225830078125,26,9568.65234375
15,2025-12-28,814.1798095703125,26,9568.65234375
16,2025-12-28,820.35235595703125,26,9568.65234375
17,2025-12-28,848.5623779296875,26,9568.65234375
18,2025-12-28,729.475830078125,26,9568.65234375
19,2025-12-28,560.5244140625,26,9568.65234375
20,2025-12-28,400.77557373046875,26,9568.65234375
21,2025-12-28,296.2469482421875,26,9568.65234375
22,2025-12-28,141.17855834960938,26,9568.65234375
23,2025-12-28,102.25306701660156,26,9568.65234375
0,2025-12-29,27.786136627197266,26,19187.0078125
1,2025-12-29,1.3036869764328003,26,19187.0078125
2,2025-12-29,0.01330256462097168,26,19187.0078125
3,2025-12-29,0.042287111282348633,26,19187.0078125
4,2025-12-29,1.5710189342498779,26,19187.0078125
5,2025-12-29,85.087783813476562,26,19187.0078125
6,2025-12-29,472.0533447265625,26,19187.0078125
7,2025-12-29,976.03094482421875,26,19187.0078125
8,2025-12-29,2031.7462158203125,26,19187.0078125
9,2025-12-29,1336.3759765625,26,19187.0078125
10,2025-12-29,1166.06005859375,26,19187.0078125
11,2025-12-29,1076.8560791015625,26,19187.0078125
12,2025-12-29,1139.79736328125,26,19187.0078125
13,2025-12-29,1166.9644775390625,26,19187.0078125
14,2025-12-29,1246.9521484375,26,19187.0078125
15,2025-12-29,1270.3428955078125,26,19187.0078125
16,2025-12-29,1440.8212890625,26,19187.0078125
17,2025-12-29,1657.8297119140625,26,19187.0078125
18,2025-12-29,1723.173828125,26,19187.0078125
19,2025-12-29,1155.9215087890625,26,19187.0078125
20,2025-12-29,715.62646484375,26,19187.0078125
21,2025-12-29,434.81927490234375,26,19187.0078125
22,2025-12-29,146.28170776367188,26,19187.0078125
23,2025-12-29,98.962211608886719,26,19187.0078125
0,2025-12-30,27.951210021972656,26,19469.150390625
1,2025-12-30,0.44666361808776855,26,19469.150390625
2,2025-12-30,0.01520991325378418,26,19469.150390625
3,2025-12-30,0.044817566871643066,26,19469.150390625
4,2025-12-30,1.3783738613128662,26,19469.150390625
5,2025-12-30,85.2342529296875,26,19469.150390625
6,2025-12-30,478.36953735351562,26,19469.150390625
7,2025-12-30,989.5555419921875,26,19469.150390625
8,2025-12-30,2091.8271484375,26,19469.150390625
9,2025-12-30,1350.396728515625,26,19469.150390625
10,2025-12-30,1175.5537109375,26,19469.150390625
11,2025-12-30,1101.6878662109375,26,19469.150390625
12,2025-12-30,1156.553955078125,26,19469.150390625
13,2025-12-30,1161.0830078125,26,19469.150390625
14,2025-12-30,1257.52978515625,26,19469.150390625
15,2025-12-30,1283.374755859375,26,19469.150390625
16,2025-12-30,1461.296875,26,19469.150390625
17,2025-12-30,1684.201171875,26,19469.150390625
18,2025-12-30,1734.6658935546875,26,19469.150390625
19,2025-12-30,1181.7314453125,26,19469.150390625
20,2025-12-30,725.59521484375,26,19469.150390625
21,2025-12-30,448.3902587890625,26,19469.150390625
22,2025-12-30,154.10975646972656,26,19469.150390625
23,2025-12-30,106.43524169921875,26,19469.150390625
0,2025-12-31,30.550559997558594,26,9355.01171875
1,2025-12-31,0.75727128982543945,26,9355.01171875
2,2025-12-31,0.018844753503799438,26,9355.01171875
3,2025-12-31,0.044549703598022461,26,9355.01171875
4,2025-12-31,1.4250702857971191,26,9355.01171875
5,2025-12-31,69.29156494140625,26,9355.01171875
6,2025-12-31,220.9033203125,26,9355.01171875
7,2025-12-31,358.481689453125,26,9355.01171875
8,2025-12-31,861.14947509765625,26,9355.01171875
9,2025-12-31,514.599853515625,26,9355.01171875
10,2025-12-31,622.58612060546875,26,9355.01171875
11,2025-12-31,651.47509765625,26,9355.01171875
12,2025-12-31,620.3509521484375,26,9355.01171875
13,2025-12-31,723.35693359375,26,9355.01171875
14,2025-12-31,870.52532958984375,26,9355.01171875
15,2025-12-31,745.118896484375,26,9355.01171875
16,2025-12-31,831.8511962890625,26,9355.01171875
17,2025-12-31,836.92633056640625,26,9355.01171875
18,2025-12-31,892.68505859375,26,9355.01171875
19,2025-12-31,788.13092041015625,26,9355.01171875
20,2025-12-31,429.05807495117188,26,9355.01171875
21,2025-12-31,394.5147705078125,26,9355.01171875
22,2025-12-31,156.38090515136719,26,9355.01171875
23,2025-12-31,110.17227935791016,26,9355.01171875
0,2025-11-01,0.078957557678222656,28,10747.94140625
1,2025-11-01,0.030282974243164062,28,10747.94140625
2,2025-11-01,0.016130000352859497,28,10747.94140625
3,2025-11-01,0.011554017663002014,28,10747.94140625
4,2025-11-01,0.091711282730102539,28,10747.94140625
5,2025-11-01,27.645278930664062,28,10747.94140625
6,2025-11-01,81.401298522949219,28,10747.94140625
7,2025-11-01,154.23379516601562,28,10747.94140625
8,2025-11-01,252.57568359375,28,10747.94140625
9,2025-11-01,337.15924072265625,28,10747.94140625
10,2025-11-01,388.70465087890625,28,10747.94140625
11,2025-11-01,391.16067504882812,28,10747.94140625
12,2025-11-01,485.98446655273438,28,10747.94140625
13,2025-11-01,510.04660034179688,28,10747.94140625
14,2025-11-01,541.003662109375,28,10747.94140625
15,2025-11-01,498.11764526367188,28,10747.94140625
16,2025-11-01,452.97802734375,28,10747.94140625
17,2025-11-01,460.70394897460938,28,10747.94140625
18,2025-11-01,379.42575073242188,28,10747.94140625
19,2025-11-01,322.69198608398438,28,10747.94140625
20,2025-11-01,259.05120849609375,28,10747.94140625
21,2025-11-01,250.59320068359375,28,10747.94140625
22,2025-11-01,102.45843505859375,28,10747.94140625
23,2025-11-01,9.4754781723022461,28,10747.94140625
0,2025-11-02,0.11927986145019531,28,5292.107421875
1,2025-11-02,0.038468062877655029,28,5292.107421875
2,2025-11-02,0.01724281907081604,28,5292.107421875
3,2025-11-02,0.010460034012794495,28,5292.107421875
4,2025-11-02,0.08113408088684082,28,5292.107421875
5,2025-11-02,22.275135040283203,28,5292.107421875
6,2025-11-02,68.358062744140625,28,5292.107421875
7,2025-11-02,109.14657592773438,28,5292.107421875
8,2025-11-02,185.94500732421875,28,5292.107421875
9,2025-11-02,261.40267944335938,28,5292.107421875
10,2025-11-02,303.3031005859375,28,5292.107421875
11,2025-11-02,313.05752563476562,28,5292.107421875
12,2025-11-02,394.81964111328125,28,5292.107421875
13,2025-11-02,408.1898193359375,28,5292.107421875
14,2025-11-02,457.33859252929688,28,5292.107421875
15,2025-11-02,424.69107055664062,28,5292.107421875
16,2025-11-02,400.5848388671875,28,5292.107421875
17,2025-11-02,410.34115600585938,28,5292.107421875
18,2025-11-02,334.74542236328125,28,5292.107421875
19,2025-11-02,288.29745483398438,28,5292.107421875
20,2025-11-02,241.83253479003906,28,5292.107421875
21,2025-11-02,221.852783203125,28,5292.107421875
22,2025-11-02,85.010719299316406,28,5292.107421875
23,2025-11-02,9.0827522277832031,28,5292.107421875
0,2025-11-03,0.12200093269348145,28,5117.203125
1,2025-11-03,0.025728225708007812,28,5117.203125
2,2025-11-03,0.016212940216064453,28,5117.203125
3,2025-11-03,0.015215128660202026,28,5117.203125
4,2025-11-03,1.13014817237854,28,5117.203125
5,2025-11-03,23.835838317871094,28,5117.203125
6,2025-11-03,70.155349731445312,28,5117.203125
7,2025-11-03,126.00161743164062,28,5117.203125
8,2025-11-03,226.2281494140625,28,5117.203125
9,2025-11-03,310.38217163085938,28,5117.203125
10,2025-11-03,317.12054443359375,28,5117.203125
11,2025-11-03,281.4632568359375,28,5117.203125
12,2025-11-03,405.37054443359375,28,5117.203125
13,2025-11-03,382.31869506835938,28,5117.203125
14,2025-11-03,428.48968505859375,28,5117.203125
15,2025-11-03,376.129150390625,28,5117.203125
16,2025-11-03,392.38546752929688,28,5117.203125
17,2025-11-03,435.37750244140625,28,5117.203125
18,2025-11-03,333.5130615234375,28,5117.203125
19,2025-11-03,294.35662841796875,28,5117.203125
20,2025-11-03,233.55905151367188,28,5117.203125
21,2025-11-03,225.0670166015625,28,5117.203125
22,2025-11-03,77.010902404785156,28,5117.203125
23,2025-11-03,8.4754428863525391,28,5117.203125
0,2025-11-04,0.11355018615722656,28,4795.79736328125
1,2025-11-04,0.030578851699829102,28,4795.79736328125
2,2025-11-04,0.017744004726409912,28,4795.79736328125
3,2025-11-04,0.015262246131896973,28,4795.79736328125
4,2025-11-04,1.0914652347564697,28,4795.79736328125
5,2025-11-04,23.176914215087891,28,4795.79736328125
6,2025-11-04,66.715118408203125,28,4795.79736328125
7,2025-11-04,132.50820922851562,28,4795.79736328125
8,2025-11-04,233.0203857421875,28,4795.79736328125
9,2025-11-04,318.443359375,28,4795.79736328125
10,2025-11-04,324.27166748046875,28,4795.79736328125
11,2025-11-04,285.09967041015625,28,4795.79736328125
12,2025-11-04,396.65692138671875,28,4795.79736328125
13,2025-11-04,397.83660888671875,28,4795.79736328125
14,2025-11-04,422.81878662109375,28,4795.79736328125
15,2025-11-04,377.14715576171875,28,4795.79736328125
16,2025-11-04,378.47015380859375,28,4795.79736328125
17,2025-11-04,433.10504150390625,28,4795.79736328125
18,2025-11-04,331.1859130859375,28,4795.79736328125
19,2025-11-04,298.24295043945312,28,4795.79736328125
20,2025-11-04,237.656982421875,28,4795.79736328125
21,2025-11-04,232.2900390625,28,4795.79736328125
22,2025-11-04,85.873336791992188,28,4795.79736328125
23,2025-11-04,8.4644365310668945,28,4795.79736328125
0,2025-11-05,0.11995577812194824,28,10688.4111328125
1,2025-11-05,0.026348769664764404,28,10688.4111328125
2,2025-11-05,0.016081333160400391,28,10688.4111328125
3,2025-11-05,0.0088055729866027832,28,10688.4111328125
4,2025-11-05,0.46030616760253906,28,10688.4111328125
5,2025-11-05,76.740310668945312,28,10688.4111328125
6,2025-11-05,254.23921203613281,28,10688.4111328125
7,2025-11-05,752.38580322265625,28,10688.4111328125
8,2025-11-05,1172.8587646484375,28,10688.4111328125
9,2025-11-05,767.4376220703125,28,10688.4111328125
10,2025-11-05,559.36669921875,28,10688.4111328125
11,2025-11-05,527.2781982421875,28,10688.4111328125
12,2025-11-05,662.94146728515625,28,10688.4111328125
13,2025-11-05,661.84912109375,28,10688.4111328125
14,2025-11-05,591.53570556640625,28,10688.4111328125
15,2025-11-05,647.4039306640625,28,10688.4111328125
16,2025-11-05,817.8984375,28,10688.4111328125
17,2025-11-05,948.2054443359375,28,10688.4111328125
18,2025-11-05,920.33172607421875,28,10688.4111328125
19,2025-11-05,665.2021484375,28,10688.4111328125
20,2025-11-05,462.99746704101562,28,10688.4111328125
21,2025-11-05,298.84173583984375,28,10688.4111328125
22,2025-11-05,114.82528686523438,28,10688.4111328125
23,2025-11-05,8.2753448486328125,28,10688.4111328125
0,2025-11-06,0.083100318908691406,28,11006.4814453125
1,2025-11-06,0.025228440761566162,28,11006.4814453125
2,2025-11-06,0.014423489570617676,28,11006.4814453125
3,2025-11-06,0.0096368640661239624,28,11006.4814453125
4,2025-11-06,0.42155289649963379,28,11006.4814453125
5,2025-11-06,74.218330383300781,28,11006.4814453125
6,2025-11-06,252.21759033203125,28,11006.4814453125
7,2025-11-06,744.46923828125,28,11006.4814453125
8,2025-11-06,1163.226318359375,28,11006.4814453125
9,2025-11-06,767.762939453125,28,11006.4814453125
10,2025-11-06,566.4656982421875,28,11006.4814453125
11,2025-11-06,517.0655517578125,28,11006.4814453125
12,2025-11-06,657.252685546875,28,11006.4814453125
13,2025-11-06,671.2880859375,28,11006.4814453125
14,2025-11-06,609.08563232421875,28,11006.4814453125
15,2025-11-06,643.32708740234375,28,11006.4814453125
16,2025-11-06,812.01531982421875,28,11006.4814453125
17,2025-11-06,951.90008544921875,28,11006.4814453125
18,2025-11-06,914.1943359375,28,11006.4814453125
19,2025-11-06,652.71392822265625,28,11006.4814453125
20,2025-11-06,464.44760131835938,28,11006.4814453125
21,2025-11-06,302.10614013671875,28,11006.4814453125
22,2025-11-06,116.69979858398438,28,11006.4814453125
23,2025-11-06,8.0697107315063477,28,11006.4814453125
0,2025-11-07,0.077196121215820312,28,10922.4873046875
1,2025-11-07,0.024298369884490967,28,10922.4873046875
2,2025-11-07,0.011633098125457764,28,10922.4873046875
3,2025-11-07,0.0067117214202880859,28,10922.4873046875
4,2025-11-07,1.1590409278869629,28,10922.4873046875
5,2025-11-07,71.953178405761719,28,10922.4873046875
6,2025-11-07,247.53033447265625,28,10922.4873046875
7,2025-11-07,733.41326904296875,28,10922.4873046875
8,2025-11-07,1140.484375,28,10922.4873046875
9,2025-11-07,754.4058837890625,28,10922.4873046875
10,2025-11-07,560.7777099609375,28,10922.4873046875
11,2025-11-07,520.55889892578125,28,10922.4873046875
12,2025-11-07,664.52325439453125,28,10922.4873046875
13,2025-11-07,661.04364013671875,28,10922.4873046875
14,2025-11-07,617.4498291015625,28,10922.4873046875
15,2025-11-07,654.8529052734375,28,10922.4873046875
16,2025-11-07,834.524169921875,28,10922.4873046875
17,2025-11-07,936.16583251953125,28,10922.4873046875
18,2025-11-07,840.28070068359375,28,10922.4873046875
19,2025-11-07,609.8621826171875,28,10922.4873046875
20,2025-11-07,447.94635009765625,28,10922.4873046875
21,2025-11-07,297.0328369140625,28,10922.4873046875
22,2025-11-07,116.34955596923828,28,10922.4873046875
23,2025-11-07,8.1549386978149414,28,10922.4873046875
0,2025-11-08,0.089100837707519531,28,6668.1416015625
1,2025-11-08,0.029388964176177979,28,6668.1416015625
2,2025-11-08,0.01148611307144165,28,6668.1416015625
3,2025-11-08,0.010376825928688049,28,6668.1416015625
4,2025-11-08,0.26155376434326172,28,6668.1416015625
5,2025-11-08,36.903823852539062,28,6668.1416015625
6,2025-11-08,104.11933135986328,28,6668.1416015625
7,2025-11-08,236.7166748046875,28,6668.1416015625
8,2025-11-08,389.8387451171875,28,6668.1416015625
9,2025-11-08,420.1060791015625,28,6668.1416015625
10,2025-11-08,435.80978393554688,28,6668.1416015625
11,2025-11-08,448.45944213867188,28,6668.1416015625
12,2025-11-08,547.437255859375,28,6668.1416015625
13,2025-11-08,547.83099365234375,28,6668.1416015625
14,2025-11-08,555.614501953125,28,6668.1416015625
15,2025-11-08,567.73321533203125,28,6668.1416015625
16,2025-11-08,542.771484375,28,6668.1416015625
17,2025-11-08,578.089599609375,28,6668.1416015625
18,2025-11-08,529.7713623046875,28,6668.1416015625
19,2025-11-08,396.42648315429688,28,6668.1416015625
20,2025-11-08,327.73123168945312,28,6668.1416015625
21,2025-11-08,270.94732666015625,28,6668.1416015625
22,2025-11-08,109.80343627929688,28,6668.1416015625
23,2025-11-08,8.0977993011474609,28,6668.1416015625
0,2025-11-09,0.10378360748291016,28,5651.1318359375
1,2025-11-09,0.03412163257598877,28,5651.1318359375
2,2025-11-09,0.014623850584030151,28,5651.1318359375
3,2025-11-09,0.011660382151603699,28,5651.1318359375
4,2025-11-09,0.072989106178283691,28,5651.1318359375
5,2025-11-09,29.193374633789062,28,5651.1318359375
6,2025-11-09,83.849205017089844,28,5651.1318359375
7,2025-11-09,159.80755615234375,28,5651.1318359375
8,2025-11-09,279.31494140625,28,5651.1318359375
9,2025-11-09,327.8677978515625,28,5651.1318359375
10,2025-11-09,340.94815063476562,28,5651.1318359375
11,2025-11-09,389.95639038085938,28,5651.1318359375
12,2025-11-09,451.7392578125,28,5651.1318359375
13,2025-11-09,488.41067504882812,28,5651.1318359375
14,2025-11-09,497.87118530273438,28,5651.1318359375
15,2025-11-09,519.569580078125,28,5651.1318359375
16,2025-11-09,470.1903076171875,28,5651.1318359375
17,2025-11-09,494.92608642578125,28,5651.1318359375
18,2025-11-09,449.94879150390625,28,5651.1318359375
19,2025-11-09,353.6641845703125,28,5651.1318359375
20,2025-11-09,305.31076049804688,28,5651.1318359375
21,2025-11-09,243.31477355957031,28,5651.1318359375
22,2025-11-09,94.336181640625,28,5651.1318359375
23,2025-11-09,7.6113386154174805,28,5651.1318359375
0,2025-11-10,0.09165644645690918,28,11111.16015625
1,2025-11-10,0.039206802845001221,28,11111.16015625
2,2025-11-10,0.015675753355026245,28,11111.16015625
3,2025-11-10,0.0083861202001571655,28,11111.16015625
4,2025-11-10,0.28855741024017334,28,11111.16015625
5,2025-11-10,73.703102111816406,28,11111.16015625
6,2025-11-10,252.62017822265625,28,11111.16015625
7,2025-11-10,737.6275634765625,28,11111.16015625
8,2025-11-10,1169.01611328125,28,11111.16015625
9,2025-11-10,792.8988037109375,28,11111.16015625
10,2025-11-10,591.57330322265625,28,11111.16015625
11,2025-11-10,513.9400634765625,28,11111.16015625
12,2025-11-10,653.8079833984375,28,11111.16015625
13,2025-11-10,657.93096923828125,28,11111.16015625
14,2025-11-10,592.80621337890625,28,11111.16015625
15,2025-11-10,632.2518310546875,28,11111.16015625
16,2025-11-10,825.01593017578125,28,11111.16015625
17,2025-11-10,975.48687744140625,28,11111.16015625
18,2025-11-10,934.85198974609375,28,11111.16015625
19,2025-11-10,671.61029052734375,28,11111.16015625
20,2025-11-10,469.6357421875,28,11111.16015625
21,2025-11-10,292.7164306640625,28,11111.16015625
22,2025-11-10,102.85928344726562,28,11111.16015625
23,2025-11-10,7.8159980773925781,28,11111.16015625
0,2025-11-11,0.11128830909729004,28,11176.2587890625
1,2025-11-11,0.037162601947784424,28,11176.2587890625
2,2025-11-11,0.014327079057693481,28,11176.2587890625
3,2025-11-11,0.010485038161277771,28,11176.2587890625
4,2025-11-11,1.609067440032959,28,11176.2587890625
5,2025-11-11,73.539382934570312,28,11176.2587890625
6,2025-11-11,250.75651550292969,28,11176.2587890625
7,2025-11-11,754.888427734375,28,11176.2587890625
8,2025-11-11,1186.219482421875,28,11176.2587890625
9,2025-11-11,805.24090576171875,28,11176.2587890625
10,2025-11-11,607.1915283203125,28,11176.2587890625
11,2025-11-11,532.14410400390625,28,11176.2587890625
12,2025-11-11,662.49676513671875,28,11176.2587890625
13,2025-11-11,697.44354248046875,28,11176.2587890625
14,2025-11-11,610.9959716796875,28,11176.2587890625
15,2025-11-11,647.90277099609375,28,11176.2587890625
16,2025-11-11,825.20941162109375,28,11176.2587890625
17,2025-11-11,976.611083984375,28,11176.2587890625
18,2025-11-11,925.37591552734375,28,11176.2587890625
19,2025-11-11,680.02362060546875,28,11176.2587890625
20,2025-11-11,476.62033081054688,28,11176.2587890625
21,2025-11-11,304.67169189453125,28,11176.2587890625
22,2025-11-11,111.06362915039062,28,11176.2587890625
23,2025-11-11,7.9298696517944336,28,11176.2587890625
0,2025-11-12,0.11735248565673828,28,11183.43359375
1,2025-11-12,0.037781596183776855,28,11183.43359375
2,2025-11-12,0.016838908195495605,28,11183.43359375
3,2025-11-12,0.01159706711769104,28,11183.43359375
4,2025-11-12,1.0556058883666992,28,11183.43359375
5,2025-11-12,75.909111022949219,28,11183.43359375
6,2025-11-12,251.48165893554688,28,11183.43359375
7,2025-11-12,741.739501953125,28,11183.43359375
8,2025-11-12,1180.510498046875,28,11183.43359375
9,2025-11-12,796.77508544921875,28,11183.43359375
10,2025-11-12,602.9141845703125,28,11183.43359375
11,2025-11-12,535.71490478515625,28,11183.43359375
12,2025-11-12,668.96954345703125,28,11183.43359375
13,2025-11-12,715.33251953125,28,11183.43359375
14,2025-11-12,611.978759765625,28,11183.43359375
15,2025-11-12,670.85064697265625,28,11183.43359375
16,2025-11-12,841.94622802734375,28,11183.43359375
17,2025-11-12,980.29205322265625,28,11183.43359375
18,2025-11-12,926.31610107421875,28,11183.43359375
19,2025-11-12,684.62774658203125,28,11183.43359375
20,2025-11-12,474.56378173828125,28,11183.43359375
21,2025-11-12,308.27734375,28,11183.43359375
22,2025-11-12,113.97299194335938,28,11183.43359375
23,2025-11-12,8.5413990020751953,28,11183.43359375
0,2025-11-13,0.10482168197631836,28,11286.216796875
1,2025-11-13,0.021895408630371094,28,11286.216796875
2,2025-11-13,0.011293172836303711,28,11286.216796875
3,2025-11-13,0.0093646198511123657,28,11286.216796875
4,2025-11-13,0.28180432319641113,28,11286.216796875
5,2025-11-13,74.997207641601562,28,11286.216796875
6,2025-11-13,249.80485534667969,28,11286.216796875
7,2025-11-13,739.2664794921875,28,11286.216796875
8,2025-11-13,1151.5189208984375,28,11286.216796875
9,2025-11-13,789.16937255859375,28,11286.216796875
10,2025-11-13,605.39208984375,28,11286.216796875
11,2025-11-13,526.65704345703125,28,11286.216796875
12,2025-11-13,663.40753173828125,28,11286.216796875
13,2025-11-13,709.432861328125,28,11286.216796875
14,2025-11-13,621.86663818359375,28,11286.216796875
15,2025-11-13,667.58856201171875,28,11286.216796875
16,2025-11-13,836.61810302734375,28,11286.216796875
17,2025-11-13,974.2469482421875,28,11286.216796875
18,2025-11-13,903.936767578125,28,11286.216796875
19,2025-11-13,674.65277099609375,28,11286.216796875
20,2025-11-13,471.54754638671875,28,11286.216796875
21,2025-11-13,306.60791015625,28,11286.216796875
22,2025-11-13,114.140869140625,28,11286.216796875
23,2025-11-13,9.0902853012084961,28,11286.216796875
0,2025-11-14,0.093344449996948242,28,11288.7099609375
1,2025-11-14,0.027918636798858643,28,11288.7099609375
2,2025-11-14,0.0078116357326507568,28,11288.7099609375
3,2025-11-14,0.0080920010805130005,28,11288.7099609375
4,2025-11-14,0.27051639556884766,28,11288.7099609375
5,2025-11-14,74.482597351074219,28,11288.7099609375
6,2025-11-14,247.97335815429688,28,11288.7099609375
7,2025-11-14,729.30364990234375,28,11288.7099609375
8,2025-11-14,1131.3941650390625,28,11288.7099609375
9,2025-11-14,775.01226806640625,28,11288.7099609375
10,2025-11-14,601.8052978515625,28,11288.7099609375
11,2025-11-14,535.6304931640625,28,11288.7099609375
12,2025-11-14,675.323974609375,28,11288.7099609375
13,2025-11-14,689.16363525390625,28,11288.7099609375
14,2025-11-14,635.32061767578125,28,11288.7099609375
15,2025-11-14,679.64251708984375,28,11288.7099609375
16,2025-11-14,851.2806396484375,28,11288.7099609375
17,2025-11-14,963.98681640625,28,11288.7099609375
18,2025-11-14,844.30865478515625,28,11288.7099609375
19,2025-11-14,644.1844482421875,28,11288.7099609375
20,2025-11-14,447.05426025390625,28,11288.7099609375
21,2025-11-14,302.81747436523438,28,11288.7099609375
22,2025-11-14,116.01544189453125,28,11288.7099609375
23,2025-11-14,9.6255264282226562,28,11288.7099609375
0,2025-11-15,0.12200164794921875,28,6846.15234375
1,2025-11-15,0.030010044574737549,28,6846.15234375
2,2025-11-15,0.013021260499954224,28,6846.15234375
3,2025-11-15,0.0094468295574188232,28,6846.15234375
4,2025-11-15,0.45555400848388672,28,6846.15234375
5,2025-11-15,39.471328735351562,28,6846.15234375
6,2025-11-15,104.44568634033203,28,6846.15234375
7,2025-11-15,247.77883911132812,28,6846.15234375
8,2025-11-15,388.04910278320312,28,6846.15234375
9,2025-11-15,449.3912353515625,28,6846.15234375
10,2025-11-15,473.82513427734375,28,6846.15234375
11,2025-11-15,465.16876220703125,28,6846.15234375
12,2025-11-15,563.6903076171875,28,6846.15234375
13,2025-11-15,594.64093017578125,28,6846.15234375
14,2025-11-15,569.97723388671875,28,6846.15234375
15,2025-11-15,592.01617431640625,28,6846.15234375
16,2025-11-15,572.9554443359375,28,6846.15234375
17,2025-11-15,589.55072021484375,28,6846.15234375
18,2025-11-15,515.895751953125,28,6846.15234375
19,2025-11-15,422.60696411132812,28,6846.15234375
20,2025-11-15,316.28140258789062,28,6846.15234375
21,2025-11-15,271.10360717773438,28,6846.15234375
22,2025-11-15,107.03983306884766,28,6846.15234375
23,2025-11-15,9.380763053894043,28,6846.15234375
0,2025-11-16,0.11615204811096191,28,5769.1298828125
1,2025-11-16,0.02376633882522583,28,5769.1298828125
2,2025-11-16,0.00923117995262146,28,5769.1298828125
3,2025-11-16,0.010344654321670532,28,5769.1298828125
4,2025-11-16,0.17646002769470215,28,5769.1298828125
5,2025-11-16,30.209484100341797,28,5769.1298828125
6,2025-11-16,81.153144836425781,28,5769.1298828125
7,2025-11-16,164.42446899414062,28,5769.1298828125
8,2025-11-16,279.41571044921875,28,5769.1298828125
9,2025-11-16,332.78305053710938,28,5769.1298828125
10,2025-11-16,362.83087158203125,28,5769.1298828125
11,2025-11-16,383.014404296875,28,5769.1298828125
12,2025-11-16,437.9539794921875,28,5769.1298828125
13,2025-11-16,528.0592041015625,28,5769.1298828125
14,2025-11-16,496.14694213867188,28,5769.1298828125
15,2025-11-16,510.0279541015625,28,5769.1298828125
16,2025-11-16,478.78231811523438,28,5769.1298828125
17,2025-11-16,498.13092041015625,28,5769.1298828125
18,2025-11-16,447.5966796875,28,5769.1298828125
19,2025-11-16,366.89276123046875,28,5769.1298828125
20,2025-11-16,294.10787963867188,28,5769.1298828125
21,2025-11-16,242.45097351074219,28,5769.1298828125
22,2025-11-16,91.140541076660156,28,5769.1298828125
23,2025-11-16,8.3096523284912109,28,5769.1298828125
0,2025-11-17,0.077278375625610352,28,11261.509765625
1,2025-11-17,0.033551275730133057,28,11261.509765625
2,2025-11-17,0.010847806930541992,28,11261.509765625
3,2025-11-17,0.0051631629467010498,28,11261.509765625
4,2025-11-17,0.4387052059173584,28,11261.509765625
5,2025-11-17,77.263847351074219,28,11261.509765625
6,2025-11-17,252.943115234375,28,11261.509765625
7,2025-11-17,777.3009033203125,28,11261.509765625
8,2025-11-17,1235.1956787109375,28,11261.509765625
9,2025-11-17,830.93023681640625,28,11261.509765625
10,2025-11-17,618.169189453125,28,11261.509765625
11,2025-11-17,531.67010498046875,28,11261.509765625
12,2025-11-17,677.680908203125,28,11261.509765625
13,2025-11-17,694.10906982421875,28,11261.509765625
14,2025-11-17,618.78546142578125,28,11261.509765625
15,2025-11-17,656.680908203125,28,11261.509765625
16,2025-11-17,868.1199951171875,28,11261.509765625
17,2025-11-17,1005.7750244140625,28,11261.509765625
18,2025-11-17,983.67230224609375,28,11261.509765625
19,2025-11-17,717.193359375,28,11261.509765625
20,2025-11-17,483.29437255859375,28,11261.509765625
21,2025-11-17,292.98025512695312,28,11261.509765625
22,2025-11-17,102.18990325927734,28,11261.509765625
23,2025-11-17,7.6446084976196289,28,11261.509765625
0,2025-11-18,0.087988376617431641,28,11443.9423828125
1,2025-11-18,0.031456172466278076,28,11443.9423828125
2,2025-11-18,0.0089116394519805908,28,11443.9423828125
3,2025-11-18,0.0050095468759536743,28,11443.9423828125
4,2025-11-18,0.71924674510955811,28,11443.9423828125
5,2025-11-18,76.680999755859375,28,11443.9423828125
6,2025-11-18,255.23835754394531,28,11443.9423828125
7,2025-11-18,790.348388671875,28,11443.9423828125
8,2025-11-18,1262.853271484375,28,11443.9423828125
9,2025-11-18,836.611328125,28,11443.9423828125
10,2025-11-18,635.02294921875,28,11443.9423828125
11,2025-11-18,552.354736328125,28,11443.9423828125
12,2025-11-18,682.9554443359375,28,11443.9423828125
13,2025-11-18,716.416259765625,28,11443.9423828125
14,2025-11-18,640.4127197265625,28,11443.9423828125
15,2025-11-18,664.24468994140625,28,11443.9423828125
16,2025-11-18,869.177734375,28,11443.9423828125
17,2025-11-18,1010.7607421875,28,11443.9423828125
18,2025-11-18,972.5772705078125,28,11443.9423828125
19,2025-11-18,720.87567138671875,28,11443.9423828125
20,2025-11-18,497.66070556640625,28,11443.9423828125
21,2025-11-18,305.48410034179688,28,11443.9423828125
22,2025-11-18,113.18082427978516,28,11443.9423828125
23,2025-11-18,7.782196044921875,28,11443.9423828125
0,2025-11-19,0.089716434478759766,28,11477.953125
1,2025-11-19,0.029998481273651123,28,11477.953125
2,2025-11-19,0.007970273494720459,28,11477.953125
3,2025-11-19,0.0073676258325576782,28,11477.953125
4,2025-11-19,1.6955734491348267,28,11477.953125
5,2025-11-19,78.889419555664062,28,11477.953125
6,2025-11-19,252.86549377441406,28,11477.953125
7,2025-11-19,769.1353759765625,28,11477.953125
8,2025-11-19,1246.194091796875,28,11477.953125
9,2025-11-19,818.0439453125,28,11477.953125
10,2025-11-19,622.46417236328125,28,11477.953125
11,2025-11-19,569.95556640625,28,11477.953125
12,2025-11-19,687.2352294921875,28,11477.953125
13,2025-11-19,716.74298095703125,28,11477.953125
14,2025-11-19,651.104248046875,28,11477.953125
15,2025-11-19,690.8201904296875,28,11477.953125
16,2025-11-19,871.88018798828125,28,11477.953125
17,2025-11-19,1012.0338134765625,28,11477.953125
18,2025-11-19,975.000244140625,28,11477.953125
19,2025-11-19,712.17913818359375,28,11477.953125
20,2025-11-19,494.81607055664062,28,11477.953125
21,2025-11-19,311.13662719726562,28,11477.953125
22,2025-11-19,117.70378875732422,28,11477.953125
23,2025-11-19,7.7123270034790039,28,11477.953125
0,2025-11-20,0.094304561614990234,28,11510.4306640625
1,2025-11-20,0.022756099700927734,28,11510.4306640625
2,2025-11-20,0.008373260498046875,28,11510.4306640625
3,2025-11-20,0.0077045708894729614,28,11510.4306640625
4,2025-11-20,1.3205872774124146,28,11510.4306640625
5,2025-11-20,77.616729736328125,28,11510.4306640625
6,2025-11-20,252.69978332519531,28,11510.4306640625
7,2025-11-20,771.639404296875,28,11510.4306640625
8,2025-11-20,1217.0072021484375,28,11510.4306640625
9,2025-11-20,817.1812744140625,28,11510.4306640625
10,2025-11-20,618.92413330078125,28,11510.4306640625
11,2025-11-20,555.4766845703125,28,11510.4306640625
12,2025-11-20,683.99200439453125,28,11510.4306640625
13,2025-11-20,712.15972900390625,28,11510.4306640625
14,2025-11-20,654.761962890625,28,11510.4306640625
15,2025-11-20,680.43780517578125,28,11510.4306640625
16,2025-11-20,873.68634033203125,28,11510.4306640625
17,2025-11-20,1008.72216796875,28,11510.4306640625
18,2025-11-20,963.7218017578125,28,11510.4306640625
19,2025-11-20,697.9906005859375,28,11510.4306640625
20,2025-11-20,490.99359130859375,28,11510.4306640625
21,2025-11-20,311.49246215820312,28,11510.4306640625
22,2025-11-20,117.80875396728516,28,11510.4306640625
23,2025-11-20,7.9400787353515625,28,11510.4306640625
0,2025-11-21,0.093791723251342773,28,11215.783203125
1,2025-11-21,0.025922417640686035,28,11215.783203125
2,2025-11-21,0.010415405035018921,28,11215.783203125
3,2025-11-21,0.0066778361797332764,28,11215.783203125
4,2025-11-21,0.44362711906433105,28,11215.783203125
5,2025-11-21,74.213897705078125,28,11215.783203125
6,2025-11-21,245.94058227539062,28,11215.783203125
7,2025-11-21,754.23028564453125,28,11215.783203125
8,2025-11-21,1155.96728515625,28,11215.783203125
9,2025-11-21,783.1531982421875,28,11215.783203125
10,2025-11-21,603.843994140625,28,11215.783203125
11,2025-11-21,542.43804931640625,28,11215.783203125
12,2025-11-21,673.66143798828125,28,11215.783203125
13,2025-11-21,694.752197265625,28,11215.783203125
14,2025-11-21,655.64666748046875,28,11215.783203125
15,2025-11-21,685.35858154296875,28,11215.783203125
16,2025-11-21,888.6083984375,28,11215.783203125
17,2025-11-21,974.07513427734375,28,11215.783203125
18,2025-11-21,835.95928955078125,28,11215.783203125
19,2025-11-21,625.550048828125,28,11215.783203125
20,2025-11-21,453.59295654296875,28,11215.783203125
21,2025-11-21,301.7100830078125,28,11215.783203125
22,2025-11-21,117.80139923095703,28,11215.783203125
23,2025-11-21,8.1469240188598633,28,11215.783203125
0,2025-11-22,0.075758934020996094,28,6937.0576171875
1,2025-11-22,0.02750164270401001,28,6937.0576171875
2,2025-11-22,0.010655045509338379,28,6937.0576171875
3,2025-11-22,0.0068350285291671753,28,6937.0576171875
4,2025-11-22,0.14064884185791016,28,6937.0576171875
5,2025-11-22,35.116447448730469,28,6937.0576171875
6,2025-11-22,97.538032531738281,28,6937.0576171875
7,2025-11-22,216.52999877929688,28,6937.0576171875
8,2025-11-22,362.21408081054688,28,6937.0576171875
9,2025-11-22,428.67059326171875,28,6937.0576171875
10,2025-11-22,466.08120727539062,28,6937.0576171875
11,2025-11-22,455.85543823242188,28,6937.0576171875
12,2025-11-22,542.8748779296875,28,6937.0576171875
13,2025-11-22,581.86151123046875,28,6937.0576171875
14,2025-11-22,575.1256103515625,28,6937.0576171875
15,2025-11-22,558.46234130859375,28,6937.0576171875
16,2025-11-22,541.531005859375,28,6937.0576171875
17,2025-11-22,568.86712646484375,28,6937.0576171875
18,2025-11-22,490.55575561523438,28,6937.0576171875
19,2025-11-22,394.9345703125,28,6937.0576171875
20,2025-11-22,301.13824462890625,28,6937.0576171875
21,2025-11-22,266.80902099609375,28,6937.0576171875
22,2025-11-22,108.71753692626953,28,6937.0576171875
23,2025-11-22,8.1603775024414062,28,6937.0576171875
0,2025-11-23,0.082148551940917969,28,5918.3515625
1,2025-11-23,0.024979710578918457,28,5918.3515625
2,2025-11-23,0.0073485374450683594,28,5918.3515625
3,2025-11-23,0.0066451579332351685,28,5918.3515625
4,2025-11-23,0.77977705001831055,28,5918.3515625
5,2025-11-23,28.97137451171875,28,5918.3515625
6,2025-11-23,82.79638671875,28,5918.3515625
7,2025-11-23,166.08529663085938,28,5918.3515625
8,2025-11-23,282.6181640625,28,5918.3515625
9,2025-11-23,342.55105590820312,28,5918.3515625
10,2025-11-23,370.0689697265625,28,5918.3515625
11,2025-11-23,398.60736083984375,28,5918.3515625
12,2025-11-23,448.244873046875,28,5918.3515625
13,2025-11-23,527.7139892578125,28,5918.3515625
14,2025-11-23,512.86474609375,28,5918.3515625
15,2025-11-23,506.52020263671875,28,5918.3515625
16,2025-11-23,489.27203369140625,28,5918.3515625
17,2025-11-23,506.96917724609375,28,5918.3515625
18,2025-11-23,444.836181640625,28,5918.3515625
19,2025-11-23,361.29510498046875,28,5918.3515625
20,2025-11-23,286.09307861328125,28,5918.3515625
21,2025-11-23,240.46231079101562,28,5918.3515625
22,2025-11-23,93.2940673828125,28,5918.3515625
23,2025-11-23,8.0538330078125,28,5918.3515625
0,2025-11-24,0.081951379776000977,28,11149.2119140625
1,2025-11-24,0.028871595859527588,28,11149.2119140625
2,2025-11-24,0.0092573165893554688,28,11149.2119140625
3,2025-11-24,0.0067234635353088379,28,11149.2119140625
4,2025-11-24,1.7579194307327271,28,11149.2119140625
5,2025-11-24,75.930229187011719,28,11149.2119140625
6,2025-11-24,249.37191772460938,28,11149.2119140625
7,2025-11-24,752.85174560546875,28,11149.2119140625
8,2025-11-24,1197.6265869140625,28,11149.2119140625
9,2025-11-24,808.64605712890625,28,11149.2119140625
10,2025-11-24,613.3975830078125,28,11149.2119140625
11,2025-11-24,536.0667724609375,28,11149.2119140625
12,2025-11-24,669.23663330078125,28,11149.2119140625
13,2025-11-24,683.467529296875,28,11149.2119140625
14,2025-11-24,622.853759765625,28,11149.2119140625
15,2025-11-24,653.4049072265625,28,11149.2119140625
16,2025-11-24,852.9901123046875,28,11149.2119140625
17,2025-11-24,992.927490234375,28,11149.2119140625
18,2025-11-24,956.7642822265625,28,11149.2119140625
19,2025-11-24,701.91436767578125,28,11149.2119140625
20,2025-11-24,480.90383911132812,28,11149.2119140625
21,2025-11-24,295.3126220703125,28,11149.2119140625
22,2025-11-24,104.48226928710938,28,11149.2119140625
23,2025-11-24,8.0615882873535156,28,11149.2119140625
0,2025-11-25,0.091691732406616211,28,11405.6357421875
1,2025-11-25,0.031044185161590576,28,11405.6357421875
2,2025-11-25,0.010198295116424561,28,11405.6357421875
3,2025-11-25,0.0071747153997421265,28,11405.6357421875
4,2025-11-25,1.1842973232269287,28,11405.6357421875
5,2025-11-25,76.090812683105469,28,11405.6357421875
6,2025-11-25,254.26361083984375,28,11405.6357421875
7,2025-11-25,777.78973388671875,28,11405.6357421875
8,2025-11-25,1236.913818359375,28,11405.6357421875
9,2025-11-25,825.94580078125,28,11405.6357421875
10,2025-11-25,633.826171875,28,11405.6357421875
11,2025-11-25,555.3206787109375,28,11405.6357421875
12,2025-11-25,680.211669921875,28,11405.6357421875
13,2025-11-25,710.18359375,28,11405.6357421875
14,2025-11-25,643.6903076171875,28,11405.6357421875
15,2025-11-25,665.8131103515625,28,11405.6357421875
16,2025-11-25,856.4154052734375,28,11405.6357421875
17,2025-11-25,1002.8787841796875,28,11405.6357421875
18,2025-11-25,960.1951904296875,28,11405.6357421875
19,2025-11-25,713.32257080078125,28,11405.6357421875
20,2025-11-25,494.34439086914062,28,11405.6357421875
21,2025-11-25,307.842041015625,28,11405.6357421875
22,2025-11-25,114.95726776123047,28,11405.6357421875
23,2025-11-25,8.1846036911010742,28,11405.6357421875
0,2025-11-26,0.083463191986083984,28,11437.810546875
1,2025-11-26,0.022776484489440918,28,11437.810546875
2,2025-11-26,0.010642945766448975,28,11437.810546875
3,2025-11-26,0.0044669061899185181,28,11437.810546875
4,2025-11-26,0.84702950716018677,28,11437.810546875
5,2025-11-26,78.057632446289062,28,11437.810546875
6,2025-11-26,255.02301025390625,28,11437.810546875
7,2025-11-26,771.4649658203125,28,11437.810546875
8,2025-11-26,1233.6982421875,28,11437.810546875
9,2025-11-26,819.30267333984375,28,11437.810546875
10,2025-11-26,622.23114013671875,28,11437.810546875
11,2025-11-26,564.981201171875,28,11437.810546875
12,2025-11-26,683.9219970703125,28,11437.810546875
13,2025-11-26,712.79071044921875,28,11437.810546875
14,2025-11-26,650.1883544921875,28,11437.810546875
15,2025-11-26,686.82733154296875,28,11437.810546875
16,2025-11-26,867.57391357421875,28,11437.810546875
17,2025-11-26,1001.078125,28,11437.810546875
18,2025-11-26,967.23040771484375,28,11437.810546875
19,2025-11-26,712.25701904296875,28,11437.810546875
20,2025-11-26,495.54598999023438,28,11437.810546875
21,2025-11-26,310.3486328125,28,11437.810546875
22,2025-11-26,117.99095153808594,28,11437.810546875
23,2025-11-26,8.2389469146728516,28,11437.810546875
0,2025-11-27,0.10179591178894043,28,11480.818359375
1,2025-11-27,0.023689806461334229,28,11480.818359375
2,2025-11-27,0.010684788227081299,28,11480.818359375
3,2025-11-27,0.0063303560018539429,28,11480.818359375
4,2025-11-27,1.9050980806350708,28,11480.818359375
5,2025-11-27,77.977195739746094,28,11480.818359375
6,2025-11-27,256.12799072265625,28,11480.818359375
7,2025-11-27,777.53497314453125,28,11480.818359375
8,2025-11-27,1227.3597412109375,28,11480.818359375
9,2025-11-27,819.46380615234375,28,11480.818359375
10,2025-11-27,621.44940185546875,28,11480.818359375
11,2025-11-27,555.14654541015625,28,11480.818359375
12,2025-11-27,681.18035888671875,28,11480.818359375
13,2025-11-27,712.5228271484375,28,11480.818359375
14,2025-11-27,657.926513671875,28,11480.818359375
15,2025-11-27,684.85498046875,28,11480.818359375
16,2025-11-27,871.43939208984375,28,11480.818359375
17,2025-11-27,1007.30810546875,28,11480.818359375
18,2025-11-27,961.948974609375,28,11480.818359375
19,2025-11-27,702.08001708984375,28,11480.818359375
20,2025-11-27,495.17706298828125,28,11480.818359375
21,2025-11-27,312.58938598632812,28,11480.818359375
22,2025-11-27,117.09503936767578,28,11480.818359375
23,2025-11-27,8.1649208068847656,28,11480.818359375
0,2025-11-28,0.09543299674987793,28,11259.875
1,2025-11-28,0.033384025096893311,28,11259.875
2,2025-11-28,0.010259836912155151,28,11259.875
3,2025-11-28,0.0080588459968566895,28,11259.875
4,2025-11-28,1.7354274988174438,28,11259.875
5,2025-11-28,74.543251037597656,28,11259.875
6,2025-11-28,249.22846984863281,28,11259.875
7,2025-11-28,748.6888427734375,28,11259.875
8,2025-11-28,1165.25244140625,28,11259.875
9,2025-11-28,789.8431396484375,28,11259.875
10,2025-11-28,613.21368408203125,28,11259.875
11,2025-11-28,545.88934326171875,28,11259.875
12,2025-11-28,676.42852783203125,28,11259.875
13,2025-11-28,701.533447265625,28,11259.875
14,2025-11-28,664.16748046875,28,11259.875
15,2025-11-28,691.3095703125,28,11259.875
16,2025-11-28,886.3609619140625,28,11259.875
17,2025-11-28,977.81085205078125,28,11259.875
18,2025-11-28,840.968505859375,28,11259.875
19,2025-11-28,639.99176025390625,28,11259.875
20,2025-11-28,463.28524780273438,28,11259.875
21,2025-11-28,304.89837646484375,28,11259.875
22,2025-11-28,116.94888305664062,28,11259.875
23,2025-11-28,8.3397617340087891,28,11259.875
0,2025-11-29,0.088641881942749023,28,7022.71240234375
1,2025-11-29,0.027610659599304199,28,7022.71240234375
2,2025-11-29,0.0056611895561218262,28,7022.71240234375
3,2025-11-29,0.007623329758644104,28,7022.71240234375
4,2025-11-29,0.26431477069854736,28,7022.71240234375
5,2025-11-29,35.643150329589844,28,7022.71240234375
6,2025-11-29,99.150222778320312,28,7022.71240234375
7,2025-11-29,219.82156372070312,28,7022.71240234375
8,2025-11-29,371.59194946289062,28,7022.71240234375
9,2025-11-29,443.45416259765625,28,7022.71240234375
10,2025-11-29,473.3238525390625,28,7022.71240234375
11,2025-11-29,457.29470825195312,28,7022.71240234375
12,2025-11-29,549.567626953125,28,7022.71240234375
13,2025-11-29,594.49261474609375,28,7022.71240234375
14,2025-11-29,581.701171875,28,7022.71240234375
15,2025-11-29,567.9482421875,28,7022.71240234375
16,2025-11-29,546.90673828125,28,7022.71240234375
17,2025-11-29,567.49908447265625,28,7022.71240234375
18,2025-11-29,491.97021484375,28,7022.71240234375
19,2025-11-29,395.21942138671875,28,7022.71240234375
20,2025-11-29,297.54302978515625,28,7022.71240234375
21,2025-11-29,267.0552978515625,28,7022.71240234375
22,2025-11-29,108.29072570800781,28,7022.71240234375
23,2025-11-29,8.2883081436157227,28,7022.71240234375
0,2025-11-30,0.088097572326660156,28,5911.81005859375
1,2025-11-30,0.031516373157501221,28,5911.81005859375
2,2025-11-30,0.0066646039485931396,28,5911.81005859375
3,2025-11-30,0.006816476583480835,28,5911.81005859375
4,2025-11-30,0.17997479438781738,28,5911.81005859375
5,2025-11-30,30.002254486083984,28,5911.81005859375
6,2025-11-30,86.392463684082031,28,5911.81005859375
7,2025-11-30,174.80923461914062,28,5911.81005859375
8,2025-11-30,305.56890869140625,28,5911.81005859375
9,2025-11-30,347.355712890625,28,5911.81005859375
10,2025-11-30,371.32196044921875,28,5911.81005859375
11,2025-11-30,392.86233520507812,28,5911.81005859375
12,2025-11-30,448.30267333984375,28,5911.81005859375
13,2025-11-30,526.38525390625,28,5911.81005859375
14,2025-11-30,508.35162353515625,28,5911.81005859375
15,2025-11-30,500.72491455078125,28,5911.81005859375
16,2025-11-30,492.88616943359375,28,5911.81005859375
17,2025-11-30,503.28399658203125,28,5911.81005859375
18,2025-11-30,446.43695068359375,28,5911.81005859375
19,2025-11-30,367.00787353515625,28,5911.81005859375
20,2025-11-30,287.43951416015625,28,5911.81005859375
21,2025-11-30,237.36154174804688,28,5911.81005859375
22,2025-11-30,91.706069946289062,28,5911.81005859375
23,2025-11-30,7.9122152328491211,28,5911.81005859375
0,2025-12-01,0.10362648963928223,28,11261.13671875
1,2025-12-01,0.028071284294128418,28,11261.13671875
2,2025-12-01,0.010466575622558594,28,11261.13671875
3,2025-12-01,0.0076985806226730347,28,11261.13671875
4,2025-12-01,2.0386388301849365,28,11261.13671875
5,2025-12-01,77.242507934570312,28,11261.13671875
6,2025-12-01,253.53242492675781,28,11261.13671875
7,2025-12-01,755.73004150390625,28,11261.13671875
8,2025-12-01,1197.8681640625,28,11261.13671875
9,2025-12-01,814.3345947265625,28,11261.13671875
10,2025-12-01,617.47296142578125,28,11261.13671875
11,2025-12-01,534.221923828125,28,11261.13671875
12,2025-12-01,672.62371826171875,28,11261.13671875
13,2025-12-01,681.21905517578125,28,11261.13671875
14,2025-12-01,619.586181640625,28,11261.13671875
15,2025-12-01,642.6634521484375,28,11261.13671875
16,2025-12-01,839.60479736328125,28,11261.13671875
17,2025-12-01,992.7235107421875,28,11261.13671875
18,2025-12-01,966.501708984375,28,11261.13671875
19,2025-12-01,704.38232421875,28,11261.13671875
20,2025-12-01,485.32138061523438,28,11261.13671875
21,2025-12-01,291.659912109375,28,11261.13671875
22,2025-12-01,102.94863891601562,28,11261.13671875
23,2025-12-01,7.8680229187011719,28,11261.13671875
0,2025-12-02,0.09679102897644043,28,11394.13671875
1,2025-12-02,0.032445967197418213,28,11394.13671875
2,2025-12-02,0.0094030797481536865,28,11394.13671875
3,2025-12-02,0.0096175670623779297,28,11394.13671875
4,2025-12-02,2.0758681297302246,28,11394.13671875
5,2025-12-02,75.696334838867188,28,11394.13671875
6,2025-12-02,256.54061889648438,28,11394.13671875
7,2025-12-02,772.67791748046875,28,11394.13671875
8,2025-12-02,1229.4208984375,28,11394.13671875
9,2025-12-02,826.89990234375,28,11394.13671875
10,2025-12-02,635.1295166015625,28,11394.13671875
11,2025-12-02,553.5205078125,28,11394.13671875
12,2025-12-02,672.62481689453125,28,11394.13671875
13,2025-12-02,699.430908203125,28,11394.13671875
14,2025-12-02,631.71282958984375,28,11394.13671875
15,2025-12-02,647.191650390625,28,11394.13671875
16,2025-12-02,832.3499755859375,28,11394.13671875
17,2025-12-02,993.86602783203125,28,11394.13671875
18,2025-12-02,954.093017578125,28,11394.13671875
19,2025-12-02,703.625,28,11394.13671875
20,2025-12-02,489.34814453125,28,11394.13671875
21,2025-12-02,304.84051513671875,28,11394.13671875
22,2025-12-02,115.28949737548828,28,11394.13671875
23,2025-12-02,7.5743274688720703,28,11394.13671875
0,2025-12-03,0.085827112197875977,28,11293.76171875
1,2025-12-03,0.038351655006408691,28,11293.76171875
2,2025-12-03,0.0099204778671264648,28,11293.76171875
3,2025-12-03,0.0064388513565063477,28,11293.76171875
4,2025-12-03,0.79686492681503296,28,11293.76171875
5,2025-12-03,78.573219299316406,28,11293.76171875
6,2025-12-03,256.3133544921875,28,11293.76171875
7,2025-12-03,747.97906494140625,28,11293.76171875
8,2025-12-03,1201.4403076171875,28,11293.76171875
9,2025-12-03,811.04534912109375,28,11293.76171875
10,2025-12-03,625.04034423828125,28,11293.76171875
11,2025-12-03,564.7142333984375,28,11293.76171875
12,2025-12-03,679.3260498046875,28,11293.76171875
13,2025-12-03,704.3978271484375,28,11293.76171875
14,2025-12-03,646.4302978515625,28,11293.76171875
15,2025-12-03,674.760498046875,28,11293.76171875
16,2025-12-03,851.2784423828125,28,11293.76171875
17,2025-12-03,1003.7761840820312,28,11293.76171875
18,2025-12-03,967.591796875,28,11293.76171875
19,2025-12-03,701.87628173828125,28,11293.76171875
20,2025-12-03,495.70065307617188,28,11293.76171875
21,2025-12-03,310.1502685546875,28,11293.76171875
22,2025-12-03,116.75099945068359,28,11293.76171875
23,2025-12-03,7.3644027709960938,28,11293.76171875
0,2025-12-04,0.088732004165649414,28,11291.29296875
1,2025-12-04,0.034203290939331055,28,11291.29296875
2,2025-12-04,0.010009676218032837,28,11291.29296875
3,2025-12-04,0.0046903938055038452,28,11291.29296875
4,2025-12-04,0.68618226051330566,28,11291.29296875
5,2025-12-04,77.886390686035156,28,11291.29296875
6,2025-12-04,256.00137329101562,28,11291.29296875
7,2025-12-04,753.0548095703125,28,11291.29296875
8,2025-12-04,1187.236572265625,28,11291.29296875
9,2025-12-04,811.95233154296875,28,11291.29296875
10,2025-12-04,627.12347412109375,28,11291.29296875
11,2025-12-04,554.068359375,28,11291.29296875
12,2025-12-04,681.1256103515625,28,11291.29296875
13,2025-12-04,708.62750244140625,28,11291.29296875
14,2025-12-04,653.70123291015625,28,11291.29296875
15,2025-12-04,674.17462158203125,28,11291.29296875
16,2025-12-04,853.2464599609375,28,11291.29296875
17,2025-12-04,1007.894287109375,28,11291.29296875
18,2025-12-04,963.0191650390625,28,11291.29296875
19,2025-12-04,694.7708740234375,28,11291.29296875
20,2025-12-04,496.24298095703125,28,11291.29296875
21,2025-12-04,312.45489501953125,28,11291.29296875
22,2025-12-04,117.71623229980469,28,11291.29296875
23,2025-12-04,7.7906780242919922,28,11291.29296875
0,2025-12-05,0.093309640884399414,28,11141.1806640625
1,2025-12-05,0.030745804309844971,28,11141.1806640625
2,2025-12-05,0.0083118975162506104,28,11141.1806640625
3,2025-12-05,0.0075313597917556763,28,11141.1806640625
4,2025-12-05,1.6869840621948242,28,11141.1806640625
5,2025-12-05,75.586067199707031,28,11141.1806640625
6,2025-12-05,250.0635986328125,28,11141.1806640625
7,2025-12-05,735.7186279296875,28,11141.1806640625
8,2025-12-05,1144.887939453125,28,11141.1806640625
9,2025-12-05,788.6153564453125,28,11141.1806640625
10,2025-12-05,619.3753662109375,28,11141.1806640625
11,2025-12-05,550.34283447265625,28,11141.1806640625
12,2025-12-05,678.7266845703125,28,11141.1806640625
13,2025-12-05,702.817626953125,28,11141.1806640625
14,2025-12-05,657.64068603515625,28,11141.1806640625
15,2025-12-05,687.13360595703125,28,11141.1806640625
16,2025-12-05,867.9835205078125,28,11141.1806640625
17,2025-12-05,985.06488037109375,28,11141.1806640625
18,2025-12-05,857.99908447265625,28,11141.1806640625
19,2025-12-05,649.80706787109375,28,11141.1806640625
20,2025-12-05,470.2039794921875,28,11141.1806640625
21,2025-12-05,307.34967041015625,28,11141.1806640625
22,2025-12-05,118.72843170166016,28,11141.1806640625
23,2025-12-05,8.1438961029052734,28,11141.1806640625
0,2025-12-06,0.10210680961608887,28,7139.912109375
1,2025-12-06,0.033771097660064697,28,7139.912109375
2,2025-12-06,0.0094659030437469482,28,7139.912109375
3,2025-12-06,0.0082249641418457031,28,7139.912109375
4,2025-12-06,0.9421616792678833,28,7139.912109375
5,2025-12-06,36.018348693847656,28,7139.912109375
6,2025-12-06,96.619606018066406,28,7139.912109375
7,2025-12-06,210.1212158203125,28,7139.912109375
8,2025-12-06,368.91644287109375,28,7139.912109375
9,2025-12-06,447.0067138671875,28,7139.912109375
10,2025-12-06,477.29025268554688,28,7139.912109375
11,2025-12-06,460.63735961914062,28,7139.912109375
12,2025-12-06,551.438720703125,28,7139.912109375
13,2025-12-06,595.09625244140625,28,7139.912109375
14,2025-12-06,588.14471435546875,28,7139.912109375
15,2025-12-06,580.3779296875,28,7139.912109375
16,2025-12-06,550.13031005859375,28,7139.912109375
17,2025-12-06,581.39007568359375,28,7139.912109375
18,2025-12-06,504.77264404296875,28,7139.912109375
19,2025-12-06,401.07540893554688,28,7139.912109375
20,2025-12-06,306.59478759765625,28,7139.912109375
21,2025-12-06,270.39248657226562,28,7139.912109375
22,2025-12-06,109.99822998046875,28,7139.912109375
23,2025-12-06,8.5930070877075195,28,7139.912109375
0,2025-12-07,0.10637211799621582,28,5988.24462890625
1,2025-12-07,0.03263092041015625,28,5988.24462890625
2,2025-12-07,0.012262403964996338,28,5988.24462890625
3,2025-12-07,0.0073218494653701782,28,5988.24462890625
4,2025-12-07,0.075903058052062988,28,5988.24462890625
5,2025-12-07,29.716594696044922,28,5988.24462890625
6,2025-12-07,82.647705078125,28,5988.24462890625
7,2025-12-07,163.40347290039062,28,5988.24462890625
8,2025-12-07,285.092529296875,28,5988.24462890625
9,2025-12-07,343.01388549804688,28,5988.24462890625
10,2025-12-07,378.91912841796875,28,5988.24462890625
11,2025-12-07,401.8797607421875,28,5988.24462890625
12,2025-12-07,453.71826171875,28,5988.24462890625
13,2025-12-07,534.9854736328125,28,5988.24462890625
14,2025-12-07,516.83367919921875,28,5988.24462890625
15,2025-12-07,508.98211669921875,28,5988.24462890625
16,2025-12-07,485.58578491210938,28,5988.24462890625
17,2025-12-07,500.77117919921875,28,5988.24462890625
18,2025-12-07,438.48672485351562,28,5988.24462890625
19,2025-12-07,358.80816650390625,28,5988.24462890625
20,2025-12-07,287.507568359375,28,5988.24462890625
21,2025-12-07,243.02615356445312,28,5988.24462890625
22,2025-12-07,94.469650268554688,28,5988.24462890625
23,2025-12-07,8.2370157241821289,28,5988.24462890625
0,2025-12-08,0.076776742935180664,28,11026.6337890625
1,2025-12-08,0.030017554759979248,28,11026.6337890625
2,2025-12-08,0.01095658540725708,28,11026.6337890625
3,2025-12-08,0.0076618939638137817,28,11026.6337890625
4,2025-12-08,0.59541058540344238,28,11026.6337890625
5,2025-12-08,76.450103759765625,28,11026.6337890625
6,2025-12-08,252.38166809082031,28,11026.6337890625
7,2025-12-08,737.3739013671875,28,11026.6337890625
8,2025-12-08,1187.4718017578125,28,11026.6337890625
9,2025-12-08,806.0693359375,28,11026.6337890625
10,2025-12-08,617.38470458984375,28,11026.6337890625
11,2025-12-08,528.6602783203125,28,11026.6337890625
12,2025-12-08,662.1881103515625,28,11026.6337890625
13,2025-12-08,672.6422119140625,28,11026.6337890625
14,2025-12-08,622.54095458984375,28,11026.6337890625
15,2025-12-08,641.08673095703125,28,11026.6337890625
16,2025-12-08,829.13824462890625,28,11026.6337890625
17,2025-12-08,981.239501953125,28,11026.6337890625
18,2025-12-08,960.06488037109375,28,11026.6337890625
19,2025-12-08,697.03399658203125,28,11026.6337890625
20,2025-12-08,478.42269897460938,28,11026.6337890625
21,2025-12-08,289.31906127929688,28,11026.6337890625
22,2025-12-08,102.00502777099609,28,11026.6337890625
23,2025-12-08,7.8497381210327148,28,11026.6337890625
0,2025-12-09,0.079162836074829102,28,11231.9228515625
1,2025-12-09,0.029623448848724365,28,11231.9228515625
2,2025-12-09,0.0082781612873077393,28,11231.9228515625
3,2025-12-09,0.0052462220191955566,28,11231.9228515625
4,2025-12-09,1.805509090423584,28,11231.9228515625
5,2025-12-09,75.59368896484375,28,11231.9228515625
6,2025-12-09,253.20718383789062,28,11231.9228515625
7,2025-12-09,756.55859375,28,11231.9228515625
8,2025-12-09,1215.2362060546875,28,11231.9228515625
9,2025-12-09,818.4456787109375,28,11231.9228515625
10,2025-12-09,635.12322998046875,28,11231.9228515625
11,2025-12-09,551.65966796875,28,11231.9228515625
12,2025-12-09,674.28851318359375,28,11231.9228515625
13,2025-12-09,708.51495361328125,28,11231.9228515625
14,2025-12-09,639.51123046875,28,11231.9228515625
15,2025-12-09,655.46258544921875,28,11231.9228515625
16,2025-12-09,829.62872314453125,28,11231.9228515625
17,2025-12-09,988.9500732421875,28,11231.9228515625
18,2025-12-09,957.5416259765625,28,11231.9228515625
19,2025-12-09,705.3062744140625,28,11231.9228515625
20,2025-12-09,494.83950805664062,28,11231.9228515625
21,2025-12-09,302.02716064453125,28,11231.9228515625
22,2025-12-09,111.55850219726562,28,11231.9228515625
23,2025-12-09,7.9376373291015625,28,11231.9228515625
0,2025-12-10,0.087852239608764648,28,11282.7783203125
1,2025-12-10,0.03310924768447876,28,11282.7783203125
2,2025-12-10,0.0092749297618865967,28,11282.7783203125
3,2025-12-10,0.0077816694974899292,28,11282.7783203125
4,2025-12-10,1.4495823383331299,28,11282.7783203125
5,2025-12-10,77.774192810058594,28,11282.7783203125
6,2025-12-10,253.17300415039062,28,11282.7783203125
7,2025-12-10,742.1883544921875,28,11282.7783203125
8,2025-12-10,1202.7078857421875,28,11282.7783203125
9,2025-12-10,805.4693603515625,28,11282.7783203125
10,2025-12-10,620.6060791015625,28,11282.7783203125
11,2025-12-10,560.05084228515625,28,11282.7783203125
12,2025-12-10,675.32421875,28,11282.7783203125
13,2025-12-10,708.82794189453125,28,11282.7783203125
14,2025-12-10,642.9808349609375,28,11282.7783203125
15,2025-12-10,668.4656982421875,28,11282.7783203125
16,2025-12-10,838.79083251953125,28,11282.7783203125
17,2025-12-10,994.22503662109375,28,11282.7783203125
18,2025-12-10,967.30450439453125,28,11282.7783203125
19,2025-12-10,706.887939453125,28,11282.7783203125
20,2025-12-10,493.7132568359375,28,11282.7783203125
21,2025-12-10,307.68414306640625,28,11282.7783203125
22,2025-12-10,115.357666015625,28,11282.7783203125
23,2025-12-10,8.0063266754150391,28,11282.7783203125
0,2025-12-11,0.097762346267700195,28,11287.634765625
1,2025-12-11,0.033264756202697754,28,11287.634765625
2,2025-12-11,0.011700063943862915,28,11287.634765625
3,2025-12-11,0.008757367730140686,28,11287.634765625
4,2025-12-11,0.32869982719421387,28,11287.634765625
5,2025-12-11,77.291221618652344,28,11287.634765625
6,2025-12-11,253.26681518554688,28,11287.634765625
7,2025-12-11,751.9990234375,28,11287.634765625
8,2025-12-11,1196.7548828125,28,11287.634765625
9,2025-12-11,807.19000244140625,28,11287.634765625
10,2025-12-11,620.5863037109375,28,11287.634765625
11,2025-12-11,553.78289794921875,28,11287.634765625
12,2025-12-11,674.44732666015625,28,11287.634765625
13,2025-12-11,707.83624267578125,28,11287.634765625
14,2025-12-11,655.5322265625,28,11287.634765625
15,2025-12-11,674.16650390625,28,11287.634765625
16,2025-12-11,841.5814208984375,28,11287.634765625
17,2025-12-11,998.7933349609375,28,11287.634765625
18,2025-12-11,962.6107177734375,28,11287.634765625
19,2025-12-11,697.84136962890625,28,11287.634765625
20,2025-12-11,493.9481201171875,28,11287.634765625
21,2025-12-11,310.88400268554688,28,11287.634765625
22,2025-12-11,116.99177551269531,28,11287.634765625
23,2025-12-11,8.168269157409668,28,11287.634765625
0,2025-12-12,0.085778236389160156,28,11033.8369140625
1,2025-12-12,0.034626007080078125,28,11033.8369140625
2,2025-12-12,0.013324230909347534,28,11033.8369140625
3,2025-12-12,0.0064690262079238892,28,11033.8369140625
4,2025-12-12,0.33689284324645996,28,11033.8369140625
5,2025-12-12,74.565895080566406,28,11033.8369140625
6,2025-12-12,245.72834777832031,28,11033.8369140625
7,2025-12-12,726.48486328125,28,11033.8369140625
8,2025-12-12,1137.7471923828125,28,11033.8369140625
9,2025-12-12,775.97967529296875,28,11033.8369140625
10,2025-12-12,609.73138427734375,28,11033.8369140625
11,2025-12-12,548.2237548828125,28,11033.8369140625
12,2025-12-12,668.77435302734375,28,11033.8369140625
13,2025-12-12,698.96405029296875,28,11033.8369140625
14,2025-12-12,655.39471435546875,28,11033.8369140625
15,2025-12-12,677.916748046875,28,11033.8369140625
16,2025-12-12,859.51513671875,28,11033.8369140625
17,2025-12-12,966.2230224609375,28,11033.8369140625
18,2025-12-12,852.54730224609375,28,11033.8369140625
19,2025-12-12,643.9718017578125,28,11033.8369140625
20,2025-12-12,463.13082885742188,28,11033.8369140625
21,2025-12-12,303.27972412109375,28,11033.8369140625
22,2025-12-12,118.08670043945312,28,11033.8369140625
23,2025-12-12,8.205265998840332,28,11033.8369140625
0,2025-12-13,0.096018791198730469,28,6994.46923828125
1,2025-12-13,0.033801138401031494,28,6994.46923828125
2,2025-12-13,0.013402789831161499,28,6994.46923828125
3,2025-12-13,0.0088696032762527466,28,6994.46923828125
4,2025-12-13,0.64380097389221191,28,6994.46923828125
5,2025-12-13,34.74005126953125,28,6994.46923828125
6,2025-12-13,93.177978515625,28,6994.46923828125
7,2025-12-13,206.34176635742188,28,6994.46923828125
8,2025-12-13,359.05355834960938,28,6994.46923828125
9,2025-12-13,425.64813232421875,28,6994.46923828125
10,2025-12-13,461.88156127929688,28,6994.46923828125
11,2025-12-13,455.07513427734375,28,6994.46923828125
12,2025-12-13,544.15509033203125,28,6994.46923828125
13,2025-12-13,593.613525390625,28,6994.46923828125
14,2025-12-13,582.32379150390625,28,6994.46923828125
15,2025-12-13,570.19049072265625,28,6994.46923828125
16,2025-12-13,537.80999755859375,28,6994.46923828125
17,2025-12-13,566.04833984375,28,6994.46923828125
18,2025-12-13,488.42535400390625,28,6994.46923828125
19,2025-12-13,391.12457275390625,28,6994.46923828125
20,2025-12-13,299.06204223632812,28,6994.46923828125
21,2025-12-13,267.3529052734375,28,6994.46923828125
22,2025-12-13,109.31475830078125,28,6994.46923828125
23,2025-12-13,8.209721565246582,28,6994.46923828125
0,2025-12-14,0.091820478439331055,28,5912.212890625
1,2025-12-14,0.033688902854919434,28,5912.212890625
2,2025-12-14,0.013404428958892822,28,5912.212890625
3,2025-12-14,0.010556548833847046,28,5912.212890625
4,2025-12-14,0.27226638793945312,28,5912.212890625
5,2025-12-14,29.535301208496094,28,5912.212890625
6,2025-12-14,82.871238708496094,28,5912.212890625
7,2025-12-14,166.44650268554688,28,5912.212890625
8,2025-12-14,289.062255859375,28,5912.212890625
9,2025-12-14,340.17022705078125,28,5912.212890625
10,2025-12-14,372.22958374023438,28,5912.212890625
11,2025-12-14,400.21389770507812,28,5912.212890625
12,2025-12-14,447.38885498046875,28,5912.212890625
13,2025-12-14,532.42822265625,28,5912.212890625
14,2025-12-14,503.6566162109375,28,5912.212890625
15,2025-12-14,500.44338989257812,28,5912.212890625
16,2025-12-14,477.817138671875,28,5912.212890625
17,2025-12-14,502.2010498046875,28,5912.212890625
18,2025-12-14,441.34701538085938,28,5912.212890625
19,2025-12-14,360.142822265625,28,5912.212890625
20,2025-12-14,285.44207763671875,28,5912.212890625
21,2025-12-14,242.58425903320312,28,5912.212890625
22,2025-12-14,92.944198608398438,28,5912.212890625
23,2025-12-14,7.9503307342529297,28,5912.212890625
0,2025-12-15,0.097243785858154297,28,11048.7197265625
1,2025-12-15,0.029851257801055908,28,11048.7197265625
2,2025-12-15,0.0080966949462890625,28,11048.7197265625
3,2025-12-15,0.008372962474822998,28,11048.7197265625
4,2025-12-15,0.40013325214385986,28,11048.7197265625
5,2025-12-15,75.537277221679688,28,11048.7197265625
6,2025-12-15,250.06526184082031,28,11048.7197265625
7,2025-12-15,711.585693359375,28,11048.7197265625
8,2025-12-15,1171.2393798828125,28,11048.7197265625
9,2025-12-15,798.16546630859375,28,11048.7197265625
10,2025-12-15,609.34716796875,28,11048.7197265625
11,2025-12-15,526.54498291015625,28,11048.7197265625
12,2025-12-15,654.86474609375,28,11048.7197265625
13,2025-12-15,673.12567138671875,28,11048.7197265625
14,2025-12-15,611.66748046875,28,11048.7197265625
15,2025-12-15,633.4791259765625,28,11048.7197265625
16,2025-12-15,813.86993408203125,28,11048.7197265625
17,2025-12-15,980.89447021484375,28,11048.7197265625
18,2025-12-15,960.4417724609375,28,11048.7197265625
19,2025-12-15,695.599853515625,28,11048.7197265625
20,2025-12-15,477.01251220703125,28,11048.7197265625
21,2025-12-15,288.03018188476562,28,11048.7197265625
22,2025-12-15,100.31614685058594,28,11048.7197265625
23,2025-12-15,7.8205156326293945,28,11048.7197265625
0,2025-12-16,0.098341703414916992,28,11194.3876953125
1,2025-12-16,0.029186248779296875,28,11194.3876953125
2,2025-12-16,0.0085724592208862305,28,11194.3876953125
3,2025-12-16,0.0079158097505569458,28,11194.3876953125
4,2025-12-16,0.64688324928283691,28,11194.3876953125
5,2025-12-16,74.461349487304688,28,11194.3876953125
6,2025-12-16,250.86824035644531,28,11194.3876953125
7,2025-12-16,736.58642578125,28,11194.3876953125
8,2025-12-16,1192.9111328125,28,11194.3876953125
9,2025-12-16,810.2921142578125,28,11194.3876953125
10,2025-12-16,626.82794189453125,28,11194.3876953125
11,2025-12-16,549.8980712890625,28,11194.3876953125
12,2025-12-16,662.83160400390625,28,11194.3876953125
13,2025-12-16,704.75164794921875,28,11194.3876953125
14,2025-12-16,630.87176513671875,28,11194.3876953125
15,2025-12-16,647.1044921875,28,11194.3876953125
16,2025-12-16,811.90338134765625,28,11194.3876953125
17,2025-12-16,984.6370849609375,28,11194.3876953125
18,2025-12-16,961.89910888671875,28,11194.3876953125
19,2025-12-16,699.941162109375,28,11194.3876953125
20,2025-12-16,492.44403076171875,28,11194.3876953125
21,2025-12-16,300.73568725585938,28,11194.3876953125
22,2025-12-16,112.23089599609375,28,11194.3876953125
23,2025-12-16,7.8988561630249023,28,11194.3876953125
0,2025-12-17,0.11336612701416016,28,11200.224609375
1,2025-12-17,0.03091132640838623,28,11200.224609375
2,2025-12-17,0.011026144027709961,28,11200.224609375
3,2025-12-17,0.0085839629173278809,28,11200.224609375
4,2025-12-17,1.6029690504074097,28,11200.224609375
5,2025-12-17,78.050559997558594,28,11200.224609375
6,2025-12-17,251.09806823730469,28,11200.224609375
7,2025-12-17,727.3233642578125,28,11200.224609375
8,2025-12-17,1181.297119140625,28,11200.224609375
9,2025-12-17,797.92901611328125,28,11200.224609375
10,2025-12-17,610.52685546875,28,11200.224609375
11,2025-12-17,556.059814453125,28,11200.224609375
12,2025-12-17,667.14068603515625,28,11200.224609375
13,2025-12-17,709.18121337890625,28,11200.224609375
14,2025-12-17,632.3419189453125,28,11200.224609375
15,2025-12-17,662.9239501953125,28,11200.224609375
16,2025-12-17,826.50506591796875,28,11200.224609375
17,2025-12-17,985.4423828125,28,11200.224609375
18,2025-12-17,966.930908203125,28,11200.224609375
19,2025-12-17,699.78570556640625,28,11200.224609375
20,2025-12-17,491.7515869140625,28,11200.224609375
21,2025-12-17,306.9853515625,28,11200.224609375
22,2025-12-17,115.21275329589844,28,11200.224609375
23,2025-12-17,8.1399316787719727,28,11200.224609375
0,2025-12-18,0.096496105194091797,28,11179.5
1,2025-12-18,0.027264177799224854,28,11179.5
2,2025-12-18,0.0087088942527770996,28,11179.5
3,2025-12-18,0.0084856003522872925,28,11179.5
4,2025-12-18,1.2273377180099487,28,11179.5
5,2025-12-18,76.778427124023438,28,11179.5
6,2025-12-18,251.68148803710938,28,11179.5
7,2025-12-18,733.06585693359375,28,11179.5
8,2025-12-18,1170.57568359375,28,11179.5
9,2025-12-18,797.18341064453125,28,11179.5
10,2025-12-18,614.0535888671875,28,11179.5
11,2025-12-18,543.81072998046875,28,11179.5
12,2025-12-18,665.1900634765625,28,11179.5
13,2025-12-18,707.9271240234375,28,11179.5
14,2025-12-18,643.6219482421875,28,11179.5
15,2025-12-18,665.9822998046875,28,11179.5
16,2025-12-18,824.87017822265625,28,11179.5
17,2025-12-18,988.47222900390625,28,11179.5
18,2025-12-18,949.39715576171875,28,11179.5
19,2025-12-18,690.73907470703125,28,11179.5
20,2025-12-18,490.26397705078125,28,11179.5
21,2025-12-18,310.556396484375,28,11179.5
22,2025-12-18,116.62514495849609,28,11179.5
23,2025-12-18,8.3530950546264648,28,11179.5
0,2025-12-19,0.089486360549926758,28,11076.7119140625
1,2025-12-19,0.020593881607055664,28,11076.7119140625
2,2025-12-19,0.010865867137908936,28,11076.7119140625
3,2025-12-19,0.0096887648105621338,28,11076.7119140625
4,2025-12-19,0.30327892303466797,28,11076.7119140625
5,2025-12-19,74.606254577636719,28,11076.7119140625
6,2025-12-19,241.92738342285156,28,11076.7119140625
7,2025-12-19,690.35833740234375,28,11076.7119140625
8,2025-12-19,1088.7489013671875,28,11076.7119140625
9,2025-12-19,759.95050048828125,28,11076.7119140625
10,2025-12-19,598.77130126953125,28,11076.7119140625
11,2025-12-19,536.218994140625,28,11076.7119140625
12,2025-12-19,652.80419921875,28,11076.7119140625
13,2025-12-19,688.64178466796875,28,11076.7119140625
14,2025-12-19,648.2696533203125,28,11076.7119140625
15,2025-12-19,677.8333740234375,28,11076.7119140625
16,2025-12-19,834.62432861328125,28,11076.7119140625
17,2025-12-19,953.03326416015625,28,11076.7119140625
18,2025-12-19,857.893310546875,28,11076.7119140625
19,2025-12-19,647.924560546875,28,11076.7119140625
20,2025-12-19,460.5791015625,28,11076.7119140625
21,2025-12-19,300.90240478515625,28,11076.7119140625
22,2025-12-19,113.81400299072266,28,11076.7119140625
23,2025-12-19,8.8091440200805664,28,11076.7119140625
0,2025-12-20,0.106201171875,28,7236.16845703125
1,2025-12-20,0.025363743305206299,28,7236.16845703125
2,2025-12-20,0.011370629072189331,28,7236.16845703125
3,2025-12-20,0.0052533894777297974,28,7236.16845703125
4,2025-12-20,0.093736529350280762,28,7236.16845703125
5,2025-12-20,35.541957855224609,28,7236.16845703125
6,2025-12-20,96.684074401855469,28,7236.16845703125
7,2025-12-20,230.62835693359375,28,7236.16845703125
8,2025-12-20,372.57656860351562,28,7236.16845703125
9,2025-12-20,420.84246826171875,28,7236.16845703125
10,2025-12-20,462.0186767578125,28,7236.16845703125
11,2025-12-20,460.24154663085938,28,7236.16845703125
12,2025-12-20,542.1826171875,28,7236.16845703125
13,2025-12-20,591.6019287109375,28,7236.16845703125
14,2025-12-20,575.6514892578125,28,7236.16845703125
15,2025-12-20,571.76812744140625,28,7236.16845703125
16,2025-12-20,528.73162841796875,28,7236.16845703125
17,2025-12-20,566.9796142578125,28,7236.16845703125
18,2025-12-20,499.18988037109375,28,7236.16845703125
19,2025-12-20,398.818359375,28,7236.16845703125
20,2025-12-20,302.6451416015625,28,7236.16845703125
21,2025-12-20,266.92416381835938,28,7236.16845703125
22,2025-12-20,108.08506774902344,28,7236.16845703125
23,2025-12-20,9.1805124282836914,28,7236.16845703125
0,2025-12-21,0.11075282096862793,28,5887.9111328125
1,2025-12-21,0.027722477912902832,28,5887.9111328125
2,2025-12-21,0.0091648399829864502,28,5887.9111328125
3,2025-12-21,0.0087004899978637695,28,5887.9111328125
4,2025-12-21,0.32162332534790039,28,5887.9111328125
5,2025-12-21,29.721992492675781,28,5887.9111328125
6,2025-12-21,83.333114624023438,28,5887.9111328125
7,2025-12-21,173.2574462890625,28,5887.9111328125
8,2025-12-21,289.7655029296875,28,5887.9111328125
9,2025-12-21,330.64910888671875,28,5887.9111328125
10,2025-12-21,360.25640869140625,28,5887.9111328125
11,2025-12-21,390.53387451171875,28,5887.9111328125
12,2025-12-21,446.35397338867188,28,5887.9111328125
13,2025-12-21,530.5621337890625,28,5887.9111328125
14,2025-12-21,519.050537109375,28,5887.9111328125
15,2025-12-21,503.401123046875,28,5887.9111328125
16,2025-12-21,472.543212890625,28,5887.9111328125
17,2025-12-21,494.7606201171875,28,5887.9111328125
18,2025-12-21,437.2635498046875,28,5887.9111328125
19,2025-12-21,358.6295166015625,28,5887.9111328125
20,2025-12-21,284.40655517578125,28,5887.9111328125
21,2025-12-21,240.66610717773438,28,5887.9111328125
22,2025-12-21,94.458297729492188,28,5887.9111328125
23,2025-12-21,8.2310752868652344,28,5887.9111328125
0,2025-12-22,0.096120119094848633,28,10909.3642578125
1,2025-12-22,0.03941953182220459,28,10909.3642578125
2,2025-12-22,0.0093295872211456299,28,10909.3642578125
3,2025-12-22,0.009039759635925293,28,10909.3642578125
4,2025-12-22,1.017757773399353,28,10909.3642578125
5,2025-12-22,76.015365600585938,28,10909.3642578125
6,2025-12-22,248.41365051269531,28,10909.3642578125
7,2025-12-22,718.57684326171875,28,10909.3642578125
8,2025-12-22,1130.9622802734375,28,10909.3642578125
9,2025-12-22,790.9873046875,28,10909.3642578125
10,2025-12-22,598.1368408203125,28,10909.3642578125
11,2025-12-22,526.15185546875,28,10909.3642578125
12,2025-12-22,642.87799072265625,28,10909.3642578125
13,2025-12-22,684.96826171875,28,10909.3642578125
14,2025-12-22,609.12725830078125,28,10909.3642578125
15,2025-12-22,648.46734619140625,28,10909.3642578125
16,2025-12-22,813.311767578125,28,10909.3642578125
17,2025-12-22,957.318115234375,28,10909.3642578125
18,2025-12-22,937.300048828125,28,10909.3642578125
19,2025-12-22,687.34906005859375,28,10909.3642578125
20,2025-12-22,474.89453125,28,10909.3642578125
21,2025-12-22,288.1650390625,28,10909.3642578125
22,2025-12-22,100.33161926269531,28,10909.3642578125
23,2025-12-22,7.7229375839233398,28,10909.3642578125
0,2025-12-23,0.095692873001098633,28,11028.025390625
1,2025-12-23,0.029473662376403809,28,11028.025390625
2,2025-12-23,0.012846320867538452,28,11028.025390625
3,2025-12-23,0.0086873918771743774,28,11028.025390625
4,2025-12-23,0.58697545528411865,28,11028.025390625
5,2025-12-23,75.97235107421875,28,11028.025390625
6,2025-12-23,248.24671936035156,28,11028.025390625
7,2025-12-23,726.8936767578125,28,11028.025390625
8,2025-12-23,1143.7105712890625,28,11028.025390625
9,2025-12-23,795.8367919921875,28,11028.025390625
10,2025-12-23,608.546630859375,28,11028.025390625
11,2025-12-23,540.81317138671875,28,11028.025390625
12,2025-12-23,648.2607421875,28,11028.025390625
13,2025-12-23,703.4049072265625,28,11028.025390625
14,2025-12-23,625.108642578125,28,11028.025390625
15,2025-12-23,657.2900390625,28,11028.025390625
16,2025-12-23,812.371337890625,28,11028.025390625
17,2025-12-23,960.591064453125,28,11028.025390625
18,2025-12-23,937.2276611328125,28,11028.025390625
19,2025-12-23,690.7977294921875,28,11028.025390625
20,2025-12-23,482.2659912109375,28,11028.025390625
21,2025-12-23,295.97653198242188,28,11028.025390625
22,2025-12-23,109.45480346679688,28,11028.025390625
23,2025-12-23,7.9667625427246094,28,11028.025390625
0,2025-12-24,0.071104764938354492,28,11133.880859375
1,2025-12-24,0.027770876884460449,28,11133.880859375
2,2025-12-24,0.011769205331802368,28,11133.880859375
3,2025-12-24,0.011031225323677063,28,11133.880859375
4,2025-12-24,0.55418086051940918,28,11133.880859375
5,2025-12-24,76.470237731933594,28,11133.880859375
6,2025-12-24,243.14106750488281,28,11133.880859375
7,2025-12-24,700.7242431640625,28,11133.880859375
8,2025-12-24,1111.845458984375,28,11133.880859375
9,2025-12-24,773.124267578125,28,11133.880859375
10,2025-12-24,589.5960693359375,28,11133.880859375
11,2025-12-24,542.7655029296875,28,11133.880859375
12,2025-12-24,643.19866943359375,28,11133.880859375
13,2025-12-24,694.66986083984375,28,11133.880859375
14,2025-12-24,617.037109375,28,11133.880859375
15,2025-12-24,661.232421875,28,11133.880859375
16,2025-12-24,811.626953125,28,11133.880859375
17,2025-12-24,953.19903564453125,28,11133.880859375
18,2025-12-24,929.6072998046875,28,11133.880859375
19,2025-12-24,682.87030029296875,28,11133.880859375
20,2025-12-24,474.9818115234375,28,11133.880859375
21,2025-12-24,298.140625,28,11133.880859375
22,2025-12-24,113.17089080810547,28,11133.880859375
23,2025-12-24,7.9059896469116211,28,11133.880859375
0,2025-12-25,0.075585126876831055,28,11054.1875
1,2025-12-25,0.028070569038391113,28,11054.1875
2,2025-12-25,0.0097981095314025879,28,11054.1875
3,2025-12-25,0.0061995387077331543,28,11054.1875
4,2025-12-25,1.2035386562347412,28,11054.1875
5,2025-12-25,75.728225708007812,28,11054.1875
6,2025-12-25,243.80621337890625,28,11054.1875
7,2025-12-25,708.10595703125,28,11054.1875
8,2025-12-25,1110.224609375,28,11054.1875
9,2025-12-25,775.29730224609375,28,11054.1875
10,2025-12-25,595.09783935546875,28,11054.1875
11,2025-12-25,536.876708984375,28,11054.1875
12,2025-12-25,642.7620849609375,28,11054.1875
13,2025-12-25,692.51519775390625,28,11054.1875
14,2025-12-25,621.932373046875,28,11054.1875
15,2025-12-25,662.1494140625,28,11054.1875
16,2025-12-25,811.9471435546875,28,11054.1875
17,2025-12-25,962.26123046875,28,11054.1875
18,2025-12-25,928.91375732421875,28,11054.1875
19,2025-12-25,679.29925537109375,28,11054.1875
20,2025-12-25,476.58950805664062,28,11054.1875
21,2025-12-25,301.07290649414062,28,11054.1875
22,2025-12-25,114.08488464355469,28,11054.1875
23,2025-12-25,8.044921875,28,11054.1875
0,2025-12-26,0.090454339981079102,28,10824.8271484375
1,2025-12-26,0.032319188117980957,28,10824.8271484375
2,2025-12-26,0.0089139640331268311,28,10824.8271484375
3,2025-12-26,0.0094256848096847534,28,10824.8271484375
4,2025-12-26,0.91931307315826416,28,10824.8271484375
5,2025-12-26,73.364448547363281,28,10824.8271484375
6,2025-12-26,234.94877624511719,28,10824.8271484375
7,2025-12-26,678.04925537109375,28,10824.8271484375
8,2025-12-26,1047.3104248046875,28,10824.8271484375
9,2025-12-26,742.56756591796875,28,10824.8271484375
10,2025-12-26,587.01123046875,28,10824.8271484375
11,2025-12-26,532.5179443359375,28,10824.8271484375
12,2025-12-26,640.5479736328125,28,10824.8271484375
13,2025-12-26,683.116455078125,28,10824.8271484375
14,2025-12-26,620.996826171875,28,10824.8271484375
15,2025-12-26,662.47955322265625,28,10824.8271484375
16,2025-12-26,816.134033203125,28,10824.8271484375
17,2025-12-26,934.6905517578125,28,10824.8271484375
18,2025-12-26,822.9886474609375,28,10824.8271484375
19,2025-12-26,627.775146484375,28,10824.8271484375
20,2025-12-26,448.63284301757812,28,10824.8271484375
21,2025-12-26,295.73260498046875,28,10824.8271484375
22,2025-12-26,113.94355773925781,28,10824.8271484375
23,2025-12-26,8.2549591064453125,28,10824.8271484375
0,2025-12-27,0.096677303314208984,28,6573.70849609375
1,2025-12-27,0.035781919956207275,28,6573.70849609375
2,2025-12-27,0.0098618865013122559,28,6573.70849609375
3,2025-12-27,0.0095101743936538696,28,6573.70849609375
4,2025-12-27,0.053894400596618652,28,6573.70849609375
5,2025-12-27,37.407360076904297,28,6573.70849609375
6,2025-12-27,99.626808166503906,28,6573.70849609375
7,2025-12-27,240.56088256835938,28,6573.70849609375
8,2025-12-27,379.12252807617188,28,6573.70849609375
9,2025-12-27,435.2314453125,28,6573.70849609375
10,2025-12-27,474.63348388671875,28,6573.70849609375
11,2025-12-27,463.62725830078125,28,6573.70849609375
12,2025-12-27,544.18695068359375,28,6573.70849609375
13,2025-12-27,589.11004638671875,28,6573.70849609375
14,2025-12-27,564.40765380859375,28,6573.70849609375
15,2025-12-27,576.06842041015625,28,6573.70849609375
16,2025-12-27,535.2969970703125,28,6573.70849609375
17,2025-12-27,577.0126953125,28,6573.70849609375
18,2025-12-27,501.3604736328125,28,6573.70849609375
19,2025-12-27,400.3994140625,28,6573.70849609375
20,2025-12-27,305.01461791992188,28,6573.70849609375
21,2025-12-27,264.23406982421875,28,6573.70849609375
22,2025-12-27,109.47714233398438,28,6573.70849609375
23,2025-12-27,8.2235450744628906,28,6573.70849609375
0,2025-12-28,0.10494065284729004,28,5577.70263671875
1,2025-12-28,0.042186856269836426,28,5577.70263671875
2,2025-12-28,0.011771351099014282,28,5577.70263671875
3,2025-12-28,0.0091667473316192627,28,5577.70263671875
4,2025-12-28,0.064870238304138184,28,5577.70263671875
5,2025-12-28,29.188556671142578,28,5577.70263671875
6,2025-12-28,82.127464294433594,28,5577.70263671875
7,2025-12-28,165.9779052734375,28,5577.70263671875
8,2025-12-28,276.83038330078125,28,5577.70263671875
9,2025-12-28,318.6485595703125,28,5577.70263671875
10,2025-12-28,351.99761962890625,28,5577.70263671875
11,2025-12-28,389.61459350585938,28,5577.70263671875
12,2025-12-28,437.14193725585938,28,5577.70263671875
13,2025-12-28,511.97744750976562,28,5577.70263671875
14,2025-12-28,497.18792724609375,28,5577.70263671875
15,2025-12-28,499.777587890625,28,5577.70263671875
16,2025-12-28,456.96246337890625,28,5577.70263671875
17,2025-12-28,476.58563232421875,28,5577.70263671875
18,2025-12-28,423.33258056640625,28,5577.70263671875
19,2025-12-28,344.75625610351562,28,5577.70263671875
20,2025-12-28,280.06585693359375,28,5577.70263671875
21,2025-12-28,239.38731384277344,28,5577.70263671875
22,2025-12-28,94.413192749023438,28,5577.70263671875
23,2025-12-28,8.04132080078125,28,5577.70263671875
0,2025-12-29,0.087317943572998047,28,11014.0947265625
1,2025-12-29,0.033353924751281738,28,11014.0947265625
2,2025-12-29,0.010469257831573486,28,11014.0947265625
3,2025-12-29,0.010865092277526855,28,11014.0947265625
4,2025-12-29,1.4001338481903076,28,11014.0947265625
5,2025-12-29,76.073074340820312,28,11014.0947265625
6,2025-12-29,242.16357421875,28,11014.0947265625
7,2025-12-29,715.29791259765625,28,11014.0947265625
8,2025-12-29,1096.352294921875,28,11014.0947265625
9,2025-12-29,781.2623291015625,28,11014.0947265625
10,2025-12-29,584.104248046875,28,11014.0947265625
11,2025-12-29,534.799072265625,28,11014.0947265625
12,2025-12-29,640.0609130859375,28,11014.0947265625
13,2025-12-29,680.01806640625,28,11014.0947265625
14,2025-12-29,601.20965576171875,28,11014.0947265625
15,2025-12-29,646.5531005859375,28,11014.0947265625
16,2025-12-29,808.2520751953125,28,11014.0947265625
17,2025-12-29,945.1614990234375,28,11014.0947265625
18,2025-12-29,917.177734375,28,11014.0947265625
19,2025-12-29,675.982421875,28,11014.0947265625
20,2025-12-29,470.23919677734375,28,11014.0947265625
21,2025-12-29,289.22628784179688,28,11014.0947265625
22,2025-12-29,102.53160095214844,28,11014.0947265625
23,2025-12-29,7.8473148345947266,28,11014.0947265625
0,2025-12-30,0.088173866271972656,28,11125.3740234375
1,2025-12-30,0.031249642372131348,28,11125.3740234375
2,2025-12-30,0.012704581022262573,28,11125.3740234375
3,2025-12-30,0.0092630982398986816,28,11125.3740234375
4,2025-12-30,1.2357308864593506,28,11125.3740234375
5,2025-12-30,75.742988586425781,28,11125.3740234375
6,2025-12-30,242.66889953613281,28,11125.3740234375
7,2025-12-30,728.57391357421875,28,11125.3740234375
8,2025-12-30,1108.767578125,28,11125.3740234375
9,2025-12-30,781.0250244140625,28,11125.3740234375
10,2025-12-30,596.6597900390625,28,11125.3740234375
11,2025-12-30,544.9835205078125,28,11125.3740234375
12,2025-12-30,639.96453857421875,28,11125.3740234375
13,2025-12-30,688.4140625,28,11125.3740234375
14,2025-12-30,613.99688720703125,28,11125.3740234375
15,2025-12-30,648.22894287109375,28,11125.3740234375
16,2025-12-30,794.2158203125,28,11125.3740234375
17,2025-12-30,931.39111328125,28,11125.3740234375
18,2025-12-30,903.71844482421875,28,11125.3740234375
19,2025-12-30,673.27301025390625,28,11125.3740234375
20,2025-12-30,475.51858520507812,28,11125.3740234375
21,2025-12-30,295.45431518554688,28,11125.3740234375
22,2025-12-30,109.97059631347656,28,11125.3740234375
23,2025-12-30,8.4416913986206055,28,11125.3740234375
0,2025-12-31,0.12037992477416992,28,5091.55810546875
1,2025-12-31,0.026630699634552002,28,5091.55810546875
2,2025-12-31,0.010349571704864502,28,5091.55810546875
3,2025-12-31,0.011657699942588806,28,5091.55810546875
4,2025-12-31,0.24727606773376465,28,5091.55810546875
5,2025-12-31,33.094280242919922,28,5091.55810546875
6,2025-12-31,68.118423461914062,28,5091.55810546875
7,2025-12-31,171.77047729492188,28,5091.55810546875
8,2025-12-31,306.09002685546875,28,5091.55810546875
9,2025-12-31,363.99490356445312,28,5091.55810546875
10,2025-12-31,384.71337890625,28,5091.55810546875
11,2025-12-31,370.17767333984375,28,5091.55810546875
12,2025-12-31,458.34701538085938,28,5091.55810546875
13,2025-12-31,509.97467041015625,28,5091.55810546875
14,2025-12-31,501.2255859375,28,5091.55810546875
15,2025-12-31,448.31454467773438,28,5091.55810546875
16,2025-12-31,454.79611206054688,28,5091.55810546875
17,2025-12-31,529.7376708984375,28,5091.55810546875
18,2025-12-31,442.77435302734375,28,5091.55810546875
19,2025-12-31,356.98419189453125,28,5091.55810546875
20,2025-12-31,282.318603515625,28,5091.55810546875
21,2025-12-31,252.4185791015625,28,5091.55810546875
22,2025-12-31,96.35052490234375,28,5091.55810546875
23,2025-12-31,8.7277317047119141,28,5091.55810546875
0,2025-11-01,41.208663940429688,50,8619.2138671875
1,2025-11-01,1.1843960285186768,50,8619.2138671875
2,2025-11-01,0.0078320801258087158,50,8619.2138671875
3,2025-11-01,0.0070551633834838867,50,8619.2138671875
4,2025-11-01,0.072764873504638672,50,8619.2138671875
5,2025-11-01,10.712722778320312,50,8619.2138671875
6,2025-11-01,14.33221435546875,50,8619.2138671875
7,2025-11-01,66.3511962890625,50,8619.2138671875
8,2025-11-01,78.0074462890625,50,8619.2138671875
9,2025-11-01,53.4097900390625,50,8619.2138671875
10,2025-11-01,0.783203125,50,8619.2138671875
11,2025-11-01,-102.1719970703125,50,8619.2138671875
12,2025-11-01,-80.6246337890625,50,8619.2138671875
13,2025-11-01,-56.96337890625,50,8619.2138671875
14,2025-11-01,-24.0040283203125,50,8619.2138671875
15,2025-11-01,-94.5316162109375,50,8619.2138671875
16,2025-11-01,-32.51806640625,50,8619.2138671875
17,2025-11-01,-45.9443359375,50,8619.2138671875
18,2025-11-01,-24.8409423828125,50,8619.2138671875
19,2025-11-01,-87.17236328125,50,8619.2138671875
20,2025-11-01,-68.23846435546875,50,8619.2138671875
21,2025-11-01,-77.0836181640625,50,8619.2138671875
22,2025-11-01,-40.301483154296875,50,8619.2138671875
23,2025-11-01,-19.576568603515625,50,8619.2138671875
0,2025-11-02,3.8670806884765625,50,-376.45703125
1,2025-11-02,1.316218376159668,50,-376.45703125
2,2025-11-02,0.012263029813766479,50,-376.45703125
3,2025-11-02,0.011238709092140198,50,-376.45703125
4,2025-11-02,0.054444551467895508,50,-376.45703125
5,2025-11-02,1.2095603942871094,50,-376.45703125
6,2025-11-02,-22.229522705078125,50,-376.45703125
7,2025-11-02,-42.9443359375,50,-376.45703125
8,2025-11-02,-88.537109375,50,-376.45703125
9,2025-11-02,-106.022705078125,50,-376.45703125
10,2025-11-02,-144.8160400390625,50,-376.45703125
11,2025-11-02,-186.747314453125,50,-376.45703125
12,2025-11-02,-166.340576171875,50,-376.45703125
13,2025-11-02,-163.8997802734375,50,-376.45703125
14,2025-11-02,-87.61474609375,50,-376.45703125
15,2025-11-02,-150.7982177734375,50,-376.45703125
16,2025-11-02,-148.0958251953125,50,-376.45703125
17,2025-11-02,-196.5230712890625,50,-376.45703125
18,2025-11-02,-179.4365234375,50,-376.45703125
19,2025-11-02,-206.4752197265625,50,-376.45703125
20,2025-11-02,-103.97613525390625,50,-376.45703125
21,2025-11-02,-125.6158447265625,50,-376.45703125
22,2025-11-02,-35.954681396484375,50,-376.45703125
23,2025-11-02,-18.783096313476562,50,-376.45703125
0,2025-11-03,5.2579231262207031,50,14117.0390625
1,2025-11-03,1.1667249202728271,50,14117.0390625
2,2025-11-03,0.011267960071563721,50,14117.0390625
3,2025-11-03,0.0096892118453979492,50,14117.0390625
4,2025-11-03,2.2967159748077393,50,14117.0390625
5,2025-11-03,64.970703125,50,14117.0390625
6,2025-11-03,217.75346374511719,50,14117.0390625
7,2025-11-03,607.4508056640625,50,14117.0390625
8,2025-11-03,1623.84814453125,50,14117.0390625
9,2025-11-03,1484.6402587890625,50,14117.0390625
10,2025-11-03,900.284912109375,50,14117.0390625
11,2025-11-03,863.4053955078125,50,14117.0390625
12,2025-11-03,739.23394775390625,50,14117.0390625
13,2025-11-03,990.88397216796875,50,14117.0390625
14,2025-11-03,1040.373779296875,50,14117.0390625
15,2025-11-03,1039.766845703125,50,14117.0390625
16,2025-11-03,969.10882568359375,50,14117.0390625
17,2025-11-03,1340.4422607421875,50,14117.0390625
18,2025-11-03,1408.3057861328125,50,14117.0390625
19,2025-11-03,854.5517578125,50,14117.0390625
20,2025-11-03,712.63189697265625,50,14117.0390625
21,2025-11-03,451.07525634765625,50,14117.0390625
22,2025-11-03,179.85710144042969,50,14117.0390625
23,2025-11-03,116.10959625244141,50,14117.0390625
0,2025-11-04,22.686616897583008,50,13913.541015625
1,2025-11-04,0.68091535568237305,50,13913.541015625
2,2025-11-04,0.015153229236602783,50,13913.541015625
3,2025-11-04,0.011114582419395447,50,13913.541015625
4,2025-11-04,2.1751856803894043,50,13913.541015625
5,2025-11-04,69.582275390625,50,13913.541015625
6,2025-11-04,274.947509765625,50,13913.541015625
7,2025-11-04,662.03692626953125,50,13913.541015625
8,2025-11-04,1676.9095458984375,50,13913.541015625
9,2025-11-04,1450.5814208984375,50,13913.541015625
10,2025-11-04,980.3365478515625,50,13913.541015625
11,2025-11-04,850.9576416015625,50,13913.541015625
12,2025-11-04,847.21453857421875,50,13913.541015625
13,2025-11-04,985.18475341796875,50,13913.541015625
14,2025-11-04,1017.644287109375,50,13913.541015625
15,2025-11-04,1041.87255859375,50,13913.541015625
16,2025-11-04,843.2520751953125,50,13913.541015625
17,2025-11-04,1443.388916015625,50,13913.541015625
18,2025-11-04,1404.2799072265625,50,13913.541015625
19,2025-11-04,980.9715576171875,50,13913.541015625
20,2025-11-04,740.21405029296875,50,13913.541015625
21,2025-11-04,478.16656494140625,50,13913.541015625
22,2025-11-04,176.41204833984375,50,13913.541015625
23,2025-11-04,139.16340637207031,50,13913.541015625
0,2025-11-05,24.583166122436523,50,25619.021484375
1,2025-11-05,0.67511391639709473,50,25619.021484375
2,2025-11-05,0.013236105442047119,50,25619.021484375
3,2025-11-05,0.010243713855743408,50,25619.021484375
4,2025-11-05,2.6408786773681641,50,25619.021484375
5,2025-11-05,78.904876708984375,50,25619.021484375
6,2025-11-05,519.522705078125,50,25619.021484375
7,2025-11-05,1688.229736328125,50,25619.021484375
8,2025-11-05,2754.1591796875,50,25619.021484375
9,2025-11-05,2223.4189453125,50,25619.021484375
10,2025-11-05,1659.47412109375,50,25619.021484375
11,2025-11-05,1514.8828125,50,25619.021484375
12,2025-11-05,1486.245849609375,50,25619.021484375
13,2025-11-05,1487.29345703125,50,25619.021484375
14,2025-11-05,1447.882080078125,50,25619.021484375
15,2025-11-05,1627.561767578125,50,25619.021484375
16,2025-11-05,1748.154296875,50,25619.021484375
17,2025-11-05,2263.46728515625,50,25619.021484375
18,2025-11-05,2362.9736328125,50,25619.021484375
19,2025-11-05,1437.4541015625,50,25619.021484375
20,2025-11-05,911.634033203125,50,25619.021484375
21,2025-11-05,625.30975341796875,50,25619.021484375
22,2025-11-05,245.35890197753906,50,25619.021484375
23,2025-11-05,157.42362976074219,50,25619.021484375
0,2025-11-06,36.738243103027344,50,25958.708984375
1,2025-11-06,0.58998656272888184,50,25958.708984375
2,2025-11-06,0.010201483964920044,50,25958.708984375
3,2025-11-06,0.0082652121782302856,50,25958.708984375
4,2025-11-06,2.4727542400360107,50,25958.708984375
5,2025-11-06,79.086746215820312,50,25958.708984375
6,2025-11-06,509.30511474609375,50,25958.708984375
7,2025-11-06,1673.15771484375,50,25958.708984375
8,2025-11-06,2727.69921875,50,25958.708984375
9,2025-11-06,2189.12890625,50,25958.708984375
10,2025-11-06,1649.666259765625,50,25958.708984375
11,2025-11-06,1505.0277099609375,50,25958.708984375
12,2025-11-06,1460.098876953125,50,25958.708984375
13,2025-11-06,1478.09716796875,50,25958.708984375
14,2025-11-06,1431.5673828125,50,25958.708984375
15,2025-11-06,1588.929931640625,50,25958.708984375
16,2025-11-06,1745.5283203125,50,25958.708984375
17,2025-11-06,2247.90771484375,50,25958.708984375
18,2025-11-06,2373.54443359375,50,25958.708984375
19,2025-11-06,1395.467529296875,50,25958.708984375
20,2025-11-06,932.237060546875,50,25958.708984375
21,2025-11-06,661.97601318359375,50,25958.708984375
22,2025-11-06,252.66152954101562,50,25958.708984375
23,2025-11-06,158.40510559082031,50,25958.708984375
0,2025-11-07,35.061241149902344,50,25403.04296875
1,2025-11-07,0.59288263320922852,50,25403.04296875
2,2025-11-07,0.011661142110824585,50,25403.04296875
3,2025-11-07,0.0077302455902099609,50,25403.04296875
4,2025-11-07,2.5647373199462891,50,25403.04296875
5,2025-11-07,73.693107604980469,50,25403.04296875
6,2025-11-07,508.6466064453125,50,25403.04296875
7,2025-11-07,1664.436279296875,50,25403.04296875
8,2025-11-07,2724.14306640625,50,25403.04296875
9,2025-11-07,2179.380859375,50,25403.04296875
10,2025-11-07,1587.150146484375,50,25403.04296875
11,2025-11-07,1508.894775390625,50,25403.04296875
12,2025-11-07,1438.2666015625,50,25403.04296875
13,2025-11-07,1496.1968994140625,50,25403.04296875
14,2025-11-07,1438.5751953125,50,25403.04296875
15,2025-11-07,1624.0546875,50,25403.04296875
16,2025-11-07,2094.492431640625,50,25403.04296875
17,2025-11-07,2166.31640625,50,25403.04296875
18,2025-11-07,1795.425048828125,50,25403.04296875
19,2025-11-07,1236.8223876953125,50,25403.04296875
20,2025-11-07,880.56317138671875,50,25403.04296875
21,2025-11-07,574.447509765625,50,25403.04296875
22,2025-11-07,256.02056884765625,50,25403.04296875
23,2025-11-07,159.94728088378906,50,25403.04296875
0,2025-11-08,42.544818878173828,50,1122.646484375
1,2025-11-08,0.95013165473937988,50,1122.646484375
2,2025-11-08,0.010621488094329834,50,1122.646484375
3,2025-11-08,0.010952860116958618,50,1122.646484375
4,2025-11-08,0.027922153472900391,50,1122.646484375
5,2025-11-08,10.601028442382812,50,1122.646484375
6,2025-11-08,31.236328125,50,1122.646484375
7,2025-11-08,119.4345703125,50,1122.646484375
8,2025-11-08,188.1650390625,50,1122.646484375
9,2025-11-08,157.2237548828125,50,1122.646484375
10,2025-11-08,110.0966796875,50,1122.646484375
11,2025-11-08,-2.15185546875,50,1122.646484375
12,2025-11-08,30.163330078125,50,1122.646484375
13,2025-11-08,7.8546142578125,50,1122.646484375
14,2025-11-08,-9.751953125,50,1122.646484375
15,2025-11-08,-21.1260986328125,50,1122.646484375
16,2025-11-08,-28.044189453125,50,1122.646484375
17,2025-11-08,81.13232421875,50,1122.646484375
18,2025-11-08,99.6473388671875,50,1122.646484375
19,2025-11-08,-3.5902099609375,50,1122.646484375
20,2025-11-08,-14.550048828125,50,1122.646484375
21,2025-11-08,-34.38275146484375,50,1122.646484375
22,2025-11-08,-20.359405517578125,50,1122.646484375
23,2025-11-08,-8.93646240234375,50,1122.646484375
0,2025-11-09,3.9816780090332031,50,-238.3125
1,2025-11-09,0.86532974243164062,50,-238.3125
2,2025-11-09,0.0062845349311828613,50,-238.3125
3,2025-11-09,0.0018901079893112183,50,-238.3125
4,2025-11-09,-0.042600870132446289,50,-238.3125
5,2025-11-09,7.2366943359375,50,-238.3125
6,2025-11-09,13.77667236328125,50,-238.3125
7,2025-11-09,49.6519775390625,50,-238.3125
8,2025-11-09,91.7276611328125,50,-238.3125
9,2025-11-09,60.0159912109375,50,-238.3125
10,2025-11-09,40.3438720703125,50,-238.3125
11,2025-11-09,-27.598388671875,50,-238.3125
12,2025-11-09,-14.8773193359375,50,-238.3125
13,2025-11-09,-23.15966796875,50,-238.3125
14,2025-11-09,2.3839111328125,50,-238.3125
15,2025-11-09,-54.44873046875,50,-238.3125
16,2025-11-09,-5.9852294921875,50,-238.3125
17,2025-11-09,26.17138671875,50,-238.3125
18,2025-11-09,44.74365234375,50,-238.3125
19,2025-11-09,-23.754638671875,50,-238.3125
20,2025-11-09,-19.85595703125,50,-238.3125
21,2025-11-09,-18.5057373046875,50,-238.3125
22,2025-11-09,-19.736663818359375,50,-238.3125
23,2025-11-09,-10.4761962890625,50,-238.3125
0,2025-11-10,5.5382308959960938,50,26094.9140625
1,2025-11-10,0.6333920955657959,50,26094.9140625
2,2025-11-10,0.01054227352142334,50,26094.9140625
3,2025-11-10,0.0055734962224960327,50,26094.9140625
4,2025-11-10,2.730968713760376,50,26094.9140625
5,2025-11-10,76.826942443847656,50,26094.9140625
6,2025-11-10,512.892333984375,50,26094.9140625
7,2025-11-10,1683.41259765625,50,26094.9140625
8,2025-11-10,2768.24951171875,50,26094.9140625
9,2025-11-10,2229.583251953125,50,26094.9140625
10,2025-11-10,1648.60205078125,50,26094.9140625
11,2025-11-10,1504.114013671875,50,26094.9140625
12,2025-11-10,1450.2689208984375,50,26094.9140625
13,2025-11-10,1491.341796875,50,26094.9140625
14,2025-11-10,1446.1376953125,50,26094.9140625
15,2025-11-10,1617.0684814453125,50,26094.9140625
16,2025-11-10,1816.697509765625,50,26094.9140625
17,2025-11-10,2266.407958984375,50,26094.9140625
18,2025-11-10,2414.88623046875,50,26094.9140625
19,2025-11-10,1429.404052734375,50,26094.9140625
20,2025-11-10,929.91705322265625,50,26094.9140625
21,2025-11-10,628.63958740234375,50,26094.9140625
22,2025-11-10,236.06591796875,50,26094.9140625
23,2025-11-10,146.86433410644531,50,26094.9140625
0,2025-11-11,25.591384887695312,50,26321.728515625
1,2025-11-11,0.47976517677307129,50,26321.728515625
2,2025-11-11,0.0088156759738922119,50,26321.728515625
3,2025-11-11,0.0063187330961227417,50,26321.728515625
4,2025-11-11,2.6532068252563477,50,26321.728515625
5,2025-11-11,80.238990783691406,50,26321.728515625
6,2025-11-11,531.63348388671875,50,26321.728515625
7,2025-11-11,1698.6414794921875,50,26321.728515625
8,2025-11-11,2786.525390625,50,26321.728515625
9,2025-11-11,2233.84423828125,50,26321.728515625
10,2025-11-11,1671.22119140625,50,26321.728515625
11,2025-11-11,1512.3890380859375,50,26321.728515625
12,2025-11-11,1480.027587890625,50,26321.728515625
13,2025-11-11,1502.0487060546875,50,26321.728515625
14,2025-11-11,1454.8746337890625,50,26321.728515625
15,2025-11-11,1620.6253662109375,50,26321.728515625
16,2025-11-11,1794.056884765625,50,26321.728515625
17,2025-11-11,2310.498779296875,50,26321.728515625
18,2025-11-11,2433.662109375,50,26321.728515625
19,2025-11-11,1462.6500244140625,50,26321.728515625
20,2025-11-11,951.05841064453125,50,26321.728515625
21,2025-11-11,643.02960205078125,50,26321.728515625
22,2025-11-11,244.57034301757812,50,26321.728515625
23,2025-11-11,155.00009155273438,50,26321.728515625
0,2025-11-12,24.691673278808594,50,26036.162109375
1,2025-11-12,0.56104493141174316,50,26036.162109375
2,2025-11-12,0.011493712663650513,50,26036.162109375
3,2025-11-12,0.0059172362089157104,50,26036.162109375
4,2025-11-12,2.6840286254882812,50,26036.162109375
5,2025-11-12,80.85302734375,50,26036.162109375
6,2025-11-12,527.4600830078125,50,26036.162109375
7,2025-11-12,1703.410400390625,50,26036.162109375
8,2025-11-12,2790.863037109375,50,26036.162109375
9,2025-11-12,2238.47705078125,50,26036.162109375
10,2025-11-12,1674.47119140625,50,26036.162109375
11,2025-11-12,1518.9539794921875,50,26036.162109375
12,2025-11-12,1481.659912109375,50,26036.162109375
13,2025-11-12,1499.9891357421875,50,26036.162109375
14,2025-11-12,1449.16259765625,50,26036.162109375
15,2025-11-12,1577.0169677734375,50,26036.162109375
16,2025-11-12,1676.285888671875,50,26036.162109375
17,2025-11-12,2313.98193359375,50,26036.162109375
18,2025-11-12,2450.1298828125,50,26036.162109375
19,2025-11-12,1474.4649658203125,50,26036.162109375
20,2025-11-12,950.56719970703125,50,26036.162109375
21,2025-11-12,655.86016845703125,50,26036.162109375
22,2025-11-12,269.17538452148438,50,26036.162109375
23,2025-11-12,161.48709106445312,50,26036.162109375
0,2025-11-13,36.753421783447266,50,26089.78125
1,2025-11-13,0.59393668174743652,50,26089.78125
2,2025-11-13,0.010714679956436157,50,26089.78125
3,2025-11-13,0.0081992596387863159,50,26089.78125
4,2025-11-13,2.5646994113922119,50,26089.78125
5,2025-11-13,79.071014404296875,50,26089.78125
6,2025-11-13,517.57244873046875,50,26089.78125
7,2025-11-13,1680.7542724609375,50,26089.78125
8,2025-11-13,2740.200927734375,50,26089.78125
9,2025-11-13,2194.3642578125,50,26089.78125
10,2025-11-13,1645.6756591796875,50,26089.78125
11,2025-11-13,1498.302490234375,50,26089.78125
12,2025-11-13,1463.769287109375,50,26089.78125
13,2025-11-13,1478.748291015625,50,26089.78125
14,2025-11-13,1419.86572265625,50,26089.78125
15,2025-11-13,1596.3387451171875,50,26089.78125
16,2025-11-13,1670.254150390625,50,26089.78125
17,2025-11-13,2259.0068359375,50,26089.78125
18,2025-11-13,2397.124755859375,50,26089.78125
19,2025-11-13,1423.9805908203125,50,26089.78125
20,2025-11-13,971.955322265625,50,26089.78125
21,2025-11-13,667.0667724609375,50,26089.78125
22,2025-11-13,270.37445068359375,50,26089.78125
23,2025-11-13,163.75770568847656,50,26089.78125
0,2025-11-14,37.413242340087891,50,25750.56640625
1,2025-11-14,0.72181248664855957,50,25750.56640625
2,2025-11-14,0.01128685474395752,50,25750.56640625
3,2025-11-14,0.0084540992975234985,50,25750.56640625
4,2025-11-14,2.7032132148742676,50,25750.56640625
5,2025-11-14,74.856086730957031,50,25750.56640625
6,2025-11-14,517.34698486328125,50,25750.56640625
7,2025-11-14,1662.247314453125,50,25750.56640625
8,2025-11-14,2727.181396484375,50,25750.56640625
9,2025-11-14,2179.12744140625,50,25750.56640625
10,2025-11-14,1583.3001708984375,50,25750.56640625
11,2025-11-14,1497.2259521484375,50,25750.56640625
12,2025-11-14,1452.0458984375,50,25750.56640625
13,2025-11-14,1496.6322021484375,50,25750.56640625
14,2025-11-14,1438.613525390625,50,25750.56640625
15,2025-11-14,1649.686279296875,50,25750.56640625
16,2025-11-14,2063.911865234375,50,25750.56640625
17,2025-11-14,2181.025146484375,50,25750.56640625
18,2025-11-14,1827.1507568359375,50,25750.56640625
19,2025-11-14,1279.709716796875,50,25750.56640625
20,2025-11-14,919.00628662109375,50,25750.56640625
21,2025-11-14,583.8167724609375,50,25750.56640625
22,2025-11-14,267.63302612304688,50,25750.56640625
23,2025-11-14,163.41941833496094,50,25750.56640625
0,2025-11-15,44.016925811767578,50,1324.05078125
1,2025-11-15,0.98158574104309082,50,1324.05078125
2,2025-11-15,0.0073401331901550293,50,1324.05078125
3,2025-11-15,0.0063137263059616089,50,1324.05078125
4,2025-11-15,0.058317184448242188,50,1324.05078125
5,2025-11-15,10.955787658691406,50,1324.05078125
6,2025-11-15,41.7200927734375,50,1324.05078125
7,2025-11-15,146.518310546875,50,1324.05078125
8,2025-11-15,220.221435546875,50,1324.05078125
9,2025-11-15,179.413330078125,50,1324.05078125
10,2025-11-15,129.288330078125,50,1324.05078125
11,2025-11-15,60.1234130859375,50,1324.05078125
12,2025-11-15,91.4215087890625,50,1324.05078125
13,2025-11-15,95.7454833984375,50,1324.05078125
14,2025-11-15,100.7720947265625,50,1324.05078125
15,2025-11-15,43.8203125,50,1324.05078125
16,2025-11-15,97.41748046875,50,1324.05078125
17,2025-11-15,107.977294921875,50,1324.05078125
18,2025-11-15,124.3138427734375,50,1324.05078125
19,2025-11-15,39.9183349609375,50,1324.05078125
20,2025-11-15,18.13604736328125,50,1324.05078125
21,2025-11-15,-8.552978515625,50,1324.05078125
22,2025-11-15,-10.403045654296875,50,1324.05078125
23,2025-11-15,-10.517364501953125,50,1324.05078125
0,2025-11-16,3.2826385498046875,50,451.447265625
1,2025-11-16,1.0379149913787842,50,451.447265625
2,2025-11-16,0.0067681968212127686,50,451.447265625
3,2025-11-16,0.0068058967590332031,50,451.447265625
4,2025-11-16,0.04833531379699707,50,451.447265625
5,2025-11-16,6.4589309692382812,50,451.447265625
6,2025-11-16,15.539764404296875,50,451.447265625
7,2025-11-16,54.556884765625,50,451.447265625
8,2025-11-16,80.006103515625,50,451.447265625
9,2025-11-16,40.2359619140625,50,451.447265625
10,2025-11-16,24.0267333984375,50,451.447265625
11,2025-11-16,-0.1756591796875,50,451.447265625
12,2025-11-16,35.6748046875,50,451.447265625
13,2025-11-16,22.9176025390625,50,451.447265625
14,2025-11-16,28.7039794921875,50,451.447265625
15,2025-11-16,-25.3250732421875,50,451.447265625
16,2025-11-16,9.76611328125,50,451.447265625
17,2025-11-16,33.4749755859375,50,451.447265625
18,2025-11-16,38.8682861328125,50,451.447265625
19,2025-11-16,-39.967529296875,50,451.447265625
20,2025-11-16,-16.572509765625,50,451.447265625
21,2025-11-16,-34.42437744140625,50,451.447265625
22,2025-11-16,-15.237823486328125,50,451.447265625
23,2025-11-16,-14.172897338867188,50,451.447265625
0,2025-11-17,6.0753936767578125,50,26147.59375
1,2025-11-17,0.59465837478637695,50,26147.59375
2,2025-11-17,0.0071977674961090088,50,26147.59375
3,2025-11-17,0.0039088129997253418,50,26147.59375
4,2025-11-17,2.6652629375457764,50,26147.59375
5,2025-11-17,76.686782836914062,50,26147.59375
6,2025-11-17,531.9923095703125,50,26147.59375
7,2025-11-17,1736.1563720703125,50,26147.59375
8,2025-11-17,2815.458984375,50,26147.59375
9,2025-11-17,2261.453369140625,50,26147.59375
10,2025-11-17,1678.113525390625,50,26147.59375
11,2025-11-17,1504.548095703125,50,26147.59375
12,2025-11-17,1439.2861328125,50,26147.59375
13,2025-11-17,1496.1602783203125,50,26147.59375
14,2025-11-17,1427.8017578125,50,26147.59375
15,2025-11-17,1613.25634765625,50,26147.59375
16,2025-11-17,1751.86474609375,50,26147.59375
17,2025-11-17,2289.94482421875,50,26147.59375
18,2025-11-17,2480.866455078125,50,26147.59375
19,2025-11-17,1460.253662109375,50,26147.59375
20,2025-11-17,963.383056640625,50,26147.59375
21,2025-11-17,624.5419921875,50,26147.59375
22,2025-11-17,248.04168701171875,50,26147.59375
23,2025-11-17,149.66165161132812,50,26147.59375
0,2025-11-18,25.920619964599609,50,26438.11328125
1,2025-11-18,0.46212244033813477,50,26438.11328125
2,2025-11-18,0.011823087930679321,50,26438.11328125
3,2025-11-18,0.0072299540042877197,50,26438.11328125
4,2025-11-18,2.721149206161499,50,26438.11328125
5,2025-11-18,81.072494506835938,50,26438.11328125
6,2025-11-18,539.39825439453125,50,26438.11328125
7,2025-11-18,1749.45068359375,50,26438.11328125
8,2025-11-18,2820.993408203125,50,26438.11328125
9,2025-11-18,2263.7333984375,50,26438.11328125
10,2025-11-18,1690.1622314453125,50,26438.11328125
11,2025-11-18,1519.7109375,50,26438.11328125
12,2025-11-18,1476.910888671875,50,26438.11328125
13,2025-11-18,1501.7763671875,50,26438.11328125
14,2025-11-18,1440.541015625,50,26438.11328125
15,2025-11-18,1635.6689453125,50,26438.11328125
16,2025-11-18,1766.52783203125,50,26438.11328125
17,2025-11-18,2321.085693359375,50,26438.11328125
18,2025-11-18,2478.12890625,50,26438.11328125
19,2025-11-18,1494.70751953125,50,26438.11328125
20,2025-11-18,979.56622314453125,50,26438.11328125
21,2025-11-18,644.96881103515625,50,26438.11328125
22,2025-11-18,254.74385070800781,50,26438.11328125
23,2025-11-18,158.56631469726562,50,26438.11328125
0,2025-11-19,28.437150955200195,50,26130.390625
1,2025-11-19,0.49839496612548828,50,26130.390625
2,2025-11-19,0.012212246656417847,50,26130.390625
3,2025-11-19,0.010317400097846985,50,26130.390625
4,2025-11-19,2.8521437644958496,50,26130.390625
5,2025-11-19,80.396492004394531,50,26130.390625
6,2025-11-19,527.21746826171875,50,26130.390625
7,2025-11-19,1733.9366455078125,50,26130.390625
8,2025-11-19,2788.9365234375,50,26130.390625
9,2025-11-19,2236.15283203125,50,26130.390625
10,2025-11-19,1679.406982421875,50,26130.390625
11,2025-11-19,1533.958740234375,50,26130.390625
12,2025-11-19,1499.019775390625,50,26130.390625
13,2025-11-19,1510.4886474609375,50,26130.390625
14,2025-11-19,1460.128662109375,50,26130.390625
15,2025-11-19,1641.841796875,50,26130.390625
16,2025-11-19,1795.68115234375,50,26130.390625
17,2025-11-19,2300.128173828125,50,26130.390625
18,2025-11-19,2458.99755859375,50,26130.390625
19,2025-11-19,1482.6541748046875,50,26130.390625
20,2025-11-19,974.3994140625,50,26130.390625
21,2025-11-19,648.9024658203125,50,26130.390625
22,2025-11-19,268.37045288085938,50,26130.390625
23,2025-11-19,164.05281066894531,50,26130.390625
0,2025-11-20,37.060440063476562,50,26038.16015625
1,2025-11-20,0.48864173889160156,50,26038.16015625
2,2025-11-20,0.016630411148071289,50,26038.16015625
3,2025-11-20,0.01454007625579834,50,26038.16015625
4,2025-11-20,2.62302565574646,50,26038.16015625
5,2025-11-20,79.483879089355469,50,26038.16015625
6,2025-11-20,524.99700927734375,50,26038.16015625
7,2025-11-20,1723.2177734375,50,26038.16015625
8,2025-11-20,2772.037109375,50,26038.16015625
9,2025-11-20,2203.4052734375,50,26038.16015625
10,2025-11-20,1662.5711669921875,50,26038.16015625
11,2025-11-20,1516.341064453125,50,26038.16015625
12,2025-11-20,1478.7965087890625,50,26038.16015625
13,2025-11-20,1495.751220703125,50,26038.16015625
14,2025-11-20,1446.1160888671875,50,26038.16015625
15,2025-11-20,1611.3424072265625,50,26038.16015625
16,2025-11-20,1727.3583984375,50,26038.16015625
17,2025-11-20,2255.69921875,50,26038.16015625
18,2025-11-20,2419.76513671875,50,26038.16015625
19,2025-11-20,1428.857421875,50,26038.16015625
20,2025-11-20,971.44891357421875,50,26038.16015625
21,2025-11-20,675.217041015625,50,26038.16015625
22,2025-11-20,266.11801147460938,50,26038.16015625
23,2025-11-20,165.99896240234375,50,26038.16015625
0,2025-11-21,39.173370361328125,50,25467.5703125
1,2025-11-21,0.5880122184753418,50,25467.5703125
2,2025-11-21,0.016631484031677246,50,25467.5703125
3,2025-11-21,0.014671236276626587,50,25467.5703125
4,2025-11-21,2.7923500537872314,50,25467.5703125
5,2025-11-21,73.836380004882812,50,25467.5703125
6,2025-11-21,513.63836669921875,50,25467.5703125
7,2025-11-21,1657.653564453125,50,25467.5703125
8,2025-11-21,2701.85400390625,50,25467.5703125
9,2025-11-21,2131.69482421875,50,25467.5703125
10,2025-11-21,1566.833984375,50,25467.5703125
11,2025-11-21,1486.6546630859375,50,25467.5703125
12,2025-11-21,1439.990234375,50,25467.5703125
13,2025-11-21,1475.1602783203125,50,25467.5703125
14,2025-11-21,1422.191162109375,50,25467.5703125
15,2025-11-21,1610.9044189453125,50,25467.5703125
16,2025-11-21,2015.4512939453125,50,25467.5703125
17,2025-11-21,2113.997802734375,50,25467.5703125
18,2025-11-21,1742.7801513671875,50,25467.5703125
19,2025-11-21,1242.2406005859375,50,25467.5703125
20,2025-11-21,862.62530517578125,50,25467.5703125
21,2025-11-21,573.8724365234375,50,25467.5703125
22,2025-11-21,253.89724731445312,50,25467.5703125
23,2025-11-21,165.68681335449219,50,25467.5703125
0,2025-11-22,44.079727172851562,50,3496.078125
1,2025-11-22,0.96214818954467773,50,3496.078125
2,2025-11-22,0.012797653675079346,50,3496.078125
3,2025-11-22,0.0099311172962188721,50,3496.078125
4,2025-11-22,0.10963928699493408,50,3496.078125
5,2025-11-22,13.256660461425781,50,3496.078125
6,2025-11-22,49.5908203125,50,3496.078125
7,2025-11-22,166.153076171875,50,3496.078125
8,2025-11-22,242.7186279296875,50,3496.078125
9,2025-11-22,222.56201171875,50,3496.078125
10,2025-11-22,152.7322998046875,50,3496.078125
11,2025-11-22,94.93017578125,50,3496.078125
12,2025-11-22,107.78118896484375,50,3496.078125
13,2025-11-22,132.1224365234375,50,3496.078125
14,2025-11-22,127.97357177734375,50,3496.078125
15,2025-11-22,116.8289794921875,50,3496.078125
16,2025-11-22,129.5244140625,50,3496.078125
17,2025-11-22,213.4892578125,50,3496.078125
18,2025-11-22,173.3209228515625,50,3496.078125
19,2025-11-22,100.3814697265625,50,3496.078125
20,2025-11-22,72.36541748046875,50,3496.078125
21,2025-11-22,30.188201904296875,50,3496.078125
22,2025-11-22,7.3043212890625,50,3496.078125
23,2025-11-22,4.734832763671875,50,3496.078125
0,2025-11-23,4.9478797912597656,50,2279.21484375
1,2025-11-23,0.7599952220916748,50,2279.21484375
2,2025-11-23,0.014685660600662231,50,2279.21484375
3,2025-11-23,0.01253858208656311,50,2279.21484375
4,2025-11-23,0.12051951885223389,50,2279.21484375
5,2025-11-23,6.97802734375,50,2279.21484375
6,2025-11-23,22.3892822265625,50,2279.21484375
7,2025-11-23,72.7568359375,50,2279.21484375
8,2025-11-23,116.391357421875,50,2279.21484375
9,2025-11-23,98.422119140625,50,2279.21484375
10,2025-11-23,34.7706298828125,50,2279.21484375
11,2025-11-23,-16.2095947265625,50,2279.21484375
12,2025-11-23,-1.5482177734375,50,2279.21484375
13,2025-11-23,32.56689453125,50,2279.21484375
14,2025-11-23,56.1385498046875,50,2279.21484375
15,2025-11-23,38.0225830078125,50,2279.21484375
16,2025-11-23,50.478515625,50,2279.21484375
17,2025-11-23,123.1068115234375,50,2279.21484375
18,2025-11-23,124.660400390625,50,2279.21484375
19,2025-11-23,25.521484375,50,2279.21484375
20,2025-11-23,37.639892578125,50,2279.21484375
21,2025-11-23,6.32244873046875,50,2279.21484375
22,2025-11-23,-1.68634033203125,50,2279.21484375
23,2025-11-23,-3.5588226318359375,50,2279.21484375
0,2025-11-24,5.0691108703613281,50,25982.58984375
1,2025-11-24,0.58568239212036133,50,25982.58984375
2,2025-11-24,0.014169842004776001,50,25982.58984375
3,2025-11-24,0.013713240623474121,50,25982.58984375
4,2025-11-24,2.8280057907104492,50,25982.58984375
5,2025-11-24,76.97662353515625,50,25982.58984375
6,2025-11-24,523.44244384765625,50,25982.58984375
7,2025-11-24,1711.59619140625,50,25982.58984375
8,2025-11-24,2764.974853515625,50,25982.58984375
9,2025-11-24,2224.7705078125,50,25982.58984375
10,2025-11-24,1649.4603271484375,50,25982.58984375
11,2025-11-24,1487.82080078125,50,25982.58984375
12,2025-11-24,1410.17138671875,50,25982.58984375
13,2025-11-24,1482.2591552734375,50,25982.58984375
14,2025-11-24,1419.549560546875,50,25982.58984375
15,2025-11-24,1594.4505615234375,50,25982.58984375
16,2025-11-24,1719.177734375,50,25982.58984375
17,2025-11-24,2244.287109375,50,25982.58984375
18,2025-11-24,2408.685546875,50,25982.58984375
19,2025-11-24,1394.569580078125,50,25982.58984375
20,2025-11-24,939.7047119140625,50,25982.58984375
21,2025-11-24,614.11083984375,50,25982.58984375
22,2025-11-24,232.32685852050781,50,25982.58984375
23,2025-11-24,148.4215087890625,50,25982.58984375
0,2025-11-25,26.165412902832031,50,26247.619140625
1,2025-11-25,0.39718985557556152,50,26247.619140625
2,2025-11-25,0.012814760208129883,50,26247.619140625
3,2025-11-25,0.0090728700160980225,50,26247.619140625
4,2025-11-25,2.7667732238769531,50,26247.619140625
5,2025-11-25,80.625770568847656,50,26247.619140625
6,2025-11-25,535.02984619140625,50,26247.619140625
7,2025-11-25,1731.64404296875,50,26247.619140625
8,2025-11-25,2790.916259765625,50,26247.619140625
9,2025-11-25,2241.60693359375,50,26247.619140625
10,2025-11-25,1677.673828125,50,26247.619140625
11,2025-11-25,1505.7205810546875,50,26247.619140625
12,2025-11-25,1468.577880859375,50,26247.619140625
13,2025-11-25,1486.896728515625,50,26247.619140625
14,2025-11-25,1436.0869140625,50,26247.619140625
15,2025-11-25,1621.5029296875,50,26247.619140625
16,2025-11-25,1765.370361328125,50,26247.619140625
17,2025-11-25,2293.116943359375,50,26247.619140625
18,2025-11-25,2434.588134765625,50,26247.619140625
19,2025-11-25,1470.49267578125,50,26247.619140625
20,2025-11-25,978.87945556640625,50,26247.619140625
21,2025-11-25,636.0469970703125,50,26247.619140625
22,2025-11-25,247.05586242675781,50,26247.619140625
23,2025-11-25,158.91168212890625,50,26247.619140625
0,2025-11-26,27.021780014038086,50,26085.4140625
1,2025-11-26,0.60334944725036621,50,26085.4140625
2,2025-11-26,0.014121502637863159,50,26085.4140625
3,2025-11-26,0.010813355445861816,50,26085.4140625
4,2025-11-26,2.8313033580780029,50,26085.4140625
5,2025-11-26,80.726852416992188,50,26085.4140625
6,2025-11-26,531.75164794921875,50,26085.4140625
7,2025-11-26,1730.238037109375,50,26085.4140625
8,2025-11-26,2774.63330078125,50,26085.4140625
9,2025-11-26,2224.369384765625,50,26085.4140625
10,2025-11-26,1673.901123046875,50,26085.4140625
11,2025-11-26,1527.881591796875,50,26085.4140625
12,2025-11-26,1501.41455078125,50,26085.4140625
13,2025-11-26,1494.15576171875,50,26085.4140625
14,2025-11-26,1455.39599609375,50,26085.4140625
15,2025-11-26,1612.5260009765625,50,26085.4140625
16,2025-11-26,1785.739013671875,50,26085.4140625
17,2025-11-26,2283.888671875,50,26085.4140625
18,2025-11-26,2431.542236328125,50,26085.4140625
19,2025-11-26,1479.968994140625,50,26085.4140625
20,2025-11-26,975.41619873046875,50,26085.4140625
21,2025-11-26,652.07403564453125,50,26085.4140625
22,2025-11-26,263.05673217773438,50,26085.4140625
23,2025-11-26,162.1610107421875,50,26085.4140625
0,2025-11-27,35.677249908447266,50,26015.90625
1,2025-11-27,0.513153076171875,50,26015.90625
2,2025-11-27,0.013232707977294922,50,26015.90625
3,2025-11-27,0.0099591314792633057,50,26015.90625
4,2025-11-27,2.6839966773986816,50,26015.90625
5,2025-11-27,79.51934814453125,50,26015.90625
6,2025-11-27,523.3751220703125,50,26015.90625
7,2025-11-27,1719.9793701171875,50,26015.90625
8,2025-11-27,2745.74560546875,50,26015.90625
9,2025-11-27,2185.407470703125,50,26015.90625
10,2025-11-27,1657.931396484375,50,26015.90625
11,2025-11-27,1504.898193359375,50,26015.90625
12,2025-11-27,1456.6483154296875,50,26015.90625
13,2025-11-27,1480.2723388671875,50,26015.90625
14,2025-11-27,1431.0599365234375,50,26015.90625
15,2025-11-27,1594.7977294921875,50,26015.90625
16,2025-11-27,1678.7850341796875,50,26015.90625
17,2025-11-27,2251.232666015625,50,26015.90625
18,2025-11-27,2390.313720703125,50,26015.90625
19,2025-11-27,1413.7115478515625,50,26015.90625
20,2025-11-27,967.20263671875,50,26015.90625
21,2025-11-27,664.4730224609375,50,26015.90625
22,2025-11-27,263.802734375,50,26015.90625
23,2025-11-27,165.84706115722656,50,26015.90625
0,2025-11-28,39.090003967285156,50,25395.896484375
1,2025-11-28,0.62629127502441406,50,25395.896484375
2,2025-11-28,0.015285968780517578,50,25395.896484375
3,2025-11-28,0.011029601097106934,50,25395.896484375
4,2025-11-28,2.7365517616271973,50,25395.896484375
5,2025-11-28,73.505531311035156,50,25395.896484375
6,2025-11-28,512.3714599609375,50,25395.896484375
7,2025-11-28,1656.25244140625,50,25395.896484375
8,2025-11-28,2681.752197265625,50,25395.896484375
9,2025-11-28,2122.1064453125,50,25395.896484375
10,2025-11-28,1527.6737060546875,50,25395.896484375
11,2025-11-28,1466.5400390625,50,25395.896484375
12,2025-11-28,1413.20361328125,50,25395.896484375
13,2025-11-28,1455.99365234375,50,25395.896484375
14,2025-11-28,1399.765380859375,50,25395.896484375
15,2025-11-28,1605.697998046875,50,25395.896484375
16,2025-11-28,2014.15478515625,50,25395.896484375
17,2025-11-28,2065.4677734375,50,25395.896484375
18,2025-11-28,1668.6318359375,50,25395.896484375
19,2025-11-28,1229.4267578125,50,25395.896484375
20,2025-11-28,851.3775634765625,50,25395.896484375
21,2025-11-28,562.00836181640625,50,25395.896484375
22,2025-11-28,253.64483642578125,50,25395.896484375
23,2025-11-28,166.93597412109375,50,25395.896484375
0,2025-11-29,46.084915161132812,50,3156.9765625
1,2025-11-29,1.0233287811279297,50,3156.9765625
2,2025-11-29,0.015056103467941284,50,3156.9765625
3,2025-11-29,0.013139009475708008,50,3156.9765625
4,2025-11-29,0.12030208110809326,50,3156.9765625
5,2025-11-29,12.404548645019531,50,3156.9765625
6,2025-11-29,52.091400146484375,50,3156.9765625
7,2025-11-29,174.56591796875,50,3156.9765625
8,2025-11-29,254.576416015625,50,3156.9765625
9,2025-11-29,238.0677490234375,50,3156.9765625
10,2025-11-29,164.3131103515625,50,3156.9765625
11,2025-11-29,78.7962646484375,50,3156.9765625
12,2025-11-29,91.420166015625,50,3156.9765625
13,2025-11-29,97.6097412109375,50,3156.9765625
14,2025-11-29,93.53955078125,50,3156.9765625
15,2025-11-29,97.469970703125,50,3156.9765625
16,2025-11-29,88.355712890625,50,3156.9765625
17,2025-11-29,190.0419921875,50,3156.9765625
18,2025-11-29,153.720703125,50,3156.9765625
19,2025-11-29,78.1690673828125,50,3156.9765625
20,2025-11-29,68.16802978515625,50,3156.9765625
21,2025-11-29,22.04638671875,50,3156.9765625
22,2025-11-29,-0.19866943359375,50,3156.9765625
23,2025-11-29,0.5083465576171875,50,3156.9765625
0,2025-11-30,5.1516227722167969,50,2193.818359375
1,2025-11-30,0.83208084106445312,50,2193.818359375
2,2025-11-30,0.013924598693847656,50,2193.818359375
3,2025-11-30,0.0099563300609588623,50,2193.818359375
4,2025-11-30,0.12663149833679199,50,2193.818359375
5,2025-11-30,6.7159957885742188,50,2193.818359375
6,2025-11-30,38.153106689453125,50,2193.818359375
7,2025-11-30,103.303466796875,50,2193.818359375
8,2025-11-30,146.145263671875,50,2193.818359375
9,2025-11-30,131.246337890625,50,2193.818359375
10,2025-11-30,68.5679931640625,50,2193.818359375
11,2025-11-30,41.352294921875,50,2193.818359375
12,2025-11-30,52.2220458984375,50,2193.818359375
13,2025-11-30,70.8934326171875,50,2193.818359375
14,2025-11-30,98.96173095703125,50,2193.818359375
15,2025-11-30,91.2420654296875,50,2193.818359375
16,2025-11-30,127.1396484375,50,2193.818359375
17,2025-11-30,150.5543212890625,50,2193.818359375
18,2025-11-30,141.4317626953125,50,2193.818359375
19,2025-11-30,44.2108154296875,50,2193.818359375
20,2025-11-30,59.7874755859375,50,2193.818359375
21,2025-11-30,34.05548095703125,50,2193.818359375
22,2025-11-30,-1.51080322265625,50,2193.818359375
23,2025-11-30,0.5092010498046875,50,2193.818359375
0,2025-12-01,5.7240791320800781,50,26121.34375
1,2025-12-01,0.57711672782897949,50,26121.34375
2,2025-12-01,0.010848164558410645,50,26121.34375
3,2025-12-01,0.0073044002056121826,50,26121.34375
4,2025-12-01,2.7634694576263428,50,26121.34375
5,2025-12-01,74.477676391601562,50,26121.34375
6,2025-12-01,524.587158203125,50,26121.34375
7,2025-12-01,1713.6829833984375,50,26121.34375
8,2025-12-01,2772.73779296875,50,26121.34375
9,2025-12-01,2244.793701171875,50,26121.34375
10,2025-12-01,1646.8695068359375,50,26121.34375
11,2025-12-01,1475.948486328125,50,26121.34375
12,2025-12-01,1399.752197265625,50,26121.34375
13,2025-12-01,1462.15087890625,50,26121.34375
14,2025-12-01,1411.7926025390625,50,26121.34375
15,2025-12-01,1597.74267578125,50,26121.34375
16,2025-12-01,1695.849365234375,50,26121.34375
17,2025-12-01,2235.184814453125,50,26121.34375
18,2025-12-01,2398.9033203125,50,26121.34375
19,2025-12-01,1424.3260498046875,50,26121.34375
20,2025-12-01,952.12054443359375,50,26121.34375
21,2025-12-01,605.4197998046875,50,26121.34375
22,2025-12-01,224.35737609863281,50,26121.34375
23,2025-12-01,138.41737365722656,50,26121.34375
0,2025-12-02,29.516773223876953,50,26285.67578125
1,2025-12-02,0.44106221199035645,50,26285.67578125
2,2025-12-02,0.0091714859008789062,50,26285.67578125
3,2025-12-02,0.0078330636024475098,50,26285.67578125
4,2025-12-02,2.6610732078552246,50,26285.67578125
5,2025-12-02,78.27239990234375,50,26285.67578125
6,2025-12-02,534.5325927734375,50,26285.67578125
7,2025-12-02,1718.3360595703125,50,26285.67578125
8,2025-12-02,2774.667724609375,50,26285.67578125
9,2025-12-02,2230.18115234375,50,26285.67578125
10,2025-12-02,1660.0631103515625,50,26285.67578125
11,2025-12-02,1492.2430419921875,50,26285.67578125
12,2025-12-02,1446.127197265625,50,26285.67578125
13,2025-12-02,1461.49853515625,50,26285.67578125
14,2025-12-02,1416.2593994140625,50,26285.67578125
15,2025-12-02,1611.1669921875,50,26285.67578125
16,2025-12-02,1725.18408203125,50,26285.67578125
17,2025-12-02,2275.760498046875,50,26285.67578125
18,2025-12-02,2426.59912109375,50,26285.67578125
19,2025-12-02,1458.836181640625,50,26285.67578125
20,2025-12-02,970.312744140625,50,26285.67578125
21,2025-12-02,619.338623046875,50,26285.67578125
22,2025-12-02,243.81410217285156,50,26285.67578125
23,2025-12-02,154.29396057128906,50,26285.67578125
0,2025-12-03,24.991165161132812,50,25842.06640625
1,2025-12-03,0.64586162567138672,50,25842.06640625
2,2025-12-03,0.010000795125961304,50,25842.06640625
3,2025-12-03,0.0099690258502960205,50,25842.06640625
4,2025-12-03,2.7938301563262939,50,25842.06640625
5,2025-12-03,75.402839660644531,50,25842.06640625
6,2025-12-03,520.096435546875,50,25842.06640625
7,2025-12-03,1703.07177734375,50,25842.06640625
8,2025-12-03,2727.14404296875,50,25842.06640625
9,2025-12-03,2203.329833984375,50,25842.06640625
10,2025-12-03,1643.804443359375,50,25842.06640625
11,2025-12-03,1511.0806884765625,50,25842.06640625
12,2025-12-03,1467.7784423828125,50,25842.06640625
13,2025-12-03,1456.502685546875,50,25842.06640625
14,2025-12-03,1431.07421875,50,25842.06640625
15,2025-12-03,1596.4366455078125,50,25842.06640625
16,2025-12-03,1703.3572998046875,50,25842.06640625
17,2025-12-03,2228.468017578125,50,25842.06640625
18,2025-12-03,2410.45849609375,50,25842.06640625
19,2025-12-03,1461.3123779296875,50,25842.06640625
20,2025-12-03,936.11590576171875,50,25842.06640625
21,2025-12-03,622.97869873046875,50,25842.06640625
22,2025-12-03,249.25834655761719,50,25842.06640625
23,2025-12-03,154.0025634765625,50,25842.06640625
0,2025-12-04,37.267417907714844,50,26011.40234375
1,2025-12-04,0.7194216251373291,50,26011.40234375
2,2025-12-04,0.014047235250473022,50,26011.40234375
3,2025-12-04,0.011672034859657288,50,26011.40234375
4,2025-12-04,2.6986794471740723,50,26011.40234375
5,2025-12-04,74.715904235839844,50,26011.40234375
6,2025-12-04,517.831298828125,50,26011.40234375
7,2025-12-04,1697.77880859375,50,26011.40234375
8,2025-12-04,2706.3486328125,50,26011.40234375
9,2025-12-04,2185.68212890625,50,26011.40234375
10,2025-12-04,1638.485595703125,50,26011.40234375
11,2025-12-04,1513.5689697265625,50,26011.40234375
12,2025-12-04,1470.523193359375,50,26011.40234375
13,2025-12-04,1449.83740234375,50,26011.40234375
14,2025-12-04,1418.4287109375,50,26011.40234375
15,2025-12-04,1585.26220703125,50,26011.40234375
16,2025-12-04,1693.999267578125,50,26011.40234375
17,2025-12-04,2197.728759765625,50,26011.40234375
18,2025-12-04,2376.39453125,50,26011.40234375
19,2025-12-04,1421.513427734375,50,26011.40234375
20,2025-12-04,940.429443359375,50,26011.40234375
21,2025-12-04,639.686767578125,50,26011.40234375
22,2025-12-04,254.85427856445312,50,26011.40234375
23,2025-12-04,161.26002502441406,50,26011.40234375
0,2025-12-05,37.809867858886719,50,25678.380859375
1,2025-12-05,0.86461710929870605,50,25678.380859375
2,2025-12-05,0.015066474676132202,50,25678.380859375
3,2025-12-05,0.012229070067405701,50,25678.380859375
4,2025-12-05,2.7591080665588379,50,25678.380859375
5,2025-12-05,70.223304748535156,50,25678.380859375
6,2025-12-05,507.8072509765625,50,25678.380859375
7,2025-12-05,1654.60546875,50,25678.380859375
8,2025-12-05,2670.9736328125,50,25678.380859375
9,2025-12-05,2130.4912109375,50,25678.380859375
10,2025-12-05,1562.579833984375,50,25678.380859375
11,2025-12-05,1493.4349365234375,50,25678.380859375
12,2025-12-05,1468.513916015625,50,25678.380859375
13,2025-12-05,1456.8590087890625,50,25678.380859375
14,2025-12-05,1424.5963134765625,50,25678.380859375
15,2025-12-05,1640.030029296875,50,25678.380859375
16,2025-12-05,2002.391845703125,50,25678.380859375
17,2025-12-05,2108.438232421875,50,25678.380859375
18,2025-12-05,1712.1668701171875,50,25678.380859375
19,2025-12-05,1214.3870849609375,50,25678.380859375
20,2025-12-05,838.7371826171875,50,25678.380859375
21,2025-12-05,575.386474609375,50,25678.380859375
22,2025-12-05,256.65814208984375,50,25678.380859375
23,2025-12-05,164.49627685546875,50,25678.380859375
0,2025-12-06,48.429550170898438,50,5648.265625
1,2025-12-06,1.1128919124603271,50,5648.265625
2,2025-12-06,0.018663227558135986,50,5648.265625
3,2025-12-06,0.014543399214744568,50,5648.265625
4,2025-12-06,0.38448131084442139,50,5648.265625
5,2025-12-06,21.399551391601562,50,5648.265625
6,2025-12-06,107.04364013671875,50,5648.265625
7,2025-12-06,308.40936279296875,50,5648.265625
8,2025-12-06,428.8717041015625,50,5648.265625
9,2025-12-06,447.4180908203125,50,5648.265625
10,2025-12-06,394.6070556640625,50,5648.265625
11,2025-12-06,505.11480712890625,50,5648.265625
12,2025-12-06,580.35284423828125,50,5648.265625
13,2025-12-06,592.4244384765625,50,5648.265625
14,2025-12-06,585.3026123046875,50,5648.265625
15,2025-12-06,520.803955078125,50,5648.265625
16,2025-12-06,594.1612548828125,50,5648.265625
17,2025-12-06,586.9224853515625,50,5648.265625
18,2025-12-06,477.829345703125,50,5648.265625
19,2025-12-06,414.717041015625,50,5648.265625
20,2025-12-06,349.11990356445312,50,5648.265625
21,2025-12-06,285.31536865234375,50,5648.265625
22,2025-12-06,126.95137023925781,50,5648.265625
23,2025-12-06,70.574714660644531,50,5648.265625
0,2025-12-07,10.563140869140625,50,4295.794921875
1,2025-12-07,1.0212674140930176,50,4295.794921875
2,2025-12-07,0.018622219562530518,50,4295.794921875
3,2025-12-07,0.016761645674705505,50,4295.794921875
4,2025-12-07,0.27289628982543945,50,4295.794921875
5,2025-12-07,13.174121856689453,50,4295.794921875
6,2025-12-07,71.610015869140625,50,4295.794921875
7,2025-12-07,175.4156494140625,50,4295.794921875
8,2025-12-07,244.577880859375,50,4295.794921875
9,2025-12-07,278.826416015625,50,4295.794921875
10,2025-12-07,252.52630615234375,50,4295.794921875
11,2025-12-07,337.84051513671875,50,4295.794921875
12,2025-12-07,412.541015625,50,4295.794921875
13,2025-12-07,429.5458984375,50,4295.794921875
14,2025-12-07,459.3287353515625,50,4295.794921875
15,2025-12-07,414.65338134765625,50,4295.794921875
16,2025-12-07,488.456787109375,50,4295.794921875
17,2025-12-07,460.15380859375,50,4295.794921875
18,2025-12-07,396.35498046875,50,4295.794921875
19,2025-12-07,316.49993896484375,50,4295.794921875
20,2025-12-07,282.42984008789062,50,4295.794921875
21,2025-12-07,247.38003540039062,50,4295.794921875
22,2025-12-07,112.59461975097656,50,4295.794921875
23,2025-12-07,41.548004150390625,50,4295.794921875
0,2025-12-08,9.731475830078125,50,26028.1640625
1,2025-12-08,1.0373635292053223,50,26028.1640625
2,2025-12-08,0.014045268297195435,50,26028.1640625
3,2025-12-08,0.013431161642074585,50,26028.1640625
4,2025-12-08,2.7928264141082764,50,26028.1640625
5,2025-12-08,73.598724365234375,50,26028.1640625
6,2025-12-08,530.0289306640625,50,26028.1640625
7,2025-12-08,1713.2392578125,50,26028.1640625
8,2025-12-08,2734.513427734375,50,26028.1640625
9,2025-12-08,2219.834228515625,50,26028.1640625
10,2025-12-08,1636.8765869140625,50,26028.1640625
11,2025-12-08,1526.5048828125,50,26028.1640625
12,2025-12-08,1469.0860595703125,50,26028.1640625
13,2025-12-08,1483.9561767578125,50,26028.1640625
14,2025-12-08,1451.04638671875,50,26028.1640625
15,2025-12-08,1636.8916015625,50,26028.1640625
16,2025-12-08,1692.280517578125,50,26028.1640625
17,2025-12-08,2248.23095703125,50,26028.1640625
18,2025-12-08,2449.72021484375,50,26028.1640625
19,2025-12-08,1475.1585693359375,50,26028.1640625
20,2025-12-08,964.3154296875,50,26028.1640625
21,2025-12-08,615.23797607421875,50,26028.1640625
22,2025-12-08,250.205322265625,50,26028.1640625
23,2025-12-08,140.86735534667969,50,26028.1640625
0,2025-12-09,27.988433837890625,50,26205.50390625
1,2025-12-09,0.94158005714416504,50,26205.50390625
2,2025-12-09,0.016455322504043579,50,26205.50390625
3,2025-12-09,0.013946622610092163,50,26205.50390625
4,2025-12-09,2.7931246757507324,50,26205.50390625
5,2025-12-09,75.849967956542969,50,26205.50390625
6,2025-12-09,534.09649658203125,50,26205.50390625
7,2025-12-09,1719.4532470703125,50,26205.50390625
8,2025-12-09,2741.1845703125,50,26205.50390625
9,2025-12-09,2221.15283203125,50,26205.50390625
10,2025-12-09,1652.641845703125,50,26205.50390625
11,2025-12-09,1522.4486083984375,50,26205.50390625
12,2025-12-09,1488.67578125,50,26205.50390625
13,2025-12-09,1481.18408203125,50,26205.50390625
14,2025-12-09,1460.4530029296875,50,26205.50390625
15,2025-12-09,1631.11328125,50,26205.50390625
16,2025-12-09,1675.8814697265625,50,26205.50390625
17,2025-12-09,2267.89501953125,50,26205.50390625
18,2025-12-09,2458.6298828125,50,26205.50390625
19,2025-12-09,1469.499755859375,50,26205.50390625
20,2025-12-09,975.218994140625,50,26205.50390625
21,2025-12-09,628.466064453125,50,26205.50390625
22,2025-12-09,253.40744018554688,50,26205.50390625
23,2025-12-09,149.14533996582031,50,26205.50390625
0,2025-12-10,29.158561706542969,50,26245.4140625
1,2025-12-10,1.0676934719085693,50,26245.4140625
2,2025-12-10,0.015798866748809814,50,26245.4140625
3,2025-12-10,0.012661740183830261,50,26245.4140625
4,2025-12-10,2.7877635955810547,50,26245.4140625
5,2025-12-10,76.459770202636719,50,26245.4140625
6,2025-12-10,527.644287109375,50,26245.4140625
7,2025-12-10,1716.72021484375,50,26245.4140625
8,2025-12-10,2733.8994140625,50,26245.4140625
9,2025-12-10,2188.6044921875,50,26245.4140625
10,2025-12-10,1646.7869873046875,50,26245.4140625
11,2025-12-10,1524.4658203125,50,26245.4140625
12,2025-12-10,1486.91455078125,50,26245.4140625
13,2025-12-10,1466.498779296875,50,26245.4140625
14,2025-12-10,1450.286376953125,50,26245.4140625
15,2025-12-10,1600.34228515625,50,26245.4140625
16,2025-12-10,1683.8145751953125,50,26245.4140625
17,2025-12-10,2243.34375,50,26245.4140625
18,2025-12-10,2413.66162109375,50,26245.4140625
19,2025-12-10,1453.740234375,50,26245.4140625
20,2025-12-10,945.881103515625,50,26245.4140625
21,2025-12-10,628.7630615234375,50,26245.4140625
22,2025-12-10,262.68231201171875,50,26245.4140625
23,2025-12-10,155.60011291503906,50,26245.4140625
0,2025-12-11,40.912803649902344,50,26063.185546875
1,2025-12-11,1.0246915817260742,50,26063.185546875
2,2025-12-11,0.014008671045303345,50,26063.185546875
3,2025-12-11,0.010563597083091736,50,26063.185546875
4,2025-12-11,2.6860599517822266,50,26063.185546875
5,2025-12-11,75.38134765625,50,26063.185546875
6,2025-12-11,523.06182861328125,50,26063.185546875
7,2025-12-11,1712.469482421875,50,26063.185546875
8,2025-12-11,2714.24853515625,50,26063.185546875
9,2025-12-11,2174.386474609375,50,26063.185546875
10,2025-12-11,1638.9542236328125,50,26063.185546875
11,2025-12-11,1520.4884033203125,50,26063.185546875
12,2025-12-11,1476.2574462890625,50,26063.185546875
13,2025-12-11,1452.04833984375,50,26063.185546875
14,2025-12-11,1422.193603515625,50,26063.185546875
15,2025-12-11,1590.4716796875,50,26063.185546875
16,2025-12-11,1727.24169921875,50,26063.185546875
17,2025-12-11,2217.30078125,50,26063.185546875
18,2025-12-11,2374.045654296875,50,26063.185546875
19,2025-12-11,1427.12890625,50,26063.185546875
20,2025-12-11,952.39825439453125,50,26063.185546875
21,2025-12-11,643.8575439453125,50,26063.185546875
22,2025-12-11,264.30029296875,50,26063.185546875
23,2025-12-11,160.65939331054688,50,26063.185546875
0,2025-12-12,39.932102203369141,50,25628.568359375
1,2025-12-12,1.1167671680450439,50,25628.568359375
2,2025-12-12,0.015517652034759521,50,25628.568359375
3,2025-12-12,0.011262372136116028,50,25628.568359375
4,2025-12-12,2.6293098926544189,50,25628.568359375
5,2025-12-12,70.797401428222656,50,25628.568359375
6,2025-12-12,511.66293334960938,50,25628.568359375
7,2025-12-12,1650.110107421875,50,25628.568359375
8,2025-12-12,2650.0029296875,50,25628.568359375
9,2025-12-12,2121.466064453125,50,25628.568359375
10,2025-12-12,1549.568115234375,50,25628.568359375
11,2025-12-12,1491.14453125,50,25628.568359375
12,2025-12-12,1459.4517822265625,50,25628.568359375
13,2025-12-12,1441.3006591796875,50,25628.568359375
14,2025-12-12,1406.455322265625,50,25628.568359375
15,2025-12-12,1619.868896484375,50,25628.568359375
16,2025-12-12,1990.8253173828125,50,25628.568359375
17,2025-12-12,2090.989501953125,50,25628.568359375
18,2025-12-12,1755.3585205078125,50,25628.568359375
19,2025-12-12,1242.4202880859375,50,25628.568359375
20,2025-12-12,864.83697509765625,50,25628.568359375
21,2025-12-12,583.9302978515625,50,25628.568359375
22,2025-12-12,264.1002197265625,50,25628.568359375
23,2025-12-12,164.7293701171875,50,25628.568359375
0,2025-12-13,48.10321044921875,50,5527.0517578125
1,2025-12-13,1.3072254657745361,50,5527.0517578125
2,2025-12-13,0.014220297336578369,50,5527.0517578125
3,2025-12-13,0.010050773620605469,50,5527.0517578125
4,2025-12-13,0.29673480987548828,50,5527.0517578125
5,2025-12-13,20.059982299804688,50,5527.0517578125
6,2025-12-13,101.92120361328125,50,5527.0517578125
7,2025-12-13,288.52001953125,50,5527.0517578125
8,2025-12-13,404.9622802734375,50,5527.0517578125
9,2025-12-13,438.681884765625,50,5527.0517578125
10,2025-12-13,374.85443115234375,50,5527.0517578125
11,2025-12-13,483.76873779296875,50,5527.0517578125
12,2025-12-13,549.19195556640625,50,5527.0517578125
13,2025-12-13,559.1102294921875,50,5527.0517578125
14,2025-12-13,566.11114501953125,50,5527.0517578125
15,2025-12-13,513.88177490234375,50,5527.0517578125
16,2025-12-13,572.25390625,50,5527.0517578125
17,2025-12-13,557.4718017578125,50,5527.0517578125
18,2025-12-13,456.941162109375,50,5527.0517578125
19,2025-12-13,396.8775634765625,50,5527.0517578125
20,2025-12-13,347.40924072265625,50,5527.0517578125
21,2025-12-13,292.98727416992188,50,5527.0517578125
22,2025-12-13,152.99519348144531,50,5527.0517578125
23,2025-12-13,79.922843933105469,50,5527.0517578125
0,2025-12-14,11.8536376953125,50,4849.412109375
1,2025-12-14,1.1759276390075684,50,4849.412109375
2,2025-12-14,0.01617160439491272,50,4849.412109375
3,2025-12-14,0.012916222214698792,50,4849.412109375
4,2025-12-14,0.19769835472106934,50,4849.412109375
5,2025-12-14,13.725379943847656,50,4849.412109375
6,2025-12-14,80.10418701171875,50,4849.412109375
7,2025-12-14,203.940185546875,50,4849.412109375
8,2025-12-14,294.3564453125,50,4849.412109375
9,2025-12-14,319.0487060546875,50,4849.412109375
10,2025-12-14,292.7962646484375,50,4849.412109375
11,2025-12-14,391.671875,50,4849.412109375
12,2025-12-14,456.8438720703125,50,4849.412109375
13,2025-12-14,459.434326171875,50,4849.412109375
14,2025-12-14,492.0203857421875,50,4849.412109375
15,2025-12-14,446.46875,50,4849.412109375
16,2025-12-14,517.8314208984375,50,4849.412109375
17,2025-12-14,496.210693359375,50,4849.412109375
18,2025-12-14,416.8602294921875,50,4849.412109375
19,2025-12-14,349.5474853515625,50,4849.412109375
20,2025-12-14,323.68209838867188,50,4849.412109375
21,2025-12-14,282.75103759765625,50,4849.412109375
22,2025-12-14,152.42666625976562,50,4849.412109375
23,2025-12-14,52.505813598632812,50,4849.412109375
0,2025-12-15,11.798717498779297,50,26082.876953125
1,2025-12-15,1.0807123184204102,50,26082.876953125
2,2025-12-15,0.017195343971252441,50,26082.876953125
3,2025-12-15,0.013632059097290039,50,26082.876953125
4,2025-12-15,2.7354378700256348,50,26082.876953125
5,2025-12-15,74.516403198242188,50,26082.876953125
6,2025-12-15,527.1072998046875,50,26082.876953125
7,2025-12-15,1705.4609375,50,26082.876953125
8,2025-12-15,2718.4189453125,50,26082.876953125
9,2025-12-15,2219.773681640625,50,26082.876953125
10,2025-12-15,1635.753662109375,50,26082.876953125
11,2025-12-15,1525.9805908203125,50,26082.876953125
12,2025-12-15,1478.506591796875,50,26082.876953125
13,2025-12-15,1478.613037109375,50,26082.876953125
14,2025-12-15,1448.97265625,50,26082.876953125
15,2025-12-15,1613.9747314453125,50,26082.876953125
16,2025-12-15,1638.678955078125,50,26082.876953125
17,2025-12-15,2232.61474609375,50,26082.876953125
18,2025-12-15,2437.80126953125,50,26082.876953125
19,2025-12-15,1486.108154296875,50,26082.876953125
20,2025-12-15,952.61737060546875,50,26082.876953125
21,2025-12-15,600.86334228515625,50,26082.876953125
22,2025-12-15,251.95140075683594,50,26082.876953125
23,2025-12-15,136.65618896484375,50,26082.876953125
0,2025-12-16,30.412487030029297,50,26118.716796875
1,2025-12-16,1.0215342044830322,50,26118.716796875
2,2025-12-16,0.015348106622695923,50,26118.716796875
3,2025-12-16,0.012103140354156494,50,26118.716796875
4,2025-12-16,2.7608704566955566,50,26118.716796875
5,2025-12-16,76.714332580566406,50,26118.716796875
6,2025-12-16,529.22540283203125,50,26118.716796875
7,2025-12-16,1708.7252197265625,50,26118.716796875
8,2025-12-16,2712.7451171875,50,26118.716796875
9,2025-12-16,2215.03515625,50,26118.716796875
10,2025-12-16,1651.6597900390625,50,26118.716796875
11,2025-12-16,1521.9998779296875,50,26118.716796875
12,2025-12-16,1488.4337158203125,50,26118.716796875
13,2025-12-16,1477.737548828125,50,26118.716796875
14,2025-12-16,1452.51806640625,50,26118.716796875
15,2025-12-16,1608.2652587890625,50,26118.716796875
16,2025-12-16,1676.5438232421875,50,26118.716796875
17,2025-12-16,2248.07373046875,50,26118.716796875
18,2025-12-16,2458.78857421875,50,26118.716796875
19,2025-12-16,1488.875732421875,50,26118.716796875
20,2025-12-16,973.848388671875,50,26118.716796875
21,2025-12-16,630.8922119140625,50,26118.716796875
22,2025-12-16,261.53286743164062,50,26118.716796875
23,2025-12-16,149.64704895019531,50,26118.716796875
0,2025-12-17,30.091997146606445,50,26029.595703125
1,2025-12-17,1.1260702610015869,50,26029.595703125
2,2025-12-17,0.012515008449554443,50,26029.595703125
3,2025-12-17,0.011318817734718323,50,26029.595703125
4,2025-12-17,2.674548864364624,50,26029.595703125
5,2025-12-17,76.328140258789062,50,26029.595703125
6,2025-12-17,523.0931396484375,50,26029.595703125
7,2025-12-17,1701.076904296875,50,26029.595703125
8,2025-12-17,2681.880859375,50,26029.595703125
9,2025-12-17,2182.39990234375,50,26029.595703125
10,2025-12-17,1635.7481689453125,50,26029.595703125
11,2025-12-17,1522.419921875,50,26029.595703125
12,2025-12-17,1482.865234375,50,26029.595703125
13,2025-12-17,1468.327392578125,50,26029.595703125
14,2025-12-17,1446.71826171875,50,26029.595703125
15,2025-12-17,1583.24658203125,50,26029.595703125
16,2025-12-17,1681.742919921875,50,26029.595703125
17,2025-12-17,2240.3173828125,50,26029.595703125
18,2025-12-17,2427.1416015625,50,26029.595703125
19,2025-12-17,1487.5113525390625,50,26029.595703125
20,2025-12-17,965.47113037109375,50,26029.595703125
21,2025-12-17,637.27130126953125,50,26029.595703125
22,2025-12-17,270.25662231445312,50,26029.595703125
23,2025-12-17,156.07818603515625,50,26029.595703125
0,2025-12-18,42.036922454833984,50,26081.95703125
1,2025-12-18,1.1513533592224121,50,26081.95703125
2,2025-12-18,0.01171797513961792,50,26081.95703125
3,2025-12-18,0.0092645138502120972,50,26081.95703125
4,2025-12-18,2.5178990364074707,50,26081.95703125
5,2025-12-18,75.445358276367188,50,26081.95703125
6,2025-12-18,522.9892578125,50,26081.95703125
7,2025-12-18,1703.9156494140625,50,26081.95703125
8,2025-12-18,2679.227294921875,50,26081.95703125
9,2025-12-18,2180.4990234375,50,26081.95703125
10,2025-12-18,1628.962890625,50,26081.95703125
11,2025-12-18,1526.07421875,50,26081.95703125
12,2025-12-18,1482.87060546875,50,26081.95703125
13,2025-12-18,1462.2149658203125,50,26081.95703125
14,2025-12-18,1442.100830078125,50,26081.95703125
15,2025-12-18,1581.504150390625,50,26081.95703125
16,2025-12-18,1714.257568359375,50,26081.95703125
17,2025-12-18,2215.27197265625,50,26081.95703125
18,2025-12-18,2381.85107421875,50,26081.95703125
19,2025-12-18,1453.1513671875,50,26081.95703125
20,2025-12-18,964.9500732421875,50,26081.95703125
21,2025-12-18,651.2244873046875,50,26081.95703125
22,2025-12-18,273.88436889648438,50,26081.95703125
23,2025-12-18,164.33673095703125,50,26081.95703125
0,2025-12-19,37.643852233886719,50,25463.94921875
1,2025-12-19,0.96484637260437012,50,25463.94921875
2,2025-12-19,0.0055823028087615967,50,25463.94921875
3,2025-12-19,0.0062487274408340454,50,25463.94921875
4,2025-12-19,2.4342966079711914,50,25463.94921875
5,2025-12-19,68.777801513671875,50,25463.94921875
6,2025-12-19,509.9071044921875,50,25463.94921875
7,2025-12-19,1628.8868408203125,50,25463.94921875
8,2025-12-19,2533.3310546875,50,25463.94921875
9,2025-12-19,2047.6600341796875,50,25463.94921875
10,2025-12-19,1522.0916748046875,50,25463.94921875
11,2025-12-19,1454.909912109375,50,25463.94921875
12,2025-12-19,1448.509033203125,50,25463.94921875
13,2025-12-19,1419.835205078125,50,25463.94921875
14,2025-12-19,1405.8814697265625,50,25463.94921875
15,2025-12-19,1641.2559814453125,50,25463.94921875
16,2025-12-19,1960.1634521484375,50,25463.94921875
17,2025-12-19,2032.5721435546875,50,25463.94921875
18,2025-12-19,1734.7835693359375,50,25463.94921875
19,2025-12-19,1213.3387451171875,50,25463.94921875
20,2025-12-19,840.925537109375,50,25463.94921875
21,2025-12-19,568.368408203125,50,25463.94921875
22,2025-12-19,269.08636474609375,50,25463.94921875
23,2025-12-19,160.2264404296875,50,25463.94921875
0,2025-12-20,46.219692230224609,50,7234.8466796875
1,2025-12-20,1.1887161731719971,50,7234.8466796875
2,2025-12-20,0.0096049308776855469,50,7234.8466796875
3,2025-12-20,0.0078657418489456177,50,7234.8466796875
4,2025-12-20,0.35369884967803955,50,7234.8466796875
5,2025-12-20,24.952678680419922,50,7234.8466796875
6,2025-12-20,133.64459228515625,50,7234.8466796875
7,2025-12-20,347.52716064453125,50,7234.8466796875
8,2025-12-20,602.95263671875,50,7234.8466796875
9,2025-12-20,574.1881103515625,50,7234.8466796875
10,2025-12-20,533.47430419921875,50,7234.8466796875
11,2025-12-20,661.16290283203125,50,7234.8466796875
12,2025-12-20,709.808349609375,50,7234.8466796875
13,2025-12-20,708.0726318359375,50,7234.8466796875
14,2025-12-20,742.845458984375,50,7234.8466796875
15,2025-12-20,707.763427734375,50,7234.8466796875
16,2025-12-20,764.50103759765625,50,7234.8466796875
17,2025-12-20,745.45428466796875,50,7234.8466796875
18,2025-12-20,572.7728271484375,50,7234.8466796875
19,2025-12-20,552.009765625,50,7234.8466796875
20,2025-12-20,464.92782592773438,50,7234.8466796875
21,2025-12-20,356.84869384765625,50,7234.8466796875
22,2025-12-20,194.77780151367188,50,7234.8466796875
23,2025-12-20,114.79656982421875,50,7234.8466796875
0,2025-12-21,20.440048217773438,50,5358.34765625
1,2025-12-21,1.2487730979919434,50,5358.34765625
2,2025-12-21,0.011482059955596924,50,5358.34765625
3,2025-12-21,0.0070607811212539673,50,5358.34765625
4,2025-12-21,0.18956887722015381,50,5358.34765625
5,2025-12-21,17.995956420898438,50,5358.34765625
6,2025-12-21,95.5531005859375,50,5358.34765625
7,2025-12-21,227.4598388671875,50,5358.34765625
8,2025-12-21,445.6099853515625,50,5358.34765625
9,2025-12-21,420.749755859375,50,5358.34765625
10,2025-12-21,407.44207763671875,50,5358.34765625
11,2025-12-21,490.75140380859375,50,5358.34765625
12,2025-12-21,535.981689453125,50,5358.34765625
13,2025-12-21,533.68487548828125,50,5358.34765625
14,2025-12-21,606.2164306640625,50,5358.34765625
15,2025-12-21,567.9976806640625,50,5358.34765625
16,2025-12-21,587.759765625,50,5358.34765625
17,2025-12-21,606.4093017578125,50,5358.34765625
18,2025-12-21,506.119873046875,50,5358.34765625
19,2025-12-21,444.48590087890625,50,5358.34765625
20,2025-12-21,397.38619995117188,50,5358.34765625
21,2025-12-21,311.52471923828125,50,5358.34765625
22,2025-12-21,182.50895690917969,50,5358.34765625
23,2025-12-21,89.484764099121094,50,5358.34765625
0,2025-12-22,16.248043060302734,50,25857.70703125
1,2025-12-22,1.0639655590057373,50,25857.70703125
2,2025-12-22,0.014647305011749268,50,25857.70703125
3,2025-12-22,0.0087809264659881592,50,25857.70703125
4,2025-12-22,2.5832576751708984,50,25857.70703125
5,2025-12-22,70.991455078125,50,25857.70703125
6,2025-12-22,521.55560302734375,50,25857.70703125
7,2025-12-22,1664.438720703125,50,25857.70703125
8,2025-12-22,2575.88623046875,50,25857.70703125
9,2025-12-22,2127.8076171875,50,25857.70703125
10,2025-12-22,1566.2679443359375,50,25857.70703125
11,2025-12-22,1478.8216552734375,50,25857.70703125
12,2025-12-22,1450.5858154296875,50,25857.70703125
13,2025-12-22,1437.7491455078125,50,25857.70703125
14,2025-12-22,1407.9246826171875,50,25857.70703125
15,2025-12-22,1605.0784912109375,50,25857.70703125
16,2025-12-22,1677.453369140625,50,25857.70703125
17,2025-12-22,2132.28466796875,50,25857.70703125
18,2025-12-22,2428.297119140625,50,25857.70703125
19,2025-12-22,1464.281494140625,50,25857.70703125
20,2025-12-22,920.2960205078125,50,25857.70703125
21,2025-12-22,593.19378662109375,50,25857.70703125
22,2025-12-22,255.13438415527344,50,25857.70703125
23,2025-12-22,123.90727233886719,50,25857.70703125
0,2025-12-23,28.027172088623047,50,25857.48828125
1,2025-12-23,0.82735538482666016,50,25857.48828125
2,2025-12-23,0.015392452478408813,50,25857.48828125
3,2025-12-23,0.013417437672615051,50,25857.48828125
4,2025-12-23,2.5184547901153564,50,25857.48828125
5,2025-12-23,73.971908569335938,50,25857.48828125
6,2025-12-23,528.91314697265625,50,25857.48828125
7,2025-12-23,1682.8739013671875,50,25857.48828125
8,2025-12-23,2608.318359375,50,25857.48828125
9,2025-12-23,2147.18798828125,50,25857.48828125
10,2025-12-23,1590.36572265625,50,25857.48828125
11,2025-12-23,1486.467041015625,50,25857.48828125
12,2025-12-23,1473.2672119140625,50,25857.48828125
13,2025-12-23,1435.24267578125,50,25857.48828125
14,2025-12-23,1411.05810546875,50,25857.48828125
15,2025-12-23,1595.03271484375,50,25857.48828125
16,2025-12-23,1653.757080078125,50,25857.48828125
17,2025-12-23,2181.13330078125,50,25857.48828125
18,2025-12-23,2442.99755859375,50,25857.48828125
19,2025-12-23,1458.673583984375,50,25857.48828125
20,2025-12-23,930.97711181640625,50,25857.48828125
21,2025-12-23,602.50970458984375,50,25857.48828125
22,2025-12-23,257.37603759765625,50,25857.48828125
23,2025-12-23,129.04225158691406,50,25857.48828125
0,2025-12-24,29.198459625244141,50,25889.130859375
1,2025-12-24,1.0689966678619385,50,25889.130859375
2,2025-12-24,0.011469095945358276,50,25889.130859375
3,2025-12-24,0.011763602495193481,50,25889.130859375
4,2025-12-24,2.3878176212310791,50,25889.130859375
5,2025-12-24,72.560287475585938,50,25889.130859375
6,2025-12-24,512.6014404296875,50,25889.130859375
7,2025-12-24,1656.9940185546875,50,25889.130859375
8,2025-12-24,2548.328125,50,25889.130859375
9,2025-12-24,2109.0244140625,50,25889.130859375
10,2025-12-24,1556.2625732421875,50,25889.130859375
11,2025-12-24,1477.110107421875,50,25889.130859375
12,2025-12-24,1452.9339599609375,50,25889.130859375
13,2025-12-24,1403.156494140625,50,25889.130859375
14,2025-12-24,1385.618896484375,50,25889.130859375
15,2025-12-24,1558.528564453125,50,25889.130859375
16,2025-12-24,1661.9976806640625,50,25889.130859375
17,2025-12-24,2132.3603515625,50,25889.130859375
18,2025-12-24,2351.827880859375,50,25889.130859375
19,2025-12-24,1430.933349609375,50,25889.130859375
20,2025-12-24,905.46844482421875,50,25889.130859375
21,2025-12-24,606.082275390625,50,25889.130859375
22,2025-12-24,261.51202392578125,50,25889.130859375
23,2025-12-24,138.29782104492188,50,25889.130859375
0,2025-12-25,37.716533660888672,50,25778.931640625
1,2025-12-25,0.84971475601196289,50,25778.931640625
2,2025-12-25,0.013864576816558838,50,25778.931640625
3,2025-12-25,0.011155709624290466,50,25778.931640625
4,2025-12-25,2.2894084453582764,50,25778.931640625
5,2025-12-25,71.803184509277344,50,25778.931640625
6,2025-12-25,510.36331176757812,50,25778.931640625
7,2025-12-25,1656.6639404296875,50,25778.931640625
8,2025-12-25,2515.29296875,50,25778.931640625
9,2025-12-25,2091.66845703125,50,25778.931640625
10,2025-12-25,1541.315673828125,50,25778.931640625
11,2025-12-25,1465.432861328125,50,25778.931640625
12,2025-12-25,1450.8817138671875,50,25778.931640625
13,2025-12-25,1398.229248046875,50,25778.931640625
14,2025-12-25,1379.69384765625,50,25778.931640625
15,2025-12-25,1553.015869140625,50,25778.931640625
16,2025-12-25,1677.41357421875,50,25778.931640625
17,2025-12-25,2120.09716796875,50,25778.931640625
18,2025-12-25,2353.85205078125,50,25778.931640625
19,2025-12-25,1422.739013671875,50,25778.931640625
20,2025-12-25,931.07794189453125,50,25778.931640625
21,2025-12-25,627.2294921875,50,25778.931640625
22,2025-12-25,265.46627807617188,50,25778.931640625
23,2025-12-25,150.79525756835938,50,25778.931640625
0,2025-12-26,37.338638305664062,50,25568.34765625
1,2025-12-26,0.95729660987854004,50,25568.34765625
2,2025-12-26,0.013193994760513306,50,25568.34765625
3,2025-12-26,0.0096075385808944702,50,25568.34765625
4,2025-12-26,2.3341848850250244,50,25568.34765625
5,2025-12-26,69.435340881347656,50,25568.34765625
6,2025-12-26,511.45965576171875,50,25568.34765625
7,2025-12-26,1616.7032470703125,50,25568.34765625
8,2025-12-26,2390.75341796875,50,25568.34765625
9,2025-12-26,2019.791015625,50,25568.34765625
10,2025-12-26,1480.202880859375,50,25568.34765625
11,2025-12-26,1436.1812744140625,50,25568.34765625
12,2025-12-26,1447.2908935546875,50,25568.34765625
13,2025-12-26,1387.9296875,50,25568.34765625
14,2025-12-26,1356.913330078125,50,25568.34765625
15,2025-12-26,1587.76904296875,50,25568.34765625
16,2025-12-26,1907.073974609375,50,25568.34765625
17,2025-12-26,2007.160400390625,50,25568.34765625
18,2025-12-26,1774.9801025390625,50,25568.34765625
19,2025-12-26,1224.1727294921875,50,25568.34765625
20,2025-12-26,852.37322998046875,50,25568.34765625
21,2025-12-26,579.70318603515625,50,25568.34765625
22,2025-12-26,268.02978515625,50,25568.34765625
23,2025-12-26,157.55462646484375,50,25568.34765625
0,2025-12-27,47.400444030761719,50,6069.3115234375
1,2025-12-27,1.2637081146240234,50,6069.3115234375
2,2025-12-27,0.0088919401168823242,50,6069.3115234375
3,2025-12-27,0.0079027265310287476,50,6069.3115234375
4,2025-12-27,0.20368123054504395,50,6069.3115234375
5,2025-12-27,27.179450988769531,50,6069.3115234375
6,2025-12-27,148.5771484375,50,6069.3115234375
7,2025-12-27,372.99884033203125,50,6069.3115234375
8,2025-12-27,641.310791015625,50,6069.3115234375
9,2025-12-27,643.8114013671875,50,6069.3115234375
10,2025-12-27,642.41180419921875,50,6069.3115234375
11,2025-12-27,771.7493896484375,50,6069.3115234375
12,2025-12-27,810.25732421875,50,6069.3115234375
13,2025-12-27,797.55596923828125,50,6069.3115234375
14,2025-12-27,823.7039794921875,50,6069.3115234375
15,2025-12-27,807.3184814453125,50,6069.3115234375
16,2025-12-27,836.9591064453125,50,6069.3115234375
17,2025-12-27,847.75836181640625,50,6069.3115234375
18,2025-12-27,670.322509765625,50,6069.3115234375
19,2025-12-27,601.966064453125,50,6069.3115234375
20,2025-12-27,499.5657958984375,50,6069.3115234375
21,2025-12-27,394.596923828125,50,6069.3115234375
22,2025-12-27,204.92042541503906,50,6069.3115234375
23,2025-12-27,117.90818023681641,50,6069.3115234375
0,2025-12-28,19.822139739990234,50,4526.4453125
1,2025-12-28,1.1566023826599121,50,4526.4453125
2,2025-12-28,0.011060655117034912,50,4526.4453125
3,2025-12-28,0.0093428343534469604,50,4526.4453125
4,2025-12-28,0.15057468414306641,50,4526.4453125
5,2025-12-28,17.853855133056641,50,4526.4453125
6,2025-12-28,102.45733642578125,50,4526.4453125
7,2025-12-28,246.9364013671875,50,4526.4453125
8,2025-12-28,461.07568359375,50,4526.4453125
9,2025-12-28,434.80078125,50,4526.4453125
10,2025-12-28,459.172607421875,50,4526.4453125
11,2025-12-28,579.27197265625,50,4526.4453125
12,2025-12-28,638.3037109375,50,4526.4453125
13,2025-12-28,646.897216796875,50,4526.4453125
14,2025-12-28,688.109375,50,4526.4453125
15,2025-12-28,641.43109130859375,50,4526.4453125
16,2025-12-28,684.80596923828125,50,4526.4453125
17,2025-12-28,711.59454345703125,50,4526.4453125
18,2025-12-28,574.0911865234375,50,4526.4453125
19,2025-12-28,520.570556640625,50,4526.4453125
20,2025-12-28,449.50799560546875,50,4526.4453125
21,2025-12-28,361.88638305664062,50,4526.4453125
22,2025-12-28,200.9571533203125,50,4526.4453125
23,2025-12-28,95.727020263671875,50,4526.4453125
0,2025-12-29,16.752054214477539,50,26021.658203125
1,2025-12-29,1.0350961685180664,50,26021.658203125
2,2025-12-29,0.010854631662368774,50,26021.658203125
3,2025-12-29,0.0083017945289611816,50,26021.658203125
4,2025-12-29,2.5110373497009277,50,26021.658203125
5,2025-12-29,72.53021240234375,50,26021.658203125
6,2025-12-29,525.41656494140625,50,26021.658203125
7,2025-12-29,1697.26806640625,50,26021.658203125
8,2025-12-29,2550.15478515625,50,26021.658203125
9,2025-12-29,2148.41748046875,50,26021.658203125
10,2025-12-29,1575.03759765625,50,26021.658203125
11,2025-12-29,1499.365478515625,50,26021.658203125
12,2025-12-29,1463.350341796875,50,26021.658203125
13,2025-12-29,1445.8814697265625,50,26021.658203125
14,2025-12-29,1435.624755859375,50,26021.658203125
15,2025-12-29,1605.380126953125,50,26021.658203125
16,2025-12-29,1681.43212890625,50,26021.658203125
17,2025-12-29,2150.699951171875,50,26021.658203125
18,2025-12-29,2453.5986328125,50,26021.658203125
19,2025-12-29,1475.079345703125,50,26021.658203125
20,2025-12-29,928.858642578125,50,26021.658203125
21,2025-12-29,606.27728271484375,50,26021.658203125
22,2025-12-29,259.86578369140625,50,26021.658203125
23,2025-12-29,125.10231018066406,50,26021.658203125
0,2025-12-30,28.394384384155273,50,26095.71875
1,2025-12-30,0.81684708595275879,50,26095.71875
2,2025-12-30,0.01358148455619812,50,26095.71875
3,2025-12-30,0.011004596948623657,50,26095.71875
4,2025-12-30,2.4779822826385498,50,26095.71875
5,2025-12-30,74.63458251953125,50,26095.71875
6,2025-12-30,541.3638916015625,50,26095.71875
7,2025-12-30,1726.577392578125,50,26095.71875
8,2025-12-30,2562.08837890625,50,26095.71875
9,2025-12-30,2177.8525390625,50,26095.71875
10,2025-12-30,1606.74462890625,50,26095.71875
11,2025-12-30,1510.8536376953125,50,26095.71875
12,2025-12-30,1490.5523681640625,50,26095.71875
13,2025-12-30,1474.1546630859375,50,26095.71875
14,2025-12-30,1448.4189453125,50,26095.71875
15,2025-12-30,1638.511474609375,50,26095.71875
16,2025-12-30,1704.7020263671875,50,26095.71875
17,2025-12-30,2196.07763671875,50,26095.71875
18,2025-12-30,2476.433837890625,50,26095.71875
19,2025-12-30,1475.2822265625,50,26095.71875
20,2025-12-30,939.30499267578125,50,26095.71875
21,2025-12-30,627.4708251953125,50,26095.71875
22,2025-12-30,266.28030395507812,50,26095.71875
23,2025-12-30,134.91897583007812,50,26095.71875
0,2025-12-31,28.278467178344727,50,8089.7919921875
1,2025-12-31,0.98257231712341309,50,8089.7919921875
2,2025-12-31,0.013930529356002808,50,8089.7919921875
3,2025-12-31,0.0086478143930435181,50,8089.7919921875
4,2025-12-31,1.8175735473632812,50,8089.7919921875
5,2025-12-31,56.323768615722656,50,8089.7919921875
6,2025-12-31,214.90507507324219,50,8089.7919921875
7,2025-12-31,484.3511962890625,50,8089.7919921875
8,2025-12-31,417.7825927734375,50,8089.7919921875
9,2025-12-31,824.27880859375,50,8089.7919921875
10,2025-12-31,480.81414794921875,50,8089.7919921875
11,2025-12-31,599.63812255859375,50,8089.7919921875
12,2025-12-31,652.9615478515625,50,8089.7919921875
13,2025-12-31,699.0003662109375,50,8089.7919921875
14,2025-12-31,757.755859375,50,8089.7919921875
15,2025-12-31,659.39422607421875,50,8089.7919921875
16,2025-12-31,815.025390625,50,8089.7919921875
17,2025-12-31,825.68170166015625,50,8089.7919921875
18,2025-12-31,1137.612060546875,50,8089.7919921875
19,2025-12-31,771.30645751953125,50,8089.7919921875
20,2025-12-31,596.33544921875,50,8089.7919921875
21,2025-12-31,399.02142333984375,50,8089.7919921875
22,2025-12-31,233.97964477539062,50,8089.7919921875
23,2025-12-31,129.40829467773438,50,8089.7919921875
